{
    "id": 10106,
    "question": "Что вы сможете использовать в своей работе?",
    "answers": [
        {
            "answer": "формулировать проблему, 5 поче",
            "count": 1
        },
        {
            "answer": "поиск потерь",
            "count": 1
        },
        {
            "answer": "правило 5 «почему» :)",
            "count": 1
        },
        {
            "answer": "умение работать в команде",
            "count": 1
        },
        {
            "answer": "картирование и анализ",
            "count": 1
        },
        {
            "answer": "четкое формулирование проблемы",
            "count": 1
        },
        {
            "answer": "многон",
            "count": 1
        },
        {
            "answer": "методы выявления проблем",
            "count": 1
        },
        {
            "answer": "методы решения проблем",
            "count": 1
        },
        {
            "answer": "картирование",
            "count": 1
        },
        {
            "answer": "постановку проблемы и поиск р",
            "count": 1
        },
        {
            "answer": "поиск решения",
            "count": 1
        },
        {
            "answer": "способ «5 почему»",
            "count": 1
        },
        {
            "answer": "инструмент картирования",
            "count": 1
        },
        {
            "answer": "все",
            "count": 1
        },
        {
            "answer": "картирование",
            "count": 1
        },
        {
            "answer": "5с",
            "count": 1
        },
        {
            "answer": "картирование",
            "count": 1
        },
        {
            "answer": "находить проблему",
            "count": 1
        },
        {
            "answer": "да",
            "count": 1
        }
    ]
}