{
    "id": 10119,
    "question": "Что для вас \"культура доверия\" в организации?",
    "answers": [
        {
            "answer": "не боишься ошибиться",
            "count": 1
        },
        {
            "answer": "говорят прямо, как есть",
            "count": 1
        },
        {
            "answer": "можно показать слабость",
            "count": 1
        },
        {
            "answer": "критика звучит",
            "count": 1
        },
        {
            "answer": "люди не боятся спорить",
            "count": 1
        },
        {
            "answer": "можно поговорить с любым",
            "count": 1
        },
        {
            "answer": "не сомневаюсь в намерениях",
            "count": 1
        },
        {
            "answer": "презумпция невиновности",
            "count": 1
        },
        {
            "answer": "единая команда",
            "count": 1
        },
        {
            "answer": "уважение",
            "count": 1
        },
        {
            "answer": "можно не опасаться разгласки",
            "count": 1
        },
        {
            "answer": "прозрачность в коммуникации",
            "count": 1
        },
        {
            "answer": "возможность комфортно работать",
            "count": 1
        },
        {
            "answer": "уверенность в коллегах",
            "count": 1
        },
        {
            "answer": "возможность признать ошибку",
            "count": 1
        },
        {
            "answer": "открытый обмен опытом",
            "count": 1
        },
        {
            "answer": "открытая вертикаль общения",
            "count": 1
        },
        {
            "answer": "возможность открыто и доверите",
            "count": 1
        },
        {
            "answer": "возможность сказать об ошибке",
            "count": 1
        },
        {
            "answer": "предупреждение о кирпиче",
            "count": 1
        },
        {
            "answer": "честная и полная инфо сверху",
            "count": 1
        },
        {
            "answer": "благоприятная среда",
            "count": 1
        },
        {
            "answer": "объединяющая взаимосвязь",
            "count": 1
        },
        {
            "answer": "искренняя помощь",
            "count": 1
        },
        {
            "answer": "открытость общении",
            "count": 1
        },
        {
            "answer": "информирование своевременное",
            "count": 1
        },
        {
            "answer": "открытость",
            "count": 1
        },
        {
            "answer": "поддержка",
            "count": 1
        },
        {
            "answer": "легкое общение",
            "count": 1
        },
        {
            "answer": "выполнение обещаний в срок",
            "count": 1
        },
        {
            "answer": "свобода",
            "count": 1
        },
        {
            "answer": "возможность высказаться",
            "count": 1
        },
        {
            "answer": "знать, что тебя не осудят",
            "count": 1
        },
        {
            "answer": "честность и прозрачность",
            "count": 1
        },
        {
            "answer": "отсутствие вранья в отношениях",
            "count": 1
        },
        {
            "answer": "возможность открыто общаться",
            "count": 1
        },
        {
            "answer": "честность",
            "count": 1
        },
        {
            "answer": "открытость",
            "count": 1
        },
        {
            "answer": "безопасность",
            "count": 1
        },
        {
            "answer": "открытая обратная связь",
            "count": 1
        },
        {
            "answer": "честность с руководством",
            "count": 1
        },
        {
            "answer": "делиться переживаниями",
            "count": 1
        },
        {
            "answer": "когда я могу открыто говорить",
            "count": 1
        },
        {
            "answer": "можно обратиться",
            "count": 1
        },
        {
            "answer": "можно быть услышанным",
            "count": 1
        },
        {
            "answer": "можно без обиды отказать",
            "count": 1
        },
        {
            "answer": "говорю об ошибках",
            "count": 1
        },
        {
            "answer": "предлагаю свободно идеи",
            "count": 1
        },
        {
            "answer": "все равны - и новый, и \"старый",
            "count": 1
        },
        {
            "answer": "отсутствие двуличности",
            "count": 1
        },
        {
            "answer": "отсутствие лжи",
            "count": 1
        },
        {
            "answer": "правда подтверждается фактами",
            "count": 1
        },
        {
            "answer": "свобода слова",
            "count": 1
        },
        {
            "answer": "отсутствие лицемерия",
            "count": 1
        },
        {
            "answer": "нет двойных стандартов",
            "count": 1
        },
        {
            "answer": "заявил проблему и получил",
            "count": 1
        },
        {
            "answer": "заявил проблему и сам решаешь",
            "count": 1
        },
        {
            "answer": "открыто выражать мнение",
            "count": 1
        },
        {
            "answer": "уверенность в искренности друг",
            "count": 1
        },
        {
            "answer": "поддержка и защита",
            "count": 1
        },
        {
            "answer": "не бояться говорить что думаеш",
            "count": 1
        },
        {
            "answer": "обратная связь без последствий",
            "count": 1
        },
        {
            "answer": "открытость информации",
            "count": 1
        },
        {
            "answer": "открытый разговор",
            "count": 1
        },
        {
            "answer": "незамалчивание проблем",
            "count": 1
        },
        {
            "answer": "нет обсуждений  «за спиной»",
            "count": 1
        },
        {
            "answer": "всегда поддержат",
            "count": 1
        },
        {
            "answer": "нет страха наказания",
            "count": 1
        },
        {
            "answer": "ошибки это нормально",
            "count": 1
        },
        {
            "answer": "право на ошибку",
            "count": 1
        },
        {
            "answer": "без двойных стандартов",
            "count": 1
        },
        {
            "answer": "без любимчиков",
            "count": 1
        },
        {
            "answer": "открытость друг к другу",
            "count": 1
        },
        {
            "answer": "открытость руководителя",
            "count": 1
        },
        {
            "answer": "дилемма кому и когда доверять",
            "count": 1
        },
        {
            "answer": "безопасная среда",
            "count": 1
        },
        {
            "answer": "профессионализм",
            "count": 1
        },
        {
            "answer": "свобода выбора методов",
            "count": 1
        },
        {
            "answer": "открытое обсуждение точек рост",
            "count": 1
        },
        {
            "answer": "когда не осуждают",
            "count": 1
        },
        {
            "answer": "когда можешь говорить открыто",
            "count": 1
        },
        {
            "answer": "твое мнение не равно увольнени",
            "count": 1
        },
        {
            "answer": "важные элементы доверия - это",
            "count": 1
        },
        {
            "answer": "это честность и уважение",
            "count": 1
        },
        {
            "answer": "-",
            "count": 1
        },
        {
            "answer": "один за всех и все за одного",
            "count": 1
        },
        {
            "answer": "безопасное пространство",
            "count": 1
        },
        {
            "answer": "открытые взаимоотношения",
            "count": 1
        },
        {
            "answer": "поддержка коллег",
            "count": 1
        },
        {
            "answer": "уверенность",
            "count": 1
        },
        {
            "answer": "наличие компетентных сотрудник",
            "count": 1
        },
        {
            "answer": "выполняет обещанное в срок",
            "count": 1
        },
        {
            "answer": "верить друг другу",
            "count": 1
        },
        {
            "answer": "правила конфиденциальност",
            "count": 1
        },
        {
            "answer": "возможность признавать ошибки",
            "count": 1
        },
        {
            "answer": "взаимоуважение",
            "count": 1
        },
        {
            "answer": "доверие команде",
            "count": 1
        },
        {
            "answer": "взаимопомощь и взаимодействие",
            "count": 1
        },
        {
            "answer": "комфортная работа",
            "count": 1
        },
        {
            "answer": "смело выражать мнение",
            "count": 1
        },
        {
            "answer": "не быть осужденным",
            "count": 1
        },
        {
            "answer": "ответственность",
            "count": 1
        },
        {
            "answer": "доверительные отношения",
            "count": 1
        },
        {
            "answer": "могу честно сказать свой минус",
            "count": 1
        },
        {
            "answer": "доверить задачу без контроля",
            "count": 1
        },
        {
            "answer": "сказать, что думаю",
            "count": 1
        },
        {
            "answer": "когда не боятся ошибиться",
            "count": 1
        },
        {
            "answer": "уметь хранить секреты",
            "count": 1
        },
        {
            "answer": "быть честным",
            "count": 1
        },
        {
            "answer": "доверие коллегам",
            "count": 1
        },
        {
            "answer": "меня поругают, но не накажут",
            "count": 1
        },
        {
            "answer": "не страшно сказать об ошибке",
            "count": 1
        },
        {
            "answer": "отсутствие наказаний за ошибки",
            "count": 1
        },
        {
            "answer": "честность друг с другом",
            "count": 1
        },
        {
            "answer": "возможность говорить открыто",
            "count": 1
        },
        {
            "answer": "совместный диалог",
            "count": 1
        },
        {
            "answer": "правда",
            "count": 1
        },
        {
            "answer": "возможность открыто обсуждать",
            "count": 1
        },
        {
            "answer": "открытость коммуникации",
            "count": 1
        },
        {
            "answer": "общение",
            "count": 1
        },
        {
            "answer": "не прятать ошибки",
            "count": 1
        },
        {
            "answer": "поощрение культуры ownershipa",
            "count": 1
        },
        {
            "answer": "доверие между сотрудниками",
            "count": 1
        },
        {
            "answer": "доброжелательность",
            "count": 1
        },
        {
            "answer": "когда не конт-ют на каждом шаг",
            "count": 1
        },
        {
            "answer": "безопасность быть собой",
            "count": 1
        },
        {
            "answer": "толерантность к разному",
            "count": 1
        },
        {
            "answer": "поддержка",
            "count": 1
        },
        {
            "answer": "обоюдная открытость",
            "count": 1
        },
        {
            "answer": "возможность высказывать идеи",
            "count": 1
        },
        {
            "answer": "открытый диалог",
            "count": 1
        },
        {
            "answer": "выдача корректной информации",
            "count": 1
        },
        {
            "answer": "когда между руководителем и со",
            "count": 1
        },
        {
            "answer": "устойчивые нормы и правила",
            "count": 1
        },
        {
            "answer": "взаимопомощь и поддержка",
            "count": 1
        },
        {
            "answer": "достойный имидж организации",
            "count": 1
        },
        {
            "answer": "открытость и доступность инф-и",
            "count": 1
        },
        {
            "answer": "честность",
            "count": 1
        },
        {
            "answer": "поддержка",
            "count": 1
        },
        {
            "answer": "желание делиться информацией",
            "count": 1
        },
        {
            "answer": "не хватает количества знаков",
            "count": 1
        },
        {
            "answer": "продуктивная работа",
            "count": 1
        },
        {
            "answer": "говорим прямо, без утаиваний",
            "count": 1
        },
        {
            "answer": "уверенность в окружающих людях",
            "count": 1
        },
        {
            "answer": "помощь без выгоды",
            "count": 1
        },
        {
            "answer": "свободно выражать мнение",
            "count": 1
        },
        {
            "answer": "открытость",
            "count": 1
        },
        {
            "answer": "безопасность высказываний",
            "count": 1
        },
        {
            "answer": "низкая бюрократия",
            "count": 1
        },
        {
            "answer": "ффф",
            "count": 1
        }
    ]
}