{
    "id": 1036,
    "question": "Что хорошего сделал за день?",
    "answers": [
        {
            "answer": "поела",
            "count": 1
        },
        {
            "answer": "решил вопрос",
            "count": 1
        },
        {
            "answer": "2",
            "count": 1
        },
        {
            "answer": "потестил",
            "count": 1
        },
        {
            "answer": "поучаствовал в ретро",
            "count": 1
        },
        {
            "answer": "поработал",
            "count": 1
        },
        {
            "answer": "проснулся :)",
            "count": 1
        },
        {
            "answer": "участвовал в совещаниях",
            "count": 1
        },
        {
            "answer": "поела",
            "count": 1
        },
        {
            "answer": "создала себе новогоднее настроение",
            "count": 1
        },
        {
            "answer": "🙈",
            "count": 1
        },
        {
            "answer": "testing answer",
            "count": 1
        },
        {
            "answer": "покушал",
            "count": 1
        },
        {
            "answer": "порадовал своим присутствием >.<",
            "count": 1
        },
        {
            "answer": "помыл руки",
            "count": 1
        },
        {
            "answer": "поработал",
            "count": 1
        },
        {
            "answer": "успешный успех",
            "count": 1
        },
        {
            "answer": "покушал",
            "count": 1
        },
        {
            "answer": "приехал в офис",
            "count": 1
        },
        {
            "answer": "посмеялась",
            "count": 1
        },
        {
            "answer": "привет",
            "count": 1
        },
        {
            "answer": "<blink>hello there</blink>",
            "count": 1
        },
        {
            "answer": "закрыла все задачи)",
            "count": 1
        },
        {
            "answer": ";!\"№; 35",
            "count": 1
        },
        {
            "answer": "123www",
            "count": 1
        },
        {
            "answer": "<i><b>много всего</i></b>",
            "count": 1
        },
        {
            "answer": "сделала презентацию",
            "count": 1
        },
        {
            "answer": "достиг целей",
            "count": 1
        },
        {
            "answer": "макет",
            "count": 1
        },
        {
            "answer": "поел",
            "count": 1
        },
        {
            "answer": "потестил",
            "count": 1
        },
        {
            "answer": "провел 10 встреч",
            "count": 1
        },
        {
            "answer": "работаю вот",
            "count": 1
        },
        {
            "answer": "123www",
            "count": 1
        },
        {
            "answer": ".net code",
            "count": 1
        },
        {
            "answer": "нашел багу",
            "count": 1
        },
        {
            "answer": "погладил котика ^^",
            "count": 1
        },
        {
            "answer": "выполнил план",
            "count": 1
        },
        {
            "answer": "переговоры",
            "count": 1
        },
        {
            "answer": "не умер",
            "count": 1
        },
        {
            "answer": "поработал",
            "count": 1
        },
        {
            "answer": "поработал",
            "count": 1
        },
        {
            "answer": "příliš žluťoučký kůň úpěl ďábelské ódy",
            "count": 1
        },
        {
            "answer": "поработал",
            "count": 1
        }
    ]
}