{
    "id": 11016,
    "question": "Опишите одним-двумя словами что было самым ценным для вас за этот день?",
    "answers": [
        {
            "answer": "общение",
            "count": 1
        },
        {
            "answer": "опыт",
            "count": 1
        },
        {
            "answer": "полезно использовать в будущем",
            "count": 1
        },
        {
            "answer": "понятие клиентооринтрованости",
            "count": 1
        },
        {
            "answer": "осознание клиентоцентричности",
            "count": 1
        },
        {
            "answer": "общение с коллегам",
            "count": 1
        },
        {
            "answer": "опыт",
            "count": 1
        },
        {
            "answer": "общение с партнерами",
            "count": 1
        },
        {
            "answer": "информ. выступающих, раб. в ко",
            "count": 1
        },
        {
            "answer": "мозговой штурм",
            "count": 1
        },
        {
            "answer": "общение с коллегами",
            "count": 1
        },
        {
            "answer": "новое видение старого",
            "count": 1
        },
        {
            "answer": "общение с коллегами",
            "count": 1
        },
        {
            "answer": "новые знания",
            "count": 1
        },
        {
            "answer": "новые знакомства",
            "count": 1
        },
        {
            "answer": "питание!",
            "count": 1
        },
        {
            "answer": "информация",
            "count": 1
        },
        {
            "answer": "общение с коллегами",
            "count": 1
        },
        {
            "answer": "получение обратной связи",
            "count": 1
        },
        {
            "answer": "обмен опытом, знаниями",
            "count": 1
        },
        {
            "answer": "новые знания, обмен опытом",
            "count": 1
        },
        {
            "answer": "общение с сотрудниками других",
            "count": 1
        },
        {
            "answer": "конструктивный диалог",
            "count": 1
        },
        {
            "answer": "знания по клиентоцентричности",
            "count": 1
        },
        {
            "answer": "понятие клиентоориетированност",
            "count": 1
        },
        {
            "answer": "работа в группах",
            "count": 1
        },
        {
            "answer": "1.коммуникация между сотру",
            "count": 1
        },
        {
            "answer": "2мозговой штурм по решению про",
            "count": 1
        },
        {
            "answer": "идея может быть реализована",
            "count": 1
        },
        {
            "answer": "работа в группах",
            "count": 1
        },
        {
            "answer": "опыт взаимодействия внутри аэм",
            "count": 1
        },
        {
            "answer": "обмен информацией",
            "count": 1
        },
        {
            "answer": "понимание клиентоцентричностт.",
            "count": 1
        },
        {
            "answer": "новый опыт",
            "count": 1
        },
        {
            "answer": "мнения участников",
            "count": 1
        },
        {
            "answer": "общение с коллегами из оку",
            "count": 1
        },
        {
            "answer": "командная рабгта",
            "count": 1
        },
        {
            "answer": "понимание общедивизиональных п",
            "count": 1
        },
        {
            "answer": "проектная деятельность",
            "count": 1
        },
        {
            "answer": "понимание разницы клиентоориен",
            "count": 1
        },
        {
            "answer": "понимание клиентоцентричности",
            "count": 1
        },
        {
            "answer": "понимание клиентоцентничность",
            "count": 1
        },
        {
            "answer": "к персоналу это понятие тоже о",
            "count": 1
        },
        {
            "answer": "относиться",
            "count": 1
        },
        {
            "answer": "новый опыт",
            "count": 1
        },
        {
            "answer": "встреча с коллегами и партнера",
            "count": 1
        },
        {
            "answer": "перестройка мышления под кл-ть",
            "count": 1
        },
        {
            "answer": "проблематика разных оку совпад",
            "count": 1
        },
        {
            "answer": "клиентоцентричность",
            "count": 1
        },
        {
            "answer": "мнения и обратная связь",
            "count": 1
        },
        {
            "answer": "выявление общих проблематик",
            "count": 1
        },
        {
            "answer": "решения",
            "count": 1
        },
        {
            "answer": "порешать нужные задачи",
            "count": 1
        },
        {
            "answer": "поработать в новой команде",
            "count": 1
        },
        {
            "answer": "понял клиентоцентричность",
            "count": 1
        },
        {
            "answer": "итоговые решения",
            "count": 1
        },
        {
            "answer": "обмен опытом",
            "count": 1
        },
        {
            "answer": "мозговой штурм",
            "count": 1
        },
        {
            "answer": "проработка проблем",
            "count": 1
        },
        {
            "answer": "результаты сессии руководителе",
            "count": 1
        },
        {
            "answer": "понимание задачи",
            "count": 1
        },
        {
            "answer": "общение с коллегами,новая инфа",
            "count": 1
        },
        {
            "answer": "взгляд со стороны клиента",
            "count": 1
        },
        {
            "answer": "взаимодействие с коллегами",
            "count": 1
        },
        {
            "answer": "выявление идей для развития",
            "count": 1
        },
        {
            "answer": "новая информация",
            "count": 1
        },
        {
            "answer": "плодотворная работа в команде",
            "count": 1
        },
        {
            "answer": "узнать больше информации",
            "count": 1
        },
        {
            "answer": "узнать о клиентоцентричности",
            "count": 1
        },
        {
            "answer": "работа в команде",
            "count": 1
        },
        {
            "answer": "определение клиентоцентричност",
            "count": 1
        },
        {
            "answer": "встать на место клиента",
            "count": 1
        },
        {
            "answer": "раскрыли иначе цель",
            "count": 1
        },
        {
            "answer": "видение 2030",
            "count": 1
        },
        {
            "answer": "общение с коллегами",
            "count": 1
        },
        {
            "answer": "новый опыт",
            "count": 1
        },
        {
            "answer": "тема раскрыта",
            "count": 1
        },
        {
            "answer": "коммуникация",
            "count": 1
        },
        {
            "answer": "общение, обмен опытом.",
            "count": 1
        },
        {
            "answer": "выступления докладчиков, опыт",
            "count": 1
        },
        {
            "answer": "командная работа",
            "count": 1
        },
        {
            "answer": "работа в команде",
            "count": 1
        },
        {
            "answer": "новые контакты и варианты реше",
            "count": 1
        },
        {
            "answer": "новые связи",
            "count": 1
        },
        {
            "answer": "опыт коллег",
            "count": 1
        },
        {
            "answer": "общение",
            "count": 1
        },
        {
            "answer": "работа в команде",
            "count": 1
        },
        {
            "answer": "генерация идей",
            "count": 1
        },
        {
            "answer": "интересный опыт",
            "count": 1
        },
        {
            "answer": "опыт общения с другими",
            "count": 1
        },
        {
            "answer": "новые интересные идеи",
            "count": 1
        },
        {
            "answer": "работа в команде",
            "count": 1
        },
        {
            "answer": "новые знания и опыт",
            "count": 1
        },
        {
            "answer": "обмен опытом и идеями",
            "count": 1
        },
        {
            "answer": "совместная работа, знакомство.",
            "count": 1
        },
        {
            "answer": "командная работа",
            "count": 1
        },
        {
            "answer": "интересная дискуссия",
            "count": 1
        },
        {
            "answer": "обмен опытом",
            "count": 1
        },
        {
            "answer": "обмен опытом",
            "count": 1
        },
        {
            "answer": "получить опыт",
            "count": 1
        },
        {
            "answer": "командная работа",
            "count": 1
        },
        {
            "answer": "коммуникация",
            "count": 1
        },
        {
            "answer": "общение с коллегами",
            "count": 1
        },
        {
            "answer": "обмен мнениями с коллегами",
            "count": 1
        },
        {
            "answer": "работа в команде",
            "count": 1
        },
        {
            "answer": "доклад арсеева",
            "count": 1
        },
        {
            "answer": "brainstorm",
            "count": 1
        },
        {
            "answer": "понимание целей и задач гк",
            "count": 1
        },
        {
            "answer": "работа в группе",
            "count": 1
        },
        {
            "answer": "коммуникация с коллегами",
            "count": 1
        },
        {
            "answer": "живое общение",
            "count": 1
        }
    ]
}