{
    "id": 11152,
    "question": "Ваши ожидания от сессии",
    "answers": [
        {
            "answer": "отлично",
            "count": 1
        },
        {
            "answer": "оптимизация деятельности",
            "count": 1
        },
        {
            "answer": "опыт",
            "count": 1
        },
        {
            "answer": "надежда",
            "count": 1
        },
        {
            "answer": "решения",
            "count": 1
        },
        {
            "answer": "test",
            "count": 1
        },
        {
            "answer": "просветление",
            "count": 1
        },
        {
            "answer": "понимание",
            "count": 1
        },
        {
            "answer": "ответы на вопросы",
            "count": 1
        },
        {
            "answer": "пути решения проблем",
            "count": 1
        },
        {
            "answer": "выслушать все стороны",
            "count": 1
        },
        {
            "answer": "решения",
            "count": 1
        },
        {
            "answer": "решений",
            "count": 1
        },
        {
            "answer": "откровенный диалог",
            "count": 1
        },
        {
            "answer": "новенькое",
            "count": 1
        },
        {
            "answer": "решение актуальных вопросов",
            "count": 1
        },
        {
            "answer": "прогресс",
            "count": 1
        },
        {
            "answer": "новые знания",
            "count": 1
        },
        {
            "answer": "сколько месяцев тг",
            "count": 1
        },
        {
            "answer": "развитие",
            "count": 1
        },
        {
            "answer": "новые подходы",
            "count": 1
        },
        {
            "answer": "общение",
            "count": 1
        },
        {
            "answer": "взаимодействие",
            "count": 1
        },
        {
            "answer": "образ будущего сооружения",
            "count": 1
        },
        {
            "answer": "спокойствие",
            "count": 1
        },
        {
            "answer": "прорыв",
            "count": 1
        },
        {
            "answer": "ясность",
            "count": 1
        },
        {
            "answer": "развитие",
            "count": 1
        },
        {
            "answer": "решения",
            "count": 1
        },
        {
            "answer": "решения",
            "count": 1
        },
        {
            "answer": "drive",
            "count": 1
        },
        {
            "answer": "развитие",
            "count": 1
        },
        {
            "answer": "ответы на вопросы",
            "count": 1
        },
        {
            "answer": "честные выводы",
            "count": 1
        },
        {
            "answer": "решения",
            "count": 1
        },
        {
            "answer": "развитие навыков",
            "count": 1
        },
        {
            "answer": "новые ответы",
            "count": 1
        },
        {
            "answer": "опыт",
            "count": 1
        },
        {
            "answer": "решения",
            "count": 1
        },
        {
            "answer": "согласованные решения",
            "count": 1
        },
        {
            "answer": "развитие",
            "count": 1
        },
        {
            "answer": "образцовый блок",
            "count": 1
        },
        {
            "answer": "опыт",
            "count": 1
        },
        {
            "answer": "прорыв!",
            "count": 1
        },
        {
            "answer": "сплоченность",
            "count": 1
        },
        {
            "answer": "ответы на вопросы",
            "count": 1
        },
        {
            "answer": "проект протокола с решениями",
            "count": 1
        },
        {
            "answer": "договорились",
            "count": 1
        },
        {
            "answer": "развитие",
            "count": 1
        },
        {
            "answer": "победа",
            "count": 1
        },
        {
            "answer": "сплочение",
            "count": 1
        },
        {
            "answer": "решения",
            "count": 1
        },
        {
            "answer": "ответы на вопросы",
            "count": 1
        },
        {
            "answer": "прослеживаемость",
            "count": 1
        },
        {
            "answer": "реальные решения",
            "count": 1
        },
        {
            "answer": "успех",
            "count": 1
        },
        {
            "answer": "развитие",
            "count": 1
        },
        {
            "answer": "🥰",
            "count": 1
        },
        {
            "answer": "синергия",
            "count": 1
        },
        {
            "answer": "знания",
            "count": 1
        },
        {
            "answer": "новые решения",
            "count": 1
        },
        {
            "answer": "решения",
            "count": 1
        },
        {
            "answer": "надежда",
            "count": 1
        },
        {
            "answer": "получить ответы на вопросы",
            "count": 1
        },
        {
            "answer": "решения",
            "count": 1
        }
    ]
}