{
    "id": 11195,
    "question": "Какие лучшие практики мотивации рабочих и ИТР на повышение производительности",
    "answers": [
        {
            "answer": "справедливость",
            "count": 1
        },
        {
            "answer": "справедливость",
            "count": 1
        },
        {
            "answer": "сдельная оплата",
            "count": 1
        },
        {
            "answer": "сдельная оплата",
            "count": 1
        },
        {
            "answer": "сдельная оплата",
            "count": 1
        },
        {
            "answer": "\"длинный рубль \" по итогам",
            "count": 1
        },
        {
            "answer": "kpi",
            "count": 1
        },
        {
            "answer": "сдельная рплата",
            "count": 1
        },
        {
            "answer": "сдельно-премиальная оплата т",
            "count": 1
        },
        {
            "answer": "пср",
            "count": 1
        },
        {
            "answer": "сдельная оплата",
            "count": 1
        },
        {
            "answer": "адекватная оплата",
            "count": 1
        },
        {
            "answer": "сержантский надзор",
            "count": 1
        },
        {
            "answer": "зарплата",
            "count": 1
        },
        {
            "answer": "сдельная оплата",
            "count": 1
        },
        {
            "answer": "указание табельного номера",
            "count": 1
        },
        {
            "answer": "честная, прозрачная и ямная си",
            "count": 1
        },
        {
            "answer": "ясная система оплаты труда",
            "count": 1
        },
        {
            "answer": "четкие задачи",
            "count": 1
        },
        {
            "answer": "премирование и награждение",
            "count": 1
        },
        {
            "answer": "прозрачность планирования",
            "count": 1
        },
        {
            "answer": "зарплата",
            "count": 1
        },
        {
            "answer": "уважение",
            "count": 1
        },
        {
            "answer": "самореализация",
            "count": 1
        },
        {
            "answer": "гордость",
            "count": 1
        },
        {
            "answer": "зарплата",
            "count": 1
        },
        {
            "answer": "создание условий труда",
            "count": 1
        },
        {
            "answer": "мотивация за эффективный пср",
            "count": 1
        },
        {
            "answer": "результат",
            "count": 1
        },
        {
            "answer": "сдельная оплата",
            "count": 1
        },
        {
            "answer": "сдельная оплата",
            "count": 1
        },
        {
            "answer": "относится по-человечески",
            "count": 1
        },
        {
            "answer": "сдельщина",
            "count": 1
        },
        {
            "answer": "сдельная оплата",
            "count": 1
        },
        {
            "answer": "обоснованные нормы",
            "count": 1
        },
        {
            "answer": "бригадный подряд",
            "count": 1
        },
        {
            "answer": "кнут и пряник",
            "count": 1
        },
        {
            "answer": "стабильная и достойная з/п",
            "count": 1
        },
        {
            "answer": "платить только столько, скольк",
            "count": 1
        },
        {
            "answer": "достойная зарплата",
            "count": 1
        },
        {
            "answer": "зп и условия работы",
            "count": 1
        },
        {
            "answer": "соц соревнование",
            "count": 1
        },
        {
            "answer": "премия",
            "count": 1
        },
        {
            "answer": "сделка",
            "count": 1
        },
        {
            "answer": "финансовая мотивация",
            "count": 1
        },
        {
            "answer": "сдельная оплата",
            "count": 1
        },
        {
            "answer": "стабильность",
            "count": 1
        },
        {
            "answer": "💰",
            "count": 1
        },
        {
            "answer": "премии",
            "count": 1
        },
        {
            "answer": "деньги",
            "count": 1
        },
        {
            "answer": "сдельная оплата",
            "count": 1
        }
    ]
}