{
    "id": 1164,
    "question": "Охарактеризуйте одним словом культуру/психологическое состояние/атмосферу вашей Компании",
    "answers": [
        {
            "answer": "...",
            "count": 1
        },
        {
            "answer": "вдохновляющая",
            "count": 1
        },
        {
            "answer": "индивидуальное и бюрократическое",
            "count": 1
        },
        {
            "answer": "изменения правил и норм",
            "count": 1
        },
        {
            "answer": "трансфориация",
            "count": 1
        },
        {
            "answer": "двойные стандарты",
            "count": 1
        },
        {
            "answer": "подвиг",
            "count": 1
        },
        {
            "answer": "процедурщина",
            "count": 1
        },
        {
            "answer": "делаем для бумаги",
            "count": 1
        },
        {
            "answer": "-",
            "count": 1
        },
        {
            "answer": "разорванная",
            "count": 1
        },
        {
            "answer": "антивместе",
            "count": 1
        },
        {
            "answer": "взаимное уважение и терпение несмотря ни на что",
            "count": 1
        },
        {
            "answer": "изменения!!!!!",
            "count": 1
        },
        {
            "answer": "бюрократия",
            "count": 1
        },
        {
            "answer": "карантин",
            "count": 1
        },
        {
            "answer": "неоднозначность",
            "count": 1
        },
        {
            "answer": "усталость",
            "count": 1
        },
        {
            "answer": "паровоз",
            "count": 1
        },
        {
            "answer": "вечный двигатель",
            "count": 1
        },
        {
            "answer": "неоднородная",
            "count": 1
        },
        {
            "answer": "перекинуть на другого",
            "count": 1
        },
        {
            "answer": "культура - неоднородная, псих состояние - усталость",
            "count": 1
        }
    ]
}