{
    "id": 11682,
    "question": "Ваши открытия за время обучения на модуле",
    "answers": [
        {
            "answer": "что конфликт можно использоват",
            "count": 1
        },
        {
            "answer": "что есть рефрейминг",
            "count": 1
        },
        {
            "answer": "стратегии поведения в конфликт",
            "count": 1
        },
        {
            "answer": "конфликт это нормально",
            "count": 1
        },
        {
            "answer": "удалось познакомится с коллега",
            "count": 1
        },
        {
            "answer": ".",
            "count": 1
        },
        {
            "answer": "спасибо за очное обучение",
            "count": 1
        },
        {
            "answer": "знания-сила",
            "count": 1
        },
        {
            "answer": "сила в практике",
            "count": 1
        },
        {
            "answer": "практика-результат",
            "count": 1
        },
        {
            "answer": "знания- результат",
            "count": 1
        },
        {
            "answer": "вероломных, запоминающихся",
            "count": 1
        },
        {
            "answer": "открытий не случилось",
            "count": 1
        },
        {
            "answer": "диалог для решения 1 конфликта",
            "count": 1
        },
        {
            "answer": "конструктивы",
            "count": 1
        },
        {
            "answer": "не думал, что на квадратный ме",
            "count": 1
        },
        {
            "answer": "тр может собраться столько при",
            "count": 1
        },
        {
            "answer": "ятных людей",
            "count": 1
        },
        {
            "answer": "влюбился в коуча",
            "count": 1
        },
        {
            "answer": "рефарминг, присоединение",
            "count": 1
        },
        {
            "answer": "применение конструктов",
            "count": 1
        },
        {
            "answer": "конструкты",
            "count": 1
        },
        {
            "answer": "конструкты",
            "count": 1
        },
        {
            "answer": "🙆‍♀️",
            "count": 1
        }
    ]
}