{
    "id": 11683,
    "question": "Что поможет сделать программу более полезной для вас?",
    "answers": [
        {
            "answer": "поменьше использовать труды за",
            "count": 1
        },
        {
            "answer": "чтобы не подряд",
            "count": 1
        },
        {
            "answer": "больше живых кейсов (жизнь)",
            "count": 1
        },
        {
            "answer": "более жизненные ситуации",
            "count": 1
        },
        {
            "answer": "работа с конфликтными людьми",
            "count": 1
        },
        {
            "answer": "в остальном - все отлично",
            "count": 1
        },
        {
            "answer": "количество дней - хотябы пять",
            "count": 1
        },
        {
            "answer": "меняйте группы местами чаще",
            "count": 1
        },
        {
            "answer": "обязательна самопрезениация",
            "count": 1
        },
        {
            "answer": "большее количество реальных",
            "count": 1
        },
        {
            "answer": "примеров",
            "count": 1
        },
        {
            "answer": "всегда делать очные программы",
            "count": 1
        },
        {
            "answer": "учет специфики и устройства би",
            "count": 1
        },
        {
            "answer": "неса внутри отрасли",
            "count": 1
        },
        {
            "answer": "видеоролики",
            "count": 1
        },
        {
            "answer": "нет ответа",
            "count": 1
        },
        {
            "answer": "более актуальные практики",
            "count": 1
        },
        {
            "answer": "больше практики",
            "count": 1
        },
        {
            "answer": "увеличение количества часов",
            "count": 1
        },
        {
            "answer": "повтор",
            "count": 1
        },
        {
            "answer": "практика на работе",
            "count": 1
        }
    ]
}