{
    "id": 11692,
    "question": "Ваши открытия за время обучения на модуле",
    "answers": [
        {
            "answer": "посмотрел по новому не себя",
            "count": 1
        },
        {
            "answer": "новые знакомства, знания",
            "count": 1
        },
        {
            "answer": "вдохновляющееся лидерство",
            "count": 1
        },
        {
            "answer": "интересные люди",
            "count": 1
        },
        {
            "answer": "выявлены направления для роста",
            "count": 1
        },
        {
            "answer": "новые навыки для лидерства",
            "count": 1
        },
        {
            "answer": "возможно личной коммуникации",
            "count": 1
        },
        {
            "answer": "много новой теории",
            "count": 1
        },
        {
            "answer": "особых не было",
            "count": 1
        },
        {
            "answer": "понимание структуры",
            "count": 1
        },
        {
            "answer": "мою интуицию расписали словами",
            "count": 1
        },
        {
            "answer": "теперь я смогу этим управлять",
            "count": 1
        },
        {
            "answer": "тип лидеров по адизесу",
            "count": 1
        },
        {
            "answer": "типы лидерства по функционалу",
            "count": 1
        },
        {
            "answer": "ориентируемся на человека",
            "count": 1
        },
        {
            "answer": "нет",
            "count": 1
        },
        {
            "answer": "лидер это изменения",
            "count": 1
        },
        {
            "answer": "коллеги",
            "count": 1
        },
        {
            "answer": "слушать людей",
            "count": 1
        },
        {
            "answer": "зоны роста",
            "count": 1
        }
    ]
}