{
    "id": 1176,
    "question": "Что для вас главное в Корпоративной культуре",
    "answers": [
        {
            "answer": "люди",
            "count": 1
        },
        {
            "answer": "команда",
            "count": 1
        },
        {
            "answer": "соответствие целям",
            "count": 1
        },
        {
            "answer": "взаимоотношения между людьми",
            "count": 1
        },
        {
            "answer": "ее наличие )",
            "count": 1
        },
        {
            "answer": "поведение",
            "count": 1
        },
        {
            "answer": "отношение к сотрудникам",
            "count": 1
        },
        {
            "answer": "находила отклик внутри себя",
            "count": 1
        },
        {
            "answer": "ориентация на результат",
            "count": 1
        },
        {
            "answer": "распределение  ответственности и полномочий",
            "count": 1
        },
        {
            "answer": "общие цели",
            "count": 1
        },
        {
            "answer": "ее наличие в принципе",
            "count": 1
        },
        {
            "answer": "чувство общности",
            "count": 1
        },
        {
            "answer": "люди",
            "count": 1
        },
        {
            "answer": "баланс",
            "count": 1
        },
        {
            "answer": "-",
            "count": 1
        },
        {
            "answer": "целенаправленность",
            "count": 1
        },
        {
            "answer": "чувство плеча",
            "count": 1
        },
        {
            "answer": "ценности",
            "count": 1
        },
        {
            "answer": "единые правила взаимодействия и ценности",
            "count": 1
        },
        {
            "answer": "последовательность",
            "count": 1
        },
        {
            "answer": "культура взаимодействия",
            "count": 1
        },
        {
            "answer": "ценность сотрудников",
            "count": 1
        },
        {
            "answer": "команда, единые цели и уважение",
            "count": 1
        },
        {
            "answer": "отношение к людям",
            "count": 1
        }
    ]
}