{
    "id": 11925,
    "question": "Какие ассоциации возникают у вас, когда вы слышите слово ОТВЕТСТВЕННОСТЬ?",
    "answers": [
        {
            "answer": "результат",
            "count": 1
        },
        {
            "answer": "делать свою работу на совесть",
            "count": 1
        },
        {
            "answer": "не перекладывать свою работу н",
            "count": 1
        },
        {
            "answer": "отвечать за сроки и результаты",
            "count": 1
        },
        {
            "answer": "ответственность не делегируетс",
            "count": 1
        },
        {
            "answer": "результат",
            "count": 1
        },
        {
            "answer": "руководитель",
            "count": 1
        },
        {
            "answer": "наказание",
            "count": 1
        },
        {
            "answer": "задача",
            "count": 1
        },
        {
            "answer": "умение принимать решения",
            "count": 1
        },
        {
            "answer": "профессионализм",
            "count": 1
        },
        {
            "answer": "уважение",
            "count": 1
        },
        {
            "answer": "обязанности",
            "count": 1
        },
        {
            "answer": "обязательства",
            "count": 1
        },
        {
            "answer": "понимание причин и следствий",
            "count": 1
        },
        {
            "answer": "результат",
            "count": 1
        },
        {
            "answer": "содействие",
            "count": 1
        },
        {
            "answer": "понимание",
            "count": 1
        },
        {
            "answer": "усилие",
            "count": 1
        },
        {
            "answer": "индивидуальные усилия",
            "count": 1
        },
        {
            "answer": "отвечать за свои действия",
            "count": 1
        },
        {
            "answer": "работа на результат",
            "count": 1
        },
        {
            "answer": "усердность",
            "count": 1
        },
        {
            "answer": "качество",
            "count": 1
        },
        {
            "answer": "обязательство",
            "count": 1
        },
        {
            "answer": "осознанность",
            "count": 1
        },
        {
            "answer": "долг",
            "count": 1
        },
        {
            "answer": "забота",
            "count": 1
        },
        {
            "answer": "результат",
            "count": 1
        },
        {
            "answer": "работа",
            "count": 1
        },
        {
            "answer": "результат",
            "count": 1
        },
        {
            "answer": "порядок",
            "count": 1
        },
        {
            "answer": "план",
            "count": 1
        },
        {
            "answer": "выполнять обещания",
            "count": 1
        },
        {
            "answer": "причастность к результату",
            "count": 1
        },
        {
            "answer": "достигать целей и задач",
            "count": 1
        },
        {
            "answer": "роль за результат",
            "count": 1
        },
        {
            "answer": "результат",
            "count": 1
        },
        {
            "answer": "личная ответственность",
            "count": 1
        },
        {
            "answer": "полномочия",
            "count": 1
        },
        {
            "answer": "бонус",
            "count": 1
        },
        {
            "answer": "команда",
            "count": 1
        },
        {
            "answer": "долг",
            "count": 1
        },
        {
            "answer": "гарантия (результата)",
            "count": 1
        },
        {
            "answer": "сделать",
            "count": 1
        },
        {
            "answer": "надежность",
            "count": 1
        },
        {
            "answer": "достигать",
            "count": 1
        },
        {
            "answer": "руководство",
            "count": 1
        },
        {
            "answer": "наказание",
            "count": 1
        },
        {
            "answer": "вина",
            "count": 1
        },
        {
            "answer": "план",
            "count": 1
        },
        {
            "answer": "результат",
            "count": 1
        },
        {
            "answer": "качество",
            "count": 1
        },
        {
            "answer": "необходимость",
            "count": 1
        },
        {
            "answer": "часть работы",
            "count": 1
        },
        {
            "answer": "выполнение поставленной задачи",
            "count": 1
        },
        {
            "answer": "моя",
            "count": 1
        },
        {
            "answer": "за отрасль",
            "count": 1
        },
        {
            "answer": "за команду",
            "count": 1
        },
        {
            "answer": "надежность",
            "count": 1
        },
        {
            "answer": "результат",
            "count": 1
        },
        {
            "answer": "уверенность",
            "count": 1
        },
        {
            "answer": "честность",
            "count": 1
        },
        {
            "answer": "результат",
            "count": 1
        }
    ]
}