{
    "id": 12022,
    "question": "Что сейчас в Вашей организации является самым важным в области развития культуры безопасности?",
    "answers": [
        {
            "answer": "воспитание осознанности",
            "count": 1
        },
        {
            "answer": "лидерство вовлеченность vz",
            "count": 1
        },
        {
            "answer": "управление уровнем кб поставщи",
            "count": 1
        },
        {
            "answer": "плакаты",
            "count": 1
        },
        {
            "answer": "лидерство",
            "count": 1
        },
        {
            "answer": "лидерство руководителей",
            "count": 1
        },
        {
            "answer": "развитие лидерства",
            "count": 1
        },
        {
            "answer": "обратная связь, лидерство",
            "count": 1
        },
        {
            "answer": "обучение наставника",
            "count": 1
        },
        {
            "answer": "лидерская позиция по безопасно",
            "count": 1
        },
        {
            "answer": "доверие",
            "count": 1
        },
        {
            "answer": "обучение",
            "count": 1
        },
        {
            "answer": "повышение сплочености",
            "count": 1
        },
        {
            "answer": "открытрсть",
            "count": 1
        },
        {
            "answer": "открытый диалог",
            "count": 1
        },
        {
            "answer": "включение в процесс",
            "count": 1
        },
        {
            "answer": "понимание важности",
            "count": 1
        },
        {
            "answer": "лидерство",
            "count": 1
        },
        {
            "answer": "лидерство",
            "count": 1
        },
        {
            "answer": "лидерство и открытость",
            "count": 1
        },
        {
            "answer": "communication",
            "count": 1
        },
        {
            "answer": "лидерство, наблюдения, обп св.",
            "count": 1
        },
        {
            "answer": "сохранение жизни и здоровья",
            "count": 1
        },
        {
            "answer": "развитие партнерского подхода",
            "count": 1
        },
        {
            "answer": "лидерство",
            "count": 1
        },
        {
            "answer": "понимание",
            "count": 1
        },
        {
            "answer": "приверженность",
            "count": 1
        },
        {
            "answer": "масштабирование",
            "count": 1
        },
        {
            "answer": "лидерство",
            "count": 1
        },
        {
            "answer": "начинаем с себя",
            "count": 1
        },
        {
            "answer": "изменение мировоззрения работн",
            "count": 1
        },
        {
            "answer": "лидерство",
            "count": 1
        },
        {
            "answer": "роль руководителей лидеров",
            "count": 1
        },
        {
            "answer": "отсутствие двойных стандартов",
            "count": 1
        },
        {
            "answer": "развитие лидерств",
            "count": 1
        },
        {
            "answer": "работа с осознаностью перслнал",
            "count": 1
        },
        {
            "answer": "мотивация, обучение",
            "count": 1
        },
        {
            "answer": "устанавливаются связи",
            "count": 1
        },
        {
            "answer": "развитие",
            "count": 1
        },
        {
            "answer": "лидерство",
            "count": 1
        },
        {
            "answer": "неформальный подход",
            "count": 1
        },
        {
            "answer": "донести информацию до каждого",
            "count": 1
        },
        {
            "answer": "знания",
            "count": 1
        },
        {
            "answer": "лидерство",
            "count": 1
        },
        {
            "answer": "атмосфера открытости и доверия",
            "count": 1
        },
        {
            "answer": "индивидуальная приверженность",
            "count": 1
        },
        {
            "answer": "продвижение среди подрядчиков",
            "count": 1
        },
        {
            "answer": "взаимодействие",
            "count": 1
        },
        {
            "answer": "обратная связь",
            "count": 1
        },
        {
            "answer": "вовлеченность персонала",
            "count": 1
        },
        {
            "answer": "лидерство руководителей",
            "count": 1
        },
        {
            "answer": "работа с инфлрмированием",
            "count": 1
        },
        {
            "answer": "вовлечение руководителей",
            "count": 1
        },
        {
            "answer": "видимость результата",
            "count": 1
        },
        {
            "answer": "лидерство",
            "count": 1
        },
        {
            "answer": "внедрение ипо",
            "count": 1
        },
        {
            "answer": "развитие лидерства",
            "count": 1
        },
        {
            "answer": "поиск рисков",
            "count": 1
        },
        {
            "answer": "открытость",
            "count": 1
        },
        {
            "answer": "коммуникация",
            "count": 1
        },
        {
            "answer": "знания",
            "count": 1
        },
        {
            "answer": "вовлечение перс-а всех уровней",
            "count": 1
        },
        {
            "answer": "ответственность",
            "count": 1
        },
        {
            "answer": "начать",
            "count": 1
        },
        {
            "answer": "объяснить важность",
            "count": 1
        },
        {
            "answer": "научить",
            "count": 1
        },
        {
            "answer": "осознанность, коммуникация и в",
            "count": 1
        },
        {
            "answer": "нулевой травматизм",
            "count": 1
        },
        {
            "answer": "выявление и решение проблем",
            "count": 1
        },
        {
            "answer": "развитие лидерства",
            "count": 1
        },
        {
            "answer": "методы предотвращения ошибок",
            "count": 1
        },
        {
            "answer": "руководство и лидерство",
            "count": 1
        },
        {
            "answer": "приверженность",
            "count": 1
        },
        {
            "answer": "мотивация персонала",
            "count": 1
        },
        {
            "answer": "осознание",
            "count": 1
        },
        {
            "answer": "системность",
            "count": 1
        },
        {
            "answer": "нормативы, контроль",
            "count": 1
        },
        {
            "answer": "снижение травматизма",
            "count": 1
        },
        {
            "answer": "лидерский подход",
            "count": 1
        },
        {
            "answer": "проективная позиция",
            "count": 1
        },
        {
            "answer": "вовлечение max чел. в среду кб",
            "count": 1
        },
        {
            "answer": "формирование доверия",
            "count": 1
        },
        {
            "answer": "предотвращение ошибок персон",
            "count": 1
        },
        {
            "answer": "достижение результата",
            "count": 1
        },
        {
            "answer": "эффективность",
            "count": 1
        },
        {
            "answer": "открытость",
            "count": 1
        },
        {
            "answer": "доверие",
            "count": 1
        },
        {
            "answer": "изменение мышления",
            "count": 1
        },
        {
            "answer": "перестройка сознания",
            "count": 1
        },
        {
            "answer": "институт уполномоченных по кб",
            "count": 1
        },
        {
            "answer": "организация данной работы",
            "count": 1
        },
        {
            "answer": "информационная работа",
            "count": 1
        },
        {
            "answer": "поддержка руководителем",
            "count": 1
        },
        {
            "answer": "развитие индивидуального уровн",
            "count": 1
        },
        {
            "answer": "открытый диалог",
            "count": 1
        },
        {
            "answer": "доверие",
            "count": 1
        },
        {
            "answer": "лидерство",
            "count": 1
        },
        {
            "answer": "обеспечение безопасности",
            "count": 1
        },
        {
            "answer": "общение с людьми",
            "count": 1
        },
        {
            "answer": "доверие",
            "count": 1
        },
        {
            "answer": "профилактика и предупреждение",
            "count": 1
        },
        {
            "answer": "развитие лидерства",
            "count": 1
        },
        {
            "answer": "лидерство",
            "count": 1
        },
        {
            "answer": "развитие цеховой культуры",
            "count": 1
        },
        {
            "answer": "активность",
            "count": 1
        },
        {
            "answer": "развитие персонала",
            "count": 1
        },
        {
            "answer": "leadership",
            "count": 1
        },
        {
            "answer": "работа с причинами ошибок",
            "count": 1
        },
        {
            "answer": "люди",
            "count": 1
        },
        {
            "answer": "безопасность",
            "count": 1
        },
        {
            "answer": "лидерство",
            "count": 1
        }
    ]
}