{
    "id": 12323,
    "question": "Ваши открытия за время обучения на модуле",
    "answers": [
        {
            "answer": "что я не инструктирую вообще",
            "count": 1
        },
        {
            "answer": "концепция ситуац руководства",
            "count": 1
        },
        {
            "answer": "понятие ситуац руководство",
            "count": 1
        },
        {
            "answer": "есть ведущий стиль рук",
            "count": 1
        },
        {
            "answer": "не всегда ведущий к месту",
            "count": 1
        },
        {
            "answer": "необходимо общаться",
            "count": 1
        },
        {
            "answer": "пока нет ответа",
            "count": 1
        },
        {
            "answer": "аналогия: река - бизнес - жизн",
            "count": 1
        },
        {
            "answer": "уровни развития",
            "count": 1
        },
        {
            "answer": "стили руководства",
            "count": 1
        },
        {
            "answer": "диагностика уровней развития",
            "count": 1
        },
        {
            "answer": "определение стилей руководства",
            "count": 1
        },
        {
            "answer": "уровни сотрудников и стили упр",
            "count": 1
        },
        {
            "answer": "уровень себя как руководителя",
            "count": 1
        },
        {
            "answer": "уровни развития сотрудриков",
            "count": 1
        },
        {
            "answer": "стили руководства",
            "count": 1
        },
        {
            "answer": "собственный уровень развития",
            "count": 1
        },
        {
            "answer": "шикарный тренер",
            "count": 1
        },
        {
            "answer": "весь курс 😁",
            "count": 1
        },
        {
            "answer": "принципы на которых основано с",
            "count": 1
        },
        {
            "answer": "диагностика",
            "count": 1
        },
        {
            "answer": "диагностика собственных стилей",
            "count": 1
        },
        {
            "answer": "методики",
            "count": 1
        },
        {
            "answer": "модель ситуационного подхода",
            "count": 1
        },
        {
            "answer": "диагностика",
            "count": 1
        }
    ]
}