{
    "id": 12322,
    "question": "Что планируете применять из пройденного обучения в ближайшее время?",
    "answers": [
        {
            "answer": "методику s1",
            "count": 1
        },
        {
            "answer": "партнерство",
            "count": 1
        },
        {
            "answer": "стили руководства",
            "count": 1
        },
        {
            "answer": "диагностику уровня развития",
            "count": 1
        },
        {
            "answer": "диагностику",
            "count": 1
        },
        {
            "answer": "применение разных стилей",
            "count": 1
        },
        {
            "answer": "пока нет ответа",
            "count": 1
        },
        {
            "answer": "диагностику, гибкость",
            "count": 1
        },
        {
            "answer": "разные стили руководства.",
            "count": 1
        },
        {
            "answer": "понаблюдаю за коллегами",
            "count": 1
        },
        {
            "answer": "принципы сит. руководства",
            "count": 1
        },
        {
            "answer": "d1-d-4, s1-s4",
            "count": 1
        },
        {
            "answer": "диагностику себя и сотрудников",
            "count": 1
        },
        {
            "answer": "классификацию сотрудников",
            "count": 1
        },
        {
            "answer": "диагностика",
            "count": 1
        },
        {
            "answer": "разные стили руководства",
            "count": 1
        },
        {
            "answer": "для начала диагностику",
            "count": 1
        },
        {
            "answer": "диагностика",
            "count": 1
        },
        {
            "answer": "диагностику",
            "count": 1
        },
        {
            "answer": "диагностику",
            "count": 1
        },
        {
            "answer": "все",
            "count": 1
        }
    ]
}