{
    "id": 12407,
    "question": "Что планируете применять из пройденного обучения в ближайшее время?",
    "answers": [
        {
            "answer": "основные стратегии влияния",
            "count": 1
        },
        {
            "answer": "уровни лидерства",
            "count": 1
        },
        {
            "answer": "схема paei",
            "count": 1
        },
        {
            "answer": "взаимодействие типов paei",
            "count": 1
        },
        {
            "answer": "правила презентаций",
            "count": 1
        },
        {
            "answer": "стратегии",
            "count": 1
        },
        {
            "answer": "лидерские навыки",
            "count": 1
        },
        {
            "answer": "баланс руководства и лидерства",
            "count": 1
        },
        {
            "answer": "уровни лилерства",
            "count": 1
        },
        {
            "answer": "прокачивать свои навыки лидера",
            "count": 1
        },
        {
            "answer": "внедрять изменения",
            "count": 1
        },
        {
            "answer": "применять стратегии влияния",
            "count": 1
        },
        {
            "answer": "уровни лидерства",
            "count": 1
        },
        {
            "answer": "практиковать",
            "count": 1
        },
        {
            "answer": "алгоритм коммуникации изменени",
            "count": 1
        },
        {
            "answer": "навыки лидера",
            "count": 1
        },
        {
            "answer": "осознанное распределение ролей",
            "count": 1
        },
        {
            "answer": "в команде, при распределении",
            "count": 1
        },
        {
            "answer": "задач, согласно уровню и типу",
            "count": 1
        },
        {
            "answer": "лидерства",
            "count": 1
        },
        {
            "answer": "структуру презентации изменени",
            "count": 1
        },
        {
            "answer": "маркёры типа лидера",
            "count": 1
        },
        {
            "answer": "все",
            "count": 1
        },
        {
            "answer": "внедрение изменений в работе с",
            "count": 1
        },
        {
            "answer": "с командной",
            "count": 1
        },
        {
            "answer": "развивать лидерские качества",
            "count": 1
        },
        {
            "answer": "различные уровни лидерства",
            "count": 1
        },
        {
            "answer": "инструменты лидерства",
            "count": 1
        },
        {
            "answer": "модель поведения",
            "count": 1
        },
        {
            "answer": "знания",
            "count": 1
        },
        {
            "answer": "умения",
            "count": 1
        },
        {
            "answer": "навыки",
            "count": 1
        }
    ]
}