{
    "id": 12408,
    "question": "Ваши открытия за время обучения на модуле",
    "answers": [
        {
            "answer": "формула перемен",
            "count": 1
        },
        {
            "answer": "вовлечение людей",
            "count": 1
        },
        {
            "answer": "лидеры по адизесу",
            "count": 1
        },
        {
            "answer": "лидерские характеристики",
            "count": 1
        },
        {
            "answer": "определил зону роста",
            "count": 1
        },
        {
            "answer": "работа с разными типами людей",
            "count": 1
        },
        {
            "answer": "ожидаемо по модулю обучения",
            "count": 1
        },
        {
            "answer": "расширен кругозор лидерства",
            "count": 1
        },
        {
            "answer": "типы лидера по адизесу",
            "count": 1
        },
        {
            "answer": "нет",
            "count": 1
        },
        {
            "answer": "градация лидеров.",
            "count": 1
        },
        {
            "answer": "интересные кейсы",
            "count": 1
        },
        {
            "answer": "усилил свои проективные",
            "count": 1
        },
        {
            "answer": "качества",
            "count": 1
        },
        {
            "answer": "новые типы личности",
            "count": 1
        },
        {
            "answer": "смог оценить коллег по адизесу",
            "count": 1
        },
        {
            "answer": "новый взгляд на лидерство и ру",
            "count": 1
        },
        {
            "answer": "и руководящие функции",
            "count": 1
        },
        {
            "answer": "уровни и типы лидерства",
            "count": 1
        },
        {
            "answer": "нет",
            "count": 1
        },
        {
            "answer": "многосторонность взглядов",
            "count": 1
        },
        {
            "answer": "не было",
            "count": 1
        },
        {
            "answer": "совместимость типов лидеров",
            "count": 1
        },
        {
            "answer": "подходы к лидерству",
            "count": 1
        },
        {
            "answer": "типы лидеров",
            "count": 1
        }
    ]
}