{
    "id": 12409,
    "question": "Что поможет сделать программу более полезной для вас?",
    "answers": [
        {
            "answer": "больше кейсов на развитие",
            "count": 1
        },
        {
            "answer": "все и так супер!",
            "count": 1
        },
        {
            "answer": "ничего",
            "count": 1
        },
        {
            "answer": "теория приближённая к отрасли",
            "count": 1
        },
        {
            "answer": "больше примеров",
            "count": 1
        },
        {
            "answer": "участники из 1-го направления",
            "count": 1
        },
        {
            "answer": "примеры для росатома",
            "count": 1
        },
        {
            "answer": "примеры из современной жизни",
            "count": 1
        },
        {
            "answer": "нет рекомендаций",
            "count": 1
        },
        {
            "answer": "практика",
            "count": 1
        },
        {
            "answer": "все доступно",
            "count": 1
        },
        {
            "answer": "список литературы",
            "count": 1
        },
        {
            "answer": "более информативные модули",
            "count": 1
        },
        {
            "answer": "ничего",
            "count": 1
        },
        {
            "answer": "большее количество практичес",
            "count": 1
        },
        {
            "answer": "ких кейсов",
            "count": 1
        },
        {
            "answer": "уклон на специализацию",
            "count": 1
        },
        {
            "answer": "больше практики",
            "count": 1
        },
        {
            "answer": "больше примеров",
            "count": 1
        },
        {
            "answer": "ещё больше интерактива",
            "count": 1
        }
    ]
}