{
    "id": 12427,
    "question": "Приведите свой пример онлайн-доски?",
    "answers": [
        {
            "answer": "ещё больше информации",
            "count": 1
        },
        {
            "answer": "программа полезна",
            "count": 1
        },
        {
            "answer": "ничего",
            "count": 1
        },
        {
            "answer": "практика",
            "count": 1
        },
        {
            "answer": "все",
            "count": 1
        },
        {
            "answer": "уклон на специализацию",
            "count": 1
        },
        {
            "answer": "все хорошо",
            "count": 1
        },
        {
            "answer": "больше интерактива",
            "count": 1
        },
        {
            "answer": "нечего добавить",
            "count": 1
        },
        {
            "answer": "найти аналог",
            "count": 1
        },
        {
            "answer": "-",
            "count": 1
        },
        {
            "answer": "разобраться в причинах",
            "count": 1
        },
        {
            "answer": "буду нервничать",
            "count": 1
        },
        {
            "answer": "найти замену",
            "count": 1
        },
        {
            "answer": "ищу аналог",
            "count": 1
        },
        {
            "answer": "не знаю",
            "count": 1
        },
        {
            "answer": "найти другой",
            "count": 1
        },
        {
            "answer": "не знаю",
            "count": 1
        },
        {
            "answer": "берем мел и тряпку)",
            "count": 1
        },
        {
            "answer": "лечь спать",
            "count": 1
        }
    ]
}