{
    "id": 12423,
    "question": "Ваше решение, если цифровой сервис недоступен?",
    "answers": [
        {
            "answer": "найти аналог",
            "count": 3
        },
        {
            "answer": "искать аналог",
            "count": 2
        },
        {
            "answer": "искать альтернативу",
            "count": 1
        },
        {
            "answer": "выберу альтернативу",
            "count": 1
        },
        {
            "answer": "найти замену",
            "count": 1
        },
        {
            "answer": "искать другой",
            "count": 1
        },
        {
            "answer": "ищу аналог",
            "count": 1
        },
        {
            "answer": "найти другой",
            "count": 1
        },
        {
            "answer": "поищу другой",
            "count": 1
        },
        {
            "answer": "не знаю",
            "count": 3
        },
        {
            "answer": "плакать",
            "count": 1
        },
        {
            "answer": "разобраться в причинах",
            "count": 1
        },
        {
            "answer": "берем мел и тряпку)",
            "count": 1
        },
        {
            "answer": "буду работать по-старому",
            "count": 1
        },
        {
            "answer": "лечь спать",
            "count": 1
        },
        {
            "answer": "попить вкусный чай",
            "count": 1
        },
        {
            "answer": "тревога",
            "count": 1
        },
        {
            "answer": "буду нервничать",
            "count": 1
        },
        {
            "answer": "скачать vpn",
            "count": 1
        },
        {
            "answer": "сделать свой",
            "count": 1
        },
        {
            "answer": "перезагрузить страничку",
            "count": 1
        },
        {
            "answer": "обсудить в беседе",
            "count": 1
        }
    ]
}