{
    "id": 12798,
    "question": "Какие практики Вы захотите применить в первую очередь, когда вернётесь в организацию? / What practices do you want to apply first when you return to the organization?",
    "answers": [
        {
            "answer": "вовлечение руководителей",
            "count": 1
        },
        {
            "answer": "проведение самооценки",
            "count": 1
        },
        {
            "answer": "поощрение проводников культуры",
            "count": 1
        },
        {
            "answer": "safety тур",
            "count": 1
        },
        {
            "answer": "совет по кб",
            "count": 1
        },
        {
            "answer": "охота на риски",
            "count": 1
        },
        {
            "answer": "сторителлинг \"наши люди\"",
            "count": 1
        },
        {
            "answer": "лидерство",
            "count": 1
        },
        {
            "answer": "эффективность",
            "count": 1
        },
        {
            "answer": "диалоги о кб",
            "count": 1
        },
        {
            "answer": "коммуникации подразделений",
            "count": 1
        },
        {
            "answer": "паспорт доверия",
            "count": 1
        },
        {
            "answer": "безопасность вокруг",
            "count": 1
        },
        {
            "answer": "амбасадоры кб",
            "count": 1
        },
        {
            "answer": "1. ппр",
            "count": 1
        },
        {
            "answer": "2.",
            "count": 1
        },
        {
            "answer": "переговорить с ген.директором",
            "count": 1
        },
        {
            "answer": "вовлечение в партнеры",
            "count": 1
        },
        {
            "answer": "самооценка кб",
            "count": 1
        },
        {
            "answer": "институт уполномоченных по кб",
            "count": 1
        },
        {
            "answer": "тренинги с лидерами",
            "count": 1
        },
        {
            "answer": "настройка коммуникаций",
            "count": 1
        },
        {
            "answer": "работа с молодёжью и детьми",
            "count": 1
        },
        {
            "answer": "поощрение уполномоченных",
            "count": 1
        },
        {
            "answer": "паспорт доверия",
            "count": 1
        },
        {
            "answer": "сертификация по культуре безоп",
            "count": 1
        },
        {
            "answer": "изменение среды",
            "count": 1
        },
        {
            "answer": "школа уполномоченных по кб",
            "count": 1
        },
        {
            "answer": "модель \"голова-сердце-руки\"",
            "count": 1
        },
        {
            "answer": "и анализ причин",
            "count": 1
        },
        {
            "answer": "внедрение системы выявления оп",
            "count": 1
        },
        {
            "answer": "информационная безопасность",
            "count": 1
        },
        {
            "answer": "мастер класс по способности",
            "count": 1
        },
        {
            "answer": "справляться со стрессом",
            "count": 1
        },
        {
            "answer": "совершенствование исуиас",
            "count": 1
        },
        {
            "answer": "паспорт доверия",
            "count": 1
        },
        {
            "answer": "safety туры",
            "count": 1
        },
        {
            "answer": "институт уполномоченных",
            "count": 1
        },
        {
            "answer": "определение корневой причины",
            "count": 1
        },
        {
            "answer": "сложно оценить",
            "count": 1
        },
        {
            "answer": "писать самим законы как )",
            "count": 1
        },
        {
            "answer": "партнерские визиты",
            "count": 1
        },
        {
            "answer": "амбассадоры",
            "count": 1
        },
        {
            "answer": "самооценка кб",
            "count": 1
        },
        {
            "answer": "внедрение системы мотивации",
            "count": 1
        },
        {
            "answer": "анкетирование персонала",
            "count": 1
        },
        {
            "answer": "развитие практик открытости",
            "count": 1
        },
        {
            "answer": "коэффициент качества наблюдени",
            "count": 1
        },
        {
            "answer": "ростелеком, рубрика «наши люди",
            "count": 1
        },
        {
            "answer": "видеоролики",
            "count": 1
        },
        {
            "answer": "мотивация через поощрение",
            "count": 1
        },
        {
            "answer": "расследование без обвинения",
            "count": 1
        },
        {
            "answer": "психологические практики",
            "count": 1
        },
        {
            "answer": "руководитель лидер",
            "count": 1
        },
        {
            "answer": "сторитейлинг",
            "count": 1
        },
        {
            "answer": "развитие эмоционального ин-та",
            "count": 1
        },
        {
            "answer": "вовлечение школьников в без-ть",
            "count": 1
        },
        {
            "answer": "мотивация уполномоченных",
            "count": 1
        },
        {
            "answer": "положение о наблюдениях",
            "count": 1
        },
        {
            "answer": "обучение уполномоченных",
            "count": 1
        },
        {
            "answer": "доплата уполномоченным",
            "count": 1
        },
        {
            "answer": "повышение качества наблюдений",
            "count": 1
        },
        {
            "answer": "инфбезопасность",
            "count": 1
        },
        {
            "answer": "плакаты",
            "count": 1
        },
        {
            "answer": "институт уполномоченных по кб",
            "count": 1
        },
        {
            "answer": "диалоги о культуре безопасност",
            "count": 1
        },
        {
            "answer": "лигу безопасности",
            "count": 1
        },
        {
            "answer": "поощрение",
            "count": 1
        },
        {
            "answer": "поощрение",
            "count": 1
        },
        {
            "answer": "safety туры",
            "count": 1
        },
        {
            "answer": "уполномоченные по охране труда",
            "count": 1
        },
        {
            "answer": "диалоги о безопасности",
            "count": 1
        },
        {
            "answer": "самые лучшие",
            "count": 1
        }
    ]
}