{
    "id": 12834,
    "question": "Какие инструменты или информацию вы сможете использовать в своей работе?",
    "answers": [
        {
            "answer": "инструменты визуализации данны",
            "count": 1
        },
        {
            "answer": "формулирование проблем",
            "count": 1
        },
        {
            "answer": "поиск причин проблем",
            "count": 1
        },
        {
            "answer": "модель adkar",
            "count": 1
        },
        {
            "answer": "метод \"5 почему\"",
            "count": 1
        },
        {
            "answer": "диаграмма ишикавы",
            "count": 1
        },
        {
            "answer": "adkar, визуализация данных",
            "count": 1
        },
        {
            "answer": "алгоритм выбора диаграмм",
            "count": 1
        },
        {
            "answer": "визуализация данных",
            "count": 1
        },
        {
            "answer": "мозговой штурм",
            "count": 1
        },
        {
            "answer": "диаграмма ишикавы",
            "count": 1
        },
        {
            "answer": "метод \"5 почему\"",
            "count": 1
        },
        {
            "answer": "мероприятия, направленные на р",
            "count": 1
        },
        {
            "answer": "правила формулирования проблем",
            "count": 1
        },
        {
            "answer": "визуализацию",
            "count": 1
        },
        {
            "answer": "мозговой штурм",
            "count": 1
        },
        {
            "answer": "памятка про диаграммы - огонь!",
            "count": 1
        },
        {
            "answer": "новые методы оценки ситуации",
            "count": 1
        },
        {
            "answer": "определение проблеммы",
            "count": 1
        },
        {
            "answer": "различные способы решения",
            "count": 1
        },
        {
            "answer": "визуализация данных",
            "count": 1
        },
        {
            "answer": "диаграмма ишикавы",
            "count": 1
        },
        {
            "answer": "модель adkar",
            "count": 1
        },
        {
            "answer": "методика решения проблем",
            "count": 1
        },
        {
            "answer": "шпаргалка выбора диаграммы",
            "count": 1
        },
        {
            "answer": "метод 5 почему",
            "count": 1
        },
        {
            "answer": "картирование, доски, мозговой",
            "count": 1
        },
        {
            "answer": "все озвученые",
            "count": 1
        },
        {
            "answer": "метод \"5 почему\"",
            "count": 1
        },
        {
            "answer": "5 почему",
            "count": 1
        },
        {
            "answer": "шпаргалка по видам диаграмм",
            "count": 1
        },
        {
            "answer": "методы решения проблем",
            "count": 1
        }
    ]
}