{
    "id": 13700,
    "question": "Как ваше настроение?",
    "answers": [
        {
            "answer": "интерес",
            "count": 1
        },
        {
            "answer": "хорошее",
            "count": 1
        },
        {
            "answer": "бодрое",
            "count": 1
        },
        {
            "answer": "хочется на работу",
            "count": 1
        },
        {
            "answer": "отличное",
            "count": 1
        },
        {
            "answer": "отличное",
            "count": 1
        },
        {
            "answer": "прекрасное",
            "count": 1
        },
        {
            "answer": "хорошее",
            "count": 1
        },
        {
            "answer": "приподнятое,весёлое",
            "count": 1
        },
        {
            "answer": "пока сон",
            "count": 1
        },
        {
            "answer": "боевое",
            "count": 1
        },
        {
            "answer": "жмзнерадостное",
            "count": 1
        },
        {
            "answer": "отличное",
            "count": 1
        },
        {
            "answer": "отличное",
            "count": 1
        },
        {
            "answer": "умиротворение",
            "count": 1
        },
        {
            "answer": "радость",
            "count": 1
        },
        {
            "answer": "заинтересованный хомячок",
            "count": 1
        },
        {
            "answer": "отличное",
            "count": 1
        },
        {
            "answer": "предвкушение",
            "count": 1
        },
        {
            "answer": "прекрасное рабочее",
            "count": 1
        },
        {
            "answer": "приподнятое",
            "count": 1
        },
        {
            "answer": "вундерваффель",
            "count": 1
        },
        {
            "answer": "ожидание",
            "count": 1
        },
        {
            "answer": "в прострации",
            "count": 1
        },
        {
            "answer": "эйяфьядлайёкюдль",
            "count": 1
        },
        {
            "answer": "позитивном",
            "count": 1
        },
        {
            "answer": "отлично",
            "count": 1
        },
        {
            "answer": "хорошее",
            "count": 1
        },
        {
            "answer": "ядерное",
            "count": 1
        },
        {
            "answer": "отличное",
            "count": 1
        },
        {
            "answer": "восторженное",
            "count": 1
        },
        {
            "answer": "энергичное",
            "count": 1
        },
        {
            "answer": "воодушевлен",
            "count": 1
        },
        {
            "answer": "волшебство",
            "count": 1
        },
        {
            "answer": "успех",
            "count": 1
        },
        {
            "answer": "приподнятое",
            "count": 1
        },
        {
            "answer": "более чем позитивное",
            "count": 1
        },
        {
            "answer": "борюсь_с_бюрократией((",
            "count": 1
        },
        {
            "answer": "борюсь_с_бюрократией((",
            "count": 1
        },
        {
            "answer": "борюсь_с_бюрократией((",
            "count": 1
        },
        {
            "answer": "борюсь_с_бюрократией((",
            "count": 1
        },
        {
            "answer": "борюсь_с_бюрократией((",
            "count": 1
        },
        {
            "answer": "норм",
            "count": 1
        },
        {
            "answer": "сонное",
            "count": 1
        },
        {
            "answer": "великолепное",
            "count": 1
        },
        {
            "answer": "раслаблен",
            "count": 1
        },
        {
            "answer": "на позитиве",
            "count": 1
        },
        {
            "answer": "готов к действию",
            "count": 1
        },
        {
            "answer": "и настроение улучшилось...))",
            "count": 1
        },
        {
            "answer": "потеряно",
            "count": 1
        },
        {
            "answer": "нормальное",
            "count": 1
        },
        {
            "answer": "уиииии",
            "count": 1
        },
        {
            "answer": "восторг",
            "count": 1
        },
        {
            "answer": "ура",
            "count": 1
        },
        {
            "answer": "#росатомсила",
            "count": 1
        },
        {
            "answer": "я люблю концерн",
            "count": 1
        },
        {
            "answer": "настороженно",
            "count": 1
        },
        {
            "answer": "интерес",
            "count": 1
        },
        {
            "answer": "ожидание интересного",
            "count": 1
        },
        {
            "answer": "на сиреневой луне",
            "count": 1
        },
        {
            "answer": "прекрасное",
            "count": 1
        },
        {
            "answer": "рабочее",
            "count": 1
        },
        {
            "answer": "бодрость",
            "count": 1
        },
        {
            "answer": "беспокойство",
            "count": 1
        },
        {
            "answer": "ожидание",
            "count": 1
        },
        {
            "answer": "отличное",
            "count": 1
        },
        {
            "answer": "чайку бы",
            "count": 1
        },
        {
            "answer": "нормально",
            "count": 1
        },
        {
            "answer": "отлично",
            "count": 1
        },
        {
            "answer": "в соответствии с обстановкой",
            "count": 1
        },
        {
            "answer": "уныние",
            "count": 1
        },
        {
            "answer": "своеобразное.",
            "count": 1
        },
        {
            "answer": "сейчас проснусь",
            "count": 1
        },
        {
            "answer": "успех",
            "count": 1
        },
        {
            "answer": "счастье",
            "count": 1
        },
        {
            "answer": "восторг",
            "count": 1
        },
        {
            "answer": "хорошее",
            "count": 1
        },
        {
            "answer": "интерес",
            "count": 1
        },
        {
            "answer": "слегка возбужден",
            "count": 1
        },
        {
            "answer": "огонь!",
            "count": 1
        },
        {
            "answer": "работоспособное",
            "count": 1
        },
        {
            "answer": "все ещё впереди",
            "count": 1
        },
        {
            "answer": "летняя свежесть",
            "count": 1
        },
        {
            "answer": "ожидательное",
            "count": 1
        },
        {
            "answer": "рабочее",
            "count": 1
        },
        {
            "answer": "крутяк",
            "count": 1
        },
        {
            "answer": "отлично",
            "count": 1
        },
        {
            "answer": "отлично",
            "count": 1
        },
        {
            "answer": "радужное",
            "count": 1
        },
        {
            "answer": "эмоциональная легкость",
            "count": 1
        },
        {
            "answer": "красота!",
            "count": 1
        },
        {
            "answer": "прекрасно.",
            "count": 1
        },
        {
            "answer": "отлично",
            "count": 1
        },
        {
            "answer": "позитивно",
            "count": 1
        },
        {
            "answer": "интерес",
            "count": 1
        },
        {
            "answer": "волшебно",
            "count": 1
        },
        {
            "answer": "позитивно",
            "count": 1
        },
        {
            "answer": "сонно",
            "count": 1
        },
        {
            "answer": "прикольно, столько людей)",
            "count": 1
        },
        {
            "answer": "воодушевление",
            "count": 1
        },
        {
            "answer": "панда",
            "count": 1
        },
        {
            "answer": "возбужденное",
            "count": 1
        },
        {
            "answer": "great 👍",
            "count": 1
        },
        {
            "answer": "нейтральное",
            "count": 1
        },
        {
            "answer": "положительное",
            "count": 1
        },
        {
            "answer": "интересное",
            "count": 1
        },
        {
            "answer": "воодушевление",
            "count": 1
        },
        {
            "answer": "интерес",
            "count": 1
        },
        {
            "answer": "в ожидании прекрасного",
            "count": 1
        },
        {
            "answer": "позитив",
            "count": 1
        },
        {
            "answer": "праздничное",
            "count": 1
        },
        {
            "answer": "выгоревшее",
            "count": 1
        },
        {
            "answer": "интерес",
            "count": 1
        },
        {
            "answer": "некомфортно",
            "count": 1
        },
        {
            "answer": "неоднозначное",
            "count": 1
        },
        {
            "answer": "сейчас проснусь",
            "count": 1
        },
        {
            "answer": "воодушевленность",
            "count": 1
        },
        {
            "answer": "улёт",
            "count": 1
        },
        {
            "answer": "воодушевлен",
            "count": 1
        },
        {
            "answer": "хорошее",
            "count": 1
        },
        {
            "answer": "отличное",
            "count": 1
        },
        {
            "answer": "ожидание чего-то интересного",
            "count": 1
        },
        {
            "answer": "спокойствие",
            "count": 1
        },
        {
            "answer": "оптимистичное",
            "count": 1
        },
        {
            "answer": "цвет настроения синий...",
            "count": 1
        },
        {
            "answer": "в торжественном",
            "count": 1
        },
        {
            "answer": "🤪💪😂",
            "count": 1
        },
        {
            "answer": "восторг, ожидание",
            "count": 1
        },
        {
            "answer": "радужное",
            "count": 1
        },
        {
            "answer": "полет",
            "count": 1
        },
        {
            "answer": "движение",
            "count": 1
        },
        {
            "answer": "кино",
            "count": 1
        },
        {
            "answer": "волнительное",
            "count": 1
        },
        {
            "answer": "отлично",
            "count": 1
        },
        {
            "answer": "спокойствие",
            "count": 1
        },
        {
            "answer": "бомбически",
            "count": 1
        },
        {
            "answer": "ожидание и нетерпение",
            "count": 1
        },
        {
            "answer": "драйвовое",
            "count": 1
        },
        {
            "answer": "😢🙃🤯🧐💩",
            "count": 1
        },
        {
            "answer": "предвкушение",
            "count": 1
        },
        {
            "answer": "интерес",
            "count": 1
        },
        {
            "answer": "игра",
            "count": 1
        },
        {
            "answer": "все хорошо",
            "count": 1
        },
        {
            "answer": "волнение",
            "count": 1
        },
        {
            "answer": "расслабленное",
            "count": 1
        },
        {
            "answer": "чудесное",
            "count": 1
        },
        {
            "answer": "тяжко",
            "count": 1
        },
        {
            "answer": "воодушевление",
            "count": 1
        },
        {
            "answer": "воодушевленное",
            "count": 1
        },
        {
            "answer": "в ожидании чуда",
            "count": 1
        },
        {
            "answer": "бурная река",
            "count": 1
        },
        {
            "answer": "бодрое",
            "count": 1
        },
        {
            "answer": "рабочее настроение",
            "count": 1
        },
        {
            "answer": "отличное и заряженное",
            "count": 1
        },
        {
            "answer": "нирвана",
            "count": 1
        },
        {
            "answer": "душераздирающее зрелище",
            "count": 1
        },
        {
            "answer": "бодрое",
            "count": 1
        },
        {
            "answer": "бодрое",
            "count": 1
        },
        {
            "answer": "на позитиве",
            "count": 1
        },
        {
            "answer": "отличное",
            "count": 1
        },
        {
            "answer": "светящееся",
            "count": 1
        },
        {
            "answer": "катарсис",
            "count": 1
        },
        {
            "answer": "катарсис",
            "count": 1
        },
        {
            "answer": "катарсис",
            "count": 1
        },
        {
            "answer": "подъем эсоциональый",
            "count": 1
        },
        {
            "answer": "позитивное",
            "count": 1
        },
        {
            "answer": "рабочее",
            "count": 1
        },
        {
            "answer": "великолепное",
            "count": 1
        },
        {
            "answer": "без кофе, но жив и активен",
            "count": 1
        },
        {
            "answer": "заинтересован",
            "count": 1
        },
        {
            "answer": "гордость",
            "count": 1
        },
        {
            "answer": "великолепное",
            "count": 1
        },
        {
            "answer": "удивление",
            "count": 1
        },
        {
            "answer": "готовность",
            "count": 1
        },
        {
            "answer": "рабочее",
            "count": 1
        },
        {
            "answer": "спать охота",
            "count": 1
        },
        {
            "answer": "бодрое",
            "count": 1
        },
        {
            "answer": "замечательное",
            "count": 1
        },
        {
            "answer": "боевое",
            "count": 1
        },
        {
            "answer": "ok",
            "count": 1
        },
        {
            "answer": "в ожидании",
            "count": 1
        },
        {
            "answer": "на атомных крыльях",
            "count": 1
        },
        {
            "answer": "воодушевлен",
            "count": 1
        },
        {
            "answer": "спокойствие",
            "count": 1
        },
        {
            "answer": "офигенно",
            "count": 1
        },
        {
            "answer": "заинтересован",
            "count": 1
        },
        {
            "answer": "шикарно",
            "count": 1
        },
        {
            "answer": "приподнятое, близкое к эйфории",
            "count": 1
        },
        {
            "answer": "хорошее",
            "count": 1
        },
        {
            "answer": "гуд",
            "count": 1
        },
        {
            "answer": "желание вернуться на работу",
            "count": 1
        },
        {
            "answer": "воодушевленное",
            "count": 1
        },
        {
            "answer": "а я бегу-бегу-бегу",
            "count": 1
        },
        {
            "answer": "норм",
            "count": 1
        },
        {
            "answer": "отлично",
            "count": 1
        },
        {
            "answer": "замечательное",
            "count": 1
        },
        {
            "answer": "противоречивое",
            "count": 1
        },
        {
            "answer": "заряжен",
            "count": 1
        },
        {
            "answer": "огонь",
            "count": 1
        },
        {
            "answer": "отличное",
            "count": 1
        },
        {
            "answer": "все хорошо",
            "count": 1
        },
        {
            "answer": "отлично",
            "count": 1
        },
        {
            "answer": "позитивное",
            "count": 1
        },
        {
            "answer": "великолепно!",
            "count": 1
        },
        {
            "answer": "4",
            "count": 1
        },
        {
            "answer": "позитив",
            "count": 1
        },
        {
            "answer": "улитка",
            "count": 1
        },
        {
            "answer": "огонь",
            "count": 1
        },
        {
            "answer": "приподнятое",
            "count": 1
        },
        {
            "answer": "прекрасное",
            "count": 1
        },
        {
            "answer": "на позитиве",
            "count": 1
        },
        {
            "answer": "приподнято",
            "count": 1
        },
        {
            "answer": "предвкушение",
            "count": 1
        },
        {
            "answer": "отличное",
            "count": 1
        },
        {
            "answer": "огонь!",
            "count": 1
        },
        {
            "answer": "предвкушение",
            "count": 1
        },
        {
            "answer": "воодушевлена!",
            "count": 1
        },
        {
            "answer": "легкость",
            "count": 1
        },
        {
            "answer": "бамбалейла",
            "count": 1
        },
        {
            "answer": "супер!",
            "count": 1
        },
        {
            "answer": "норм",
            "count": 1
        },
        {
            "answer": "волнуюсь",
            "count": 1
        },
        {
            "answer": "сонное",
            "count": 1
        },
        {
            "answer": "жизнь прекрасна",
            "count": 1
        },
        {
            "answer": "отличное",
            "count": 1
        },
        {
            "answer": "хорошее",
            "count": 1
        },
        {
            "answer": "бодрое",
            "count": 1
        },
        {
            "answer": "феерично",
            "count": 1
        },
        {
            "answer": "бодрое",
            "count": 1
        },
        {
            "answer": "хочу кофе",
            "count": 1
        },
        {
            "answer": "мяу",
            "count": 1
        },
        {
            "answer": "норм",
            "count": 1
        },
        {
            "answer": "шикарное",
            "count": 1
        },
        {
            "answer": "огонь",
            "count": 1
        },
        {
            "answer": "сплю",
            "count": 1
        },
        {
            "answer": "супер",
            "count": 1
        },
        {
            "answer": "сонно",
            "count": 1
        }
    ]
}