{
    "id": 13759,
    "question": "Основная мысль по результатам конференции",
    "answers": [
        {
            "answer": "дебюрократизация",
            "count": 1
        },
        {
            "answer": "росатом прогрессирует",
            "count": 1
        },
        {
            "answer": "продолжать активно работать",
            "count": 1
        },
        {
            "answer": "награждение задом-наперёд бред",
            "count": 1
        },
        {
            "answer": "не озвучили места рейтинга((((",
            "count": 1
        },
        {
            "answer": "награждать должен лае и тат",
            "count": 1
        },
        {
            "answer": "укр никому не нужен",
            "count": 1
        },
        {
            "answer": "организаторы молодцы",
            "count": 1
        },
        {
            "answer": "формализм не победит бюрократи",
            "count": 1
        },
        {
            "answer": "учиться никогда не поздно",
            "count": 1
        },
        {
            "answer": "важен личный вклад каждого",
            "count": 1
        },
        {
            "answer": "нужно продолжать развиваться и",
            "count": 1
        },
        {
            "answer": "безразличие организаторов",
            "count": 1
        },
        {
            "answer": "росатом - люди",
            "count": 1
        },
        {
            "answer": "есть к чему стремиться",
            "count": 1
        },
        {
            "answer": "прорыв",
            "count": 1
        },
        {
            "answer": "учиться",
            "count": 1
        },
        {
            "answer": "хорошее направление выбрано",
            "count": 1
        },
        {
            "answer": "для облегчения работы",
            "count": 1
        },
        {
            "answer": "бред",
            "count": 1
        },
        {
            "answer": "борьба с бюрократией",
            "count": 1
        },
        {
            "answer": "дебюракратизация",
            "count": 1
        },
        {
            "answer": "не бояться",
            "count": 1
        },
        {
            "answer": "снизить уровень бюрократизации",
            "count": 1
        },
        {
            "answer": "команда - это сила!",
            "count": 1
        },
        {
            "answer": "дебюрократизция",
            "count": 1
        },
        {
            "answer": "нам нужны изменения",
            "count": 1
        },
        {
            "answer": "работа впереди",
            "count": 1
        },
        {
            "answer": "исключить лишние шаги",
            "count": 1
        },
        {
            "answer": "смена модели поведения",
            "count": 1
        },
        {
            "answer": "все зависит от нас",
            "count": 1
        },
        {
            "answer": "подвести итог",
            "count": 1
        },
        {
            "answer": "не понятна",
            "count": 1
        },
        {
            "answer": "добиваться!",
            "count": 1
        },
        {
            "answer": "вовлекать коллег",
            "count": 1
        },
        {
            "answer": "необходимо сокращать",
            "count": 1
        },
        {
            "answer": "начинать всегда надо с себя",
            "count": 1
        },
        {
            "answer": "борьба с бюрократизацией тренд",
            "count": 1
        },
        {
            "answer": "изменить мышление главное",
            "count": 1
        },
        {
            "answer": "возможность открытого диалога",
            "count": 1
        },
        {
            "answer": "жалость от окончания учебы",
            "count": 1
        },
        {
            "answer": "развитие,",
            "count": 1
        },
        {
            "answer": "debur",
            "count": 1
        },
        {
            "answer": "изменения",
            "count": 1
        },
        {
            "answer": "развитие",
            "count": 1
        },
        {
            "answer": "действуй!",
            "count": 1
        },
        {
            "answer": "все в наших руках",
            "count": 1
        },
        {
            "answer": "начни с себя",
            "count": 1
        },
        {
            "answer": "брать на себя ответственность",
            "count": 1
        },
        {
            "answer": "мы все сможем",
            "count": 1
        },
        {
            "answer": "бесконечная оптимизация,измене",
            "count": 1
        },
        {
            "answer": "дебюрократизация неизбежна",
            "count": 1
        },
        {
            "answer": "начинать нужно с себя",
            "count": 1
        },
        {
            "answer": "это проблема всей отрасли",
            "count": 1
        },
        {
            "answer": "нужны быстрые победы",
            "count": 1
        },
        {
            "answer": "хорошо",
            "count": 1
        },
        {
            "answer": "надо начинать с себя",
            "count": 1
        },
        {
            "answer": "дебюрократизация",
            "count": 1
        },
        {
            "answer": "бюрократия - необходимое зло",
            "count": 1
        },
        {
            "answer": "бюрократия будет побеждена",
            "count": 1
        },
        {
            "answer": "росатом - лидер",
            "count": 1
        },
        {
            "answer": "улучшение",
            "count": 1
        },
        {
            "answer": "развитие!!! идти в перед!!!",
            "count": 1
        },
        {
            "answer": "освобождение вн.ресурсов",
            "count": 1
        },
        {
            "answer": "новые инструменты",
            "count": 1
        },
        {
            "answer": "новые возможности",
            "count": 1
        },
        {
            "answer": "амбициозные цели",
            "count": 1
        },
        {
            "answer": "бюракратия и зло и благо",
            "count": 1
        },
        {
            "answer": "кадры решают бюрократию",
            "count": 1
        },
        {
            "answer": "убери бюрократа в себе",
            "count": 1
        },
        {
            "answer": "проактивный подход в работе",
            "count": 1
        },
        {
            "answer": "«голос» нужно дорабатывать",
            "count": 1
        },
        {
            "answer": "дебюрократизация",
            "count": 1
        },
        {
            "answer": "сокращаем процессы",
            "count": 1
        },
        {
            "answer": "увеличиваем эффективность",
            "count": 1
        },
        {
            "answer": "дебюр",
            "count": 1
        },
        {
            "answer": "доброжелательность",
            "count": 1
        },
        {
            "answer": "оптимизация",
            "count": 1
        },
        {
            "answer": "дебумажность",
            "count": 1
        },
        {
            "answer": "процессы должны быть проще",
            "count": 1
        },
        {
            "answer": "процессы должны быть прозрачне",
            "count": 1
        },
        {
            "answer": "время действовать",
            "count": 1
        },
        {
            "answer": "быть готовым к изменениям.",
            "count": 1
        }
    ]
}