{
    "id": 13761,
    "question": "Что бы вы хотели пожелать своим коллегам-выпускникам?",
    "answers": [
        {
            "answer": "терпения",
            "count": 1
        },
        {
            "answer": "роста",
            "count": 1
        },
        {
            "answer": "не останавливаться на достигну",
            "count": 1
        },
        {
            "answer": "продуктивности и полезности",
            "count": 1
        },
        {
            "answer": "удачи и карьерного роста",
            "count": 1
        },
        {
            "answer": "реализовать свои проекты",
            "count": 1
        },
        {
            "answer": "не оставливаться на достигнут",
            "count": 1
        },
        {
            "answer": "надеяться на себя",
            "count": 1
        },
        {
            "answer": "удачи в новых проектах",
            "count": 1
        },
        {
            "answer": "реализации своего потенциала",
            "count": 1
        },
        {
            "answer": "\"работайте братья\"",
            "count": 1
        },
        {
            "answer": "успехов",
            "count": 1
        },
        {
            "answer": "удачи в карьерном росте и",
            "count": 1
        },
        {
            "answer": "побед",
            "count": 1
        },
        {
            "answer": "удачи",
            "count": 1
        },
        {
            "answer": "успехов в работе",
            "count": 1
        },
        {
            "answer": "учиться",
            "count": 1
        },
        {
            "answer": "удачи",
            "count": 1
        },
        {
            "answer": "получить максимум полезного",
            "count": 1
        },
        {
            "answer": "удачи",
            "count": 1
        },
        {
            "answer": "упорства",
            "count": 1
        },
        {
            "answer": "терпения",
            "count": 1
        },
        {
            "answer": "здоровья и удачи",
            "count": 1
        },
        {
            "answer": "не упустить возможности",
            "count": 1
        },
        {
            "answer": "удачи в нашем нелегком деле",
            "count": 1
        },
        {
            "answer": "позитивизма",
            "count": 1
        },
        {
            "answer": "стремления к изменениям",
            "count": 1
        },
        {
            "answer": "применить знания по назначению",
            "count": 1
        },
        {
            "answer": "успехов",
            "count": 1
        },
        {
            "answer": "ставить цели и достигать их.",
            "count": 1
        },
        {
            "answer": "не отступать и не сдаваться",
            "count": 1
        },
        {
            "answer": "карьерного роста",
            "count": 1
        },
        {
            "answer": "достижения новых высот",
            "count": 1
        },
        {
            "answer": "счастья",
            "count": 1
        },
        {
            "answer": "здоровья",
            "count": 1
        },
        {
            "answer": "удачи",
            "count": 1
        },
        {
            "answer": "стойкости",
            "count": 1
        },
        {
            "answer": "терпения",
            "count": 1
        },
        {
            "answer": "внутреннего потенциала",
            "count": 1
        },
        {
            "answer": "не сдаваться",
            "count": 1
        },
        {
            "answer": "карьерного роста",
            "count": 1
        },
        {
            "answer": "веры в свои силы",
            "count": 1
        },
        {
            "answer": "сплоченной команды",
            "count": 1
        },
        {
            "answer": "грызть гранит науки",
            "count": 1
        },
        {
            "answer": "успехов",
            "count": 1
        },
        {
            "answer": "не терять новые знакомства",
            "count": 1
        },
        {
            "answer": "успехов и роста",
            "count": 1
        },
        {
            "answer": "не бояться перемен",
            "count": 1
        },
        {
            "answer": "профессионального роста",
            "count": 1
        },
        {
            "answer": "удачи и роста",
            "count": 1
        },
        {
            "answer": "быть добрее",
            "count": 1
        },
        {
            "answer": "удачи",
            "count": 1
        },
        {
            "answer": "успехов",
            "count": 1
        },
        {
            "answer": "удачи)))",
            "count": 1
        },
        {
            "answer": "развития",
            "count": 1
        },
        {
            "answer": "успехов в развитии",
            "count": 1
        },
        {
            "answer": "росатом - лидер",
            "count": 1
        },
        {
            "answer": "стать лучше",
            "count": 1
        },
        {
            "answer": "продолжать развиваться",
            "count": 1
        },
        {
            "answer": "другой угол зрения",
            "count": 1
        },
        {
            "answer": "перестройка мышления",
            "count": 1
        },
        {
            "answer": "успехов! карьерного роста!",
            "count": 1
        },
        {
            "answer": "применить знания",
            "count": 1
        },
        {
            "answer": "удачи в начинаниях",
            "count": 1
        },
        {
            "answer": "успехов, свершений",
            "count": 1
        },
        {
            "answer": "удачи",
            "count": 1
        },
        {
            "answer": "успехов и  совершенствования",
            "count": 1
        },
        {
            "answer": "успехов во всех начинаниях",
            "count": 1
        },
        {
            "answer": "стремиться к высшим результата",
            "count": 1
        },
        {
            "answer": "нацеленным на изменения",
            "count": 1
        },
        {
            "answer": "карьерного роста",
            "count": 1
        },
        {
            "answer": "только вперёд!",
            "count": 1
        },
        {
            "answer": "успеха в реализации целей!",
            "count": 1
        },
        {
            "answer": "удачи и поддержки менторов!",
            "count": 1
        },
        {
            "answer": "быть собой в реализации целей!",
            "count": 1
        }
    ]
}