{
    "id": 13760,
    "question": "С каким настроением вы завершаете конференцию?",
    "answers": [
        {
            "answer": "позитивным",
            "count": 1
        },
        {
            "answer": "отличным)",
            "count": 1
        },
        {
            "answer": "настрой на созидание",
            "count": 1
        },
        {
            "answer": "ушел пораньше.",
            "count": 1
        },
        {
            "answer": "приподнятым",
            "count": 1
        },
        {
            "answer": "с прекрасным",
            "count": 1
        },
        {
            "answer": "было плохо видно и слошно, ожи",
            "count": 1
        },
        {
            "answer": "все зависит от меня",
            "count": 1
        },
        {
            "answer": "позитивное",
            "count": 1
        },
        {
            "answer": "грустью",
            "count": 1
        },
        {
            "answer": "сила и уверенность",
            "count": 1
        },
        {
            "answer": "с отличным",
            "count": 1
        },
        {
            "answer": "с прекрасным",
            "count": 1
        },
        {
            "answer": "прекрасно",
            "count": 1
        },
        {
            "answer": "превосходном",
            "count": 1
        },
        {
            "answer": "отличное настроение",
            "count": 1
        },
        {
            "answer": "уверенное",
            "count": 1
        },
        {
            "answer": "неоднозначность",
            "count": 1
        },
        {
            "answer": "отличным",
            "count": 1
        },
        {
            "answer": "позитивным",
            "count": 1
        },
        {
            "answer": "отличное",
            "count": 1
        },
        {
            "answer": "отличным",
            "count": 1
        },
        {
            "answer": "позитивный настрой",
            "count": 1
        },
        {
            "answer": "удовлетворительным",
            "count": 1
        },
        {
            "answer": "немного грустно, нужно продолж",
            "count": 1
        },
        {
            "answer": "позитивное",
            "count": 1
        },
        {
            "answer": "ровным",
            "count": 1
        },
        {
            "answer": "прекрасным",
            "count": 1
        },
        {
            "answer": "приподнятым",
            "count": 1
        },
        {
            "answer": "бодрое",
            "count": 1
        },
        {
            "answer": "отличное",
            "count": 1
        },
        {
            "answer": "вдохновение",
            "count": 1
        },
        {
            "answer": "ура",
            "count": 1
        },
        {
            "answer": "позитивным",
            "count": 1
        },
        {
            "answer": "воодушевленным",
            "count": 1
        },
        {
            "answer": "позитив!",
            "count": 1
        },
        {
            "answer": "с нормальным",
            "count": 1
        },
        {
            "answer": "великолепное!",
            "count": 1
        },
        {
            "answer": "положительное",
            "count": 1
        },
        {
            "answer": "радужным",
            "count": 1
        },
        {
            "answer": "отличным",
            "count": 1
        },
        {
            "answer": "супер",
            "count": 1
        },
        {
            "answer": "хорошим",
            "count": 1
        },
        {
            "answer": "позитив",
            "count": 1
        },
        {
            "answer": "негативным",
            "count": 1
        },
        {
            "answer": "среднее",
            "count": 1
        },
        {
            "answer": "воодушевлен",
            "count": 1
        },
        {
            "answer": "отличным",
            "count": 1
        },
        {
            "answer": "росатом - лидер",
            "count": 1
        },
        {
            "answer": "активно-позитивное",
            "count": 1
        },
        {
            "answer": "удовлетворение результатом",
            "count": 1
        },
        {
            "answer": "заряженность на результат",
            "count": 1
        },
        {
            "answer": "желание развиваться дальше",
            "count": 1
        },
        {
            "answer": "отличным",
            "count": 1
        },
        {
            "answer": "полное воодушевление.",
            "count": 1
        },
        {
            "answer": "предвкушение",
            "count": 1
        },
        {
            "answer": "отличное",
            "count": 1
        },
        {
            "answer": "противоречивым, протокола нет",
            "count": 1
        },
        {
            "answer": "отличное настроение!",
            "count": 1
        },
        {
            "answer": "хорошим",
            "count": 1
        },
        {
            "answer": "удовлетворенности",
            "count": 1
        },
        {
            "answer": "позитивным",
            "count": 1
        },
        {
            "answer": "удовлетворение",
            "count": 1
        },
        {
            "answer": "с удовлетворением",
            "count": 1
        },
        {
            "answer": "позитивное",
            "count": 1
        },
        {
            "answer": "воодушевленный",
            "count": 1
        }
    ]
}