{
    "id": 13909,
    "question": "Какой сегодня праздник?",
    "answers": [
        {
            "answer": "казанской",
            "count": 1
        },
        {
            "answer": "не знаю",
            "count": 1
        },
        {
            "answer": "утро",
            "count": 1
        },
        {
            "answer": "день инопланетяна",
            "count": 1
        },
        {
            "answer": "высадка на луну",
            "count": 1
        },
        {
            "answer": "казанской иконы",
            "count": 1
        },
        {
            "answer": "день коктейля",
            "count": 1
        },
        {
            "answer": "выпускной",
            "count": 1
        },
        {
            "answer": "казанская",
            "count": 1
        },
        {
            "answer": "не знаю, но работать нельзя",
            "count": 1
        },
        {
            "answer": "не знаю, но работать нельзя",
            "count": 1
        },
        {
            "answer": "не знаю, но работать нельзя",
            "count": 1
        },
        {
            "answer": "не знаю, но работать нельзя",
            "count": 1
        },
        {
            "answer": "не знаю, но работать нельзя",
            "count": 1
        },
        {
            "answer": "выпускной",
            "count": 1
        },
        {
            "answer": "день иконы казанской божьей ма",
            "count": 1
        },
        {
            "answer": "финал восхождения",
            "count": 1
        },
        {
            "answer": "казанское",
            "count": 1
        },
        {
            "answer": "день казанской иконы божьей ма",
            "count": 1
        },
        {
            "answer": "день взятия бастилии",
            "count": 1
        },
        {
            "answer": "день взятия бастилии",
            "count": 1
        },
        {
            "answer": "казанской иконы божьей матери",
            "count": 1
        },
        {
            "answer": "день ученого альпиниста",
            "count": 1
        },
        {
            "answer": "казанской иконы",
            "count": 1
        },
        {
            "answer": "день офицера",
            "count": 1
        },
        {
            "answer": "благовещение",
            "count": 1
        },
        {
            "answer": "казанская",
            "count": 1
        },
        {
            "answer": "четверг",
            "count": 1
        },
        {
            "answer": "выпускной восхождения))",
            "count": 1
        },
        {
            "answer": "утро",
            "count": 1
        },
        {
            "answer": "встреча друзей",
            "count": 1
        },
        {
            "answer": "самый лучший день в году",
            "count": 1
        },
        {
            "answer": "выпускной",
            "count": 1
        },
        {
            "answer": "день взятия бастилии!",
            "count": 1
        },
        {
            "answer": "просто праздник",
            "count": 1
        },
        {
            "answer": "день сурка",
            "count": 1
        }
    ]
}