{
    "id": 13910,
    "question": "Ваши ожидания одним словом?",
    "answers": [
        {
            "answer": "получить диплом",
            "count": 1
        },
        {
            "answer": "чуда",
            "count": 1
        },
        {
            "answer": "позитива",
            "count": 1
        },
        {
            "answer": "не знаю, но работать нельзя",
            "count": 1
        },
        {
            "answer": "восходим неудержимо",
            "count": 1
        },
        {
            "answer": "интересный день",
            "count": 1
        },
        {
            "answer": "работать",
            "count": 1
        },
        {
            "answer": "что то новое",
            "count": 1
        },
        {
            "answer": "положительные эмоции",
            "count": 1
        },
        {
            "answer": "2",
            "count": 1
        },
        {
            "answer": "все будет",
            "count": 1
        },
        {
            "answer": "бредёт хорошо",
            "count": 1
        },
        {
            "answer": "не знаю, но работать нельзя",
            "count": 1
        },
        {
            "answer": "рефлексия",
            "count": 1
        },
        {
            "answer": "сон",
            "count": 1
        },
        {
            "answer": "позитивные",
            "count": 1
        },
        {
            "answer": "финал",
            "count": 1
        },
        {
            "answer": "завершение",
            "count": 1
        },
        {
            "answer": "итоги",
            "count": 1
        },
        {
            "answer": "финал",
            "count": 1
        },
        {
            "answer": "боевой конец",
            "count": 1
        },
        {
            "answer": "суппер",
            "count": 1
        },
        {
            "answer": "салют",
            "count": 1
        },
        {
            "answer": "коммуникации",
            "count": 1
        },
        {
            "answer": "завершение",
            "count": 1
        },
        {
            "answer": "пятерку получить",
            "count": 1
        },
        {
            "answer": "жду красоты",
            "count": 1
        },
        {
            "answer": "скорее вечер",
            "count": 1
        },
        {
            "answer": "ближе к делу",
            "count": 1
        },
        {
            "answer": "выпускной",
            "count": 1
        },
        {
            "answer": "дружба",
            "count": 1
        },
        {
            "answer": "праздник",
            "count": 1
        },
        {
            "answer": "армстронгу было легче",
            "count": 1
        },
        {
            "answer": "серьезный разговор",
            "count": 1
        },
        {
            "answer": "серьезный разговор",
            "count": 1
        },
        {
            "answer": "перспектива",
            "count": 1
        },
        {
            "answer": "жмёт",
            "count": 1
        },
        {
            "answer": "выжить",
            "count": 1
        },
        {
            "answer": "скоро вечер",
            "count": 1
        },
        {
            "answer": "конец",
            "count": 1
        },
        {
            "answer": "тревожно",
            "count": 1
        },
        {
            "answer": "финал",
            "count": 1
        }
    ]
}