{
    "id": 13919,
    "question": "Ваш настрой на предстоящие 2 дня?",
    "answers": [
        {
            "answer": "!",
            "count": 1
        },
        {
            "answer": "круто",
            "count": 1
        },
        {
            "answer": "и начало",
            "count": 1
        },
        {
            "answer": "коллективное творчество",
            "count": 1
        },
        {
            "answer": "успех",
            "count": 1
        },
        {
            "answer": "удовлетворение",
            "count": 1
        },
        {
            "answer": "боевой",
            "count": 1
        },
        {
            "answer": "позитивный",
            "count": 1
        },
        {
            "answer": "коммуникативный",
            "count": 1
        },
        {
            "answer": "без эмоций",
            "count": 1
        },
        {
            "answer": "спасибо! это круто 🙌",
            "count": 1
        },
        {
            "answer": "боевой",
            "count": 1
        },
        {
            "answer": "праздник",
            "count": 1
        },
        {
            "answer": "подведение итогов",
            "count": 1
        },
        {
            "answer": "бомбический",
            "count": 1
        },
        {
            "answer": "тревога",
            "count": 1
        },
        {
            "answer": "предвкушение",
            "count": 1
        },
        {
            "answer": "радость",
            "count": 1
        },
        {
            "answer": "общение с командой",
            "count": 1
        },
        {
            "answer": "black tie",
            "count": 1
        },
        {
            "answer": "коммуникации",
            "count": 1
        },
        {
            "answer": "удивите меня",
            "count": 1
        },
        {
            "answer": "праздника хочется",
            "count": 1
        },
        {
            "answer": "праздника хочется",
            "count": 1
        },
        {
            "answer": "праздника хочется",
            "count": 1
        },
        {
            "answer": "праздника хочется",
            "count": 1
        },
        {
            "answer": "итог",
            "count": 1
        },
        {
            "answer": "релакс",
            "count": 1
        },
        {
            "answer": "командообразование",
            "count": 1
        },
        {
            "answer": "хочется продолжения",
            "count": 1
        },
        {
            "answer": "пик",
            "count": 1
        },
        {
            "answer": "позитив",
            "count": 1
        },
        {
            "answer": "конец",
            "count": 1
        },
        {
            "answer": "конец",
            "count": 1
        },
        {
            "answer": "конец",
            "count": 1
        },
        {
            "answer": "конец",
            "count": 1
        },
        {
            "answer": "конец",
            "count": 1
        },
        {
            "answer": "энергия",
            "count": 1
        },
        {
            "answer": "драйв",
            "count": 1
        },
        {
            "answer": "перспектива",
            "count": 1
        },
        {
            "answer": "все нормально",
            "count": 1
        },
        {
            "answer": "хороший",
            "count": 1
        },
        {
            "answer": "весело",
            "count": 1
        },
        {
            "answer": "супер, круто",
            "count": 1
        },
        {
            "answer": "позитив",
            "count": 1
        },
        {
            "answer": "деловой драйв",
            "count": 1
        },
        {
            "answer": "не пить",
            "count": 1
        },
        {
            "answer": "продолжения программы",
            "count": 1
        },
        {
            "answer": "финиш",
            "count": 1
        },
        {
            "answer": "боевой",
            "count": 1
        },
        {
            "answer": "интрига",
            "count": 1
        },
        {
            "answer": "воодушевление",
            "count": 1
        },
        {
            "answer": "боевой",
            "count": 1
        },
        {
            "answer": "работа",
            "count": 1
        },
        {
            "answer": "я устал",
            "count": 1
        },
        {
            "answer": "шикарный",
            "count": 1
        },
        {
            "answer": "отличный",
            "count": 1
        }
    ]
}