{
    "id": 13911,
    "question": "Какие из инструментов/технологий/методов, которые мы обсудили, должны войти в регулярный менеджмент топ руководителя ТВЭЛ?",
    "answers": [
        {
            "answer": "стратегические сессии",
            "count": 1
        },
        {
            "answer": "тимбилдинги",
            "count": 1
        },
        {
            "answer": "неформальное общение",
            "count": 1
        },
        {
            "answer": "план работы с командоц",
            "count": 1
        },
        {
            "answer": "личные беседы",
            "count": 1
        },
        {
            "answer": "коллективные тематические брей",
            "count": 1
        },
        {
            "answer": "стратсессии",
            "count": 1
        },
        {
            "answer": "вовлекать в принятие решений",
            "count": 1
        },
        {
            "answer": "обратная связь",
            "count": 1
        },
        {
            "answer": "делегировать",
            "count": 1
        },
        {
            "answer": "личное общение",
            "count": 1
        },
        {
            "answer": "достойная з/п",
            "count": 1
        },
        {
            "answer": "обучение",
            "count": 1
        },
        {
            "answer": "стратегические сессии",
            "count": 1
        },
        {
            "answer": "мотивация",
            "count": 1
        },
        {
            "answer": "обратная связь",
            "count": 1
        },
        {
            "answer": "говорить спасибо",
            "count": 1
        },
        {
            "answer": "личный контакт",
            "count": 1
        },
        {
            "answer": "ресурсы",
            "count": 1
        },
        {
            "answer": "обратная связь",
            "count": 1
        },
        {
            "answer": "обучение",
            "count": 1
        },
        {
            "answer": "обратная связь, вовлечённость,",
            "count": 1
        },
        {
            "answer": "стратсессии",
            "count": 1
        },
        {
            "answer": "стратсессии",
            "count": 1
        },
        {
            "answer": "личные контакты на уровне +1",
            "count": 1
        },
        {
            "answer": "стратегическая сессия",
            "count": 1
        },
        {
            "answer": "мотивация",
            "count": 1
        },
        {
            "answer": "обратная связь",
            "count": 1
        },
        {
            "answer": "доклады на уровень выше",
            "count": 1
        },
        {
            "answer": "спасибо",
            "count": 1
        },
        {
            "answer": "тимбилдинг",
            "count": 1
        },
        {
            "answer": "обратная связь",
            "count": 1
        },
        {
            "answer": "командные мероприятия",
            "count": 1
        },
        {
            "answer": "командоное обучение",
            "count": 1
        },
        {
            "answer": "индивидуальное обучение",
            "count": 1
        },
        {
            "answer": "убеждать людей",
            "count": 1
        },
        {
            "answer": "обратная связь",
            "count": 1
        },
        {
            "answer": "быть образцом подражанмя",
            "count": 1
        },
        {
            "answer": "обратная связь",
            "count": 1
        },
        {
            "answer": "обучение",
            "count": 1
        },
        {
            "answer": "делегирование",
            "count": 1
        },
        {
            "answer": "неформальное общение",
            "count": 1
        },
        {
            "answer": "перекрестная обратная связь",
            "count": 1
        },
        {
            "answer": "командообразование",
            "count": 1
        },
        {
            "answer": "мотивирующие задачи",
            "count": 1
        },
        {
            "answer": "участие в выработке решений",
            "count": 1
        },
        {
            "answer": "взаимодействие с внешними",
            "count": 1
        },
        {
            "answer": "поднятие уровня",
            "count": 1
        },
        {
            "answer": "старт.сессии",
            "count": 1
        },
        {
            "answer": "тимбилдинг",
            "count": 1
        },
        {
            "answer": "настройка мозгов",
            "count": 1
        },
        {
            "answer": "слышать подчиненных",
            "count": 1
        },
        {
            "answer": "уметь благодарить подчиненных",
            "count": 1
        },
        {
            "answer": "диалог равных, вне зависимости",
            "count": 1
        },
        {
            "answer": "обратная звязь",
            "count": 1
        },
        {
            "answer": "благодарить",
            "count": 1
        },
        {
            "answer": "обратная связь",
            "count": 1
        },
        {
            "answer": "диалог",
            "count": 1
        },
        {
            "answer": "обучение",
            "count": 1
        },
        {
            "answer": "вовлечение",
            "count": 1
        },
        {
            "answer": "оценка",
            "count": 1
        },
        {
            "answer": "обратная связь",
            "count": 1
        },
        {
            "answer": "управление конфликтами",
            "count": 1
        },
        {
            "answer": "стрес менеджмент",
            "count": 1
        },
        {
            "answer": "знай свою команду",
            "count": 1
        },
        {
            "answer": "обмен идеями",
            "count": 1
        },
        {
            "answer": "обратная связь",
            "count": 1
        },
        {
            "answer": "стратсессии",
            "count": 1
        },
        {
            "answer": "регулярные встречи",
            "count": 1
        },
        {
            "answer": "мотивация",
            "count": 1
        },
        {
            "answer": "сеансы обратной связи",
            "count": 1
        },
        {
            "answer": "личные беседы",
            "count": 1
        },
        {
            "answer": "стратсессии",
            "count": 1
        },
        {
            "answer": "обратная связь",
            "count": 1
        },
        {
            "answer": "мотивация",
            "count": 1
        },
        {
            "answer": "доверие",
            "count": 1
        },
        {
            "answer": "хввлить чаще",
            "count": 1
        },
        {
            "answer": "регулярная обратная связь",
            "count": 1
        },
        {
            "answer": "тестирование идей на прочность",
            "count": 1
        },
        {
            "answer": "регулярный разговор о целях",
            "count": 1
        },
        {
            "answer": "обратная связь",
            "count": 1
        },
        {
            "answer": "вывод на уровень +1",
            "count": 1
        },
        {
            "answer": "похвала",
            "count": 1
        },
        {
            "answer": "лидер-защитник",
            "count": 1
        },
        {
            "answer": "лидер-защитник",
            "count": 1
        },
        {
            "answer": "лидер-защитник",
            "count": 1
        },
        {
            "answer": "лидер-защитник",
            "count": 1
        },
        {
            "answer": "лидер-защитник",
            "count": 1
        },
        {
            "answer": "общение",
            "count": 1
        },
        {
            "answer": "знать чем вышит верх",
            "count": 1
        },
        {
            "answer": "доверие и делегирование",
            "count": 1
        },
        {
            "answer": "страт. сессии",
            "count": 1
        },
        {
            "answer": "обучение",
            "count": 1
        },
        {
            "answer": "обратная связь",
            "count": 1
        },
        {
            "answer": "стратегические сессии",
            "count": 1
        },
        {
            "answer": "обратная связь",
            "count": 1
        },
        {
            "answer": "обучение",
            "count": 1
        },
        {
            "answer": "денежное вознаграждение",
            "count": 1
        },
        {
            "answer": "неформальное общение",
            "count": 1
        },
        {
            "answer": "командообразующие мероприятия",
            "count": 1
        },
        {
            "answer": "все должны войти",
            "count": 1
        },
        {
            "answer": "хвалить сотрудников",
            "count": 1
        },
        {
            "answer": "личные беседы",
            "count": 1
        },
        {
            "answer": "минимум негативных эмоций",
            "count": 1
        },
        {
            "answer": "позитивное общение",
            "count": 1
        },
        {
            "answer": "общение на равных",
            "count": 1
        },
        {
            "answer": "разговоры о личном",
            "count": 1
        },
        {
            "answer": "встречи по планам развития",
            "count": 1
        },
        {
            "answer": "позитивная обратная связь",
            "count": 1
        },
        {
            "answer": "давать обратную связь",
            "count": 1
        },
        {
            "answer": "отмечать хороший результат",
            "count": 1
        },
        {
            "answer": "менторинг",
            "count": 1
        },
        {
            "answer": "обратная связь",
            "count": 1
        },
        {
            "answer": "стратсессии",
            "count": 1
        },
        {
            "answer": "стратегические сессии",
            "count": 1
        },
        {
            "answer": "иметь план работы с командой",
            "count": 1
        },
        {
            "answer": "тимбилдинг",
            "count": 1
        },
        {
            "answer": "командообразование",
            "count": 1
        },
        {
            "answer": "обратная связь, поощрение,вовл",
            "count": 1
        },
        {
            "answer": "стратсессии",
            "count": 1
        },
        {
            "answer": "проведение стратсессий",
            "count": 1
        },
        {
            "answer": "сопричастность",
            "count": 1
        },
        {
            "answer": "обратная связь",
            "count": 1
        },
        {
            "answer": "все 4",
            "count": 1
        },
        {
            "answer": "рыцари круглого стола",
            "count": 1
        },
        {
            "answer": "работать в общих ценностях",
            "count": 1
        },
        {
            "answer": "благодарить",
            "count": 1
        },
        {
            "answer": "стратсессии",
            "count": 1
        },
        {
            "answer": "делегировать",
            "count": 1
        },
        {
            "answer": "страт сессии",
            "count": 1
        },
        {
            "answer": "вовлечение",
            "count": 1
        },
        {
            "answer": "обратная связь",
            "count": 1
        },
        {
            "answer": "стратегические сессии",
            "count": 1
        }
    ]
}