{
    "id": 14046,
    "question": "Что привлекает вас в работе в Гринатоме?",
    "answers": [
        {
            "answer": "удалёнка, возможность расти",
            "count": 1
        },
        {
            "answer": "участие в классных проектах",
            "count": 1
        },
        {
            "answer": "стабильность за, соц.пакет",
            "count": 1
        },
        {
            "answer": "команда hr и ит",
            "count": 1
        },
        {
            "answer": "причастность к щиту родины",
            "count": 1
        },
        {
            "answer": "разнообразие задач",
            "count": 1
        },
        {
            "answer": "энергия",
            "count": 1
        },
        {
            "answer": "команда",
            "count": 1
        },
        {
            "answer": "интересные, амбициозные задачи",
            "count": 1
        },
        {
            "answer": "передовой опыт",
            "count": 1
        },
        {
            "answer": "много интересных задач",
            "count": 1
        },
        {
            "answer": "команда",
            "count": 1
        },
        {
            "answer": "развитие",
            "count": 1
        },
        {
            "answer": "руководство",
            "count": 1
        },
        {
            "answer": "люди",
            "count": 1
        },
        {
            "answer": "возможности",
            "count": 1
        },
        {
            "answer": "га-часть атомной отрасли",
            "count": 1
        },
        {
            "answer": "вечное движение",
            "count": 1
        },
        {
            "answer": "коллектив",
            "count": 1
        },
        {
            "answer": "удаленка",
            "count": 1
        },
        {
            "answer": "команда",
            "count": 1
        },
        {
            "answer": "важность функции,",
            "count": 1
        },
        {
            "answer": "уважение",
            "count": 1
        },
        {
            "answer": "люблю свою работу и коллег",
            "count": 1
        },
        {
            "answer": "разговаривать на эйчарном",
            "count": 1
        },
        {
            "answer": "начальник :)",
            "count": 1
        },
        {
            "answer": "возможность быть услышанным",
            "count": 1
        },
        {
            "answer": "масштаб задач",
            "count": 1
        },
        {
            "answer": "крутейшая команда",
            "count": 1
        },
        {
            "answer": "планы до 2025 года))",
            "count": 1
        },
        {
            "answer": "реализация страт.задач страны",
            "count": 1
        },
        {
            "answer": "руководитель",
            "count": 1
        },
        {
            "answer": "стабильность",
            "count": 1
        },
        {
            "answer": "коллеги",
            "count": 1
        },
        {
            "answer": "возможность работать удалённо",
            "count": 1
        },
        {
            "answer": "всегда интересно",
            "count": 1
        },
        {
            "answer": "общение с людьми",
            "count": 1
        },
        {
            "answer": "охват всей отрасли",
            "count": 1
        },
        {
            "answer": "стабильность",
            "count": 1
        },
        {
            "answer": "адекватный коллектив",
            "count": 1
        },
        {
            "answer": "опыт работы в госкорпорации",
            "count": 1
        },
        {
            "answer": "разнообразие возможностей",
            "count": 1
        },
        {
            "answer": "принадлежность к отрасли",
            "count": 1
        },
        {
            "answer": "отрасль - локомотив раз-тия рф",
            "count": 1
        },
        {
            "answer": "стабильность",
            "count": 1
        },
        {
            "answer": "развитие личности",
            "count": 1
        },
        {
            "answer": "развитие профессиональное",
            "count": 1
        },
        {
            "answer": "общение с хорошими людьми",
            "count": 1
        },
        {
            "answer": "интересная работа",
            "count": 1
        },
        {
            "answer": "развитие",
            "count": 1
        },
        {
            "answer": "масштабы , стратегия, отрасль",
            "count": 1
        },
        {
            "answer": "сложность. это вызов для меня",
            "count": 1
        },
        {
            "answer": "хаос. возможность навести поря",
            "count": 1
        },
        {
            "answer": "трамплин для развития карьеры",
            "count": 1
        },
        {
            "answer": "стабильность, динамика, задачи",
            "count": 1
        },
        {
            "answer": "движение",
            "count": 1
        },
        {
            "answer": "развитие",
            "count": 1
        },
        {
            "answer": "люди",
            "count": 1
        },
        {
            "answer": "стабильность",
            "count": 1
        },
        {
            "answer": "команда",
            "count": 1
        },
        {
            "answer": "удовлетворённость от задач",
            "count": 1
        },
        {
            "answer": "признание",
            "count": 1
        },
        {
            "answer": "амбициозные задачи",
            "count": 1
        },
        {
            "answer": "задачи",
            "count": 1
        },
        {
            "answer": "сложность",
            "count": 1
        },
        {
            "answer": "возможности",
            "count": 1
        },
        {
            "answer": "командообразование",
            "count": 1
        },
        {
            "answer": "интересные проекты, задачи",
            "count": 1
        },
        {
            "answer": "быть частью росатома",
            "count": 1
        },
        {
            "answer": "команда",
            "count": 1
        },
        {
            "answer": "задачи",
            "count": 1
        },
        {
            "answer": "руководитель",
            "count": 1
        },
        {
            "answer": "люди",
            "count": 1
        },
        {
            "answer": "участие в классных проектах",
            "count": 1
        },
        {
            "answer": "люди, возможность",
            "count": 1
        },
        {
            "answer": "результат сложной задачи",
            "count": 1
        },
        {
            "answer": "направление ит",
            "count": 1
        },
        {
            "answer": "многофункциональность",
            "count": 1
        },
        {
            "answer": "команда",
            "count": 1
        },
        {
            "answer": "новые технологии",
            "count": 1
        },
        {
            "answer": "защищенность",
            "count": 1
        },
        {
            "answer": "обратная связь коллег",
            "count": 1
        },
        {
            "answer": "положительные эмоции людей",
            "count": 1
        },
        {
            "answer": "вызовы и масштабы",
            "count": 1
        },
        {
            "answer": "стабильность",
            "count": 1
        },
        {
            "answer": "коллектив",
            "count": 1
        },
        {
            "answer": "работа с людьми",
            "count": 1
        },
        {
            "answer": "команда",
            "count": 1
        }
    ]
}