{
    "id": 14047,
    "question": "Что деактивирует вас в вашей работе?",
    "answers": [
        {
            "answer": "уровень зарплаты",
            "count": 1
        },
        {
            "answer": "бардак в системах",
            "count": 1
        },
        {
            "answer": "авторитарность руководства",
            "count": 1
        },
        {
            "answer": "напряжные сроки",
            "count": 1
        },
        {
            "answer": "авральный режим",
            "count": 1
        },
        {
            "answer": "сложность закупок",
            "count": 1
        },
        {
            "answer": "бюррократия",
            "count": 1
        },
        {
            "answer": "авторитарность рук-ва",
            "count": 1
        },
        {
            "answer": "некоторые люди",
            "count": 1
        },
        {
            "answer": "авральные задачи",
            "count": 1
        },
        {
            "answer": "планы до 2030",
            "count": 1
        },
        {
            "answer": "хождение по кругу",
            "count": 1
        },
        {
            "answer": "еосдо",
            "count": 1
        },
        {
            "answer": "бюрократия",
            "count": 1
        },
        {
            "answer": "бестолковые задачи",
            "count": 1
        },
        {
            "answer": "противоречивые задачи",
            "count": 1
        },
        {
            "answer": "изменение принятых решений",
            "count": 1
        },
        {
            "answer": "невыполнение договорённостей",
            "count": 1
        },
        {
            "answer": "перегуз",
            "count": 1
        },
        {
            "answer": "часто перестраиваются процессы",
            "count": 1
        },
        {
            "answer": "сложность реализации",
            "count": 1
        },
        {
            "answer": "разброд в новых процессах",
            "count": 1
        },
        {
            "answer": "равнодушные коллеги",
            "count": 1
        },
        {
            "answer": "отсутствие обратной связи",
            "count": 1
        },
        {
            "answer": "отсутствие поддержки",
            "count": 1
        },
        {
            "answer": "бюрократия",
            "count": 1
        },
        {
            "answer": "переработки",
            "count": 1
        },
        {
            "answer": "не клиентоориентированность",
            "count": 1
        },
        {
            "answer": "нет структуры",
            "count": 1
        },
        {
            "answer": "мало информирования",
            "count": 1
        },
        {
            "answer": "бюрократия",
            "count": 1
        },
        {
            "answer": "кривые бизнес процессы",
            "count": 1
        },
        {
            "answer": "неопределённость",
            "count": 1
        },
        {
            "answer": "неравное распределение задач",
            "count": 1
        },
        {
            "answer": "сложно делать простые вещи",
            "count": 1
        },
        {
            "answer": "ненужная суета",
            "count": 1
        },
        {
            "answer": "культ должности",
            "count": 1
        },
        {
            "answer": "недосып",
            "count": 1
        },
        {
            "answer": "хочу баланса р/л",
            "count": 1
        },
        {
            "answer": "бюрократия",
            "count": 1
        },
        {
            "answer": "все долго",
            "count": 1
        },
        {
            "answer": "мало командной работы",
            "count": 1
        },
        {
            "answer": "иерархия",
            "count": 1
        },
        {
            "answer": "накопленная усталось",
            "count": 1
        },
        {
            "answer": "бюрократия",
            "count": 1
        },
        {
            "answer": "горящие сроки",
            "count": 1
        },
        {
            "answer": "ограниченность возможностей",
            "count": 1
        },
        {
            "answer": "бюрократия",
            "count": 1
        },
        {
            "answer": "рутина",
            "count": 1
        },
        {
            "answer": "бюрократия",
            "count": 1
        },
        {
            "answer": "еосдо",
            "count": 1
        },
        {
            "answer": "бюрократия",
            "count": 1
        },
        {
            "answer": "хаос-а наведу ли я порядок?",
            "count": 1
        },
        {
            "answer": "плохая коммуникация между депа",
            "count": 1
        },
        {
            "answer": "рутина",
            "count": 1
        },
        {
            "answer": "неэффективные коммуникации",
            "count": 1
        },
        {
            "answer": "бюрократия",
            "count": 1
        },
        {
            "answer": "перегруз",
            "count": 1
        },
        {
            "answer": "долгое принятие решений",
            "count": 1
        },
        {
            "answer": "волокита",
            "count": 1
        },
        {
            "answer": "бюрократия",
            "count": 1
        },
        {
            "answer": "бюрократия",
            "count": 1
        },
        {
            "answer": "суета",
            "count": 1
        },
        {
            "answer": "много работы",
            "count": 1
        },
        {
            "answer": "переработки",
            "count": 1
        },
        {
            "answer": "затянутые процессы",
            "count": 1
        },
        {
            "answer": "скидывание ответственности",
            "count": 1
        },
        {
            "answer": "закупки",
            "count": 1
        },
        {
            "answer": "люди",
            "count": 1
        },
        {
            "answer": "бюрократия",
            "count": 1
        },
        {
            "answer": "перегрузка в задачах",
            "count": 1
        },
        {
            "answer": "согласование в еосдо",
            "count": 1
        },
        {
            "answer": "лень",
            "count": 1
        },
        {
            "answer": "незавершённые задачи",
            "count": 1
        },
        {
            "answer": "бюрократия",
            "count": 1
        },
        {
            "answer": "загрузка",
            "count": 1
        },
        {
            "answer": "политика",
            "count": 1
        },
        {
            "answer": "бюрократия",
            "count": 1
        },
        {
            "answer": "тяжелые процессы",
            "count": 1
        },
        {
            "answer": "отстранённость коллег",
            "count": 1
        },
        {
            "answer": "бюрократизм",
            "count": 1
        },
        {
            "answer": "люди",
            "count": 1
        }
    ]
}