{
    "id": 14748,
    "question": "Что планируете применять из пройденного обучения в ближайшее время?",
    "answers": [
        {
            "answer": "типы лидерства, навыки лидера",
            "count": 1
        },
        {
            "answer": "методы влияния",
            "count": 1
        },
        {
            "answer": "предприниматель как стиль",
            "count": 1
        },
        {
            "answer": "предложенные шаблоны поведения",
            "count": 1
        },
        {
            "answer": "развивать коммуникации",
            "count": 1
        },
        {
            "answer": "навыки лидерства в работе",
            "count": 1
        },
        {
            "answer": "изучение сотрудников по типам",
            "count": 1
        },
        {
            "answer": "типы лидеров по адизесу",
            "count": 1
        },
        {
            "answer": "модель бартрама",
            "count": 1
        },
        {
            "answer": "определение типажей коллег",
            "count": 1
        },
        {
            "answer": "литература",
            "count": 1
        },
        {
            "answer": "трененги",
            "count": 1
        },
        {
            "answer": "основные стратегии влияния",
            "count": 1
        },
        {
            "answer": "все",
            "count": 1
        },
        {
            "answer": "адизес, принятие изменений",
            "count": 1
        },
        {
            "answer": "по обстоятельствам",
            "count": 1
        },
        {
            "answer": "методики классификации типов л",
            "count": 1
        },
        {
            "answer": "техника внедрения изменений",
            "count": 1
        },
        {
            "answer": "по возможности",
            "count": 1
        },
        {
            "answer": "все)",
            "count": 1
        },
        {
            "answer": "методику",
            "count": 1
        },
        {
            "answer": "типы лидерства",
            "count": 1
        },
        {
            "answer": "типы лидерства",
            "count": 1
        }
    ]
}