{
    "id": 14749,
    "question": "Ваши открытия за время обучения на модуле",
    "answers": [
        {
            "answer": "презентация изменений",
            "count": 1
        },
        {
            "answer": "выявление слабых сторон",
            "count": 1
        },
        {
            "answer": "пища для ума",
            "count": 1
        },
        {
            "answer": "2 подхода к стилям лидерства",
            "count": 1
        },
        {
            "answer": "советы по руководству",
            "count": 1
        },
        {
            "answer": "новые методики",
            "count": 1
        },
        {
            "answer": "нестандартные решения",
            "count": 1
        },
        {
            "answer": "метод азизеса",
            "count": 1
        },
        {
            "answer": "много",
            "count": 1
        },
        {
            "answer": "переосмысление",
            "count": 1
        },
        {
            "answer": ".",
            "count": 1
        },
        {
            "answer": "типы лидерства по адизесу",
            "count": 1
        },
        {
            "answer": "модель бартрама",
            "count": 1
        },
        {
            "answer": "модели лидеров",
            "count": 1
        },
        {
            "answer": "лидерство не врожденное",
            "count": 1
        },
        {
            "answer": "его можно развить",
            "count": 1
        },
        {
            "answer": "подход к вопросам",
            "count": 1
        },
        {
            "answer": "да, открытия были)",
            "count": 1
        },
        {
            "answer": "что всё возможно!",
            "count": 1
        },
        {
            "answer": "механизмы",
            "count": 1
        },
        {
            "answer": "возможность роста",
            "count": 1
        }
    ]
}