{
    "id": 14991,
    "question": "Что планируете применять из пройденного обучения в ближайшее время?",
    "answers": [
        {
            "answer": "в пср донести акционерам мысль",
            "count": 1
        },
        {
            "answer": "о том, что изменение нужно име",
            "count": 1
        },
        {
            "answer": "именно сейчвс",
            "count": 1
        },
        {
            "answer": "неизбежность изменений",
            "count": 1
        },
        {
            "answer": "вовлечение масс",
            "count": 1
        },
        {
            "answer": "спонсор проекта",
            "count": 1
        },
        {
            "answer": "управление слухами",
            "count": 1
        },
        {
            "answer": "разносторонняя команда",
            "count": 1
        },
        {
            "answer": "необходимость изменений",
            "count": 1
        },
        {
            "answer": "найти кто продвинет идею",
            "count": 1
        },
        {
            "answer": "доступно показать проблему",
            "count": 1
        },
        {
            "answer": "применять",
            "count": 1
        },
        {
            "answer": "управление слухами",
            "count": 1
        },
        {
            "answer": "этапы изменений",
            "count": 1
        },
        {
            "answer": "вовлечение",
            "count": 1
        },
        {
            "answer": "adkar",
            "count": 1
        },
        {
            "answer": "принятие необходимости изменен",
            "count": 1
        },
        {
            "answer": "необходимость изменений",
            "count": 1
        },
        {
            "answer": "этапы изменений",
            "count": 1
        },
        {
            "answer": "утоплю пингвина",
            "count": 1
        }
    ]
}