{
    "id": 15030,
    "question": "Откуда вы?",
    "answers": [
        {
            "answer": "россия",
            "count": 1
        },
        {
            "answer": "балаковская аэс",
            "count": 1
        },
        {
            "answer": "усолье-сибирское",
            "count": 1
        },
        {
            "answer": "усолье сибирское",
            "count": 1
        },
        {
            "answer": "усолье-сибирское",
            "count": 1
        },
        {
            "answer": "сосновый бор",
            "count": 1
        },
        {
            "answer": "зеленогорск красноярского",
            "count": 1
        },
        {
            "answer": "москва",
            "count": 1
        },
        {
            "answer": "трехгорный",
            "count": 1
        },
        {
            "answer": "балаковская аэс",
            "count": 1
        },
        {
            "answer": "удомля",
            "count": 1
        },
        {
            "answer": "усолье-сибирское",
            "count": 1
        },
        {
            "answer": "москва",
            "count": 1
        },
        {
            "answer": "калининская аэс",
            "count": 1
        },
        {
            "answer": "нижегородская область, саров",
            "count": 1
        },
        {
            "answer": "трехгорный",
            "count": 1
        },
        {
            "answer": "трехгорный",
            "count": 1
        },
        {
            "answer": "москва",
            "count": 1
        },
        {
            "answer": "сосновый бор",
            "count": 1
        },
        {
            "answer": "саров",
            "count": 1
        },
        {
            "answer": "москва",
            "count": 1
        },
        {
            "answer": "г. саров",
            "count": 1
        },
        {
            "answer": "зеленогорск",
            "count": 1
        },
        {
            "answer": "зеленогорск",
            "count": 1
        },
        {
            "answer": "москва",
            "count": 1
        },
        {
            "answer": "новосибирск",
            "count": 1
        },
        {
            "answer": "из лесного",
            "count": 1
        },
        {
            "answer": "город лесной",
            "count": 1
        },
        {
            "answer": "трехгорный",
            "count": 1
        },
        {
            "answer": "москва, гринатом",
            "count": 1
        },
        {
            "answer": "москва атомэнергосбыт💪",
            "count": 1
        },
        {
            "answer": "санкт-петербург",
            "count": 1
        },
        {
            "answer": "новосибирск",
            "count": 1
        },
        {
            "answer": "гринатом, москва",
            "count": 1
        },
        {
            "answer": "москва",
            "count": 1
        },
        {
            "answer": "росатом",
            "count": 1
        },
        {
            "answer": "глазов удмуртия россия!!!!",
            "count": 1
        },
        {
            "answer": "москва. гринатом",
            "count": 1
        },
        {
            "answer": "ао \"аэхк\"",
            "count": 1
        },
        {
            "answer": "глазов",
            "count": 1
        },
        {
            "answer": "электросталь",
            "count": 1
        },
        {
            "answer": "мсз, электросталь",
            "count": 1
        },
        {
            "answer": "оттуда",
            "count": 1
        },
        {
            "answer": "снежинск",
            "count": 1
        },
        {
            "answer": "москва",
            "count": 1
        },
        {
            "answer": "точмаш",
            "count": 1
        },
        {
            "answer": "ковров",
            "count": 1
        },
        {
            "answer": "москва",
            "count": 1
        }
    ]
}