{
    "id": 15032,
    "question": "Чего ждёте от Баркемпа (ожидание 1 словом)",
    "answers": [
        {
            "answer": "нового",
            "count": 1
        },
        {
            "answer": "идей",
            "count": 1
        },
        {
            "answer": "чего-то нового",
            "count": 1
        },
        {
            "answer": "опыт",
            "count": 1
        },
        {
            "answer": "нового",
            "count": 1
        },
        {
            "answer": "новых знакомств",
            "count": 1
        },
        {
            "answer": "положительных эмоций",
            "count": 1
        },
        {
            "answer": "новых эмоций",
            "count": 1
        },
        {
            "answer": "изменений",
            "count": 1
        },
        {
            "answer": "эффективность",
            "count": 1
        },
        {
            "answer": "участие",
            "count": 1
        },
        {
            "answer": "развития",
            "count": 1
        },
        {
            "answer": "нового",
            "count": 1
        },
        {
            "answer": "продуктивности и разульт-ти",
            "count": 1
        },
        {
            "answer": "неожиданного",
            "count": 1
        },
        {
            "answer": "позитива",
            "count": 1
        },
        {
            "answer": "новой информации",
            "count": 1
        },
        {
            "answer": "новые идеи",
            "count": 1
        },
        {
            "answer": "интересной программы",
            "count": 1
        },
        {
            "answer": "развития",
            "count": 1
        },
        {
            "answer": "поддержка идей",
            "count": 1
        },
        {
            "answer": "новые идеи",
            "count": 1
        },
        {
            "answer": "disrapt",
            "count": 1
        },
        {
            "answer": "связь тем с прошлым годом",
            "count": 1
        },
        {
            "answer": "максимальной отдачи",
            "count": 1
        },
        {
            "answer": "обмен опытом, новый взгляд!",
            "count": 1
        },
        {
            "answer": "продуктивности и результат-ти",
            "count": 1
        },
        {
            "answer": "понимания правильно ли мы идём",
            "count": 1
        },
        {
            "answer": "контакты",
            "count": 1
        },
        {
            "answer": "продуктивности",
            "count": 1
        },
        {
            "answer": "пользы",
            "count": 1
        },
        {
            "answer": "заряда",
            "count": 1
        },
        {
            "answer": "вдохновения",
            "count": 1
        },
        {
            "answer": "новых идей",
            "count": 1
        },
        {
            "answer": "новый опыт",
            "count": 1
        },
        {
            "answer": "ясности по дальнейшим шагам",
            "count": 1
        },
        {
            "answer": "результата",
            "count": 1
        },
        {
            "answer": "знания",
            "count": 1
        },
        {
            "answer": "понимания",
            "count": 1
        },
        {
            "answer": "продуктивности",
            "count": 1
        },
        {
            "answer": "нового",
            "count": 1
        },
        {
            "answer": "ох и ах",
            "count": 1
        },
        {
            "answer": "новых идей для своего предприя",
            "count": 1
        },
        {
            "answer": "нового вектора",
            "count": 1
        },
        {
            "answer": "новых вводных",
            "count": 1
        }
    ]
}