{
    "id": 15031,
    "question": "Что хорошего с Вами произошло на этой неделе? Поделитесь радостью",
    "answers": [
        {
            "answer": "поездка в екатеринбург",
            "count": 1
        },
        {
            "answer": "приезд в екатеринбург",
            "count": 1
        },
        {
            "answer": "прогулка по екатеринбургу",
            "count": 1
        },
        {
            "answer": "командировка",
            "count": 1
        },
        {
            "answer": "хорошо, что не случилось плохо",
            "count": 1
        },
        {
            "answer": "приехала в екатеринбург",
            "count": 1
        },
        {
            "answer": "перелет",
            "count": 1
        },
        {
            "answer": "почти ничего ((",
            "count": 1
        },
        {
            "answer": "командировка в екатеринбург)",
            "count": 1
        },
        {
            "answer": "ничего плохого",
            "count": 1
        },
        {
            "answer": "приезд на баркэмп",
            "count": 1
        },
        {
            "answer": "приехала впервые в екатеринбур",
            "count": 1
        },
        {
            "answer": "участвую в баркемпе",
            "count": 1
        },
        {
            "answer": "день рожденье у яны ивановны.",
            "count": 1
        },
        {
            "answer": "фгдс😄",
            "count": 1
        },
        {
            "answer": "день рождения",
            "count": 1
        },
        {
            "answer": "ухожу в отпуск",
            "count": 1
        },
        {
            "answer": "поездка в командировку",
            "count": 1
        },
        {
            "answer": "купили кролика",
            "count": 1
        },
        {
            "answer": "приехали в екатеринбург",
            "count": 1
        },
        {
            "answer": "день рождения",
            "count": 1
        },
        {
            "answer": "иду в отпуск",
            "count": 1
        },
        {
            "answer": "ел, пил, любил",
            "count": 1
        },
        {
            "answer": "приехала на баркемп",
            "count": 1
        },
        {
            "answer": "я все ещё в отпуске",
            "count": 1
        },
        {
            "answer": "фгдс😄",
            "count": 1
        },
        {
            "answer": "встреча! общение! новый вектор",
            "count": 1
        },
        {
            "answer": "мы снова собрались  вместе❤",
            "count": 1
        },
        {
            "answer": "все хорошо",
            "count": 1
        },
        {
            "answer": "отрицательный пцр",
            "count": 1
        },
        {
            "answer": "юбилей предприятия и города",
            "count": 1
        },
        {
            "answer": "росатом согласовал ходатайство",
            "count": 1
        },
        {
            "answer": "классная прогулка с друзьями",
            "count": 1
        },
        {
            "answer": "командировка :)",
            "count": 1
        },
        {
            "answer": "прилетела в екатеринбург",
            "count": 1
        },
        {
            "answer": "получила повышение",
            "count": 1
        },
        {
            "answer": "отметила повышение",
            "count": 1
        },
        {
            "answer": "влюбилась в себя",
            "count": 1
        },
        {
            "answer": "путешествия",
            "count": 1
        },
        {
            "answer": "посмотрел телевизор",
            "count": 1
        },
        {
            "answer": "прибыли в екатеринбург",
            "count": 1
        },
        {
            "answer": "выспался",
            "count": 1
        },
        {
            "answer": "открытие as-2022",
            "count": 1
        },
        {
            "answer": "я жиff",
            "count": 1
        },
        {
            "answer": "полет на самолете",
            "count": 1
        },
        {
            "answer": "вышел из отпуска",
            "count": 1
        },
        {
            "answer": "работаю в выходные",
            "count": 1
        },
        {
            "answer": "проснулся :)",
            "count": 1
        }
    ]
}