{
    "id": 15079,
    "question": "Слово дня",
    "answers": [
        {
            "answer": "победа",
            "count": 1
        },
        {
            "answer": "неожиданный поворот",
            "count": 1
        },
        {
            "answer": "разобраться",
            "count": 1
        },
        {
            "answer": "обратной дороги нет",
            "count": 1
        },
        {
            "answer": "заслуженный человек",
            "count": 1
        },
        {
            "answer": "вдохновение работать",
            "count": 1
        },
        {
            "answer": "таланты",
            "count": 1
        },
        {
            "answer": "мы все крутые",
            "count": 1
        },
        {
            "answer": "класс",
            "count": 1
        },
        {
            "answer": "идея",
            "count": 1
        },
        {
            "answer": "кайфуйте",
            "count": 1
        },
        {
            "answer": "работа",
            "count": 1
        },
        {
            "answer": "треш",
            "count": 1
        },
        {
            "answer": "коммуникация",
            "count": 1
        },
        {
            "answer": "много слов, мало дел",
            "count": 1
        },
        {
            "answer": "балиииин эх ну хорошо же))",
            "count": 1
        },
        {
            "answer": "о-го-го",
            "count": 1
        },
        {
            "answer": "штурм",
            "count": 1
        },
        {
            "answer": "развитие",
            "count": 1
        },
        {
            "answer": "штурм",
            "count": 1
        },
        {
            "answer": "железный занавес",
            "count": 1
        },
        {
            "answer": "взрыв мозга",
            "count": 1
        },
        {
            "answer": "класс",
            "count": 1
        },
        {
            "answer": "пипец",
            "count": 1
        },
        {
            "answer": "фантастика",
            "count": 1
        },
        {
            "answer": "открытие",
            "count": 1
        },
        {
            "answer": "разногласия",
            "count": 1
        },
        {
            "answer": "брокколи",
            "count": 1
        },
        {
            "answer": "загрузка",
            "count": 1
        },
        {
            "answer": "народ",
            "count": 1
        },
        {
            "answer": "устала",
            "count": 1
        },
        {
            "answer": "напрасно",
            "count": 1
        },
        {
            "answer": "доплыли...",
            "count": 1
        },
        {
            "answer": "загруженность",
            "count": 1
        },
        {
            "answer": "роботизация",
            "count": 1
        },
        {
            "answer": "бомба!",
            "count": 1
        },
        {
            "answer": "прорыв",
            "count": 1
        },
        {
            "answer": "skynet",
            "count": 1
        },
        {
            "answer": "скайнет",
            "count": 1
        },
        {
            "answer": "необычно",
            "count": 1
        },
        {
            "answer": "продуктивность",
            "count": 1
        },
        {
            "answer": "потенциал",
            "count": 1
        },
        {
            "answer": "сценирование",
            "count": 1
        },
        {
            "answer": "было весело и интересно 🤗",
            "count": 1
        },
        {
            "answer": "феникс",
            "count": 1
        },
        {
            "answer": "штурм",
            "count": 1
        },
        {
            "answer": "мерча не дали",
            "count": 1
        },
        {
            "answer": "тормоз",
            "count": 1
        },
        {
            "answer": "сценарий",
            "count": 1
        },
        {
            "answer": "взрыв мозга",
            "count": 1
        },
        {
            "answer": "апокалипсис",
            "count": 1
        },
        {
            "answer": "раскрытие",
            "count": 1
        }
    ]
}