{
    "id": 15085,
    "question": "Чего ждёте от сегодняшнего дня?",
    "answers": [
        {
            "answer": "офигеть хорошо",
            "count": 1
        },
        {
            "answer": "хочу узнать лучшие практики",
            "count": 1
        },
        {
            "answer": "пользы",
            "count": 1
        },
        {
            "answer": "переворота мышления",
            "count": 1
        },
        {
            "answer": "кофе-брейк",
            "count": 1
        },
        {
            "answer": "продуктивности",
            "count": 1
        },
        {
            "answer": "выстоять",
            "count": 1
        },
        {
            "answer": "кофе-брейк",
            "count": 1
        },
        {
            "answer": "продуктивности",
            "count": 1
        },
        {
            "answer": "обед",
            "count": 1
        },
        {
            "answer": "новинок",
            "count": 1
        },
        {
            "answer": "поворота",
            "count": 1
        },
        {
            "answer": "обед",
            "count": 1
        },
        {
            "answer": "финального марш-броска",
            "count": 1
        },
        {
            "answer": "прояснения в голове",
            "count": 1
        },
        {
            "answer": "продуктивной работы",
            "count": 1
        },
        {
            "answer": "уверенности",
            "count": 1
        },
        {
            "answer": "результата",
            "count": 1
        },
        {
            "answer": "результат",
            "count": 1
        },
        {
            "answer": "закончить бы вовремя",
            "count": 1
        },
        {
            "answer": "закончить вовремя",
            "count": 1
        },
        {
            "answer": "движ надо",
            "count": 1
        },
        {
            "answer": "раблты",
            "count": 1
        },
        {
            "answer": "результата",
            "count": 1
        },
        {
            "answer": "продуктивности",
            "count": 1
        },
        {
            "answer": "ни чего хорошего",
            "count": 1
        },
        {
            "answer": "интенсивного погружения в буду",
            "count": 1
        },
        {
            "answer": "выжить",
            "count": 1
        },
        {
            "answer": "самолета до москвы",
            "count": 1
        },
        {
            "answer": "выжить",
            "count": 1
        },
        {
            "answer": "вчерашнего",
            "count": 1
        },
        {
            "answer": "работы",
            "count": 1
        },
        {
            "answer": "снова эмоций",
            "count": 1
        },
        {
            "answer": "наполненности",
            "count": 1
        },
        {
            "answer": "смысла",
            "count": 1
        },
        {
            "answer": "продуктивности",
            "count": 1
        },
        {
            "answer": "обмен опытом, погружение",
            "count": 1
        },
        {
            "answer": "пользы",
            "count": 1
        },
        {
            "answer": "сценарий",
            "count": 1
        },
        {
            "answer": "драйва",
            "count": 1
        },
        {
            "answer": "знаний",
            "count": 1
        },
        {
            "answer": "результат",
            "count": 1
        },
        {
            "answer": "трэша",
            "count": 1
        },
        {
            "answer": "интересного",
            "count": 1
        }
    ]
}