{
    "id": 15080,
    "question": "Что было полезного?",
    "answers": [
        {
            "answer": "все",
            "count": 1
        },
        {
            "answer": "сценарии",
            "count": 1
        },
        {
            "answer": "юниоры росатома",
            "count": 1
        },
        {
            "answer": "продолжение",
            "count": 1
        },
        {
            "answer": "всё",
            "count": 1
        },
        {
            "answer": "результаты опроса",
            "count": 1
        },
        {
            "answer": "живое общение",
            "count": 1
        },
        {
            "answer": "коммуникации",
            "count": 1
        },
        {
            "answer": "все",
            "count": 1
        },
        {
            "answer": "коммуникация",
            "count": 1
        },
        {
            "answer": "общение с коллегами",
            "count": 1
        },
        {
            "answer": "узнать проблемы других городов",
            "count": 1
        },
        {
            "answer": "коммуникации,гибкость мышления",
            "count": 1
        },
        {
            "answer": "сценарии",
            "count": 1
        },
        {
            "answer": "все",
            "count": 1
        },
        {
            "answer": "перекур на кофе брейке",
            "count": 1
        },
        {
            "answer": "5",
            "count": 1
        },
        {
            "answer": "знакомство с дивизионами",
            "count": 1
        },
        {
            "answer": "каждый шаг",
            "count": 1
        },
        {
            "answer": "фантастика",
            "count": 1
        },
        {
            "answer": "общение со студентами",
            "count": 1
        },
        {
            "answer": "навык создания стратегии",
            "count": 1
        },
        {
            "answer": "коллективный разум",
            "count": 1
        },
        {
            "answer": "взгляд в будущее",
            "count": 1
        },
        {
            "answer": "построение конкурса",
            "count": 1
        },
        {
            "answer": "работа в группе",
            "count": 1
        },
        {
            "answer": "знакомство с умными людьми",
            "count": 1
        },
        {
            "answer": "бомбически",
            "count": 1
        },
        {
            "answer": "общение",
            "count": 1
        },
        {
            "answer": "осмысливаю",
            "count": 1
        },
        {
            "answer": "много, но надо подумать",
            "count": 1
        },
        {
            "answer": "честность",
            "count": 1
        },
        {
            "answer": "общение с людьми",
            "count": 1
        },
        {
            "answer": "знакомство",
            "count": 1
        },
        {
            "answer": "общение",
            "count": 1
        },
        {
            "answer": "обед",
            "count": 1
        },
        {
            "answer": "связь поколений",
            "count": 1
        },
        {
            "answer": "мозговой штурм",
            "count": 1
        },
        {
            "answer": "все! особенно мониторинг",
            "count": 1
        },
        {
            "answer": "юмор",
            "count": 1
        },
        {
            "answer": "переместиться в 2032",
            "count": 1
        },
        {
            "answer": "студенты и сотрудники вместе",
            "count": 1
        },
        {
            "answer": "кофе брейк",
            "count": 1
        },
        {
            "answer": "многое",
            "count": 1
        },
        {
            "answer": "знакомство и общение",
            "count": 1
        },
        {
            "answer": "технология сценар.планирования",
            "count": 1
        },
        {
            "answer": "сценарное планирование",
            "count": 1
        }
    ]
}