{
    "id": 15083,
    "question": "Ваше утро одним словом",
    "answers": [
        {
            "answer": "хорошо",
            "count": 1
        },
        {
            "answer": "ух",
            "count": 1
        },
        {
            "answer": "кофейно-огненное☕️💥",
            "count": 1
        },
        {
            "answer": "ошеломление",
            "count": 1
        },
        {
            "answer": "неутро",
            "count": 1
        },
        {
            "answer": "норм",
            "count": 1
        },
        {
            "answer": "хочу кофе",
            "count": 1
        },
        {
            "answer": "голова",
            "count": 1
        },
        {
            "answer": "точно доброе?",
            "count": 1
        },
        {
            "answer": "жив",
            "count": 1
        },
        {
            "answer": "спать",
            "count": 1
        },
        {
            "answer": "в ожидании...",
            "count": 1
        },
        {
            "answer": "кофе?",
            "count": 1
        },
        {
            "answer": "бодрое",
            "count": 1
        },
        {
            "answer": "приятное",
            "count": 1
        },
        {
            "answer": "спать",
            "count": 1
        },
        {
            "answer": "сонно",
            "count": 1
        },
        {
            "answer": "воскрешение",
            "count": 1
        },
        {
            "answer": "что будет?",
            "count": 1
        },
        {
            "answer": "жесть",
            "count": 1
        },
        {
            "answer": "спааааааать",
            "count": 1
        },
        {
            "answer": "бодр",
            "count": 1
        },
        {
            "answer": "супер",
            "count": 1
        },
        {
            "answer": "светлое",
            "count": 1
        },
        {
            "answer": "доброе",
            "count": 1
        },
        {
            "answer": "заряд энергии",
            "count": 1
        },
        {
            "answer": "меняли колесо",
            "count": 1
        },
        {
            "answer": "отлично",
            "count": 1
        },
        {
            "answer": "бодрость",
            "count": 1
        },
        {
            "answer": "утро?!",
            "count": 1
        },
        {
            "answer": "бодрое",
            "count": 1
        },
        {
            "answer": "тоскливо",
            "count": 1
        },
        {
            "answer": "сонное",
            "count": 1
        },
        {
            "answer": "понедельник одним словом",
            "count": 1
        },
        {
            "answer": "утро?",
            "count": 1
        },
        {
            "answer": "опять?",
            "count": 1
        },
        {
            "answer": "хорошо",
            "count": 1
        },
        {
            "answer": "спать",
            "count": 1
        },
        {
            "answer": "завтрак",
            "count": 1
        },
        {
            "answer": "сложно",
            "count": 1
        },
        {
            "answer": "бодрое",
            "count": 1
        },
        {
            "answer": "доброе",
            "count": 1
        },
        {
            "answer": "тяжковато",
            "count": 1
        },
        {
            "answer": "понедельник",
            "count": 1
        },
        {
            "answer": "вечер",
            "count": 1
        },
        {
            "answer": "спортивное",
            "count": 1
        },
        {
            "answer": "гиль",
            "count": 1
        },
        {
            "answer": "спать",
            "count": 1
        }
    ]
}