{
    "id": 15084,
    "question": "Ваша главная эмоция сейчас",
    "answers": [
        {
            "answer": "офигеть",
            "count": 1
        },
        {
            "answer": "только вперёд!",
            "count": 1
        },
        {
            "answer": "интерес",
            "count": 1
        },
        {
            "answer": "сосредоточенность",
            "count": 1
        },
        {
            "answer": "настрой на работу",
            "count": 1
        },
        {
            "answer": "интерес",
            "count": 1
        },
        {
            "answer": "радоваться",
            "count": 1
        },
        {
            "answer": "поесть",
            "count": 1
        },
        {
            "answer": "👍",
            "count": 1
        },
        {
            "answer": "поспать бы",
            "count": 1
        },
        {
            "answer": "предвкушение",
            "count": 1
        },
        {
            "answer": "?",
            "count": 1
        },
        {
            "answer": "))",
            "count": 1
        },
        {
            "answer": "заинтересованность",
            "count": 1
        },
        {
            "answer": "воодушевление",
            "count": 1
        },
        {
            "answer": "кофе",
            "count": 1
        },
        {
            "answer": "радость",
            "count": 1
        },
        {
            "answer": "как бы взбодриться",
            "count": 1
        },
        {
            "answer": "кофе",
            "count": 1
        },
        {
            "answer": "делать",
            "count": 1
        },
        {
            "answer": "спокойствие",
            "count": 1
        },
        {
            "answer": "без эмоций, только дело",
            "count": 1
        },
        {
            "answer": "неизвестность",
            "count": 1
        },
        {
            "answer": "нехватка кофе",
            "count": 1
        },
        {
            "answer": "где кофе-брейк?",
            "count": 1
        },
        {
            "answer": "где кофе-брейк?",
            "count": 1
        },
        {
            "answer": "позитив",
            "count": 1
        },
        {
            "answer": "живой",
            "count": 1
        },
        {
            "answer": "спаааааать",
            "count": 1
        },
        {
            "answer": "доехали и хорошо",
            "count": 1
        },
        {
            "answer": "релакс",
            "count": 1
        },
        {
            "answer": "депрессия",
            "count": 1
        },
        {
            "answer": "ожидание вау эффекта",
            "count": 1
        },
        {
            "answer": "выдержать",
            "count": 1
        },
        {
            "answer": "расслабление",
            "count": 1
        },
        {
            "answer": "пытаюсь настроиться",
            "count": 1
        },
        {
            "answer": "ожидание работы мозга",
            "count": 1
        },
        {
            "answer": "ожидание",
            "count": 1
        },
        {
            "answer": "началось",
            "count": 1
        },
        {
            "answer": "умиротворение",
            "count": 1
        },
        {
            "answer": "где все?",
            "count": 1
        },
        {
            "answer": "опять",
            "count": 1
        },
        {
            "answer": "счастье",
            "count": 1
        },
        {
            "answer": "сон",
            "count": 1
        },
        {
            "answer": "работаем",
            "count": 1
        },
        {
            "answer": "улыбашки",
            "count": 1
        }
    ]
}