{
    "id": 15307,
    "question": "Главная польза от Баркемпа",
    "answers": [
        {
            "answer": "прорыв",
            "count": 1
        },
        {
            "answer": "сотрудничество",
            "count": 1
        },
        {
            "answer": "отличные идеи и новые проекты",
            "count": 1
        },
        {
            "answer": "спикеры огонь!",
            "count": 1
        },
        {
            "answer": "коммуникация с коллегами",
            "count": 1
        },
        {
            "answer": "нужные визитки и знакомства",
            "count": 1
        },
        {
            "answer": "печенки",
            "count": 1
        },
        {
            "answer": "есть над чем подумать",
            "count": 1
        },
        {
            "answer": "будем работать",
            "count": 1
        },
        {
            "answer": "бенчмарк",
            "count": 1
        },
        {
            "answer": "контакты",
            "count": 1
        },
        {
            "answer": "обогащение",
            "count": 1
        },
        {
            "answer": "опыт",
            "count": 1
        },
        {
            "answer": "обмен",
            "count": 1
        },
        {
            "answer": "появились новые идеи",
            "count": 1
        },
        {
            "answer": "получение поддержки проекта",
            "count": 1
        },
        {
            "answer": "новые идеи для своей работы",
            "count": 1
        },
        {
            "answer": "знакомства",
            "count": 1
        },
        {
            "answer": "сценарное проектирование",
            "count": 1
        },
        {
            "answer": "партнёрство",
            "count": 1
        },
        {
            "answer": "контакты",
            "count": 1
        },
        {
            "answer": "новая стратегия",
            "count": 1
        },
        {
            "answer": "контакты! новые идеи",
            "count": 1
        },
        {
            "answer": "знакомства",
            "count": 1
        },
        {
            "answer": "идеи",
            "count": 1
        }
    ]
}