{
    "id": 1534,
    "question": "Какие инструменты мотивации вы используете в работе?",
    "answers": [
        {
            "answer": "поощрения, премии, немат.",
            "count": 1
        },
        {
            "answer": "поддержка идей, профразвитие",
            "count": 1
        },
        {
            "answer": "выездные встречи",
            "count": 1
        },
        {
            "answer": "дополнительное обучение",
            "count": 1
        },
        {
            "answer": "поощрения",
            "count": 1
        },
        {
            "answer": "повышение в должности",
            "count": 1
        },
        {
            "answer": "грамота, благодарность",
            "count": 1
        },
        {
            "answer": "повышение в должности",
            "count": 1
        },
        {
            "answer": "благодарность и отгулы",
            "count": 1
        },
        {
            "answer": "признание,благодарность,делеги",
            "count": 1
        },
        {
            "answer": "наказания",
            "count": 1
        },
        {
            "answer": "оперативная премия",
            "count": 1
        },
        {
            "answer": "премирование",
            "count": 1
        },
        {
            "answer": "участие в конкурсе профмастер",
            "count": 1
        },
        {
            "answer": "доп.обучение",
            "count": 1
        },
        {
            "answer": "благодарность",
            "count": 1
        },
        {
            "answer": "хорошая команда",
            "count": 1
        },
        {
            "answer": "повышение",
            "count": 1
        },
        {
            "answer": "премия",
            "count": 1
        },
        {
            "answer": "премии",
            "count": 1
        },
        {
            "answer": "повышение заработной платы",
            "count": 1
        },
        {
            "answer": "похвала",
            "count": 1
        },
        {
            "answer": "бонусы",
            "count": 1
        },
        {
            "answer": "личный пример",
            "count": 1
        },
        {
            "answer": "повышение зп",
            "count": 1
        },
        {
            "answer": "едина команда, достойная зп",
            "count": 1
        },
        {
            "answer": "повышение заработной платы",
            "count": 1
        },
        {
            "answer": "карьерный рось",
            "count": 1
        },
        {
            "answer": "материальное вознаграждение",
            "count": 1
        },
        {
            "answer": "премия",
            "count": 1
        },
        {
            "answer": "премия за выполнение овз",
            "count": 1
        },
        {
            "answer": "опер премия",
            "count": 1
        },
        {
            "answer": "зарплата, грамоты, позвала",
            "count": 1
        },
        {
            "answer": "з/п, премии",
            "count": 1
        },
        {
            "answer": "премирование",
            "count": 1
        },
        {
            "answer": "критика",
            "count": 1
        },
        {
            "answer": "премия",
            "count": 1
        },
        {
            "answer": "депремирование",
            "count": 1
        },
        {
            "answer": "повышение зарплаты",
            "count": 1
        },
        {
            "answer": "премии, похвала",
            "count": 1
        },
        {
            "answer": "опд, соцпакет, атмосфера взаим",
            "count": 1
        },
        {
            "answer": "премирование",
            "count": 1
        },
        {
            "answer": "только премирование.",
            "count": 1
        },
        {
            "answer": "опд",
            "count": 1
        },
        {
            "answer": "премирование и награждение",
            "count": 1
        },
        {
            "answer": "награды",
            "count": 1
        },
        {
            "answer": "разъяснение целей",
            "count": 1
        },
        {
            "answer": "социальные гарантии",
            "count": 1
        },
        {
            "answer": "наказание",
            "count": 1
        },
        {
            "answer": "поощрение в виде похвалы",
            "count": 1
        },
        {
            "answer": "похвала",
            "count": 1
        },
        {
            "answer": "премирование",
            "count": 1
        },
        {
            "answer": "похвала",
            "count": 1
        },
        {
            "answer": "уважение к подчиненным",
            "count": 1
        },
        {
            "answer": "повышение коэффициента руковод",
            "count": 1
        },
        {
            "answer": "положительная обратная связь",
            "count": 1
        },
        {
            "answer": "премии, повышения,команда",
            "count": 1
        },
        {
            "answer": "соц пакет",
            "count": 1
        },
        {
            "answer": "устную похвалу",
            "count": 1
        },
        {
            "answer": "премирование, гибкий график",
            "count": 1
        },
        {
            "answer": "нормированный рабочий день",
            "count": 1
        },
        {
            "answer": "личный пример, деньги, похвалы",
            "count": 1
        },
        {
            "answer": "оперативная премия",
            "count": 1
        },
        {
            "answer": "повышение в должности",
            "count": 1
        },
        {
            "answer": "премия, повышение, соц гаранти",
            "count": 1
        },
        {
            "answer": "премия",
            "count": 1
        },
        {
            "answer": "премия",
            "count": 1
        },
        {
            "answer": "де премирование",
            "count": 1
        }
    ]
}