{
    "id": 1582,
    "question": "Что ты пожелаешь нашим новым сотрудникам?",
    "answers": [
        {
            "answer": "любвовь",
            "count": 1
        },
        {
            "answer": "любви",
            "count": 1
        },
        {
            "answer": "успехов",
            "count": 1
        },
        {
            "answer": "развития",
            "count": 1
        },
        {
            "answer": "здоровья",
            "count": 1
        },
        {
            "answer": "удачи и здоровья",
            "count": 1
        },
        {
            "answer": "моря",
            "count": 1
        },
        {
            "answer": "удачки",
            "count": 1
        },
        {
            "answer": "хорошей кластеризации",
            "count": 1
        },
        {
            "answer": "сил",
            "count": 1
        },
        {
            "answer": "классных проектов",
            "count": 1
        },
        {
            "answer": "красаты",
            "count": 1
        },
        {
            "answer": "быть лучшими",
            "count": 1
        },
        {
            "answer": "еды",
            "count": 1
        },
        {
            "answer": "мотивации",
            "count": 1
        },
        {
            "answer": "сил душевных",
            "count": 1
        },
        {
            "answer": "успехов в новых проектах",
            "count": 1
        },
        {
            "answer": "гор",
            "count": 1
        },
        {
            "answer": "терпения и развития",
            "count": 1
        },
        {
            "answer": "здоровья",
            "count": 1
        },
        {
            "answer": "скорейшего повышения зарплаты",
            "count": 1
        },
        {
            "answer": "денеееег",
            "count": 1
        },
        {
            "answer": "роста",
            "count": 1
        },
        {
            "answer": "волшебства",
            "count": 1
        }
    ]
}