{
    "id": 15953,
    "question": "Назови свой главных успех на этой неделе.",
    "answers": [
        {
            "answer": "исполнение плана",
            "count": 1
        },
        {
            "answer": "сивещания",
            "count": 1
        },
        {
            "answer": "проснулся",
            "count": 1
        },
        {
            "answer": "ни умер",
            "count": 1
        },
        {
            "answer": "сделал все призинтации",
            "count": 1
        },
        {
            "answer": "харашо порабаталь",
            "count": 1
        },
        {
            "answer": "пензенская вывеска",
            "count": 1
        },
        {
            "answer": "пирикресток",
            "count": 1
        },
        {
            "answer": "самокат",
            "count": 1
        },
        {
            "answer": "спас цц-hr, как всегда",
            "count": 1
        },
        {
            "answer": "выжил",
            "count": 1
        },
        {
            "answer": "выжел",
            "count": 1
        },
        {
            "answer": "звонок другу",
            "count": 1
        },
        {
            "answer": "тестирование голоса",
            "count": 1
        },
        {
            "answer": "падъем",
            "count": 1
        },
        {
            "answer": "савещяния",
            "count": 1
        },
        {
            "answer": "приехал в офис",
            "count": 1
        },
        {
            "answer": "скандал",
            "count": 1
        },
        {
            "answer": "защита макета",
            "count": 1
        },
        {
            "answer": "маша родина",
            "count": 1
        },
        {
            "answer": "сщастье",
            "count": 1
        },
        {
            "answer": "выжили!",
            "count": 1
        },
        {
            "answer": "не умер",
            "count": 1
        },
        {
            "answer": "хорошо покушал",
            "count": 1
        },
        {
            "answer": "выкатили релиз",
            "count": 1
        },
        {
            "answer": "сейчас только пн, рановато",
            "count": 1
        },
        {
            "answer": "ашебка",
            "count": 1
        }
    ]
}