{
    "id": 15979,
    "question": "Какие ключевые посылы по итогам выступления Ужакиной Ю.Б. Вы для себя отметили?",
    "answers": [
        {
            "answer": "рост количества сообществ",
            "count": 1
        },
        {
            "answer": "соответствие ценностям гк",
            "count": 1
        },
        {
            "answer": "задачи и цели на 2030",
            "count": 1
        },
        {
            "answer": "😉",
            "count": 1
        },
        {
            "answer": "количество молодежи на местах",
            "count": 1
        },
        {
            "answer": "молодежь на руковод. должен.",
            "count": 1
        },
        {
            "answer": "увеличение возраста молодежи",
            "count": 1
        },
        {
            "answer": "портрет молодежи в отрасли",
            "count": 1
        },
        {
            "answer": "сообщество=актив=видения 2030",
            "count": 1
        },
        {
            "answer": "единство",
            "count": 1
        },
        {
            "answer": "эмоциональное выгорание",
            "count": 1
        },
        {
            "answer": "3 недели для доставки инфо",
            "count": 1
        },
        {
            "answer": "брать и делать",
            "count": 1
        },
        {
            "answer": "мягкое лидерство с чнловечески",
            "count": 1
        },
        {
            "answer": "важно знать с кем работаем",
            "count": 1
        },
        {
            "answer": "какая у нас молодежь(аналитика",
            "count": 1
        },
        {
            "answer": "статистика, дальнейшие шаги",
            "count": 1
        },
        {
            "answer": "лидерская позиция",
            "count": 1
        },
        {
            "answer": "!",
            "count": 1
        },
        {
            "answer": "удивила статистика, которую ну",
            "count": 1
        },
        {
            "answer": "нужно знать портрет молодёжи",
            "count": 1
        },
        {
            "answer": "нужны результаты по темам",
            "count": 1
        },
        {
            "answer": "внимание каналам коммуникации",
            "count": 1
        },
        {
            "answer": "новые ценности",
            "count": 1
        },
        {
            "answer": "лидер должен быть человечный",
            "count": 1
        },
        {
            "answer": "уметь убеждать",
            "count": 1
        },
        {
            "answer": "уметь работать со стейкхолдера",
            "count": 1
        },
        {
            "answer": "создать единую систему коммуни",
            "count": 1
        },
        {
            "answer": "создавать контент (перевод)",
            "count": 1
        },
        {
            "answer": "транслировать общероссийские ц",
            "count": 1
        },
        {
            "answer": "укреплять эти ценности",
            "count": 1
        },
        {
            "answer": "быстро внедрять изменения",
            "count": 1
        },
        {
            "answer": "план на отраслевые программы",
            "count": 1
        },
        {
            "answer": "брать обратную связь",
            "count": 1
        },
        {
            "answer": "мониторить свое сообщество",
            "count": 1
        },
        {
            "answer": "любовь к людям",
            "count": 1
        },
        {
            "answer": "брать ответственность",
            "count": 1
        },
        {
            "answer": "меньше??? , больше действий",
            "count": 1
        },
        {
            "answer": "инициатива не всегда наказуема",
            "count": 1
        },
        {
            "answer": "важность молодежных сообществ",
            "count": 1
        },
        {
            "answer": "развитие потенциала",
            "count": 1
        },
        {
            "answer": "привлечение активистов",
            "count": 1
        },
        {
            "answer": "соответствие видению",
            "count": 1
        },
        {
            "answer": "делегирование",
            "count": 1
        }
    ]
}