{
    "id": 15983,
    "question": "Дополнительные предложения и комментарии",
    "answers": [
        {
            "answer": "больше информативность",
            "count": 1
        },
        {
            "answer": "нет",
            "count": 1
        },
        {
            "answer": "сравнить количественный состав",
            "count": 1
        },
        {
            "answer": "между первой встречей в школе",
            "count": 1
        },
        {
            "answer": "лидеров и с нынешнем составом",
            "count": 1
        },
        {
            "answer": "важность задания= кол-ву",
            "count": 1
        },
        {
            "answer": "времени для реализации",
            "count": 1
        },
        {
            "answer": "делать кофе-брейк на 20 мин",
            "count": 1
        },
        {
            "answer": "быть дружелюбнее",
            "count": 1
        },
        {
            "answer": "поддерживать участников",
            "count": 1
        },
        {
            "answer": "эффективнее тайминг",
            "count": 1
        },
        {
            "answer": "корректность лидеров осм",
            "count": 1
        },
        {
            "answer": "все отлично",
            "count": 1
        },
        {
            "answer": "и.зотовой быть мягче к коллега",
            "count": 1
        },
        {
            "answer": ".",
            "count": 1
        },
        {
            "answer": "не хватило обратной связи",
            "count": 1
        },
        {
            "answer": "частое изменение программы",
            "count": 1
        },
        {
            "answer": "всё хорошо",
            "count": 1
        },
        {
            "answer": "-",
            "count": 1
        },
        {
            "answer": "конкрктика заданий по молулям",
            "count": 1
        },
        {
            "answer": "встречи нужны чаще",
            "count": 1
        },
        {
            "answer": "площадки могут быть дешевле",
            "count": 1
        },
        {
            "answer": "спасибо за организацию меропри",
            "count": 1
        },
        {
            "answer": "нет",
            "count": 1
        },
        {
            "answer": "регулярное проведение подобных",
            "count": 1
        },
        {
            "answer": "больше ясности и конкретики",
            "count": 1
        },
        {
            "answer": "знание",
            "count": 1
        },
        {
            "answer": "сила",
            "count": 1
        },
        {
            "answer": "новые знакомства",
            "count": 1
        },
        {
            "answer": "полезная инфа",
            "count": 1
        },
        {
            "answer": "большое вам спасибо",
            "count": 1
        },
        {
            "answer": "за организацию мероприятия",
            "count": 1
        }
    ]
}