{
    "id": 1602,
    "question": "Чем Вам запомнился 2021?",
    "answers": [
        {
            "answer": "локдаун",
            "count": 1
        },
        {
            "answer": "установка программ",
            "count": 1
        },
        {
            "answer": "хорошими моментами",
            "count": 1
        },
        {
            "answer": "сменой квалификации",
            "count": 1
        },
        {
            "answer": "переработкой",
            "count": 1
        },
        {
            "answer": "очень много работы",
            "count": 1
        },
        {
            "answer": "большим количеством задач",
            "count": 1
        },
        {
            "answer": "аврора",
            "count": 1
        },
        {
            "answer": "напряжением",
            "count": 1
        },
        {
            "answer": "ковид",
            "count": 1
        },
        {
            "answer": "переработкой",
            "count": 1
        },
        {
            "answer": "интересным проектом",
            "count": 1
        },
        {
            "answer": "удаленка",
            "count": 1
        },
        {
            "answer": "кучей работы",
            "count": 1
        },
        {
            "answer": "много работы",
            "count": 1
        },
        {
            "answer": "неработающий впн",
            "count": 1
        },
        {
            "answer": "удаленка",
            "count": 1
        },
        {
            "answer": "очень много работы",
            "count": 1
        },
        {
            "answer": "опять удаленка",
            "count": 1
        },
        {
            "answer": "много работы",
            "count": 1
        },
        {
            "answer": "очень много работы",
            "count": 1
        }
    ]
}