{
    "id": 1603,
    "question": "Чего Вы ждете от 2022?",
    "answers": [
        {
            "answer": "интересной работы",
            "count": 1
        },
        {
            "answer": "света",
            "count": 1
        },
        {
            "answer": "тепла",
            "count": 1
        },
        {
            "answer": "очень много работы",
            "count": 1
        },
        {
            "answer": "всего самого лучшего",
            "count": 1
        },
        {
            "answer": "очень много работы",
            "count": 1
        },
        {
            "answer": "спланированной работы",
            "count": 1
        },
        {
            "answer": "логичных действий руководства",
            "count": 1
        },
        {
            "answer": "интересных проектов",
            "count": 1
        },
        {
            "answer": "карьерного роста",
            "count": 1
        },
        {
            "answer": "попробовать себя в atom skills",
            "count": 1
        },
        {
            "answer": "квартиру",
            "count": 1
        },
        {
            "answer": "очень много работы",
            "count": 1
        },
        {
            "answer": "аврора",
            "count": 1
        },
        {
            "answer": "повышение квалификации",
            "count": 1
        },
        {
            "answer": "улучшение процессов",
            "count": 1
        },
        {
            "answer": "лучшей организацией процессов",
            "count": 1
        },
        {
            "answer": "очень много работы",
            "count": 1
        },
        {
            "answer": "удаленки",
            "count": 1
        },
        {
            "answer": "счастья",
            "count": 1
        }
    ]
}