{
    "id": 1604,
    "question": "Что бы Вы хотели пожелать коллегам на 2022?",
    "answers": [
        {
            "answer": "успехов в проектах",
            "count": 1
        },
        {
            "answer": "побольше зарплату",
            "count": 1
        },
        {
            "answer": "финансового благополучия",
            "count": 1
        },
        {
            "answer": "сил",
            "count": 1
        },
        {
            "answer": "сил",
            "count": 1
        },
        {
            "answer": "терпения",
            "count": 1
        },
        {
            "answer": "не увольняться",
            "count": 1
        },
        {
            "answer": "сил",
            "count": 1
        },
        {
            "answer": "сил",
            "count": 1
        },
        {
            "answer": "не терять мотивацию",
            "count": 1
        },
        {
            "answer": "сил",
            "count": 1
        },
        {
            "answer": "сил",
            "count": 1
        },
        {
            "answer": "удачи",
            "count": 1
        },
        {
            "answer": "счастья",
            "count": 1
        },
        {
            "answer": "новых побед",
            "count": 1
        },
        {
            "answer": "счастья",
            "count": 1
        },
        {
            "answer": "здоровья",
            "count": 1
        },
        {
            "answer": "здоровья",
            "count": 1
        },
        {
            "answer": "здоровья",
            "count": 1
        },
        {
            "answer": "здоровья",
            "count": 1
        }
    ]
}