{
    "id": 1605,
    "question": "Чем Вам запомнился 2021?",
    "answers": [
        {
            "answer": "кривой robin-rpa",
            "count": 1
        },
        {
            "answer": "много работы",
            "count": 1
        },
        {
            "answer": "много работы",
            "count": 1
        },
        {
            "answer": "работа",
            "count": 1
        },
        {
            "answer": "сменил работу",
            "count": 1
        },
        {
            "answer": "много проектов",
            "count": 1
        },
        {
            "answer": "новыми интересными задачами",
            "count": 1
        },
        {
            "answer": "много работы",
            "count": 1
        },
        {
            "answer": "интересными проектами",
            "count": 1
        },
        {
            "answer": "новые проекты",
            "count": 1
        },
        {
            "answer": "проблемами с доступами",
            "count": 1
        },
        {
            "answer": "много работы",
            "count": 1
        },
        {
            "answer": "амбициозные задачи",
            "count": 1
        },
        {
            "answer": "плотная работа",
            "count": 1
        },
        {
            "answer": "горящие сроки",
            "count": 1
        },
        {
            "answer": "качественно новые задачи",
            "count": 1
        },
        {
            "answer": "нет ресурсов",
            "count": 1
        },
        {
            "answer": "турбулентность",
            "count": 1
        },
        {
            "answer": "много работы",
            "count": 1
        },
        {
            "answer": "много работы",
            "count": 1
        },
        {
            "answer": "отпуск 3 недели",
            "count": 1
        },
        {
            "answer": "большим количеством увольнений",
            "count": 1
        },
        {
            "answer": "весело задорно",
            "count": 1
        },
        {
            "answer": "интересные решения",
            "count": 1
        },
        {
            "answer": "переработки",
            "count": 1
        },
        {
            "answer": "неопределенность",
            "count": 1
        },
        {
            "answer": "крутая команда",
            "count": 1
        },
        {
            "answer": "текучка кадров",
            "count": 1
        },
        {
            "answer": "много работы",
            "count": 1
        },
        {
            "answer": "увольнением коллег",
            "count": 1
        },
        {
            "answer": "высокий темп работы",
            "count": 1
        },
        {
            "answer": "доработки роботов",
            "count": 1
        },
        {
            "answer": "много работы",
            "count": 1
        },
        {
            "answer": "много работы",
            "count": 1
        },
        {
            "answer": "уход сотрудников из \"костяка\"",
            "count": 1
        },
        {
            "answer": "удалёнкой",
            "count": 1
        },
        {
            "answer": "openproject`ом",
            "count": 1
        },
        {
            "answer": "много работы",
            "count": 1
        },
        {
            "answer": "многозадачностью",
            "count": 1
        },
        {
            "answer": "бюрократия",
            "count": 1
        },
        {
            "answer": "новый опыт",
            "count": 1
        },
        {
            "answer": "новые технологии",
            "count": 1
        },
        {
            "answer": "удалёнка",
            "count": 1
        },
        {
            "answer": "переработками",
            "count": 1
        },
        {
            "answer": "интересной работой",
            "count": 1
        },
        {
            "answer": "новой работой",
            "count": 1
        },
        {
            "answer": "интересные задачи",
            "count": 1
        },
        {
            "answer": "много работы, высокий темп",
            "count": 1
        }
    ]
}