{
    "id": 1606,
    "question": "Чего Вы ждете от 2022?",
    "answers": [
        {
            "answer": "определенности",
            "count": 1
        },
        {
            "answer": "интересных проектов",
            "count": 1
        },
        {
            "answer": "новые навыки",
            "count": 1
        },
        {
            "answer": "новых побед",
            "count": 1
        },
        {
            "answer": "достойную зарплату",
            "count": 1
        },
        {
            "answer": "нового и побольше",
            "count": 1
        },
        {
            "answer": "роста команд",
            "count": 1
        },
        {
            "answer": "интересных проектов",
            "count": 1
        },
        {
            "answer": "интересные задачи",
            "count": 1
        },
        {
            "answer": "развития",
            "count": 1
        },
        {
            "answer": "обучение",
            "count": 1
        },
        {
            "answer": "развития",
            "count": 1
        },
        {
            "answer": "стабильность и прозрачность",
            "count": 1
        },
        {
            "answer": "очень много работы",
            "count": 1
        },
        {
            "answer": "аврора = продукт",
            "count": 1
        },
        {
            "answer": "улучшения процессов",
            "count": 1
        },
        {
            "answer": "личного развития в разработке",
            "count": 1
        },
        {
            "answer": "вменяемого руководства",
            "count": 1
        },
        {
            "answer": "увеличения команды",
            "count": 1
        },
        {
            "answer": "больше роботов",
            "count": 1
        },
        {
            "answer": "большую и дружную команду",
            "count": 1
        },
        {
            "answer": "запуска проекта",
            "count": 1
        },
        {
            "answer": "повышения зарплаты",
            "count": 1
        },
        {
            "answer": "квартиру",
            "count": 1
        },
        {
            "answer": "очень много работы",
            "count": 1
        },
        {
            "answer": "развития",
            "count": 1
        },
        {
            "answer": "масштабирования",
            "count": 1
        },
        {
            "answer": "мирной жизни",
            "count": 1
        },
        {
            "answer": "командировки",
            "count": 1
        },
        {
            "answer": "ничего хорошего",
            "count": 1
        },
        {
            "answer": "встретиться с коллегами",
            "count": 1
        },
        {
            "answer": "развития продуктов",
            "count": 1
        },
        {
            "answer": "путешествий",
            "count": 1
        },
        {
            "answer": "интересных идей",
            "count": 1
        },
        {
            "answer": "атом.рита",
            "count": 1
        },
        {
            "answer": "хорошей зарплаты",
            "count": 1
        },
        {
            "answer": "еще больше бардака в процессах",
            "count": 1
        },
        {
            "answer": "нормального режима работы",
            "count": 1
        },
        {
            "answer": "роста зарплаты",
            "count": 1
        },
        {
            "answer": "развитие rpa",
            "count": 1
        },
        {
            "answer": "повышения зарплаты",
            "count": 1
        },
        {
            "answer": "повышение зарплаты",
            "count": 1
        },
        {
            "answer": "развития",
            "count": 1
        },
        {
            "answer": "очень много работы",
            "count": 1
        },
        {
            "answer": "интерсный проект",
            "count": 1
        },
        {
            "answer": "интересных проектов",
            "count": 1
        },
        {
            "answer": "стабильность",
            "count": 1
        },
        {
            "answer": "упростить сетевые доступы",
            "count": 1
        }
    ]
}