{
    "id": 1607,
    "question": "Что бы хотели пожелать коллегам?",
    "answers": [
        {
            "answer": "терпения",
            "count": 1
        },
        {
            "answer": "сил",
            "count": 1
        },
        {
            "answer": "повышения зарплаты",
            "count": 1
        },
        {
            "answer": "чтоб спина не болела",
            "count": 1
        },
        {
            "answer": "интересных задач",
            "count": 1
        },
        {
            "answer": "здоровья",
            "count": 1
        },
        {
            "answer": "денег",
            "count": 1
        },
        {
            "answer": "сил",
            "count": 1
        },
        {
            "answer": "здоровья",
            "count": 1
        },
        {
            "answer": "развития",
            "count": 1
        },
        {
            "answer": "профессионального роста",
            "count": 1
        },
        {
            "answer": "больше саморазвития",
            "count": 1
        },
        {
            "answer": "трудоспособности",
            "count": 1
        },
        {
            "answer": "перспектив",
            "count": 1
        },
        {
            "answer": "удачи, не болеть",
            "count": 1
        },
        {
            "answer": "спокойствия",
            "count": 1
        },
        {
            "answer": "баланс работа личная жизнь",
            "count": 1
        },
        {
            "answer": "здоровья",
            "count": 1
        },
        {
            "answer": "карьерного роста",
            "count": 1
        },
        {
            "answer": "успехов",
            "count": 1
        },
        {
            "answer": "сил",
            "count": 1
        },
        {
            "answer": "сил",
            "count": 1
        },
        {
            "answer": "комфортной работы",
            "count": 1
        },
        {
            "answer": "здоровья",
            "count": 1
        },
        {
            "answer": "роста зарплаты",
            "count": 1
        },
        {
            "answer": "доброго и побольше",
            "count": 1
        },
        {
            "answer": "интересных задач",
            "count": 1
        },
        {
            "answer": "развития и терпения",
            "count": 1
        },
        {
            "answer": "сил",
            "count": 1
        },
        {
            "answer": "карьерного роста",
            "count": 1
        },
        {
            "answer": "сил",
            "count": 1
        },
        {
            "answer": "чаще обмениваться опытом",
            "count": 1
        },
        {
            "answer": "с наступающим!..",
            "count": 1
        },
        {
            "answer": "хорошего настроения",
            "count": 1
        },
        {
            "answer": "хорошего настроения",
            "count": 1
        },
        {
            "answer": "терпения",
            "count": 1
        },
        {
            "answer": "терпения и сна не менее 8 ч.",
            "count": 1
        },
        {
            "answer": "не увольнятся",
            "count": 1
        },
        {
            "answer": "счастья",
            "count": 1
        },
        {
            "answer": "эмоций",
            "count": 1
        },
        {
            "answer": "не ругаться",
            "count": 1
        },
        {
            "answer": "здоровья",
            "count": 1
        },
        {
            "answer": "достойной зарплаты",
            "count": 1
        },
        {
            "answer": "развиваться",
            "count": 1
        },
        {
            "answer": "карьерного роста",
            "count": 1
        },
        {
            "answer": "любви",
            "count": 1
        },
        {
            "answer": "здоровья",
            "count": 1
        },
        {
            "answer": "терпения",
            "count": 1
        },
        {
            "answer": "здоровья",
            "count": 1
        }
    ]
}