{
    "id": 16093,
    "question": "Что для вас значит продукт Аврора?",
    "answers": [
        {
            "answer": "развитие, вклад в экологию",
            "count": 1
        },
        {
            "answer": "прорыв",
            "count": 1
        },
        {
            "answer": "проект",
            "count": 1
        },
        {
            "answer": "интересный продукт",
            "count": 1
        },
        {
            "answer": "инновации",
            "count": 1
        },
        {
            "answer": "сильная команда",
            "count": 1
        },
        {
            "answer": "большие перспективы",
            "count": 1
        },
        {
            "answer": "искусственный интеллект",
            "count": 1
        },
        {
            "answer": "мое настоящее и общее будущее",
            "count": 1
        },
        {
            "answer": "помощь свыше",
            "count": 1
        },
        {
            "answer": "точка роста",
            "count": 1
        },
        {
            "answer": "продукт решающий проблемы",
            "count": 1
        },
        {
            "answer": "защитник",
            "count": 1
        },
        {
            "answer": "команда",
            "count": 1
        },
        {
            "answer": "инновации",
            "count": 1
        },
        {
            "answer": "интересный продукт",
            "count": 1
        },
        {
            "answer": "инновации",
            "count": 1
        },
        {
            "answer": "любовь!",
            "count": 1
        },
        {
            "answer": "инновация",
            "count": 1
        },
        {
            "answer": "сильная команда",
            "count": 1
        },
        {
            "answer": "экологичность",
            "count": 1
        },
        {
            "answer": "синергия",
            "count": 1
        },
        {
            "answer": "польза для людей",
            "count": 1
        },
        {
            "answer": "интересно",
            "count": 1
        },
        {
            "answer": "помощь экологии",
            "count": 1
        },
        {
            "answer": "большие перспективы",
            "count": 1
        },
        {
            "answer": "интересный продукт",
            "count": 1
        },
        {
            "answer": "огромный опыт",
            "count": 1
        },
        {
            "answer": "главный проект в жизни",
            "count": 1
        },
        {
            "answer": "шанс реализовать потенциал",
            "count": 1
        },
        {
            "answer": "работа",
            "count": 1
        },
        {
            "answer": "деньги",
            "count": 1
        },
        {
            "answer": "любовь, гордость, польза, вера",
            "count": 1
        }
    ]
}