{
    "id": 1613,
    "question": "2021 год для меня в Академии – это…",
    "answers": [
        {
            "answer": "команда",
            "count": 1
        },
        {
            "answer": "все и сразу",
            "count": 1
        },
        {
            "answer": "эмоции",
            "count": 1
        },
        {
            "answer": "🔥🔥🔥",
            "count": 1
        },
        {
            "answer": "любимый коллектив",
            "count": 1
        },
        {
            "answer": "команда",
            "count": 1
        },
        {
            "answer": "суперский",
            "count": 1
        },
        {
            "answer": "беспросветно непросто :)",
            "count": 1
        },
        {
            "answer": "богат на мероприятия",
            "count": 1
        },
        {
            "answer": "развитие",
            "count": 1
        },
        {
            "answer": "челлендж",
            "count": 1
        },
        {
            "answer": "морально тяжко:)",
            "count": 1
        },
        {
            "answer": "насыщенность",
            "count": 1
        },
        {
            "answer": "вызов",
            "count": 1
        },
        {
            "answer": "опыт",
            "count": 1
        },
        {
            "answer": "новые проекты",
            "count": 1
        },
        {
            "answer": "развитие",
            "count": 1
        },
        {
            "answer": "сочи",
            "count": 1
        },
        {
            "answer": "интерсеве проекты",
            "count": 1
        },
        {
            "answer": "работа",
            "count": 1
        },
        {
            "answer": "команда",
            "count": 1
        },
        {
            "answer": "море открытий",
            "count": 1
        },
        {
            "answer": "обычно",
            "count": 1
        },
        {
            "answer": "начало нового карьерного пути",
            "count": 1
        },
        {
            "answer": "крутые проекты",
            "count": 1
        },
        {
            "answer": "бесконечное развитие",
            "count": 1
        },
        {
            "answer": "развитие в новых областях",
            "count": 1
        },
        {
            "answer": "работа в удовольствие",
            "count": 1
        },
        {
            "answer": "быстрый",
            "count": 1
        },
        {
            "answer": "новые зоны роста",
            "count": 1
        },
        {
            "answer": "калейдоскоп_ярких_событий",
            "count": 1
        },
        {
            "answer": "марафон",
            "count": 1
        },
        {
            "answer": "новые проекты",
            "count": 1
        },
        {
            "answer": "скорость",
            "count": 1
        },
        {
            "answer": "бойкость",
            "count": 1
        },
        {
            "answer": "плодотворный",
            "count": 1
        },
        {
            "answer": "онлайн пространство",
            "count": 1
        },
        {
            "answer": "сложно",
            "count": 1
        },
        {
            "answer": "друзья",
            "count": 1
        },
        {
            "answer": "развитие",
            "count": 1
        }
    ]
}