{
    "id": 1647,
    "question": "Опишите свое состояние в целом за год",
    "answers": [
        {
            "answer": "отлично!",
            "count": 1
        },
        {
            "answer": "веселое",
            "count": 1
        },
        {
            "answer": "устал болеть",
            "count": 1
        },
        {
            "answer": "отличное лучшечемвпрошлыйгод",
            "count": 1
        },
        {
            "answer": "напряженное",
            "count": 1
        },
        {
            "answer": "демо дни  круто",
            "count": 1
        },
        {
            "answer": "печаль от ухода коллег",
            "count": 1
        },
        {
            "answer": "-",
            "count": 1
        },
        {
            "answer": "захватывающее",
            "count": 1
        },
        {
            "answer": "отличное",
            "count": 1
        },
        {
            "answer": "состояние позитивное)",
            "count": 1
        },
        {
            "answer": "регулярные тренировки",
            "count": 1
        },
        {
            "answer": "отличное",
            "count": 1
        },
        {
            "answer": "заряженное",
            "count": 1
        },
        {
            "answer": "позитивное!",
            "count": 1
        },
        {
            "answer": "класс",
            "count": 1
        },
        {
            "answer": "прекрасное",
            "count": 1
        },
        {
            "answer": "positive. thumbs up)",
            "count": 1
        },
        {
            "answer": "нормальное",
            "count": 1
        },
        {
            "answer": "удовлетворительное",
            "count": 1
        },
        {
            "answer": "прекрасное",
            "count": 1
        },
        {
            "answer": "отличное",
            "count": 1
        },
        {
            "answer": "печалька что овз не было в дек",
            "count": 1
        },
        {
            "answer": "работа прекрасно",
            "count": 1
        },
        {
            "answer": "хорошо",
            "count": 1
        },
        {
            "answer": "развития вектор",
            "count": 1
        },
        {
            "answer": "отличное",
            "count": 1
        },
        {
            "answer": "общее норм",
            "count": 1
        },
        {
            "answer": "сессия закрыта",
            "count": 1
        },
        {
            "answer": "спокойное",
            "count": 1
        },
        {
            "answer": "хорошее",
            "count": 1
        },
        {
            "answer": "немножко утомился",
            "count": 1
        },
        {
            "answer": "очень круто) жду следующий год",
            "count": 1
        },
        {
            "answer": "рост",
            "count": 1
        },
        {
            "answer": "супер",
            "count": 1
        },
        {
            "answer": "все гуд",
            "count": 1
        },
        {
            "answer": "около $100 000",
            "count": 1
        },
        {
            "answer": "удовольствие, лёгкая усталость",
            "count": 1
        },
        {
            "answer": "утомленное",
            "count": 1
        },
        {
            "answer": "на подъеме",
            "count": 1
        },
        {
            "answer": "хочется спать",
            "count": 1
        },
        {
            "answer": "хочу спать",
            "count": 1
        },
        {
            "answer": "мой голос",
            "count": 1
        },
        {
            "answer": "превосходное",
            "count": 1
        },
        {
            "answer": "в этом году попа горела меньше",
            "count": 1
        },
        {
            "answer": "супер",
            "count": 1
        },
        {
            "answer": "есть мелочи(",
            "count": 1
        },
        {
            "answer": "надо почаще брать отпуск",
            "count": 1
        },
        {
            "answer": "позитивное",
            "count": 1
        },
        {
            "answer": "новые возможности",
            "count": 1
        },
        {
            "answer": "позитивное",
            "count": 1
        },
        {
            "answer": "прекрасно",
            "count": 1
        },
        {
            "answer": "удовлетворенная усталость",
            "count": 1
        },
        {
            "answer": "ожидающий напряг",
            "count": 1
        }
    ]
}