{
    "id": 1648,
    "question": "Что нужно для улучшения эмоционального  состояния?",
    "answers": [
        {
            "answer": "тест",
            "count": 1
        },
        {
            "answer": "больше общения",
            "count": 1
        },
        {
            "answer": "чтобы ребенок не болел",
            "count": 1
        },
        {
            "answer": "повышение зарплаты",
            "count": 1
        },
        {
            "answer": "больше тимбилдинга и встреч",
            "count": 1
        },
        {
            "answer": "повышение зарплаты",
            "count": 1
        },
        {
            "answer": "рост з\\п",
            "count": 1
        },
        {
            "answer": "повышение зарплаты",
            "count": 1
        },
        {
            "answer": "мне норм",
            "count": 1
        },
        {
            "answer": "совместные пьянки",
            "count": 1
        },
        {
            "answer": "повышение зп",
            "count": 1
        },
        {
            "answer": "хакатоны",
            "count": 1
        },
        {
            "answer": "корпоративные активности",
            "count": 1
        },
        {
            "answer": "один проект в одни руки.",
            "count": 1
        },
        {
            "answer": "встреча на море/сочи/дубаи",
            "count": 1
        },
        {
            "answer": "повышение зп",
            "count": 1
        },
        {
            "answer": "развитие, взаимовыручка, спорт",
            "count": 1
        },
        {
            "answer": "новый комп с 32 гб рам",
            "count": 1
        },
        {
            "answer": "повышение зарплаты",
            "count": 1
        },
        {
            "answer": "vpn",
            "count": 1
        },
        {
            "answer": "в теплые края",
            "count": 1
        },
        {
            "answer": "веселых праздников :)",
            "count": 1
        },
        {
            "answer": "здоровье",
            "count": 1
        },
        {
            "answer": "меньше дедлайнов, повышение зп",
            "count": 1
        },
        {
            "answer": "проектные команды.",
            "count": 1
        },
        {
            "answer": "наставничество(передача опыта)",
            "count": 1
        },
        {
            "answer": "рыбалка",
            "count": 1
        },
        {
            "answer": "виртуалка иногда лагает",
            "count": 1
        },
        {
            "answer": "спортивных мероприятий",
            "count": 1
        },
        {
            "answer": "обучение новому",
            "count": 1
        },
        {
            "answer": "роста профессионального",
            "count": 1
        },
        {
            "answer": "даешь овз)",
            "count": 1
        },
        {
            "answer": "-",
            "count": 1
        },
        {
            "answer": "мощный комп",
            "count": 1
        },
        {
            "answer": "отсутствие \"сделать вчера\"",
            "count": 1
        },
        {
            "answer": "проект",
            "count": 1
        },
        {
            "answer": "все устраивает)",
            "count": 1
        },
        {
            "answer": "больше живых встреч",
            "count": 1
        },
        {
            "answer": "один проект в одни руки.",
            "count": 1
        },
        {
            "answer": "повышение зарплаты",
            "count": 1
        },
        {
            "answer": "почаще видеться с командой",
            "count": 1
        },
        {
            "answer": "удаленная работа",
            "count": 1
        },
        {
            "answer": "повышение зарплаты",
            "count": 1
        },
        {
            "answer": "и дальше работать на удаленке)",
            "count": 1
        },
        {
            "answer": "повышение з/п",
            "count": 1
        },
        {
            "answer": "повышение",
            "count": 1
        },
        {
            "answer": "смена проектов",
            "count": 1
        },
        {
            "answer": "отдохнуть в отпуске наконец-то",
            "count": 1
        },
        {
            "answer": "зарплата передвижениепомиру",
            "count": 1
        },
        {
            "answer": "work–life balance",
            "count": 1
        }
    ]
}