{
    "id": 16482,
    "question": "Напишите вашу главную победу прошлой недели",
    "answers": [
        {
            "answer": "вкусно и точка!",
            "count": 1
        },
        {
            "answer": "выспалась",
            "count": 1
        },
        {
            "answer": "согласование документов",
            "count": 1
        },
        {
            "answer": "не умер",
            "count": 1
        },
        {
            "answer": "не посидел",
            "count": 1
        },
        {
            "answer": "не сжог бухгалтерию",
            "count": 1
        },
        {
            "answer": "выжила",
            "count": 1
        },
        {
            "answer": "тз спс",
            "count": 1
        },
        {
            "answer": "выжил",
            "count": 1
        },
        {
            "answer": "решение вопроса с доступами",
            "count": 1
        },
        {
            "answer": "ни с кем не подралась!",
            "count": 1
        },
        {
            "answer": "решённая задача",
            "count": 1
        },
        {
            "answer": "управлять лодкой",
            "count": 1
        },
        {
            "answer": "атомкор",
            "count": 1
        },
        {
            "answer": "я женя касторнов, я был в отпу",
            "count": 1
        },
        {
            "answer": "выжили",
            "count": 1
        },
        {
            "answer": "не победил",
            "count": 1
        },
        {
            "answer": "баланс",
            "count": 1
        },
        {
            "answer": "длоррпииогмрогт",
            "count": 1
        },
        {
            "answer": "отпуск",
            "count": 1
        },
        {
            "answer": "выжил!",
            "count": 1
        },
        {
            "answer": "в цп вышел тимлид",
            "count": 1
        }
    ]
}