{
    "id": 1660,
    "question": "Опишите 1-2 словами главную победу 2021 года",
    "answers": [
        {
            "answer": "ремикс - вперёд!",
            "count": 1
        },
        {
            "answer": "лучшие по производительности",
            "count": 1
        },
        {
            "answer": "ремикс!!!",
            "count": 1
        },
        {
            "answer": "гц",
            "count": 1
        },
        {
            "answer": "выстояли в условиях ковида",
            "count": 1
        },
        {
            "answer": "цифровая стратегия тк",
            "count": 1
        },
        {
            "answer": "выполнение задач кпэ",
            "count": 1
        },
        {
            "answer": "конкурс tvel skills, стратегия",
            "count": 1
        },
        {
            "answer": "стратегия 2030",
            "count": 1
        },
        {
            "answer": "цифра, вперёд! :)",
            "count": 1
        },
        {
            "answer": "выжили",
            "count": 1
        },
        {
            "answer": "выжил",
            "count": 1
        },
        {
            "answer": "ремикс",
            "count": 1
        },
        {
            "answer": "все-таки дожили)))",
            "count": 1
        },
        {
            "answer": "шведы",
            "count": 1
        },
        {
            "answer": "контракт edf",
            "count": 1
        },
        {
            "answer": "наука вперёд",
            "count": 1
        },
        {
            "answer": "смогли всё!!!",
            "count": 1
        },
        {
            "answer": "стратегия",
            "count": 1
        },
        {
            "answer": "первый бетон бреста",
            "count": 1
        },
        {
            "answer": "не смотря ни на что смогли все",
            "count": 1
        },
        {
            "answer": "человек года",
            "count": 1
        },
        {
            "answer": "мы на схк строим брест!",
            "count": 1
        },
        {
            "answer": "первый бетон",
            "count": 1
        },
        {
            "answer": "ремикс",
            "count": 1
        },
        {
            "answer": "ремикс",
            "count": 1
        },
        {
            "answer": "наши люди!!!",
            "count": 1
        },
        {
            "answer": "здоровье коллег",
            "count": 1
        },
        {
            "answer": "контракту с edf быть!",
            "count": 1
        },
        {
            "answer": "не болел covid-19,тк привит!",
            "count": 1
        },
        {
            "answer": "план выполнен!",
            "count": 1
        },
        {
            "answer": "схк - лучшее общество",
            "count": 1
        },
        {
            "answer": "личный кабинет",
            "count": 1
        },
        {
            "answer": "прорыв",
            "count": 1
        },
        {
            "answer": "эффективная удаленка",
            "count": 1
        },
        {
            "answer": "толерантное топливо",
            "count": 1
        },
        {
            "answer": "ремикс",
            "count": 1
        }
    ]
}