{
    "id": 1695,
    "question": "Какая она? последняя неделя года?",
    "answers": [
        {
            "answer": "гуд",
            "count": 1
        },
        {
            "answer": "сумбурная",
            "count": 1
        },
        {
            "answer": "огонь",
            "count": 1
        },
        {
            "answer": "перегруженная",
            "count": 1
        },
        {
            "answer": "праздник близко",
            "count": 1
        },
        {
            "answer": "перегруженная",
            "count": 1
        },
        {
            "answer": "куча встреч",
            "count": 1
        },
        {
            "answer": "короткая",
            "count": 1
        },
        {
            "answer": "норм",
            "count": 1
        },
        {
            "answer": "в аврале",
            "count": 1
        },
        {
            "answer": "отдыхаем!!@",
            "count": 1
        },
        {
            "answer": "нормально",
            "count": 1
        },
        {
            "answer": "супер",
            "count": 1
        },
        {
            "answer": "тяжело",
            "count": 1
        },
        {
            "answer": "долгожданная",
            "count": 1
        },
        {
            "answer": "ок",
            "count": 1
        },
        {
            "answer": "успеть бы все сдать",
            "count": 1
        },
        {
            "answer": "куча встреч",
            "count": 1
        },
        {
            "answer": "такое",
            "count": 1
        },
        {
            "answer": "холодная",
            "count": 1
        },
        {
            "answer": "норм",
            "count": 1
        },
        {
            "answer": "последняя",
            "count": 1
        },
        {
            "answer": "рабочая",
            "count": 1
        }
    ]
}