{
    "id": 1703,
    "question": "Напишите свое самое яркое воспоминание за год",
    "answers": [
        {
            "answer": "трудоустройство в академию",
            "count": 1
        },
        {
            "answer": "путешествие",
            "count": 1
        },
        {
            "answer": "таланты 2.0",
            "count": 1
        },
        {
            "answer": "gic",
            "count": 1
        },
        {
            "answer": "усолье",
            "count": 1
        },
        {
            "answer": "трудоустройство 💙",
            "count": 1
        },
        {
            "answer": "любовь :)",
            "count": 1
        },
        {
            "answer": "присоединилась к академии",
            "count": 1
        },
        {
            "answer": "камчатка",
            "count": 1
        },
        {
            "answer": "очень много сириуса",
            "count": 1
        },
        {
            "answer": "любовь к себе",
            "count": 1
        },
        {
            "answer": "worldskills",
            "count": 1
        },
        {
            "answer": "новая команда",
            "count": 1
        },
        {
            "answer": "тренинг в поезде",
            "count": 1
        },
        {
            "answer": "командировки :)",
            "count": 1
        },
        {
            "answer": "переезд",
            "count": 1
        },
        {
            "answer": "тренера назвали прохиндеем",
            "count": 1
        },
        {
            "answer": "ковид",
            "count": 1
        },
        {
            "answer": "слёт молодёжи росатом",
            "count": 1
        },
        {
            "answer": "ипотека😄",
            "count": 1
        },
        {
            "answer": "каракураж",
            "count": 1
        },
        {
            "answer": "день рождения академии",
            "count": 1
        },
        {
            "answer": "победа на worldskills hi-tech",
            "count": 1
        },
        {
            "answer": "поездка на атомскиллз",
            "count": 1
        },
        {
            "answer": "школа руководителя асэ",
            "count": 1
        },
        {
            "answer": "день рождения академии",
            "count": 1
        },
        {
            "answer": "переезд",
            "count": 1
        },
        {
            "answer": "курск-2",
            "count": 1
        },
        {
            "answer": "отпуск за границей",
            "count": 1
        },
        {
            "answer": "поездка  на обнинскую аэс ⚛️",
            "count": 1
        },
        {
            "answer": "дочь пошла в первый класс",
            "count": 1
        },
        {
            "answer": "открытие маяка.",
            "count": 1
        },
        {
            "answer": "день рождения академи",
            "count": 1
        },
        {
            "answer": "день рождения академии",
            "count": 1
        },
        {
            "answer": "присоединение к академии",
            "count": 1
        },
        {
            "answer": "путешествие",
            "count": 1
        },
        {
            "answer": "манжерок",
            "count": 1
        },
        {
            "answer": "усолье",
            "count": 1
        },
        {
            "answer": "открытие мгу саров",
            "count": 1
        },
        {
            "answer": "смена места работы",
            "count": 1
        },
        {
            "answer": "переезд",
            "count": 1
        },
        {
            "answer": "весь год как один день",
            "count": 1
        },
        {
            "answer": "переезд в новую квартиру",
            "count": 1
        },
        {
            "answer": "covid",
            "count": 1
        },
        {
            "answer": "усолье",
            "count": 1
        }
    ]
}