{
    "id": 1704,
    "question": "Перечислите Ваши 3 повода гордиться собой за последний год",
    "answers": [
        {
            "answer": "работаю в декрете",
            "count": 1
        },
        {
            "answer": "идём до конца",
            "count": 1
        },
        {
            "answer": "команда",
            "count": 1
        },
        {
            "answer": "нашла время на развитие",
            "count": 1
        },
        {
            "answer": "победы академии",
            "count": 1
        },
        {
            "answer": "у меня крутая команда",
            "count": 1
        },
        {
            "answer": "выжила",
            "count": 1
        },
        {
            "answer": "команда",
            "count": 1
        },
        {
            "answer": "семья",
            "count": 1
        },
        {
            "answer": "выступление на английском",
            "count": 1
        },
        {
            "answer": "награда",
            "count": 1
        },
        {
            "answer": "прорыв",
            "count": 1
        },
        {
            "answer": "invetaризация  ремонт",
            "count": 1
        },
        {
            "answer": "1. здоровье",
            "count": 1
        },
        {
            "answer": "победила перфекциониста в себе",
            "count": 1
        },
        {
            "answer": "я больше не боюсь",
            "count": 1
        },
        {
            "answer": "отпуск",
            "count": 1
        },
        {
            "answer": "познала себя и свои желания",
            "count": 1
        },
        {
            "answer": "ум",
            "count": 1
        },
        {
            "answer": "перевыполнены кпэ",
            "count": 1
        },
        {
            "answer": "3. саморазвитие",
            "count": 1
        },
        {
            "answer": "переезд",
            "count": 1
        },
        {
            "answer": "старт карьерного консультир-я",
            "count": 1
        },
        {
            "answer": "победа над страхами",
            "count": 1
        },
        {
            "answer": "магистратура",
            "count": 1
        },
        {
            "answer": "команда",
            "count": 1
        },
        {
            "answer": "каскады видения 2030",
            "count": 1
        },
        {
            "answer": "успехи в новой среде",
            "count": 1
        },
        {
            "answer": "челлендж пройден",
            "count": 1
        },
        {
            "answer": "мгу саров",
            "count": 1
        },
        {
            "answer": "новые программы",
            "count": 1
        },
        {
            "answer": "цели достигнуты",
            "count": 1
        },
        {
            "answer": "терпение к тупым",
            "count": 1
        },
        {
            "answer": "моя лучшая ошибка",
            "count": 1
        },
        {
            "answer": "учениками, местом работы",
            "count": 1
        },
        {
            "answer": "17 суперфиналистов лр",
            "count": 1
        },
        {
            "answer": "самый низкий процент текучки",
            "count": 1
        },
        {
            "answer": "переоценка ценностей",
            "count": 1
        },
        {
            "answer": "хорошо отдохнули",
            "count": 1
        },
        {
            "answer": "развитие терпимости",
            "count": 1
        },
        {
            "answer": "запуск новых программ",
            "count": 1
        },
        {
            "answer": "душевный баланс 😇",
            "count": 1
        },
        {
            "answer": "не отказал. ни от одной задачи",
            "count": 1
        },
        {
            "answer": "снизила тревожность",
            "count": 1
        },
        {
            "answer": "нашла своего руководителя :)",
            "count": 1
        },
        {
            "answer": "трудоустройство в академию",
            "count": 1
        },
        {
            "answer": "каракураж",
            "count": 1
        },
        {
            "answer": "не уволилась",
            "count": 1
        },
        {
            "answer": "сын поступил в мгсу",
            "count": 1
        },
        {
            "answer": "проект кбп стал заметен в отра",
            "count": 1
        },
        {
            "answer": "выполнение плана",
            "count": 1
        },
        {
            "answer": "продолжаю нежно любить работу",
            "count": 1
        },
        {
            "answer": "атомскиллс",
            "count": 1
        },
        {
            "answer": "выполнила кпэ",
            "count": 1
        },
        {
            "answer": "регулярно делаю зарядку",
            "count": 1
        },
        {
            "answer": "стабильность",
            "count": 1
        },
        {
            "answer": "купила машину",
            "count": 1
        },
        {
            "answer": "завела 446 человек на выплату",
            "count": 1
        },
        {
            "answer": "эффективность, команда, семья,",
            "count": 1
        },
        {
            "answer": "не потолстела",
            "count": 1
        },
        {
            "answer": "начала водить машину",
            "count": 1
        },
        {
            "answer": "заказчик очень вовлекся",
            "count": 1
        },
        {
            "answer": "человек года росатома",
            "count": 1
        },
        {
            "answer": "новые проекты",
            "count": 1
        },
        {
            "answer": "тарифы",
            "count": 1
        },
        {
            "answer": "налаживаю баланс life-work",
            "count": 1
        },
        {
            "answer": "ни разу ни на кого не заорала)",
            "count": 1
        },
        {
            "answer": "обучение шр асэ",
            "count": 1
        },
        {
            "answer": "получила работу мечты",
            "count": 1
        },
        {
            "answer": "чувствую рост",
            "count": 1
        },
        {
            "answer": "всё успел",
            "count": 1
        },
        {
            "answer": "маяк",
            "count": 1
        },
        {
            "answer": "новые победы",
            "count": 1
        },
        {
            "answer": "переезд",
            "count": 1
        },
        {
            "answer": "счастлива",
            "count": 1
        },
        {
            "answer": "сложилась классная команда",
            "count": 1
        },
        {
            "answer": "академия",
            "count": 1
        },
        {
            "answer": "команда",
            "count": 1
        },
        {
            "answer": "начала новый проект",
            "count": 1
        },
        {
            "answer": "я завершила обучение",
            "count": 1
        },
        {
            "answer": "окулография",
            "count": 1
        },
        {
            "answer": "2. семья",
            "count": 1
        },
        {
            "answer": "команда",
            "count": 1
        },
        {
            "answer": "восхождение на вулкан горелый",
            "count": 1
        },
        {
            "answer": "хорошая команда в полном сборе",
            "count": 1
        },
        {
            "answer": "реализовала 2 детские мечты",
            "count": 1
        },
        {
            "answer": "стала более ответственной",
            "count": 1
        },
        {
            "answer": "я в принципе умница-красавица",
            "count": 1
        },
        {
            "answer": "справились со всем",
            "count": 1
        },
        {
            "answer": "карьерное консультирование",
            "count": 1
        },
        {
            "answer": "я все еще здесь",
            "count": 1
        },
        {
            "answer": "отношения с топ-30",
            "count": 1
        },
        {
            "answer": "астра линукс",
            "count": 1
        },
        {
            "answer": "провела более 100 обучений",
            "count": 1
        },
        {
            "answer": "три дня без сна",
            "count": 1
        },
        {
            "answer": "не выгорел вроде 😅",
            "count": 1
        },
        {
            "answer": "решилась выйти замуж",
            "count": 1
        },
        {
            "answer": "приход спорта в жизнь",
            "count": 1
        },
        {
            "answer": "научилась делать уколы",
            "count": 1
        },
        {
            "answer": "трудоустройство в академию",
            "count": 1
        },
        {
            "answer": "слет специалистов по каракури",
            "count": 1
        },
        {
            "answer": "решилась на смену направления",
            "count": 1
        },
        {
            "answer": "дзен",
            "count": 1
        },
        {
            "answer": "ао пср сказали \"спасибо\")",
            "count": 1
        },
        {
            "answer": "своим руководителем",
            "count": 1
        },
        {
            "answer": "помощь другим",
            "count": 1
        },
        {
            "answer": "mission talent",
            "count": 1
        }
    ]
}