{
    "id": 1705,
    "question": "Чем мы, Академия, можем гордиться по итогам года?",
    "answers": [
        {
            "answer": "потенциалом наших людей",
            "count": 1
        },
        {
            "answer": "проектами и командой",
            "count": 1
        },
        {
            "answer": "стрессоустойчивость",
            "count": 1
        },
        {
            "answer": "команда",
            "count": 1
        },
        {
            "answer": "крутыми проектами",
            "count": 1
        },
        {
            "answer": "вклад в достижения росатома",
            "count": 1
        },
        {
            "answer": "онлайн мероприятиями",
            "count": 1
        },
        {
            "answer": "сплочённости",
            "count": 1
        },
        {
            "answer": "повысили экспертизу",
            "count": 1
        },
        {
            "answer": "оптимизм",
            "count": 1
        },
        {
            "answer": "наградами международными",
            "count": 1
        },
        {
            "answer": "своей командой",
            "count": 1
        },
        {
            "answer": "выжили",
            "count": 1
        },
        {
            "answer": "международное призвание",
            "count": 1
        },
        {
            "answer": "директором",
            "count": 1
        },
        {
            "answer": "команда",
            "count": 1
        },
        {
            "answer": "глубиной продуктов",
            "count": 1
        },
        {
            "answer": "масштабными проектами",
            "count": 1
        },
        {
            "answer": "нервы",
            "count": 1
        },
        {
            "answer": "команда",
            "count": 1
        },
        {
            "answer": "разнообразные программы",
            "count": 1
        },
        {
            "answer": "командами",
            "count": 1
        },
        {
            "answer": "команда",
            "count": 1
        },
        {
            "answer": "наши люди",
            "count": 1
        },
        {
            "answer": "стрессоустойчивость",
            "count": 1
        },
        {
            "answer": "команда",
            "count": 1
        },
        {
            "answer": "новые программы",
            "count": 1
        },
        {
            "answer": "потрясающими людьми !",
            "count": 1
        },
        {
            "answer": "признание топов",
            "count": 1
        },
        {
            "answer": "мы помогаем решать проблемы ра",
            "count": 1
        },
        {
            "answer": "работа с заказчиком",
            "count": 1
        },
        {
            "answer": "новыми продуктами",
            "count": 1
        },
        {
            "answer": "сплочённость",
            "count": 1
        },
        {
            "answer": "первая линия",
            "count": 1
        },
        {
            "answer": "лемонграссы",
            "count": 1
        },
        {
            "answer": "популярностью",
            "count": 1
        },
        {
            "answer": "атмосферой в академии",
            "count": 1
        },
        {
            "answer": "победитель премии atd",
            "count": 1
        },
        {
            "answer": "академия l&d",
            "count": 1
        },
        {
            "answer": "масштабностью проектов",
            "count": 1
        },
        {
            "answer": "качеством",
            "count": 1
        },
        {
            "answer": "победами на разных конкурсах",
            "count": 1
        },
        {
            "answer": "mission talent",
            "count": 1
        },
        {
            "answer": "репутацией супер-профи",
            "count": 1
        },
        {
            "answer": "мы обгоняем рынок ld",
            "count": 1
        },
        {
            "answer": "командой",
            "count": 1
        },
        {
            "answer": "работаем с заделом 120%",
            "count": 1
        },
        {
            "answer": "wna",
            "count": 1
        },
        {
            "answer": "качество обучения в ра эталон",
            "count": 1
        },
        {
            "answer": "работаем на отраслевую повестк",
            "count": 1
        },
        {
            "answer": "лучшая академия в мире",
            "count": 1
        },
        {
            "answer": "качество проектов",
            "count": 1
        },
        {
            "answer": "международная премия",
            "count": 1
        },
        {
            "answer": "людьми",
            "count": 1
        },
        {
            "answer": "клиентоориентированность 🤘",
            "count": 1
        },
        {
            "answer": "крутые проекты",
            "count": 1
        },
        {
            "answer": "каракураж",
            "count": 1
        },
        {
            "answer": "своими сотрудниками",
            "count": 1
        },
        {
            "answer": "награды",
            "count": 1
        },
        {
            "answer": "каскады видения 2030",
            "count": 1
        },
        {
            "answer": "провели больше 300 обучений",
            "count": 1
        },
        {
            "answer": "проектами",
            "count": 1
        },
        {
            "answer": "voice of rosatom",
            "count": 1
        },
        {
            "answer": "высокая репутация в отрасли",
            "count": 1
        },
        {
            "answer": "каракураж",
            "count": 1
        },
        {
            "answer": "сотрудниками",
            "count": 1
        },
        {
            "answer": "обучаем на английском",
            "count": 1
        },
        {
            "answer": "лучший корп универ",
            "count": 1
        },
        {
            "answer": "нашими тренерами",
            "count": 1
        },
        {
            "answer": "признание лае",
            "count": 1
        },
        {
            "answer": "коллективом",
            "count": 1
        },
        {
            "answer": "ccu",
            "count": 1
        },
        {
            "answer": "качество проведения конф. мер.",
            "count": 1
        },
        {
            "answer": "профессионалитет",
            "count": 1
        },
        {
            "answer": "развитие цифровых компетенций",
            "count": 1
        },
        {
            "answer": "людьми.",
            "count": 1
        },
        {
            "answer": "развиваемся и становимся лучше",
            "count": 1
        },
        {
            "answer": "своими людьми!",
            "count": 1
        },
        {
            "answer": "1-й конференцией для линейных",
            "count": 1
        },
        {
            "answer": "мы сохранили человечность",
            "count": 1
        },
        {
            "answer": "люди",
            "count": 1
        },
        {
            "answer": "усолье",
            "count": 1
        },
        {
            "answer": "своей командой",
            "count": 1
        },
        {
            "answer": "инициативность",
            "count": 1
        },
        {
            "answer": "победа на worldskills",
            "count": 1
        },
        {
            "answer": "таланты 2.0",
            "count": 1
        },
        {
            "answer": "филиал мгу",
            "count": 1
        },
        {
            "answer": "саров",
            "count": 1
        },
        {
            "answer": "нас любят!",
            "count": 1
        },
        {
            "answer": "новыми сотрудниками",
            "count": 1
        },
        {
            "answer": "коллективом",
            "count": 1
        }
    ]
}