{
    "id": 1706,
    "question": "Что я жду от 2022?",
    "answers": [
        {
            "answer": "очевидной полезности",
            "count": 1
        },
        {
            "answer": "сильная команда",
            "count": 1
        },
        {
            "answer": "покататься на сноуборде",
            "count": 1
        },
        {
            "answer": "выполнить все задачи",
            "count": 1
        },
        {
            "answer": "своей квартиры",
            "count": 1
        },
        {
            "answer": "вдохновляющей команды центра",
            "count": 1
        },
        {
            "answer": "стать цифровым лидером",
            "count": 1
        },
        {
            "answer": "повышения",
            "count": 1
        },
        {
            "answer": "быть в ресурсе",
            "count": 1
        },
        {
            "answer": "повышения",
            "count": 1
        },
        {
            "answer": "открытия академии маяк",
            "count": 1
        },
        {
            "answer": "отказа от атомспейс 😅",
            "count": 1
        },
        {
            "answer": "меньше бессмысленных задач",
            "count": 1
        },
        {
            "answer": "деньги",
            "count": 1
        },
        {
            "answer": "больше ярких проектов",
            "count": 1
        },
        {
            "answer": "новых профессиональных возможн",
            "count": 1
        },
        {
            "answer": "комфортный темп работы",
            "count": 1
        },
        {
            "answer": "людей в офисе",
            "count": 1
        },
        {
            "answer": "заканчивать работу в 18.00",
            "count": 1
        },
        {
            "answer": "год без встрясок",
            "count": 1
        },
        {
            "answer": "поездки заграницу",
            "count": 1
        },
        {
            "answer": "приятных событий",
            "count": 1
        },
        {
            "answer": "снижения нагрузки",
            "count": 1
        },
        {
            "answer": "рост зп",
            "count": 1
        },
        {
            "answer": "развития",
            "count": 1
        },
        {
            "answer": "работы без авралов",
            "count": 1
        },
        {
            "answer": "перевыполнить кпэ",
            "count": 1
        },
        {
            "answer": "повышение зарплаты",
            "count": 1
        },
        {
            "answer": "увеличения зп",
            "count": 1
        },
        {
            "answer": "счастья",
            "count": 1
        },
        {
            "answer": "надёжные ит ресурсы",
            "count": 1
        },
        {
            "answer": "свадьба",
            "count": 1
        },
        {
            "answer": "отпуск 21 день подряд",
            "count": 1
        },
        {
            "answer": "снижение текучки",
            "count": 1
        },
        {
            "answer": "купить квартиру",
            "count": 1
        },
        {
            "answer": "декрет",
            "count": 1
        },
        {
            "answer": "экспертного роста",
            "count": 1
        },
        {
            "answer": "повышения",
            "count": 1
        },
        {
            "answer": "побед",
            "count": 1
        },
        {
            "answer": "повышение в должности",
            "count": 1
        },
        {
            "answer": "улучшений",
            "count": 1
        },
        {
            "answer": "меньше нервничать на работе",
            "count": 1
        },
        {
            "answer": "роста",
            "count": 1
        },
        {
            "answer": "повышение",
            "count": 1
        },
        {
            "answer": "баланса",
            "count": 1
        },
        {
            "answer": "повышения",
            "count": 1
        },
        {
            "answer": "выйти замуж",
            "count": 1
        },
        {
            "answer": "смелости",
            "count": 1
        },
        {
            "answer": "предложения",
            "count": 1
        },
        {
            "answer": "повысят зарплату",
            "count": 1
        },
        {
            "answer": "новой яркой идеи",
            "count": 1
        },
        {
            "answer": "интересные проекты",
            "count": 1
        },
        {
            "answer": "бесшовность",
            "count": 1
        },
        {
            "answer": "баланса работы и личной жизни",
            "count": 1
        },
        {
            "answer": "закрыть ипотеку",
            "count": 1
        },
        {
            "answer": "резкого профессионального рост",
            "count": 1
        },
        {
            "answer": "поехать на аэс",
            "count": 1
        },
        {
            "answer": "развиваться",
            "count": 1
        },
        {
            "answer": "вырасти профессионально",
            "count": 1
        },
        {
            "answer": "новые знания",
            "count": 1
        },
        {
            "answer": "легкости",
            "count": 1
        },
        {
            "answer": "зп",
            "count": 1
        },
        {
            "answer": "оптимизации процессов",
            "count": 1
        },
        {
            "answer": "переезд",
            "count": 1
        },
        {
            "answer": "счастья",
            "count": 1
        },
        {
            "answer": "времени на саморазвитие",
            "count": 1
        },
        {
            "answer": "гармония в «колесе баланса»",
            "count": 1
        },
        {
            "answer": "интересных проектов",
            "count": 1
        },
        {
            "answer": "много премий",
            "count": 1
        },
        {
            "answer": "найти занятие по душе",
            "count": 1
        },
        {
            "answer": "карьерного роста",
            "count": 1
        },
        {
            "answer": "выспаться",
            "count": 1
        },
        {
            "answer": "получить повышение",
            "count": 1
        },
        {
            "answer": "переезд",
            "count": 1
        },
        {
            "answer": "реализации в проектах",
            "count": 1
        },
        {
            "answer": "сил и энергии",
            "count": 1
        },
        {
            "answer": "повышения",
            "count": 1
        },
        {
            "answer": "выйти замуж",
            "count": 1
        },
        {
            "answer": "новые достижения в гимнастике",
            "count": 1
        },
        {
            "answer": "здоровья",
            "count": 1
        },
        {
            "answer": "открытие зарубежных границ",
            "count": 1
        },
        {
            "answer": "сделать круто проект",
            "count": 1
        },
        {
            "answer": "побывать на ледоколе",
            "count": 1
        },
        {
            "answer": "похудеть на 3 кг",
            "count": 1
        },
        {
            "answer": "разрешения личной ситуации",
            "count": 1
        },
        {
            "answer": "эскимосский переворот на каяке",
            "count": 1
        },
        {
            "answer": "свадьбу сестры",
            "count": 1
        },
        {
            "answer": "зарплата в рынке",
            "count": 1
        },
        {
            "answer": "завершения пандемии",
            "count": 1
        },
        {
            "answer": "новые проекты",
            "count": 1
        },
        {
            "answer": "роста зп",
            "count": 1
        },
        {
            "answer": "новых впечатлений",
            "count": 1
        },
        {
            "answer": "благосостояние",
            "count": 1
        },
        {
            "answer": "здоровья",
            "count": 1
        },
        {
            "answer": "интересных проектов",
            "count": 1
        },
        {
            "answer": "чуть больше определенности",
            "count": 1
        },
        {
            "answer": "роста во всем.",
            "count": 1
        },
        {
            "answer": "единения с командой",
            "count": 1
        },
        {
            "answer": "выполнить кпэ",
            "count": 1
        },
        {
            "answer": "сбытия мечт",
            "count": 1
        },
        {
            "answer": "повышение",
            "count": 1
        },
        {
            "answer": "запустить свой проект",
            "count": 1
        },
        {
            "answer": "счастье",
            "count": 1
        },
        {
            "answer": "хорошего",
            "count": 1
        },
        {
            "answer": "защитить магистерскую диссерт",
            "count": 1
        },
        {
            "answer": "погасить ипотеку",
            "count": 1
        },
        {
            "answer": "цифровых процессов в ка",
            "count": 1
        },
        {
            "answer": "повышения",
            "count": 1
        },
        {
            "answer": "путешествия",
            "count": 1
        },
        {
            "answer": "своей эффективности, ваульпуск",
            "count": 1
        },
        {
            "answer": "оценка а по рекорду",
            "count": 1
        },
        {
            "answer": "отпуска!",
            "count": 1
        },
        {
            "answer": "интересных задач",
            "count": 1
        },
        {
            "answer": "сохранить семью",
            "count": 1
        },
        {
            "answer": "нормальной онлайн платформы",
            "count": 1
        }
    ]
}