{
    "id": 1711,
    "question": "Чего ждать в 2022?",
    "answers": [
        {
            "answer": "впн",
            "count": 1
        },
        {
            "answer": "интересной работы",
            "count": 1
        },
        {
            "answer": "крутых проектов",
            "count": 1
        },
        {
            "answer": "достижимых кпэ",
            "count": 1
        },
        {
            "answer": "роста зп",
            "count": 1
        },
        {
            "answer": "повышения зарплаты",
            "count": 1
        },
        {
            "answer": "больше денег",
            "count": 1
        },
        {
            "answer": "разочарований",
            "count": 1
        },
        {
            "answer": "много сложного",
            "count": 1
        },
        {
            "answer": "понедельник",
            "count": 1
        },
        {
            "answer": "больше работы",
            "count": 1
        },
        {
            "answer": "много работы",
            "count": 1
        },
        {
            "answer": "новых свершений",
            "count": 1
        },
        {
            "answer": "много хорошего",
            "count": 1
        },
        {
            "answer": "счастья",
            "count": 1
        },
        {
            "answer": "счастья",
            "count": 1
        },
        {
            "answer": "отпуск",
            "count": 1
        },
        {
            "answer": "новый комп",
            "count": 1
        },
        {
            "answer": "новых дата-сатанистов",
            "count": 1
        },
        {
            "answer": "2023",
            "count": 1
        }
    ]
}