{
    "id": 17348,
    "question": "Вопрос 4. Что на Ваш взгляд стоит добавить в программу с целью профилактики травматизма?",
    "answers": [
        {
            "answer": "информирование",
            "count": 1
        },
        {
            "answer": "информирование",
            "count": 1
        },
        {
            "answer": "обмен опытом",
            "count": 1
        },
        {
            "answer": "тренинги в игровой форме",
            "count": 1
        },
        {
            "answer": "использ. манекенов в обучении",
            "count": 1
        },
        {
            "answer": "дешевле - не значит лучше",
            "count": 1
        },
        {
            "answer": "дневной сон",
            "count": 1
        },
        {
            "answer": "информировать через чат марк",
            "count": 1
        },
        {
            "answer": "прививать в быту",
            "count": 1
        },
        {
            "answer": "работа со школьниками",
            "count": 1
        },
        {
            "answer": "имидживая одежда работника",
            "count": 1
        },
        {
            "answer": "не д/б показной приверж без-ти",
            "count": 1
        },
        {
            "answer": "вовлечение руководителей",
            "count": 1
        },
        {
            "answer": "обмен опытом",
            "count": 1
        },
        {
            "answer": "управление рисками",
            "count": 1
        },
        {
            "answer": "баланс рабочего и личного врем",
            "count": 1
        },
        {
            "answer": "обмен опытом между прелприятия",
            "count": 1
        },
        {
            "answer": "обучение ремонтного персонала",
            "count": 1
        },
        {
            "answer": "проведение видеотрансляций",
            "count": 1
        },
        {
            "answer": "более жёсткие наказания",
            "count": 1
        },
        {
            "answer": "обмен опытом между предприятия",
            "count": 1
        },
        {
            "answer": "презентовать материалы расслед",
            "count": 1
        },
        {
            "answer": "руководитель идёт к родственни",
            "count": 1
        },
        {
            "answer": "внутренние аудиты",
            "count": 1
        },
        {
            "answer": "стресс-центры",
            "count": 1
        },
        {
            "answer": "регулярные встречи с тб",
            "count": 1
        },
        {
            "answer": "обмен опытом среди предприятий",
            "count": 1
        },
        {
            "answer": "мультимедиа вместо канцелярита",
            "count": 1
        },
        {
            "answer": "премирование",
            "count": 1
        },
        {
            "answer": "видеоконтент для рабочих",
            "count": 1
        },
        {
            "answer": "обмен опытом рабочими",
            "count": 1
        },
        {
            "answer": "практические навыки",
            "count": 1
        },
        {
            "answer": "честность перед руководством",
            "count": 1
        },
        {
            "answer": "обмен опытом и очное обучение",
            "count": 1
        },
        {
            "answer": "уход от дистанц.обучения",
            "count": 1
        },
        {
            "answer": "личная ответственность",
            "count": 1
        },
        {
            "answer": "практические занятия",
            "count": 1
        },
        {
            "answer": "заинтересовонность",
            "count": 1
        },
        {
            "answer": "разработка плакатов/памяток",
            "count": 1
        },
        {
            "answer": "убрать непроизвод. обязанности",
            "count": 1
        },
        {
            "answer": "обучение",
            "count": 1
        },
        {
            "answer": "информирование",
            "count": 1
        },
        {
            "answer": "сократить бюрократию",
            "count": 1
        },
        {
            "answer": "вирусные видео по безопасности",
            "count": 1
        },
        {
            "answer": "паб",
            "count": 1
        },
        {
            "answer": "внутренние расследования",
            "count": 1
        },
        {
            "answer": "кбп",
            "count": 1
        },
        {
            "answer": "передача информации",
            "count": 1
        },
        {
            "answer": "поощрение уполномоченных",
            "count": 1
        },
        {
            "answer": "перекрестные проверки",
            "count": 1
        },
        {
            "answer": "анализ причин",
            "count": 1
        },
        {
            "answer": "увеличить числ. персонала",
            "count": 1
        },
        {
            "answer": "трансформ. действ. проц. суот",
            "count": 1
        },
        {
            "answer": "информирование",
            "count": 1
        },
        {
            "answer": "очное обучение. поощрение.",
            "count": 1
        },
        {
            "answer": "поощрение отличившихся",
            "count": 1
        },
        {
            "answer": "информирование",
            "count": 1
        },
        {
            "answer": "обучение",
            "count": 1
        },
        {
            "answer": "учитывать мнение сотрудников",
            "count": 1
        },
        {
            "answer": "информирование",
            "count": 1
        },
        {
            "answer": "обучение",
            "count": 1
        },
        {
            "answer": "воспитание людей!",
            "count": 1
        },
        {
            "answer": "численность служб от",
            "count": 1
        },
        {
            "answer": "прекратить оптимизацию",
            "count": 1
        },
        {
            "answer": "проведение стажировок молодым",
            "count": 1
        },
        {
            "answer": "причины",
            "count": 1
        },
        {
            "answer": "обмен опытом между предприятия",
            "count": 1
        },
        {
            "answer": "фото при обзоре нс",
            "count": 1
        },
        {
            "answer": "обучение",
            "count": 1
        },
        {
            "answer": "какие уроки извлечены",
            "count": 1
        },
        {
            "answer": "что конкретно сделано",
            "count": 1
        },
        {
            "answer": "как я могу повлиять",
            "count": 1
        },
        {
            "answer": "численность от и инспекции",
            "count": 1
        },
        {
            "answer": "внутренние перекрестные аудиты",
            "count": 1
        },
        {
            "answer": "обмен опытом лидеров безопасно",
            "count": 1
        },
        {
            "answer": "поощерение отличившихся,",
            "count": 1
        },
        {
            "answer": "денежную мотивацию",
            "count": 1
        },
        {
            "answer": "шок видео",
            "count": 1
        },
        {
            "answer": "информирование",
            "count": 1
        },
        {
            "answer": "дневной сон",
            "count": 1
        },
        {
            "answer": "стимулирование за безопасность",
            "count": 1
        },
        {
            "answer": "упразднить генинспекцию",
            "count": 1
        },
        {
            "answer": "повысить статус охраны труда",
            "count": 1
        },
        {
            "answer": "видео материал, шок контент",
            "count": 1
        },
        {
            "answer": "видеоматериалы",
            "count": 1
        },
        {
            "answer": "рассылки обмен опытом",
            "count": 1
        },
        {
            "answer": "рассылки лучшие практики",
            "count": 1
        },
        {
            "answer": "контакты ключевых методологов",
            "count": 1
        },
        {
            "answer": "фото материалы",
            "count": 1
        },
        {
            "answer": "обучение не для галочки",
            "count": 1
        },
        {
            "answer": "подача кратко и доступно",
            "count": 1
        },
        {
            "answer": "анонимные ящики для обращений",
            "count": 1
        },
        {
            "answer": "обучение применению сиз",
            "count": 1
        },
        {
            "answer": "агитационные плакаты",
            "count": 1
        },
        {
            "answer": "видеоролики с нс",
            "count": 1
        },
        {
            "answer": "информирование регулярное",
            "count": 1
        },
        {
            "answer": "больше практических обучений",
            "count": 1
        },
        {
            "answer": "имидж:профилактика-круто,модно",
            "count": 1
        },
        {
            "answer": "внедрение еос пб",
            "count": 1
        },
        {
            "answer": "применение vr - технологии",
            "count": 1
        },
        {
            "answer": "информирование",
            "count": 1
        },
        {
            "answer": "выделение бюджета",
            "count": 1
        },
        {
            "answer": "обучение",
            "count": 1
        },
        {
            "answer": "обмен опытом между предприятия",
            "count": 1
        },
        {
            "answer": "мотивация",
            "count": 1
        },
        {
            "answer": "дисциплинарная ответственность",
            "count": 1
        },
        {
            "answer": "обучение",
            "count": 1
        },
        {
            "answer": "фото при обзоре нс",
            "count": 1
        },
        {
            "answer": "практическое обучение",
            "count": 1
        },
        {
            "answer": "ежед\n работу с професс рисками",
            "count": 1
        },
        {
            "answer": "честное обсуждение проблем",
            "count": 1
        },
        {
            "answer": "мотивацию уполн-х по от и кбп",
            "count": 1
        },
        {
            "answer": "обучение линейных руководителе",
            "count": 1
        },
        {
            "answer": "обучающие программы",
            "count": 1
        },
        {
            "answer": "наглядность информ о проишеств",
            "count": 1
        },
        {
            "answer": "рассылки с наглядной агитацией",
            "count": 1
        },
        {
            "answer": "исключить бумажную работу",
            "count": 1
        },
        {
            "answer": "избераьельность",
            "count": 1
        },
        {
            "answer": "ознакомление задействованных",
            "count": 1
        },
        {
            "answer": "видео обзоры происшествий",
            "count": 1
        },
        {
            "answer": "шок-контент",
            "count": 1
        },
        {
            "answer": "побольше видиоматериала, для п",
            "count": 1
        },
        {
            "answer": "поощрение хорошо отличившихся",
            "count": 1
        },
        {
            "answer": "причины",
            "count": 1
        },
        {
            "answer": "информирование",
            "count": 1
        }
    ]
}