{
    "id": 1773,
    "question": "Опишите 3 словами вашу работу на проекте в 2021",
    "answers": [
        {
            "answer": "аврал",
            "count": 1
        },
        {
            "answer": "бардак",
            "count": 1
        },
        {
            "answer": "напряженно",
            "count": 1
        },
        {
            "answer": "понимание весело другое",
            "count": 1
        },
        {
            "answer": "интересно",
            "count": 1
        },
        {
            "answer": "интересно",
            "count": 1
        },
        {
            "answer": "интересно",
            "count": 1
        },
        {
            "answer": "мощно",
            "count": 1
        },
        {
            "answer": "продуктивно",
            "count": 1
        },
        {
            "answer": "прогрессивно",
            "count": 1
        },
        {
            "answer": "отсутствие перспектив",
            "count": 1
        },
        {
            "answer": "скука",
            "count": 1
        },
        {
            "answer": "хорошая команда",
            "count": 1
        },
        {
            "answer": "много времени уходят на совеща",
            "count": 1
        },
        {
            "answer": "гонка",
            "count": 1
        },
        {
            "answer": "из споров рождается истина",
            "count": 1
        },
        {
            "answer": "ния",
            "count": 1
        },
        {
            "answer": "не взирая ни на ч",
            "count": 1
        },
        {
            "answer": "патчи",
            "count": 1
        },
        {
            "answer": "0.4",
            "count": 1
        }
    ]
}