{
    "id": 17779,
    "question": "Какое еще направление может вырасти такими темпами?",
    "answers": [
        {
            "answer": "цмфра",
            "count": 1
        },
        {
            "answer": "точно не русат",
            "count": 1
        },
        {
            "answer": "водород",
            "count": 1
        },
        {
            "answer": "оружие",
            "count": 1
        },
        {
            "answer": "пенсии и пособия",
            "count": 1
        },
        {
            "answer": "автотранспорт",
            "count": 1
        },
        {
            "answer": "полёты на марс",
            "count": 1
        },
        {
            "answer": "медицинские маски",
            "count": 1
        },
        {
            "answer": "тест системы ковид",
            "count": 1
        },
        {
            "answer": "водород",
            "count": 1
        },
        {
            "answer": "электронный кремний",
            "count": 1
        },
        {
            "answer": "vr",
            "count": 1
        },
        {
            "answer": "электромобили",
            "count": 1
        },
        {
            "answer": "водород",
            "count": 1
        },
        {
            "answer": "точно не русат",
            "count": 1
        },
        {
            "answer": "медицина",
            "count": 1
        },
        {
            "answer": "креатианая экономика",
            "count": 1
        },
        {
            "answer": "логистика на беспилотниках",
            "count": 1
        },
        {
            "answer": "наркотики в случае их полной л",
            "count": 1
        },
        {
            "answer": "производство лития",
            "count": 1
        },
        {
            "answer": "изготовление микрочипов",
            "count": 1
        },
        {
            "answer": "ядерное оружие",
            "count": 1
        },
        {
            "answer": "алкоголь",
            "count": 1
        },
        {
            "answer": "вооружение и военная техника",
            "count": 1
        },
        {
            "answer": "время покажет",
            "count": 1
        },
        {
            "answer": "оружие",
            "count": 1
        },
        {
            "answer": "водородная энергетика",
            "count": 1
        },
        {
            "answer": "утилизация аккумуляторов.",
            "count": 1
        },
        {
            "answer": "вооружение",
            "count": 1
        },
        {
            "answer": "крипта",
            "count": 1
        }
    ]
}