{
    "id": 17777,
    "question": "Во сколько раз вырастет спрос в России?",
    "answers": [
        {
            "answer": "20 раз",
            "count": 1
        },
        {
            "answer": "60",
            "count": 1
        },
        {
            "answer": "50",
            "count": 1
        },
        {
            "answer": "10...20",
            "count": 1
        },
        {
            "answer": "в 20 раз",
            "count": 1
        },
        {
            "answer": "100",
            "count": 1
        },
        {
            "answer": "30",
            "count": 1
        },
        {
            "answer": "10",
            "count": 1
        },
        {
            "answer": "300",
            "count": 1
        },
        {
            "answer": "3",
            "count": 1
        },
        {
            "answer": "в 5 раз",
            "count": 1
        },
        {
            "answer": "30",
            "count": 1
        },
        {
            "answer": "4 раза",
            "count": 1
        },
        {
            "answer": "4",
            "count": 1
        },
        {
            "answer": "3",
            "count": 1
        },
        {
            "answer": "30",
            "count": 1
        },
        {
            "answer": "5",
            "count": 1
        },
        {
            "answer": "20",
            "count": 1
        },
        {
            "answer": "5",
            "count": 1
        },
        {
            "answer": "10",
            "count": 1
        },
        {
            "answer": "50 раз",
            "count": 1
        },
        {
            "answer": "30",
            "count": 1
        },
        {
            "answer": "5",
            "count": 1
        },
        {
            "answer": "22",
            "count": 1
        },
        {
            "answer": "300",
            "count": 1
        },
        {
            "answer": "29",
            "count": 1
        },
        {
            "answer": "20",
            "count": 1
        },
        {
            "answer": "1000",
            "count": 1
        }
    ]
}