{
    "id": 17827,
    "question": "Зачем я сюда пришёл/пришла?",
    "answers": [
        {
            "answer": "заставили",
            "count": 1
        },
        {
            "answer": "развитие",
            "count": 1
        },
        {
            "answer": "уточнение вектора движения",
            "count": 1
        },
        {
            "answer": "посмотреть",
            "count": 1
        },
        {
            "answer": "развитие",
            "count": 1
        },
        {
            "answer": "понять тренды",
            "count": 1
        },
        {
            "answer": "общение с коллегами",
            "count": 1
        },
        {
            "answer": "узнать стратегию",
            "count": 1
        },
        {
            "answer": "позвали",
            "count": 1
        },
        {
            "answer": "узнать о стратегии",
            "count": 1
        },
        {
            "answer": "найти себя в системе координат",
            "count": 1
        },
        {
            "answer": "встречи с коллегами",
            "count": 1
        },
        {
            "answer": "познакомиться с коллегами",
            "count": 1
        },
        {
            "answer": "узнать приоритеты",
            "count": 1
        },
        {
            "answer": "решать вопросы",
            "count": 1
        },
        {
            "answer": "обменяться опытом",
            "count": 1
        },
        {
            "answer": "подвести итоги",
            "count": 1
        },
        {
            "answer": "проработать планы",
            "count": 1
        },
        {
            "answer": "узнать новое",
            "count": 1
        },
        {
            "answer": "узнать новое",
            "count": 1
        },
        {
            "answer": "новые знания",
            "count": 1
        },
        {
            "answer": "за коллективным мнением",
            "count": 1
        },
        {
            "answer": "новые знания, вовлеченность",
            "count": 1
        },
        {
            "answer": "развитие",
            "count": 1
        },
        {
            "answer": "узнать новое",
            "count": 1
        },
        {
            "answer": "цели на будущее",
            "count": 1
        },
        {
            "answer": "работать в команде",
            "count": 1
        },
        {
            "answer": "отказаться нельзя было",
            "count": 1
        },
        {
            "answer": "приказ",
            "count": 1
        },
        {
            "answer": "развитие",
            "count": 1
        },
        {
            "answer": "узнать новое",
            "count": 1
        },
        {
            "answer": "получить новое",
            "count": 1
        },
        {
            "answer": "общение с коллегами",
            "count": 1
        },
        {
            "answer": "перезагрузка",
            "count": 1
        },
        {
            "answer": "вовлеченность",
            "count": 1
        },
        {
            "answer": "перезагрузка",
            "count": 1
        },
        {
            "answer": "общение с коллегами",
            "count": 1
        },
        {
            "answer": "поставить цели на будущее",
            "count": 1
        },
        {
            "answer": "понять вектор",
            "count": 1
        },
        {
            "answer": "будущие задачи",
            "count": 1
        },
        {
            "answer": "новые знакомства",
            "count": 1
        },
        {
            "answer": "понять вызовы, нетворкинг",
            "count": 1
        },
        {
            "answer": "общение",
            "count": 1
        },
        {
            "answer": "знания",
            "count": 1
        },
        {
            "answer": "оьмен опытом",
            "count": 1
        },
        {
            "answer": "новые знания",
            "count": 1
        },
        {
            "answer": "новые знакомствп",
            "count": 1
        },
        {
            "answer": "новый опыт",
            "count": 1
        },
        {
            "answer": "развитие",
            "count": 1
        },
        {
            "answer": "узнать векторы движения",
            "count": 1
        },
        {
            "answer": "обмен информацией",
            "count": 1
        },
        {
            "answer": "общение",
            "count": 1
        },
        {
            "answer": "сфокусироваться",
            "count": 1
        },
        {
            "answer": "новые цели, знания, общение",
            "count": 1
        },
        {
            "answer": "новые знания",
            "count": 1
        },
        {
            "answer": "узнать новое",
            "count": 1
        },
        {
            "answer": "узнать новое",
            "count": 1
        },
        {
            "answer": "развитие",
            "count": 1
        },
        {
            "answer": "новые тренды",
            "count": 1
        },
        {
            "answer": "обмен опытом",
            "count": 1
        },
        {
            "answer": "трансформация",
            "count": 1
        },
        {
            "answer": "за новым трендом",
            "count": 1
        },
        {
            "answer": "новые знания",
            "count": 1
        },
        {
            "answer": "получить знания",
            "count": 1
        },
        {
            "answer": "узнать новости",
            "count": 1
        },
        {
            "answer": "перезагрузка",
            "count": 1
        },
        {
            "answer": "тренды",
            "count": 1
        },
        {
            "answer": "приоритеты",
            "count": 1
        },
        {
            "answer": "задачи",
            "count": 1
        },
        {
            "answer": "новое",
            "count": 1
        },
        {
            "answer": "послушать",
            "count": 1
        },
        {
            "answer": "знания",
            "count": 1
        },
        {
            "answer": "по приглашению",
            "count": 1
        },
        {
            "answer": "знакомство с коллегами",
            "count": 1
        },
        {
            "answer": "зарядиться энергией",
            "count": 1
        },
        {
            "answer": "быть в потоке событий и инициа",
            "count": 1
        },
        {
            "answer": "узнать новое",
            "count": 1
        },
        {
            "answer": "networking+определить кл цели",
            "count": 1
        },
        {
            "answer": "встреча",
            "count": 1
        },
        {
            "answer": "для развития",
            "count": 1
        },
        {
            "answer": "обмен опытом",
            "count": 1
        },
        {
            "answer": "познать новое",
            "count": 1
        },
        {
            "answer": "узнать, что будет",
            "count": 1
        },
        {
            "answer": "быть в курсе изменений",
            "count": 1
        },
        {
            "answer": "пообщаться и помочь",
            "count": 1
        },
        {
            "answer": "нетворк",
            "count": 1
        },
        {
            "answer": "узнать новое",
            "count": 1
        },
        {
            "answer": "буду думать,куда бежать дальше",
            "count": 1
        },
        {
            "answer": "узнать новое",
            "count": 1
        },
        {
            "answer": "узнать",
            "count": 1
        },
        {
            "answer": "новые знания",
            "count": 1
        },
        {
            "answer": "познакомиться",
            "count": 1
        },
        {
            "answer": "изменить мир",
            "count": 1
        },
        {
            "answer": "найти любовь",
            "count": 1
        },
        {
            "answer": "познать новое",
            "count": 1
        },
        {
            "answer": "узнать куда идем",
            "count": 1
        },
        {
            "answer": "опыт",
            "count": 1
        },
        {
            "answer": "знание",
            "count": 1
        },
        {
            "answer": "пообщаться",
            "count": 1
        },
        {
            "answer": "перезагрузка",
            "count": 1
        },
        {
            "answer": "получить новое направление",
            "count": 1
        },
        {
            "answer": "узнать новое",
            "count": 1
        },
        {
            "answer": "для информации",
            "count": 1
        },
        {
            "answer": "к друзьям",
            "count": 1
        },
        {
            "answer": "пригласили",
            "count": 1
        },
        {
            "answer": "без понятия",
            "count": 1
        },
        {
            "answer": "узнать итоги и вектор развития",
            "count": 1
        },
        {
            "answer": "узнать новое",
            "count": 1
        },
        {
            "answer": "целеполагание",
            "count": 1
        },
        {
            "answer": "за знаниями",
            "count": 1
        },
        {
            "answer": "за информацией",
            "count": 1
        },
        {
            "answer": "новые знания",
            "count": 1
        },
        {
            "answer": "новые знания",
            "count": 1
        },
        {
            "answer": "развиваться",
            "count": 1
        },
        {
            "answer": "работа",
            "count": 1
        },
        {
            "answer": "сверить часы",
            "count": 1
        },
        {
            "answer": "работать",
            "count": 1
        },
        {
            "answer": "новые задачи",
            "count": 1
        },
        {
            "answer": "координация с коллегами",
            "count": 1
        },
        {
            "answer": "узнать планы работы",
            "count": 1
        },
        {
            "answer": "учиться",
            "count": 1
        },
        {
            "answer": "вовлеченность",
            "count": 1
        },
        {
            "answer": "не моё решение",
            "count": 1
        },
        {
            "answer": "за мотивацией",
            "count": 1
        },
        {
            "answer": "узнать что ожидать",
            "count": 1
        },
        {
            "answer": "узнать новое",
            "count": 1
        },
        {
            "answer": "узнать новое",
            "count": 1
        },
        {
            "answer": "почувствовать единомышленников",
            "count": 1
        },
        {
            "answer": "работать",
            "count": 1
        },
        {
            "answer": "инсайт",
            "count": 1
        },
        {
            "answer": "послушать",
            "count": 1
        },
        {
            "answer": "учиться",
            "count": 1
        },
        {
            "answer": "для развития и интерес",
            "count": 1
        },
        {
            "answer": "новые задачи",
            "count": 1
        },
        {
            "answer": "познакомиться",
            "count": 1
        },
        {
            "answer": "узнать приоритеты и ориентиры",
            "count": 1
        },
        {
            "answer": "узнать новое",
            "count": 1
        },
        {
            "answer": "перезагрузка",
            "count": 1
        },
        {
            "answer": "за новостями",
            "count": 1
        },
        {
            "answer": "новые знания",
            "count": 1
        },
        {
            "answer": "за общением с коллегами",
            "count": 1
        },
        {
            "answer": "общение",
            "count": 1
        },
        {
            "answer": "расслабиться",
            "count": 1
        },
        {
            "answer": "новые знания",
            "count": 1
        },
        {
            "answer": "обязали",
            "count": 1
        },
        {
            "answer": "обновиться",
            "count": 1
        },
        {
            "answer": "коворкинг",
            "count": 1
        },
        {
            "answer": "перезагрузка",
            "count": 1
        },
        {
            "answer": "понять цели",
            "count": 1
        },
        {
            "answer": "инсайт",
            "count": 1
        },
        {
            "answer": "позвали...",
            "count": 1
        },
        {
            "answer": "развитие",
            "count": 1
        },
        {
            "answer": "получить новые знания",
            "count": 1
        },
        {
            "answer": "развитие",
            "count": 1
        },
        {
            "answer": "узнать новое",
            "count": 1
        },
        {
            "answer": "общение",
            "count": 1
        }
    ]
}