{
    "id": 1801,
    "question": "По какой теме нужно сделать выступление на следующем ВКС?",
    "answers": [
        {
            "answer": "про ремонты в этом году",
            "count": 1
        },
        {
            "answer": "по охране труда",
            "count": 1
        },
        {
            "answer": "любая",
            "count": 1
        },
        {
            "answer": "информация про укр",
            "count": 1
        },
        {
            "answer": "развитие новых рынков",
            "count": 1
        },
        {
            "answer": "затрудняюсь ответить",
            "count": 1
        },
        {
            "answer": "волонтерство и благотворительн",
            "count": 1
        },
        {
            "answer": "наставничество",
            "count": 1
        },
        {
            "answer": "планы развития компании",
            "count": 1
        },
        {
            "answer": "нет ответа",
            "count": 1
        },
        {
            "answer": "молодёжная политика аэр",
            "count": 1
        },
        {
            "answer": "корпоративная соц. ответ-ть",
            "count": 1
        },
        {
            "answer": "развитие персонала",
            "count": 1
        },
        {
            "answer": "обмен опытом",
            "count": 1
        },
        {
            "answer": "нововведения в по",
            "count": 1
        },
        {
            "answer": "-",
            "count": 1
        },
        {
            "answer": "использование astra linux",
            "count": 1
        },
        {
            "answer": "оплата труда и карьерный рост",
            "count": 1
        },
        {
            "answer": "информирование",
            "count": 1
        },
        {
            "answer": "улучшение рабочей атмосферы",
            "count": 1
        },
        {
            "answer": "перспективы для молодёжи",
            "count": 1
        },
        {
            "answer": "волонтерское движение",
            "count": 1
        },
        {
            "answer": "стратегия аэр",
            "count": 1
        }
    ]
}