{
    "id": 1804,
    "question": "По какому направлению деятельности вы бы хотели реализовать проект / провести мероприятие?",
    "answers": [
        {
            "answer": "любое",
            "count": 1
        },
        {
            "answer": "волонтерская акция",
            "count": 1
        },
        {
            "answer": "-",
            "count": 1
        },
        {
            "answer": "культура безопасности",
            "count": 1
        },
        {
            "answer": "спорт",
            "count": 1
        },
        {
            "answer": "волонтерство благотворительнос",
            "count": 1
        },
        {
            "answer": "киберспорт",
            "count": 1
        },
        {
            "answer": "работа со школьниками",
            "count": 1
        },
        {
            "answer": "форум",
            "count": 1
        },
        {
            "answer": "работа с молодежью",
            "count": 1
        },
        {
            "answer": "развитие молодых работников",
            "count": 1
        },
        {
            "answer": "спорт, пейнтбол",
            "count": 1
        },
        {
            "answer": "спорт, досуг, командообр-ние",
            "count": 1
        },
        {
            "answer": "турслет молодёжи",
            "count": 1
        },
        {
            "answer": "культурно массовые",
            "count": 1
        },
        {
            "answer": "коммуникации",
            "count": 1
        },
        {
            "answer": "-",
            "count": 1
        },
        {
            "answer": "цифровизация",
            "count": 1
        },
        {
            "answer": "культурно-общественное",
            "count": 1
        },
        {
            "answer": "волонтерство",
            "count": 1
        },
        {
            "answer": "спорт",
            "count": 1
        },
        {
            "answer": "не готов",
            "count": 1
        },
        {
            "answer": "комфортная городская среда",
            "count": 1
        },
        {
            "answer": "экология",
            "count": 1
        }
    ]
}