{
    "id": 18128,
    "question": "Что тебе понравилось?",
    "answers": [
        {
            "answer": "люди",
            "count": 1
        },
        {
            "answer": "место",
            "count": 1
        },
        {
            "answer": "алкоголь",
            "count": 1
        },
        {
            "answer": "коллеги",
            "count": 1
        },
        {
            "answer": "место",
            "count": 1
        },
        {
            "answer": "атмосфера",
            "count": 1
        },
        {
            "answer": "коктейли",
            "count": 1
        },
        {
            "answer": "место народ еда атмосфера",
            "count": 1
        },
        {
            "answer": "место",
            "count": 1
        },
        {
            "answer": "атмосфера",
            "count": 1
        },
        {
            "answer": "компания и общение",
            "count": 1
        },
        {
            "answer": "было весело",
            "count": 1
        },
        {
            "answer": "атмосфера",
            "count": 1
        },
        {
            "answer": "заведение/формат",
            "count": 1
        },
        {
            "answer": "люди",
            "count": 1
        },
        {
            "answer": "караоке",
            "count": 1
        },
        {
            "answer": "коктейли",
            "count": 1
        },
        {
            "answer": "организация",
            "count": 1
        },
        {
            "answer": "коллектив",
            "count": 1
        },
        {
            "answer": "возможность встретиться",
            "count": 1
        },
        {
            "answer": "место проведения",
            "count": 1
        },
        {
            "answer": "место",
            "count": 1
        },
        {
            "answer": "вокальный интерактив",
            "count": 1
        },
        {
            "answer": "кейтеринг",
            "count": 1
        },
        {
            "answer": "люди",
            "count": 1
        },
        {
            "answer": "всё, было лампово)",
            "count": 1
        },
        {
            "answer": "место",
            "count": 1
        },
        {
            "answer": "люди",
            "count": 1
        },
        {
            "answer": "всё огонь",
            "count": 1
        }
    ]
}