{
    "id": 18216,
    "question": "Как провели лето? Кто где был?",
    "answers": [
        {
            "answer": "дома",
            "count": 1
        },
        {
            "answer": "работал.",
            "count": 1
        },
        {
            "answer": "был в походе.",
            "count": 1
        },
        {
            "answer": "углич",
            "count": 1
        },
        {
            "answer": "екат",
            "count": 1
        },
        {
            "answer": "красноярск",
            "count": 1
        },
        {
            "answer": "алтай",
            "count": 1
        },
        {
            "answer": "чемал",
            "count": 1
        },
        {
            "answer": "хорошо но мало",
            "count": 1
        },
        {
            "answer": "байкал",
            "count": 1
        },
        {
            "answer": "дорожное путешествие",
            "count": 1
        },
        {
            "answer": "отлично",
            "count": 1
        },
        {
            "answer": "сочи",
            "count": 1
        },
        {
            "answer": "волшебно! море, палатки",
            "count": 1
        },
        {
            "answer": "путешествовал по россии",
            "count": 1
        },
        {
            "answer": "супер",
            "count": 1
        },
        {
            "answer": "5",
            "count": 1
        },
        {
            "answer": "самара",
            "count": 1
        },
        {
            "answer": "уфа",
            "count": 1
        },
        {
            "answer": "отлично",
            "count": 1
        },
        {
            "answer": "весело",
            "count": 1
        },
        {
            "answer": "отлично. бала в отпуске 2.",
            "count": 1
        },
        {
            "answer": "на работе",
            "count": 1
        },
        {
            "answer": "в путешествиях на авто",
            "count": 1
        },
        {
            "answer": "санкт-петербург",
            "count": 1
        },
        {
            "answer": "выборг",
            "count": 1
        },
        {
            "answer": "валаам",
            "count": 1
        },
        {
            "answer": "рускеала",
            "count": 1
        },
        {
            "answer": "екатеринбург",
            "count": 1
        },
        {
            "answer": "в офисе гринатом",
            "count": 1
        },
        {
            "answer": "на даче",
            "count": 1
        },
        {
            "answer": "на работе)))",
            "count": 1
        },
        {
            "answer": "отлично",
            "count": 1
        },
        {
            "answer": "краснодар",
            "count": 1
        },
        {
            "answer": "был в калужской области",
            "count": 1
        },
        {
            "answer": "на волге",
            "count": 1
        },
        {
            "answer": "отдых в деревне",
            "count": 1
        },
        {
            "answer": "строил бассейн",
            "count": 1
        },
        {
            "answer": "тусил в бассейне)",
            "count": 1
        },
        {
            "answer": "много работал",
            "count": 1
        },
        {
            "answer": "отлично!!! 2 ража была на море",
            "count": 1
        },
        {
            "answer": "на работе",
            "count": 1
        },
        {
            "answer": "отлично",
            "count": 1
        },
        {
            "answer": "отлично",
            "count": 1
        },
        {
            "answer": "на работе",
            "count": 1
        },
        {
            "answer": "на работе, и ещё был на работе",
            "count": 1
        },
        {
            "answer": "у родственников",
            "count": 1
        },
        {
            "answer": "на работе",
            "count": 1
        },
        {
            "answer": "четко",
            "count": 1
        },
        {
            "answer": "екатеринбург",
            "count": 1
        },
        {
            "answer": "сочи",
            "count": 1
        },
        {
            "answer": "пенза",
            "count": 1
        },
        {
            "answer": "деревня",
            "count": 1
        },
        {
            "answer": "на работе",
            "count": 1
        },
        {
            "answer": "алтай",
            "count": 1
        },
        {
            "answer": "хакасия",
            "count": 1
        },
        {
            "answer": "дома",
            "count": 1
        },
        {
            "answer": "работа",
            "count": 1
        },
        {
            "answer": "в москве",
            "count": 1
        },
        {
            "answer": "устраивалась на работу",
            "count": 1
        },
        {
            "answer": "в самаре",
            "count": 1
        },
        {
            "answer": "речка, пляж",
            "count": 1
        },
        {
            "answer": "на работе",
            "count": 1
        },
        {
            "answer": "неплохо, грузия",
            "count": 1
        },
        {
            "answer": "работал",
            "count": 1
        },
        {
            "answer": "ехал в магадан",
            "count": 1
        },
        {
            "answer": "москва",
            "count": 1
        },
        {
            "answer": "работал",
            "count": 1
        },
        {
            "answer": "аланья",
            "count": 1
        },
        {
            "answer": "карелия",
            "count": 1
        },
        {
            "answer": "интересно и полезно отдыхаю",
            "count": 1
        },
        {
            "answer": "байкал",
            "count": 1
        },
        {
            "answer": "ок, дома и на даче",
            "count": 1
        },
        {
            "answer": "супер",
            "count": 1
        },
        {
            "answer": "работал, учился новому",
            "count": 1
        },
        {
            "answer": "отлично. мо",
            "count": 1
        },
        {
            "answer": "супер! краснодарский край",
            "count": 1
        },
        {
            "answer": "отлично. сочи",
            "count": 1
        },
        {
            "answer": "работал)",
            "count": 1
        },
        {
            "answer": "был на байкале",
            "count": 1
        },
        {
            "answer": "был в москве",
            "count": 1
        },
        {
            "answer": "дача",
            "count": 1
        },
        {
            "answer": "откос",
            "count": 1
        },
        {
            "answer": "волга",
            "count": 1
        },
        {
            "answer": "лес",
            "count": 1
        },
        {
            "answer": "работал",
            "count": 1
        },
        {
            "answer": "на даче",
            "count": 1
        },
        {
            "answer": "в бане",
            "count": 1
        },
        {
            "answer": "на работе 24/7",
            "count": 1
        },
        {
            "answer": "в работе, без отпуска",
            "count": 1
        },
        {
            "answer": "на даче",
            "count": 1
        },
        {
            "answer": "на работе)",
            "count": 1
        },
        {
            "answer": "москва, крым",
            "count": 1
        },
        {
            "answer": "белоруссия",
            "count": 1
        },
        {
            "answer": "работала, а лето было?",
            "count": 1
        },
        {
            "answer": "абхазия",
            "count": 1
        },
        {
            "answer": "работал",
            "count": 1
        },
        {
            "answer": "в конном походе по алтаю",
            "count": 1
        },
        {
            "answer": "дача",
            "count": 1
        },
        {
            "answer": "отлично! дома",
            "count": 1
        },
        {
            "answer": "калининградская область",
            "count": 1
        },
        {
            "answer": "сибирь",
            "count": 1
        },
        {
            "answer": "работал",
            "count": 1
        },
        {
            "answer": "на работе",
            "count": 1
        },
        {
            "answer": "на работе",
            "count": 1
        },
        {
            "answer": "был в отпуске,теперь на работе",
            "count": 1
        }
    ]
}