{
    "id": 18217,
    "question": "Что вас в последнее время приятно удивило?",
    "answers": [
        {
            "answer": "обновления рабочего процесса",
            "count": 1
        },
        {
            "answer": "трудоустройство в гринатом",
            "count": 1
        },
        {
            "answer": "индексация оклада в гринатом?",
            "count": 1
        },
        {
            "answer": "новые перспективы",
            "count": 1
        },
        {
            "answer": "планы",
            "count": 1
        },
        {
            "answer": "погода в москве",
            "count": 1
        },
        {
            "answer": "книжки",
            "count": 1
        },
        {
            "answer": "успехи в экономике рф",
            "count": 1
        },
        {
            "answer": "успехи в импортозамещении в рф",
            "count": 1
        },
        {
            "answer": "индексация зп",
            "count": 1
        },
        {
            "answer": "индексация",
            "count": 1
        },
        {
            "answer": "тёплая погода",
            "count": 1
        },
        {
            "answer": "трудоустройство в гринатом",
            "count": 1
        },
        {
            "answer": "суммарная прибавка к зп",
            "count": 1
        },
        {
            "answer": "индексация оклада",
            "count": 1
        },
        {
            "answer": "командный дух",
            "count": 1
        },
        {
            "answer": "погода",
            "count": 1
        },
        {
            "answer": "индексация оклада",
            "count": 1
        },
        {
            "answer": "сюрприз на день рождения",
            "count": 1
        },
        {
            "answer": "встреча с коллегами",
            "count": 1
        },
        {
            "answer": "незнаю",
            "count": 1
        },
        {
            "answer": "индексация",
            "count": 1
        },
        {
            "answer": "индексация",
            "count": 1
        },
        {
            "answer": "индексация",
            "count": 1
        },
        {
            "answer": "новые знакомства",
            "count": 1
        },
        {
            "answer": "даже не знаю",
            "count": 1
        },
        {
            "answer": "отзывы по ор",
            "count": 1
        },
        {
            "answer": "nextcloud",
            "count": 1
        },
        {
            "answer": "внимание коллег",
            "count": 1
        },
        {
            "answer": "гринфест",
            "count": 1
        },
        {
            "answer": "интеграция систем",
            "count": 1
        },
        {
            "answer": "жаркое лето",
            "count": 1
        },
        {
            "answer": "возм-сть смены роли в команде",
            "count": 1
        },
        {
            "answer": "работа",
            "count": 1
        },
        {
            "answer": "летняя погода",
            "count": 1
        },
        {
            "answer": "повышение оклада",
            "count": 1
        },
        {
            "answer": "новые задачи",
            "count": 1
        },
        {
            "answer": "работа",
            "count": 1
        },
        {
            "answer": "ничего",
            "count": 1
        },
        {
            "answer": "погода",
            "count": 1
        },
        {
            "answer": "индексация",
            "count": 1
        },
        {
            "answer": "урожай",
            "count": 1
        },
        {
            "answer": "замечательная команда",
            "count": 1
        },
        {
            "answer": "объем работы",
            "count": 1
        },
        {
            "answer": "ослабление жары",
            "count": 1
        },
        {
            "answer": "зарплата",
            "count": 1
        },
        {
            "answer": "индексация)",
            "count": 1
        },
        {
            "answer": "ставки по ипотеке",
            "count": 1
        },
        {
            "answer": "индексация зп",
            "count": 1
        },
        {
            "answer": "концерт",
            "count": 1
        },
        {
            "answer": "х5",
            "count": 1
        },
        {
            "answer": "не было неприятных сюрпризов",
            "count": 1
        },
        {
            "answer": "жаркое лето",
            "count": 1
        },
        {
            "answer": "погода",
            "count": 1
        },
        {
            "answer": "повышение зп",
            "count": 1
        },
        {
            "answer": "переход на новую должность",
            "count": 1
        },
        {
            "answer": "встреча с командой",
            "count": 1
        },
        {
            "answer": "погода",
            "count": 1
        },
        {
            "answer": "урожай",
            "count": 1
        },
        {
            "answer": "ничему не удивляюсь",
            "count": 1
        },
        {
            "answer": "жаркое и долгое лето",
            "count": 1
        },
        {
            "answer": "взяли администратора проекта",
            "count": 1
        },
        {
            "answer": "погода",
            "count": 1
        },
        {
            "answer": "контракт с x5",
            "count": 1
        },
        {
            "answer": "дешевые авто из европы",
            "count": 1
        },
        {
            "answer": "отпуск",
            "count": 1
        },
        {
            "answer": "окончание жары",
            "count": 1
        },
        {
            "answer": "заплата",
            "count": 1
        },
        {
            "answer": "ничего",
            "count": 1
        },
        {
            "answer": "хорошая погода",
            "count": 1
        }
    ]
}