{
    "id": 18218,
    "question": "Название вашей должности в новой структуре?",
    "answers": [
        {
            "answer": "руководитель тех. документации",
            "count": 1
        },
        {
            "answer": "специалист по тестированию",
            "count": 1
        },
        {
            "answer": "руководитель",
            "count": 1
        },
        {
            "answer": "менеджер",
            "count": 1
        },
        {
            "answer": "понтий пилат пятый прокуратор",
            "count": 1
        },
        {
            "answer": "эксперт по бизнес-анализу",
            "count": 1
        },
        {
            "answer": "младший фронтенд специалист",
            "count": 1
        },
        {
            "answer": "специалист техподдержки rpa",
            "count": 1
        },
        {
            "answer": "специалист",
            "count": 1
        },
        {
            "answer": "технической поддержки",
            "count": 1
        },
        {
            "answer": "продуктов rpa",
            "count": 1
        },
        {
            "answer": "developer",
            "count": 1
        },
        {
            "answer": "бендер первой категории",
            "count": 1
        },
        {
            "answer": "неважно",
            "count": 1
        },
        {
            "answer": "people manager",
            "count": 1
        },
        {
            "answer": "руководитель направления,",
            "count": 1
        },
        {
            "answer": "продуктового дизайна",
            "count": 1
        },
        {
            "answer": "руководитель проектов",
            "count": 1
        },
        {
            "answer": "бизнес-аналитик",
            "count": 1
        },
        {
            "answer": "ведущий специалист по разработ",
            "count": 1
        },
        {
            "answer": "ке",
            "count": 1
        },
        {
            "answer": "администратор ит проектов",
            "count": 1
        },
        {
            "answer": "ведущий эксперт",
            "count": 1
        },
        {
            "answer": "мидл фронтенд-разработчик",
            "count": 1
        },
        {
            "answer": "руководитель/эксперт",
            "count": 1
        },
        {
            "answer": "младший специалист-разработчик",
            "count": 1
        },
        {
            "answer": "менеджер проектов",
            "count": 1
        },
        {
            "answer": "специалист разработки",
            "count": 1
        },
        {
            "answer": "ведущий эксперт по разработке",
            "count": 1
        },
        {
            "answer": "повелитель роботов",
            "count": 1
        },
        {
            "answer": "темный властелин роботизации",
            "count": 1
        },
        {
            "answer": "эксперт frontend разработки",
            "count": 1
        },
        {
            "answer": "эксперт веб разработки",
            "count": 1
        },
        {
            "answer": "эксперт по аналитике отдела пр",
            "count": 1
        },
        {
            "answer": "senior разработчик",
            "count": 1
        },
        {
            "answer": "супер админ (режим бога)",
            "count": 1
        },
        {
            "answer": "qa инженер",
            "count": 1
        },
        {
            "answer": "эксперт",
            "count": 1
        },
        {
            "answer": "специалист группы поддержки пр",
            "count": 1
        },
        {
            "answer": "специалист по спасению роботов",
            "count": 1
        },
        {
            "answer": "ux/ui дизайнер",
            "count": 1
        },
        {
            "answer": "холоп",
            "count": 1
        },
        {
            "answer": "мастер по картинкам",
            "count": 1
        },
        {
            "answer": "технический писатель",
            "count": 1
        },
        {
            "answer": "незнаю",
            "count": 1
        },
        {
            "answer": "ведущий аналитик",
            "count": 1
        },
        {
            "answer": "эксперт по разработке",
            "count": 1
        },
        {
            "answer": "руководитель проектов",
            "count": 1
        },
        {
            "answer": "старший специалист",
            "count": 1
        },
        {
            "answer": "руководитель цк по rpa",
            "count": 1
        },
        {
            "answer": "qa-инженер",
            "count": 1
        },
        {
            "answer": "специалист по тестированию",
            "count": 1
        },
        {
            "answer": "разработчик",
            "count": 1
        },
        {
            "answer": "руководитель разработки",
            "count": 1
        },
        {
            "answer": "эксперт. python разработка.",
            "count": 1
        },
        {
            "answer": "повелитель роботов",
            "count": 1
        },
        {
            "answer": "разработчик",
            "count": 1
        },
        {
            "answer": "архитектор rpa",
            "count": 1
        },
        {
            "answer": "специалист по поддержке а.рита",
            "count": 1
        },
        {
            "answer": "специалист поддержки атом.рита",
            "count": 1
        },
        {
            "answer": "ведущий rpa-разработчик",
            "count": 1
        },
        {
            "answer": "главный по мемам",
            "count": 1
        },
        {
            "answer": "еще не придумали",
            "count": 1
        },
        {
            "answer": "бизнес-ассистент",
            "count": 1
        },
        {
            "answer": "руководитель проектов",
            "count": 1
        },
        {
            "answer": "не знаю",
            "count": 1
        },
        {
            "answer": "инженер по машинному обучению",
            "count": 1
        },
        {
            "answer": "владелец продукта",
            "count": 1
        },
        {
            "answer": "product owner",
            "count": 1
        },
        {
            "answer": "руководитель разработки",
            "count": 1
        },
        {
            "answer": "ведущий аналитик",
            "count": 1
        },
        {
            "answer": "владелец продукта",
            "count": 1
        },
        {
            "answer": "прожект менеджер",
            "count": 1
        },
        {
            "answer": "менеджер проектов",
            "count": 1
        },
        {
            "answer": "ведущий аналитик",
            "count": 1
        },
        {
            "answer": "бог",
            "count": 1
        },
        {
            "answer": "менеджер направления",
            "count": 1
        },
        {
            "answer": "новая структура?",
            "count": 1
        }
    ]
}