{
    "id": 18235,
    "question": "Что вас вдохновляет в Видении 2030?",
    "answers": [
        {
            "answer": "амбициозность и наука",
            "count": 1
        },
        {
            "answer": "перспектива",
            "count": 1
        },
        {
            "answer": "лидерская позиция",
            "count": 1
        },
        {
            "answer": "то, что видение есть!",
            "count": 1
        },
        {
            "answer": "масштаб целей",
            "count": 1
        },
        {
            "answer": "итоговый образ",
            "count": 1
        },
        {
            "answer": "амбициозность",
            "count": 1
        },
        {
            "answer": "борьба",
            "count": 1
        },
        {
            "answer": "сверхэмоции",
            "count": 1
        },
        {
            "answer": "технологическое лидерство",
            "count": 1
        },
        {
            "answer": "развитие новых технологий",
            "count": 1
        },
        {
            "answer": "новые продукты",
            "count": 1
        },
        {
            "answer": "амбициозные цели",
            "count": 1
        },
        {
            "answer": "масштаб",
            "count": 1
        },
        {
            "answer": "развитие новых технологий",
            "count": 1
        },
        {
            "answer": "новые технологии фундамент",
            "count": 1
        },
        {
            "answer": "новые бизнесы- основа развития",
            "count": 1
        },
        {
            "answer": "амбициозность",
            "count": 1
        },
        {
            "answer": "чёткие цели",
            "count": 1
        },
        {
            "answer": "масштаб задач",
            "count": 1
        },
        {
            "answer": "отсутствие готовых решений",
            "count": 1
        },
        {
            "answer": "абциозность",
            "count": 1
        },
        {
            "answer": "амбициозность целей",
            "count": 1
        },
        {
            "answer": "#4триллионазвучитгордо",
            "count": 1
        },
        {
            "answer": "ширина охвата производств",
            "count": 1
        },
        {
            "answer": "амбиция",
            "count": 1
        },
        {
            "answer": "амбициозность",
            "count": 1
        },
        {
            "answer": "амбициозность",
            "count": 1
        },
        {
            "answer": "амбициозность, конкретность",
            "count": 1
        },
        {
            "answer": "амбициозность",
            "count": 1
        },
        {
            "answer": "новые продукты",
            "count": 1
        },
        {
            "answer": "развитие",
            "count": 1
        },
        {
            "answer": "что_оно_есть",
            "count": 1
        },
        {
            "answer": "новые технологи",
            "count": 1
        },
        {
            "answer": "лидерство на мировом рынке",
            "count": 1
        },
        {
            "answer": "масштаб",
            "count": 1
        },
        {
            "answer": "амбиции",
            "count": 1
        },
        {
            "answer": "возможности",
            "count": 1
        }
    ]
}