{
    "id": 18237,
    "question": "Что вы делаете для развития клиентоцентричности в своих организациях?",
    "answers": [
        {
            "answer": "обсуждение с заказчиком",
            "count": 1
        },
        {
            "answer": "фокус на сроки",
            "count": 1
        },
        {
            "answer": "соблюдение сроков",
            "count": 1
        },
        {
            "answer": "изучение поребностей",
            "count": 1
        },
        {
            "answer": "повышение качества работы",
            "count": 1
        },
        {
            "answer": "обратная связь",
            "count": 1
        },
        {
            "answer": "проактивный поиск потребности",
            "count": 1
        },
        {
            "answer": "максимальная гибкость",
            "count": 1
        },
        {
            "answer": "семейный офис",
            "count": 1
        },
        {
            "answer": "обратная связь",
            "count": 1
        },
        {
            "answer": "систематическая обратная связь",
            "count": 1
        },
        {
            "answer": "обратная связь на входе также",
            "count": 1
        },
        {
            "answer": "обратная связь",
            "count": 1
        },
        {
            "answer": "обратная связь",
            "count": 1
        },
        {
            "answer": "обратная связь",
            "count": 1
        },
        {
            "answer": "обратная связь",
            "count": 1
        },
        {
            "answer": "обратная связь",
            "count": 1
        },
        {
            "answer": "формировать новые предложения",
            "count": 1
        },
        {
            "answer": "обратная связь",
            "count": 1
        },
        {
            "answer": "бесплатное обучение персонала",
            "count": 1
        }
    ]
}