{
    "id": 1830,
    "question": "Как тебе вторая рабочая неделя?",
    "answers": [
        {
            "answer": "непонятная",
            "count": 1
        },
        {
            "answer": "нормально",
            "count": 1
        },
        {
            "answer": "спокойная",
            "count": 1
        },
        {
            "answer": "норм",
            "count": 1
        },
        {
            "answer": "так же",
            "count": 1
        },
        {
            "answer": "приболел",
            "count": 1
        },
        {
            "answer": "болею",
            "count": 1
        },
        {
            "answer": "будто не было праздников",
            "count": 1
        },
        {
            "answer": "слишком активно для старта",
            "count": 1
        },
        {
            "answer": "огонь",
            "count": 1
        },
        {
            "answer": "супер",
            "count": 1
        },
        {
            "answer": "очень продуктивная",
            "count": 1
        },
        {
            "answer": "очень активная",
            "count": 1
        },
        {
            "answer": "огнь",
            "count": 1
        },
        {
            "answer": "понравилась",
            "count": 1
        },
        {
            "answer": "шикарно",
            "count": 1
        },
        {
            "answer": "продуктивно",
            "count": 1
        },
        {
            "answer": "как и дизайн мг - буээ",
            "count": 1
        },
        {
            "answer": "вторая попытка войти в работу",
            "count": 1
        },
        {
            "answer": "“; drop table users;",
            "count": 1
        }
    ]
}