{
    "id": 18516,
    "question": "В какой период ( месяц) можно было бы проводить ЦЕХ ? ( помимо летнего и зимнего)",
    "answers": [
        {
            "answer": "апрель",
            "count": 1
        },
        {
            "answer": "2 цехов достаточно",
            "count": 1
        },
        {
            "answer": "май",
            "count": 1
        },
        {
            "answer": "весна, осень",
            "count": 1
        },
        {
            "answer": "-",
            "count": 1
        },
        {
            "answer": "лето и зима идеально",
            "count": 1
        },
        {
            "answer": "в начале августа",
            "count": 1
        },
        {
            "answer": "начало марта и конец сентября",
            "count": 1
        },
        {
            "answer": "зима и лето идеальны",
            "count": 1
        },
        {
            "answer": "весной во время праздником",
            "count": 1
        },
        {
            "answer": "весенние каникулы",
            "count": 1
        },
        {
            "answer": "февраль",
            "count": 1
        },
        {
            "answer": "не могу предложить.",
            "count": 1
        },
        {
            "answer": "летний и зимний идеально",
            "count": 1
        },
        {
            "answer": "апрель",
            "count": 1
        },
        {
            "answer": "осенний",
            "count": 1
        },
        {
            "answer": "любой",
            "count": 1
        },
        {
            "answer": "после зимней сессии (февраль)",
            "count": 1
        },
        {
            "answer": "-",
            "count": 1
        },
        {
            "answer": "это самые удобные, поэтому не",
            "count": 1
        },
        {
            "answer": "затрудняюсь ответить",
            "count": 1
        },
        {
            "answer": "🤷🏻",
            "count": 1
        },
        {
            "answer": "в марте или апреле",
            "count": 1
        },
        {
            "answer": "осенний",
            "count": 1
        },
        {
            "answer": "весенний",
            "count": 1
        },
        {
            "answer": "октябрь, март",
            "count": 1
        },
        {
            "answer": "больше, не стоит",
            "count": 1
        },
        {
            "answer": "это самое идеальное время!",
            "count": 1
        },
        {
            "answer": "-",
            "count": 1
        },
        {
            "answer": "апрель и октябрь",
            "count": 1
        },
        {
            "answer": "на майские праздники",
            "count": 1
        },
        {
            "answer": "достаточно этих",
            "count": 1
        },
        {
            "answer": "май, июль, февраль",
            "count": 1
        },
        {
            "answer": "апрель",
            "count": 1
        },
        {
            "answer": "март",
            "count": 1
        },
        {
            "answer": "майские праздники",
            "count": 1
        },
        {
            "answer": "в любой, кроме времени сессии",
            "count": 1
        },
        {
            "answer": "...",
            "count": 1
        },
        {
            "answer": "февраль-март",
            "count": 1
        },
        {
            "answer": "осенью",
            "count": 1
        },
        {
            "answer": "апрель-май",
            "count": 1
        },
        {
            "answer": "октябрь и март",
            "count": 1
        },
        {
            "answer": "во время майских праздников",
            "count": 1
        },
        {
            "answer": "июль",
            "count": 1
        },
        {
            "answer": "октябрь",
            "count": 1
        },
        {
            "answer": "весной",
            "count": 1
        },
        {
            "answer": "сентябрь, март",
            "count": 1
        },
        {
            "answer": "выходные дни",
            "count": 1
        },
        {
            "answer": "достаточно летнего и зимнего",
            "count": 1
        },
        {
            "answer": "эти месяца идеально подходят",
            "count": 1
        },
        {
            "answer": "хотелось бы почаще.",
            "count": 1
        },
        {
            "answer": "мне кажется идеально все",
            "count": 1
        },
        {
            "answer": "осень (сентябрь)",
            "count": 1
        },
        {
            "answer": "октябрь, т.к. далеко от сессии",
            "count": 1
        },
        {
            "answer": "май, т.к. много выходных",
            "count": 1
        },
        {
            "answer": "дополнительная смена летом",
            "count": 1
        },
        {
            "answer": "осенний",
            "count": 1
        },
        {
            "answer": "осень",
            "count": 1
        },
        {
            "answer": "мне кажется летом стоит провод",
            "count": 1
        },
        {
            "answer": "ить в другое время, потому что",
            "count": 1
        },
        {
            "answer": "все заняты подготовкой к учебе",
            "count": 1
        },
        {
            "answer": "осенью так как мало нагрузки",
            "count": 1
        },
        {
            "answer": "в любое время",
            "count": 1
        },
        {
            "answer": "во время длинных праздников",
            "count": 1
        },
        {
            "answer": "октябрь-ноябрь в вечернее врем",
            "count": 1
        },
        {
            "answer": "апрель и ноябрь",
            "count": 1
        },
        {
            "answer": "конец апреля-начало мая",
            "count": 1
        },
        {
            "answer": "конец сентября-начало октября",
            "count": 1
        },
        {
            "answer": "никакой",
            "count": 1
        },
        {
            "answer": "не меняйте ничего",
            "count": 1
        },
        {
            "answer": "на майских каникулах",
            "count": 1
        },
        {
            "answer": "середина семестра",
            "count": 1
        },
        {
            "answer": "с учебой больше никогда😂",
            "count": 1
        },
        {
            "answer": "в мае, думаю - есть праздники",
            "count": 1
        },
        {
            "answer": "но вы не захотите работать😅😂",
            "count": 1
        },
        {
            "answer": "в месяц, когда зз змееносца…",
            "count": 1
        },
        {
            "answer": "…т.е. никогда((( учеба = время",
            "count": 1
        },
        {
            "answer": "летом и зимой идеально",
            "count": 1
        },
        {
            "answer": "ноябрь",
            "count": 1
        },
        {
            "answer": "октябрь",
            "count": 1
        },
        {
            "answer": "осенью (октябрь), весной (март",
            "count": 1
        },
        {
            "answer": "возможно, еще весной",
            "count": 1
        },
        {
            "answer": "на майских каникулах",
            "count": 1
        },
        {
            "answer": "никакие",
            "count": 1
        },
        {
            "answer": "осенью, потому что все грустно",
            "count": 1
        },
        {
            "answer": "эти месяцы оптимальны",
            "count": 1
        },
        {
            "answer": "октябрь-ноябрь",
            "count": 1
        },
        {
            "answer": "весенний цех, в мае",
            "count": 1
        },
        {
            "answer": ".",
            "count": 1
        },
        {
            "answer": "осенью в октябре",
            "count": 1
        }
    ]
}