{
    "id": 18561,
    "question": "Из какого вы региона?",
    "answers": [
        {
            "answer": "омск",
            "count": 4
        },
        {
            "answer": "2",
            "count": 1
        },
        {
            "answer": "башкортостан",
            "count": 9
        },
        {
            "answer": "республика башкортостан",
            "count": 5
        },
        {
            "answer": "уфа",
            "count": 1
        },
        {
            "answer": "алтайский край",
            "count": 14
        },
        {
            "answer": "архангельская область",
            "count": 6
        },
        {
            "answer": "балашиха",
            "count": 2
        },
        {
            "answer": "белгород",
            "count": 6
        },
        {
            "answer": "белгородская область",
            "count": 1
        },
        {
            "answer": "брянск",
            "count": 2
        },
        {
            "answer": "брянская область",
            "count": 2
        },
        {
            "answer": "бурятия",
            "count": 2
        },
        {
            "answer": "великий новгород",
            "count": 2
        },
        {
            "answer": "новгородская область",
            "count": 6
        },
        {
            "answer": "владимир",
            "count": 1
        },
        {
            "answer": "владимирская обл.",
            "count": 1
        },
        {
            "answer": "владимирская область",
            "count": 4
        },
        {
            "answer": "волгоград",
            "count": 1
        },
        {
            "answer": "волгоградская область",
            "count": 3
        },
        {
            "answer": "г. волгоград",
            "count": 2
        },
        {
            "answer": "вологда",
            "count": 1
        },
        {
            "answer": "воронеж",
            "count": 8
        },
        {
            "answer": "воронежская область",
            "count": 4
        },
        {
            "answer": "егорьевск",
            "count": 1
        },
        {
            "answer": "екатеринбург",
            "count": 2
        },
        {
            "answer": "иваново",
            "count": 1
        },
        {
            "answer": "ивановская область",
            "count": 2
        },
        {
            "answer": "иркутск",
            "count": 1
        },
        {
            "answer": "иркутская область",
            "count": 2
        },
        {
            "answer": "кабардино- балкария",
            "count": 1
        },
        {
            "answer": "казахстан",
            "count": 1
        },
        {
            "answer": "калининград",
            "count": 2
        },
        {
            "answer": "калининградская область",
            "count": 2
        },
        {
            "answer": "калужская область",
            "count": 5
        },
        {
            "answer": "камчатский край",
            "count": 3
        },
        {
            "answer": "карачаево-черкессия",
            "count": 1
        },
        {
            "answer": "карачаево-черкесская респ.",
            "count": 1
        },
        {
            "answer": "карелия",
            "count": 2
        },
        {
            "answer": "кемерово",
            "count": 1
        },
        {
            "answer": "кемеровская область",
            "count": 2
        },
        {
            "answer": "киров",
            "count": 6
        },
        {
            "answer": "киров кировская область",
            "count": 1
        },
        {
            "answer": "кировская область",
            "count": 3
        },
        {
            "answer": "краснодарсий край",
            "count": 1
        },
        {
            "answer": "краснодарский край",
            "count": 12
        },
        {
            "answer": "красноярск",
            "count": 6
        },
        {
            "answer": "красноярский край",
            "count": 4
        },
        {
            "answer": "кузбасс",
            "count": 1
        },
        {
            "answer": "курганская область",
            "count": 1
        },
        {
            "answer": "курск",
            "count": 1
        },
        {
            "answer": "ленинградская обл",
            "count": 1
        },
        {
            "answer": "ленинградская область",
            "count": 5
        },
        {
            "answer": "санкт петербург",
            "count": 2
        },
        {
            "answer": "санкт-петербург",
            "count": 15
        },
        {
            "answer": "санкт-петербурга",
            "count": 1
        },
        {
            "answer": "спб",
            "count": 2
        },
        {
            "answer": "липецк",
            "count": 1
        },
        {
            "answer": "липецкая область",
            "count": 2
        },
        {
            "answer": "марий эл",
            "count": 2
        },
        {
            "answer": "республика марий эл",
            "count": 1
        },
        {
            "answer": "москва",
            "count": 13
        },
        {
            "answer": "московская",
            "count": 2
        },
        {
            "answer": "московская область",
            "count": 24
        },
        {
            "answer": "подольск московская область",
            "count": 1
        },
        {
            "answer": "мурманск",
            "count": 4
        },
        {
            "answer": "мурманская область",
            "count": 3
        },
        {
            "answer": "муром",
            "count": 2
        },
        {
            "answer": "нарофоминск",
            "count": 1
        },
        {
            "answer": "наро-фоминск",
            "count": 1
        },
        {
            "answer": "нижегородская область",
            "count": 11
        },
        {
            "answer": "нижний новгород",
            "count": 12
        },
        {
            "answer": "приволжский регион нижний нов",
            "count": 1
        },
        {
            "answer": "новосибирск",
            "count": 7
        },
        {
            "answer": "новосибирская обл",
            "count": 1
        },
        {
            "answer": "новосибирская область",
            "count": 5
        },
        {
            "answer": "раменское",
            "count": 1
        },
        {
            "answer": "омская область",
            "count": 2
        },
        {
            "answer": "республика мордовия",
            "count": 1
        },
        {
            "answer": "оренбург",
            "count": 4
        },
        {
            "answer": "оренбургкая",
            "count": 1
        },
        {
            "answer": "республика саха (якутия)",
            "count": 3
        },
        {
            "answer": "саха (якутия)",
            "count": 1
        },
        {
            "answer": "павлово",
            "count": 1
        },
        {
            "answer": "республика татарстан",
            "count": 7
        },
        {
            "answer": "татарстан",
            "count": 11
        },
        {
            "answer": "татарстан наб. челны",
            "count": 1
        },
        {
            "answer": "пенза",
            "count": 3
        },
        {
            "answer": "пензенская область",
            "count": 2
        },
        {
            "answer": "пенща",
            "count": 1
        },
        {
            "answer": "ростовская область",
            "count": 4
        },
        {
            "answer": "пермский край",
            "count": 4
        },
        {
            "answer": "пермь",
            "count": 1
        },
        {
            "answer": "рязанская область",
            "count": 2
        },
        {
            "answer": "рязанской области",
            "count": 1
        },
        {
            "answer": "рязань",
            "count": 4
        },
        {
            "answer": "поволжье",
            "count": 2
        },
        {
            "answer": "самара",
            "count": 3
        },
        {
            "answer": "самарская область",
            "count": 3
        },
        {
            "answer": "подольск",
            "count": 2
        },
        {
            "answer": "саратов",
            "count": 7
        },
        {
            "answer": "саратовская область",
            "count": 6
        },
        {
            "answer": "сахалин",
            "count": 2
        },
        {
            "answer": "свердловская область",
            "count": 8
        },
        {
            "answer": "северо-западный",
            "count": 1
        },
        {
            "answer": "смоленск",
            "count": 1
        },
        {
            "answer": "смоленская область",
            "count": 1
        },
        {
            "answer": "ставрополь",
            "count": 1
        },
        {
            "answer": "ставропольский край",
            "count": 3
        },
        {
            "answer": "тамбов",
            "count": 2
        },
        {
            "answer": "тамбовская область",
            "count": 2
        },
        {
            "answer": "тверская область",
            "count": 2
        },
        {
            "answer": "томск",
            "count": 5
        },
        {
            "answer": "томская область",
            "count": 1
        },
        {
            "answer": "тула",
            "count": 1
        },
        {
            "answer": "тульская обл.",
            "count": 1
        },
        {
            "answer": "тульская область",
            "count": 4
        },
        {
            "answer": "удмуртия",
            "count": 1
        },
        {
            "answer": "удмуртская республика",
            "count": 4
        },
        {
            "answer": "фцк",
            "count": 1
        },
        {
            "answer": "хабаровский край",
            "count": 3
        },
        {
            "answer": "хмао-югра",
            "count": 2
        },
        {
            "answer": "челябинск",
            "count": 12
        },
        {
            "answer": "челябинская область",
            "count": 9
        },
        {
            "answer": "челябинский областт",
            "count": 1
        },
        {
            "answer": "челябник",
            "count": 1
        },
        {
            "answer": "чувашия",
            "count": 2
        },
        {
            "answer": "чувашия чебоксары",
            "count": 1
        },
        {
            "answer": "ярославль",
            "count": 1
        },
        {
            "answer": "ярославская область",
            "count": 3
        }
    ]
}