{
    "id": 1884,
    "question": "Кем вы будете?",
    "answers": [
        {
            "answer": "химик-аналитик",
            "count": 1
        },
        {
            "answer": "техник по пк",
            "count": 1
        },
        {
            "answer": "специалистом по информационной",
            "count": 1
        },
        {
            "answer": "химиком-инженером",
            "count": 1
        },
        {
            "answer": "инженер-технолог",
            "count": 1
        },
        {
            "answer": "инженер химик",
            "count": 1
        },
        {
            "answer": "инженер",
            "count": 1
        },
        {
            "answer": "сетевой и системный администор",
            "count": 1
        },
        {
            "answer": "энергетик",
            "count": 1
        },
        {
            "answer": "продвинутым специалистом",
            "count": 1
        },
        {
            "answer": "инженер-конструктор",
            "count": 1
        },
        {
            "answer": "инженер-конструктор",
            "count": 1
        },
        {
            "answer": "программист",
            "count": 1
        },
        {
            "answer": "системным администратором",
            "count": 1
        },
        {
            "answer": "студент",
            "count": 1
        },
        {
            "answer": "электронщик/инженер",
            "count": 1
        },
        {
            "answer": "приборист, надеюсь не дворник",
            "count": 1
        },
        {
            "answer": "никеи",
            "count": 1
        },
        {
            "answer": "специалист машиностроитель",
            "count": 1
        },
        {
            "answer": "счастливый инженер",
            "count": 1
        },
        {
            "answer": "инженер-конструктор",
            "count": 1
        },
        {
            "answer": "ученым",
            "count": 1
        },
        {
            "answer": "научным сотрудником",
            "count": 1
        },
        {
            "answer": "ст",
            "count": 1
        },
        {
            "answer": "инженером конструктором",
            "count": 1
        },
        {
            "answer": "дев опс инженер/инженер по раз",
            "count": 1
        },
        {
            "answer": "кибербезопасность",
            "count": 1
        },
        {
            "answer": "геодезист",
            "count": 1
        },
        {
            "answer": "специалист в кибербезопасности",
            "count": 1
        },
        {
            "answer": "хорошим специалистом)",
            "count": 1
        },
        {
            "answer": "информационная безопасность",
            "count": 1
        },
        {
            "answer": "музыкантом и оператором аэс",
            "count": 1
        },
        {
            "answer": "менеджером",
            "count": 1
        },
        {
            "answer": "будущим сотрудником росатома",
            "count": 1
        },
        {
            "answer": "программистом или сисадмином",
            "count": 1
        },
        {
            "answer": "техник технолог",
            "count": 1
        },
        {
            "answer": "специалистом по иб",
            "count": 1
        },
        {
            "answer": "инженер-электронщик",
            "count": 1
        },
        {
            "answer": "инженер-физик",
            "count": 1
        },
        {
            "answer": "инженер робототехник",
            "count": 1
        },
        {
            "answer": "фундаментальная и прикладная ф",
            "count": 1
        },
        {
            "answer": "инженером",
            "count": 1
        },
        {
            "answer": "специалистом по наноэлектроник",
            "count": 1
        },
        {
            "answer": "дизайнером",
            "count": 1
        },
        {
            "answer": "инженер-материаловед",
            "count": 1
        },
        {
            "answer": "электроэнергетик",
            "count": 1
        },
        {
            "answer": "системным администратором",
            "count": 1
        },
        {
            "answer": "физик-ядерщик",
            "count": 1
        },
        {
            "answer": "спец-ист по информ.технологиям",
            "count": 1
        },
        {
            "answer": "химик",
            "count": 1
        },
        {
            "answer": "информационная безопасность",
            "count": 1
        },
        {
            "answer": "инженер",
            "count": 1
        },
        {
            "answer": "работником росатома",
            "count": 1
        },
        {
            "answer": "специалист по иб",
            "count": 1
        },
        {
            "answer": "человеком",
            "count": 1
        },
        {
            "answer": "химиком - атомщиком",
            "count": 1
        },
        {
            "answer": "мл разработчик",
            "count": 1
        },
        {
            "answer": "надеюсь, человеком",
            "count": 1
        },
        {
            "answer": "участником",
            "count": 1
        },
        {
            "answer": "project manager",
            "count": 1
        },
        {
            "answer": "химик-инжинер",
            "count": 1
        },
        {
            "answer": "безумным учёным",
            "count": 1
        },
        {
            "answer": "человеком в первую очередь",
            "count": 1
        },
        {
            "answer": "химиком",
            "count": 1
        },
        {
            "answer": "химик-инженер",
            "count": 1
        },
        {
            "answer": "графический дизайнер",
            "count": 1
        },
        {
            "answer": "спец-лист по защите информаци",
            "count": 1
        },
        {
            "answer": "слушатель",
            "count": 1
        },
        {
            "answer": "инженером",
            "count": 1
        },
        {
            "answer": "студент",
            "count": 1
        },
        {
            "answer": "инженер проектировщик",
            "count": 1
        },
        {
            "answer": "инженером метрологом",
            "count": 1
        },
        {
            "answer": "электроэнергетик",
            "count": 1
        },
        {
            "answer": "физик-ядерщик",
            "count": 1
        },
        {
            "answer": "инженером",
            "count": 1
        },
        {
            "answer": "программистом",
            "count": 1
        },
        {
            "answer": "техник строитель",
            "count": 1
        },
        {
            "answer": "инженер-специалист",
            "count": 1
        },
        {
            "answer": "студент",
            "count": 1
        },
        {
            "answer": "художником",
            "count": 1
        },
        {
            "answer": "проджект менеджер",
            "count": 1
        },
        {
            "answer": "космонавтом?",
            "count": 1
        },
        {
            "answer": "химик",
            "count": 1
        },
        {
            "answer": "???",
            "count": 1
        },
        {
            "answer": "наладчик технологического обор",
            "count": 1
        },
        {
            "answer": "экспертом в своей сфере",
            "count": 1
        },
        {
            "answer": "оперативный персонал аэс",
            "count": 1
        },
        {
            "answer": "хорошим инженером)",
            "count": 1
        },
        {
            "answer": "физик-ядерщик",
            "count": 1
        },
        {
            "answer": "технолог",
            "count": 1
        },
        {
            "answer": "экономист",
            "count": 1
        },
        {
            "answer": "инженер-энергетик",
            "count": 1
        },
        {
            "answer": "материаловед",
            "count": 1
        },
        {
            "answer": "киберпреступником",
            "count": 1
        },
        {
            "answer": "инженер-конструктор",
            "count": 1
        },
        {
            "answer": "инженер-химик",
            "count": 1
        },
        {
            "answer": "инженером по контролю качества",
            "count": 1
        },
        {
            "answer": "программист",
            "count": 1
        },
        {
            "answer": "учитель",
            "count": 1
        },
        {
            "answer": "ядерщиком",
            "count": 1
        },
        {
            "answer": "инженер-химик",
            "count": 1
        },
        {
            "answer": "системный администратор",
            "count": 1
        },
        {
            "answer": "инженером",
            "count": 1
        },
        {
            "answer": "инженер - физик, работник аэс",
            "count": 1
        },
        {
            "answer": "системным администратором",
            "count": 1
        },
        {
            "answer": "инженером в росатоме",
            "count": 1
        },
        {
            "answer": "сетевик",
            "count": 1
        },
        {
            "answer": "инженер-химик",
            "count": 1
        },
        {
            "answer": "системный аналитик",
            "count": 1
        },
        {
            "answer": "атомщиком",
            "count": 1
        },
        {
            "answer": "автоматизатор",
            "count": 1
        },
        {
            "answer": "инженер в сфере автоматизации",
            "count": 1
        },
        {
            "answer": "инженер-конструктор",
            "count": 1
        },
        {
            "answer": "инженером",
            "count": 1
        },
        {
            "answer": "инженер-физик",
            "count": 1
        }
    ]
}