{
    "id": 1886,
    "question": "С какой целью пришли на ЦЕХ?",
    "answers": [
        {
            "answer": "получить уникальные знания",
            "count": 1
        },
        {
            "answer": "чтобы получить новые навыки",
            "count": 1
        },
        {
            "answer": "учиться",
            "count": 1
        },
        {
            "answer": "получить новые знания",
            "count": 1
        },
        {
            "answer": "проявить себя",
            "count": 1
        },
        {
            "answer": "получить опыт взаимодействия",
            "count": 1
        },
        {
            "answer": "новые знания",
            "count": 1
        },
        {
            "answer": "прокачать всех",
            "count": 1
        },
        {
            "answer": "получение новых знаний и опыта",
            "count": 1
        },
        {
            "answer": "освоить новые компетенции",
            "count": 1
        },
        {
            "answer": "получить навыки дизайна",
            "count": 1
        },
        {
            "answer": "узнать о компетенции",
            "count": 1
        },
        {
            "answer": "получить новые знания",
            "count": 1
        },
        {
            "answer": "открыть для себя мир росатома",
            "count": 1
        },
        {
            "answer": "получить паспорт",
            "count": 1
        },
        {
            "answer": "прокачать скиллы",
            "count": 1
        },
        {
            "answer": "находить решение проблемы",
            "count": 1
        },
        {
            "answer": "расширить навыки",
            "count": 1
        },
        {
            "answer": "узнать подробнее про росатом",
            "count": 1
        },
        {
            "answer": "развитие навыков",
            "count": 1
        },
        {
            "answer": "получить новые навыки)",
            "count": 1
        },
        {
            "answer": "развиваться",
            "count": 1
        },
        {
            "answer": "прокачать свой скил",
            "count": 1
        },
        {
            "answer": "узнать себя и свои возможности",
            "count": 1
        },
        {
            "answer": "изучить основы кибербезопаснос",
            "count": 1
        },
        {
            "answer": "получить новые знания",
            "count": 1
        },
        {
            "answer": "расширить кругозор и опыт",
            "count": 1
        },
        {
            "answer": "получить новые скиллы",
            "count": 1
        },
        {
            "answer": "обучиться новому",
            "count": 1
        },
        {
            "answer": "развить свои навыки",
            "count": 1
        },
        {
            "answer": "стандарты",
            "count": 1
        },
        {
            "answer": "получить знания и навыки",
            "count": 1
        },
        {
            "answer": "утёба",
            "count": 1
        },
        {
            "answer": "узнать что-то новое",
            "count": 1
        },
        {
            "answer": "восполнить пробелы в знаниях",
            "count": 1
        },
        {
            "answer": "прокачать базовые навыки",
            "count": 1
        },
        {
            "answer": "узнать новое, и развиваться.",
            "count": 1
        },
        {
            "answer": "узнать новое",
            "count": 1
        },
        {
            "answer": "новые знания",
            "count": 1
        },
        {
            "answer": "техника безопасности",
            "count": 1
        },
        {
            "answer": "получить звания",
            "count": 1
        },
        {
            "answer": "повышение навыков",
            "count": 1
        },
        {
            "answer": "получить знания",
            "count": 1
        },
        {
            "answer": "научиться новому",
            "count": 1
        },
        {
            "answer": "научиться новому",
            "count": 1
        },
        {
            "answer": "получить новые навыки",
            "count": 1
        },
        {
            "answer": "получить новые знания",
            "count": 1
        },
        {
            "answer": "получить новые знания",
            "count": 1
        },
        {
            "answer": "получить новые знания",
            "count": 1
        },
        {
            "answer": "узнать новое",
            "count": 1
        },
        {
            "answer": "моделирование работы электросн",
            "count": 1
        },
        {
            "answer": "испытать свои знания",
            "count": 1
        },
        {
            "answer": "получить новые навыки",
            "count": 1
        },
        {
            "answer": "рост как профессионала",
            "count": 1
        },
        {
            "answer": "изучение 3ds max",
            "count": 1
        },
        {
            "answer": "не",
            "count": 1
        },
        {
            "answer": "углубить свои знания",
            "count": 1
        },
        {
            "answer": "повышение квалификации",
            "count": 1
        },
        {
            "answer": "развиваться",
            "count": 1
        },
        {
            "answer": "прокачать скилы",
            "count": 1
        },
        {
            "answer": "узнать что-то новое)",
            "count": 1
        },
        {
            "answer": "получить новые знания и опыт.",
            "count": 1
        },
        {
            "answer": "развить навыки",
            "count": 1
        },
        {
            "answer": "получить новые знания",
            "count": 1
        },
        {
            "answer": "изучить 3d-моделирование",
            "count": 1
        },
        {
            "answer": "интересное направление",
            "count": 1
        },
        {
            "answer": "повысить уровень знаний",
            "count": 1
        },
        {
            "answer": "учиться, получать знания",
            "count": 1
        },
        {
            "answer": "открыть для себя росатом",
            "count": 1
        },
        {
            "answer": "получить новые возможности",
            "count": 1
        },
        {
            "answer": "узнать что-то новое",
            "count": 1
        },
        {
            "answer": "научиться новому",
            "count": 1
        },
        {
            "answer": "получить новый опыт",
            "count": 1
        },
        {
            "answer": "узнать новое",
            "count": 1
        },
        {
            "answer": "нужная инф. для будущей работы",
            "count": 1
        },
        {
            "answer": "обучаться",
            "count": 1
        },
        {
            "answer": "улучшить свои навыки",
            "count": 1
        },
        {
            "answer": "получить новые знания",
            "count": 1
        },
        {
            "answer": "нетворкинг, знания, компетенци",
            "count": 1
        },
        {
            "answer": "прокачать свои навыки",
            "count": 1
        },
        {
            "answer": "получить новый опыт",
            "count": 1
        },
        {
            "answer": "получить новые знания",
            "count": 1
        },
        {
            "answer": "пригласили",
            "count": 1
        },
        {
            "answer": "получение знаний",
            "count": 1
        },
        {
            "answer": "получить много нового  о по",
            "count": 1
        },
        {
            "answer": "проверить свой уровень",
            "count": 1
        },
        {
            "answer": "образование и развитие навыков",
            "count": 1
        },
        {
            "answer": "новые знания, навыки, знакомст",
            "count": 1
        },
        {
            "answer": "проявить себя",
            "count": 1
        },
        {
            "answer": "изучить тонкости работы в cad",
            "count": 1
        },
        {
            "answer": "учить, учить",
            "count": 1
        },
        {
            "answer": "расширить имеющиеся знания",
            "count": 1
        },
        {
            "answer": "времяпрепровождение",
            "count": 1
        },
        {
            "answer": "новые знания об росатоме",
            "count": 1
        },
        {
            "answer": "получить новые знания",
            "count": 1
        },
        {
            "answer": "повысить свои навыки",
            "count": 1
        },
        {
            "answer": "получить знания, навыки",
            "count": 1
        },
        {
            "answer": "новая компетенция",
            "count": 1
        },
        {
            "answer": "за новым опытом",
            "count": 1
        },
        {
            "answer": "получить новые знания",
            "count": 1
        },
        {
            "answer": "улучшить свои навыки",
            "count": 1
        },
        {
            "answer": "узнать что-нибудь интересное",
            "count": 1
        },
        {
            "answer": "получить знания",
            "count": 1
        },
        {
            "answer": "обучение",
            "count": 1
        },
        {
            "answer": "изучить много нового!",
            "count": 1
        },
        {
            "answer": "получить знания",
            "count": 1
        },
        {
            "answer": "не скажу",
            "count": 1
        },
        {
            "answer": "получение доп. знаний",
            "count": 1
        },
        {
            "answer": "улучшение своих навыков",
            "count": 1
        },
        {
            "answer": "улучшить свои навыки работы",
            "count": 1
        },
        {
            "answer": "получить новые навыки и знания",
            "count": 1
        },
        {
            "answer": "повысить свои скиллы",
            "count": 1
        },
        {
            "answer": "получить новые знания",
            "count": 1
        },
        {
            "answer": "получить компетенции",
            "count": 1
        },
        {
            "answer": "прокачать скиллы",
            "count": 1
        },
        {
            "answer": "получить практические знания",
            "count": 1
        },
        {
            "answer": "узнать новую специальность",
            "count": 1
        },
        {
            "answer": "научиться чему то новому",
            "count": 1
        },
        {
            "answer": "прокачаться",
            "count": 1
        },
        {
            "answer": "повышение навыков конструктора",
            "count": 1
        },
        {
            "answer": "получить дополнительные знания",
            "count": 1
        },
        {
            "answer": "переквалификация",
            "count": 1
        },
        {
            "answer": "попробовать что-то новое",
            "count": 1
        },
        {
            "answer": "учиться",
            "count": 1
        }
    ]
}