{
    "id": 1888,
    "question": "Цех пройдет круто, если я....",
    "answers": [
        {
            "answer": "подниму свой сервер",
            "count": 1
        },
        {
            "answer": "получу новые знания)",
            "count": 1
        },
        {
            "answer": "научусь чему-то новому!",
            "count": 1
        },
        {
            "answer": "много достигну",
            "count": 1
        },
        {
            "answer": "заинтересуюсь",
            "count": 1
        },
        {
            "answer": "научусь считать объемы",
            "count": 1
        },
        {
            "answer": "получу новые знания",
            "count": 1
        },
        {
            "answer": "узнаю что-то новое",
            "count": 1
        },
        {
            "answer": "получу новые навыки",
            "count": 1
        },
        {
            "answer": "получу новые знания",
            "count": 1
        },
        {
            "answer": "получу много знаний",
            "count": 1
        },
        {
            "answer": "прокачаю свой скилл",
            "count": 1
        },
        {
            "answer": "получу удовольствие от занятий",
            "count": 1
        },
        {
            "answer": "круто проведу время с пользой!",
            "count": 1
        },
        {
            "answer": "узнаю что-то новое",
            "count": 1
        },
        {
            "answer": "узнаю что-то новое",
            "count": 1
        },
        {
            "answer": "не буду стесняться",
            "count": 1
        },
        {
            "answer": "захочу на следующий)",
            "count": 1
        },
        {
            "answer": "буду делать дз",
            "count": 1
        },
        {
            "answer": "уничтожу вселенную",
            "count": 1
        },
        {
            "answer": "проснусь в 6 утра, томск (-4)",
            "count": 1
        },
        {
            "answer": "буду успевать всё совмещать",
            "count": 1
        },
        {
            "answer": "познакомлюсь с новыми людьми",
            "count": 1
        },
        {
            "answer": "отдохну, работая",
            "count": 1
        },
        {
            "answer": "сложную деталь",
            "count": 1
        },
        {
            "answer": "буду стараться",
            "count": 1
        },
        {
            "answer": "прокачаю профессиональные навы",
            "count": 1
        },
        {
            "answer": "вынесу какие-то новые знания",
            "count": 1
        },
        {
            "answer": "сделаю для себя новые открытия",
            "count": 1
        },
        {
            "answer": "сумею сопоставить расписания",
            "count": 1
        },
        {
            "answer": "получу практические навыки",
            "count": 1
        },
        {
            "answer": "устроюсь работать на аэс",
            "count": 1
        },
        {
            "answer": "смогу присутствовать на уроках",
            "count": 1
        },
        {
            "answer": "буду хорошо трудиться",
            "count": 1
        },
        {
            "answer": "буду максимально активен",
            "count": 1
        },
        {
            "answer": "чему-то новому смогу научиться",
            "count": 1
        },
        {
            "answer": "буду ходить",
            "count": 1
        },
        {
            "answer": "прокачаюсь хотя бы немного",
            "count": 1
        },
        {
            "answer": "-",
            "count": 1
        },
        {
            "answer": "постараюсь",
            "count": 1
        },
        {
            "answer": "да",
            "count": 1
        },
        {
            "answer": "определю свои проблемы и решу",
            "count": 1
        },
        {
            "answer": "выложусь на все 100%",
            "count": 1
        },
        {
            "answer": "его пройду",
            "count": 1
        },
        {
            "answer": "студент",
            "count": 1
        },
        {
            "answer": "буду работать",
            "count": 1
        },
        {
            "answer": "буду вовлечён в процесс!",
            "count": 1
        },
        {
            "answer": "увижу над чем нужно работать",
            "count": 1
        },
        {
            "answer": "сделаю в инвенторе",
            "count": 1
        },
        {
            "answer": "стану более компетентной",
            "count": 1
        },
        {
            "answer": "буду присутсвовать на нём",
            "count": 1
        },
        {
            "answer": "буду заинтересована",
            "count": 1
        },
        {
            "answer": "успешно усвою пройденное",
            "count": 1
        },
        {
            "answer": "буду на каждом занятии",
            "count": 1
        },
        {
            "answer": "успею поучаствовать во всем",
            "count": 1
        },
        {
            "answer": "прокачаю скиллы",
            "count": 1
        },
        {
            "answer": "буду меньше нервничать",
            "count": 1
        },
        {
            "answer": "в нем поучаствую",
            "count": 1
        },
        {
            "answer": "в нем поучаствую)",
            "count": 1
        },
        {
            "answer": "получу новые знания",
            "count": 1
        },
        {
            "answer": "буду упорно заниматься",
            "count": 1
        },
        {
            "answer": "стану лучшей",
            "count": 1
        },
        {
            "answer": "будет много новой информации",
            "count": 1
        },
        {
            "answer": "в вопросах по лаб.анализу",
            "count": 1
        },
        {
            "answer": "научусь новому",
            "count": 1
        },
        {
            "answer": "буду заинтересован",
            "count": 1
        },
        {
            "answer": "вынесу максимум пользы",
            "count": 1
        },
        {
            "answer": "буду с хорошим настроением",
            "count": 1
        },
        {
            "answer": "прокачаю свои навыки",
            "count": 1
        },
        {
            "answer": "узнаю что-то новое",
            "count": 1
        },
        {
            "answer": "буду в настроении",
            "count": 1
        },
        {
            "answer": "выложусь на все 100%",
            "count": 1
        },
        {
            "answer": "не просплю",
            "count": 1
        },
        {
            "answer": "добьюсь личных целей",
            "count": 1
        },
        {
            "answer": "буду заниматься",
            "count": 1
        },
        {
            "answer": "получу полезные навыки",
            "count": 1
        },
        {
            "answer": "получу вдохновение",
            "count": 1
        },
        {
            "answer": "сфокусируюсь на результате",
            "count": 1
        },
        {
            "answer": "узнаю больше о росатоме",
            "count": 1
        },
        {
            "answer": "сумею дойти до конца",
            "count": 1
        },
        {
            "answer": "узнаю что-нибудь новое",
            "count": 1
        },
        {
            "answer": "буду посещать все занятия",
            "count": 1
        },
        {
            "answer": "повышу свои навыки квалификаци",
            "count": 1
        },
        {
            "answer": "научусь новому",
            "count": 1
        },
        {
            "answer": "научусь чему-то новому",
            "count": 1
        },
        {
            "answer": "получу представ-е о инф.без-ти",
            "count": 1
        },
        {
            "answer": "расширю свой кругозор",
            "count": 1
        },
        {
            "answer": "получу практические навыки",
            "count": 1
        },
        {
            "answer": "освою компетенцию",
            "count": 1
        },
        {
            "answer": "успею все и везде",
            "count": 1
        },
        {
            "answer": "в любом случае, цех -это круто",
            "count": 1
        },
        {
            "answer": "узнаю то, что буду применять",
            "count": 1
        },
        {
            "answer": "прокачаю свой уровень",
            "count": 1
        },
        {
            "answer": "на веру всего нужного",
            "count": 1
        },
        {
            "answer": "со всем справлюсь",
            "count": 1
        },
        {
            "answer": "пойму что мне понравилось",
            "count": 1
        },
        {
            "answer": "за короткое время освою 3dsmax",
            "count": 1
        },
        {
            "answer": "научусь чему-то новому",
            "count": 1
        },
        {
            "answer": "стану лучшим",
            "count": 1
        },
        {
            "answer": "научусь новому",
            "count": 1
        },
        {
            "answer": "углубляться в тяжелые задачи",
            "count": 1
        },
        {
            "answer": "узнаю что-то новое и интересно",
            "count": 1
        },
        {
            "answer": "буду плодотворно работать",
            "count": 1
        },
        {
            "answer": "буду участником",
            "count": 1
        },
        {
            "answer": "научусь новому",
            "count": 1
        },
        {
            "answer": "выйду с новыми знаниями",
            "count": 1
        },
        {
            "answer": "попаду в росатом",
            "count": 1
        },
        {
            "answer": "буду усердно трудиться",
            "count": 1
        },
        {
            "answer": "буду вкладываться в это дело",
            "count": 1
        },
        {
            "answer": "буду активно учавствовать",
            "count": 1
        },
        {
            "answer": "изучу материал",
            "count": 1
        },
        {
            "answer": "сдам демо экзамен :с",
            "count": 1
        },
        {
            "answer": "прокачаю себя",
            "count": 1
        },
        {
            "answer": "получу удовольствие",
            "count": 1
        },
        {
            "answer": "научусь новому",
            "count": 1
        },
        {
            "answer": "нкучусь чему-то новому",
            "count": 1
        },
        {
            "answer": "узнаю много нового",
            "count": 1
        },
        {
            "answer": "научусь чему-то полезному",
            "count": 1
        }
    ]
}