{
    "id": 19235,
    "question": "Какие случаи чаще всего вызывают у вас сложности (максимум 3 ответа)",
    "answers": [
        {
            "answer": "остановка развития эмбрионов",
            "count": 4
        },
        {
            "answer": "остановка эмбрионов в развитии",
            "count": 2
        },
        {
            "answer": "не дорастают до бластоцисты",
            "count": 1
        },
        {
            "answer": "остановки эмбрионов",
            "count": 1
        },
        {
            "answer": "многократные остановки в разв.",
            "count": 1
        },
        {
            "answer": "остановки развития эмбрионов",
            "count": 1
        },
        {
            "answer": "остановка эмбрионов в разв",
            "count": 1
        },
        {
            "answer": "остановка в развитии эмбрионов",
            "count": 1
        },
        {
            "answer": "низкий овариальный резерв",
            "count": 4
        },
        {
            "answer": "низкий резерв",
            "count": 1
        },
        {
            "answer": "низкий овар",
            "count": 1
        },
        {
            "answer": "отсутствие оплодотворения",
            "count": 3
        },
        {
            "answer": "не оплодотворение",
            "count": 1
        },
        {
            "answer": "отсут опл.",
            "count": 1
        },
        {
            "answer": "синдром пустого фолликула",
            "count": 1
        },
        {
            "answer": "низкое качество эмбрионов",
            "count": 1
        },
        {
            "answer": "преждевременное истощение яич",
            "count": 1
        },
        {
            "answer": "некрозооспермия",
            "count": 1
        },
        {
            "answer": "неинтересные",
            "count": 1
        },
        {
            "answer": "перерыв. эупл. берти",
            "count": 1
        },
        {
            "answer": "морфология 0",
            "count": 1
        },
        {
            "answer": "разные",
            "count": 1
        },
        {
            "answer": "отсутсвие дробления эмбрионов",
            "count": 1
        },
        {
            "answer": "блок дробления",
            "count": 1
        },
        {
            "answer": "отсутствие дробления",
            "count": 1
        },
        {
            "answer": "низкий ор + мф +старший рв",
            "count": 1
        },
        {
            "answer": "отсутствие имплантации",
            "count": 1
        },
        {
            "answer": "отсутствие эуплоидных эмбрионо",
            "count": 1
        },
        {
            "answer": "отсут. эмбр",
            "count": 1
        },
        {
            "answer": "частые неудачные исходя эко",
            "count": 1
        },
        {
            "answer": "низкое качество ооцитов",
            "count": 1
        },
        {
            "answer": "незрелые ооцииы",
            "count": 1
        },
        {
            "answer": "получение всех не зрелых ооцит",
            "count": 1
        },
        {
            "answer": "все ооциты незрелые",
            "count": 1
        },
        {
            "answer": "ооциты плохого качества",
            "count": 1
        },
        {
            "answer": "тонкий эндометрий",
            "count": 1
        },
        {
            "answer": "отсутствие беременности при пв",
            "count": 1
        },
        {
            "answer": "биохимические беременности",
            "count": 1
        },
        {
            "answer": "нет м2",
            "count": 1
        },
        {
            "answer": "необъяснимое бесплодие",
            "count": 1
        },
        {
            "answer": "никаких",
            "count": 1
        },
        {
            "answer": "аномальное оплодотворение ( по",
            "count": 1
        },
        {
            "answer": "отсутствие сперматозоидов",
            "count": 1
        },
        {
            "answer": "общение с пациентами",
            "count": 1
        },
        {
            "answer": "возраст",
            "count": 1
        },
        {
            "answer": "мужское бесплодие",
            "count": 1
        },
        {
            "answer": "низкий ответ",
            "count": 1
        },
        {
            "answer": "идиопатическое бесплодие",
            "count": 1
        },
        {
            "answer": "неподвижные сперматозоиды",
            "count": 1
        },
        {
            "answer": "нет бц",
            "count": 1
        },
        {
            "answer": "прер. эупл. бе",
            "count": 1
        }
    ]
}