{
    "id": 19245,
    "question": "Какую мысль заберете себе?",
    "answers": [
        {
            "answer": "отличное",
            "count": 12
        },
        {
            "answer": "супер",
            "count": 6
        },
        {
            "answer": "супер!",
            "count": 2
        },
        {
            "answer": "отлично",
            "count": 2
        },
        {
            "answer": "прекрасное",
            "count": 2
        },
        {
            "answer": "отличное!",
            "count": 2
        },
        {
            "answer": "супер улетное!!!",
            "count": 1
        },
        {
            "answer": "отличное!!!!",
            "count": 1
        },
        {
            "answer": "огонь",
            "count": 1
        },
        {
            "answer": "классное",
            "count": 1
        },
        {
            "answer": "великолепное",
            "count": 1
        },
        {
            "answer": "отличное настроение",
            "count": 1
        },
        {
            "answer": "максимальный подъем",
            "count": 1
        },
        {
            "answer": "отличное ❗️🔥",
            "count": 1
        },
        {
            "answer": "на высоте!",
            "count": 1
        },
        {
            "answer": "каеф",
            "count": 1
        },
        {
            "answer": "волнительно",
            "count": 2
        },
        {
            "answer": "волнительное",
            "count": 2
        },
        {
            "answer": "волнение",
            "count": 1
        },
        {
            "answer": "позитивное",
            "count": 2
        },
        {
            "answer": "позитив",
            "count": 1
        },
        {
            "answer": "на позитиве",
            "count": 1
        },
        {
            "answer": "бодрое позитианое",
            "count": 1
        },
        {
            "answer": "драйв",
            "count": 2
        },
        {
            "answer": "боевое",
            "count": 2
        },
        {
            "answer": "энергичное!",
            "count": 1
        },
        {
            "answer": "доайв",
            "count": 1
        },
        {
            "answer": "драйвово!",
            "count": 1
        },
        {
            "answer": "бодрое настроение",
            "count": 1
        },
        {
            "answer": "заряжен",
            "count": 1
        },
        {
            "answer": "адреналин",
            "count": 1
        },
        {
            "answer": "прилив энергии",
            "count": 1
        },
        {
            "answer": "бодрость",
            "count": 1
        },
        {
            "answer": "энергия на пределе",
            "count": 1
        },
        {
            "answer": "энергия",
            "count": 1
        },
        {
            "answer": "заряженное !",
            "count": 1
        },
        {
            "answer": "боевое!",
            "count": 1
        },
        {
            "answer": "заряд энергии",
            "count": 1
        },
        {
            "answer": "драйвовое",
            "count": 1
        },
        {
            "answer": "интерес",
            "count": 2
        },
        {
            "answer": "интересные идеи",
            "count": 1
        },
        {
            "answer": "заряд от лидеров!!! 🤩",
            "count": 1
        },
        {
            "answer": "вдохновение",
            "count": 1
        },
        {
            "answer": "заряд вдохновения",
            "count": 1
        },
        {
            "answer": "вдохновлённое",
            "count": 1
        },
        {
            "answer": "воодушевление",
            "count": 1
        },
        {
            "answer": "воодушевлена",
            "count": 1
        },
        {
            "answer": "победы",
            "count": 1
        },
        {
            "answer": "успех",
            "count": 1
        },
        {
            "answer": "ништэнг",
            "count": 1
        },
        {
            "answer": "хорошее",
            "count": 1
        },
        {
            "answer": "приподнятое",
            "count": 1
        },
        {
            "answer": "восторг",
            "count": 1
        },
        {
            "answer": "состояние эйфории",
            "count": 1
        },
        {
            "answer": "новые возможности для роста",
            "count": 1
        },
        {
            "answer": "дождливое",
            "count": 1
        },
        {
            "answer": "грустное от дождика",
            "count": 1
        },
        {
            "answer": "предвкушение",
            "count": 1
        },
        {
            "answer": "в предвкушении",
            "count": 1
        },
        {
            "answer": "внимательное",
            "count": 1
        },
        {
            "answer": "открытое общение",
            "count": 1
        },
        {
            "answer": "ожидание новых знакомств",
            "count": 1
        }
    ]
}