{
    "id": 19252,
    "question": "Какой вклад вы готовы внести?",
    "answers": [
        {
            "answer": "идеи",
            "count": 1
        },
        {
            "answer": "идеи",
            "count": 1
        },
        {
            "answer": "сделаем красиво",
            "count": 1
        },
        {
            "answer": "опыт",
            "count": 1
        },
        {
            "answer": "активное участие",
            "count": 1
        },
        {
            "answer": "хорошее настроение",
            "count": 1
        },
        {
            "answer": "идеи",
            "count": 1
        },
        {
            "answer": "время",
            "count": 1
        },
        {
            "answer": "принять участие в проектах",
            "count": 1
        },
        {
            "answer": "позитив",
            "count": 1
        },
        {
            "answer": "конструктив",
            "count": 1
        },
        {
            "answer": "здоровая критика",
            "count": 1
        },
        {
            "answer": "голову",
            "count": 1
        },
        {
            "answer": "идеи экологического движения",
            "count": 1
        },
        {
            "answer": "делать игры по ур",
            "count": 1
        },
        {
            "answer": "поделиться опытом проектов",
            "count": 1
        },
        {
            "answer": "опыт",
            "count": 1
        },
        {
            "answer": "все силы",
            "count": 1
        },
        {
            "answer": "знания",
            "count": 1
        },
        {
            "answer": "участвовать в новых проектах",
            "count": 1
        },
        {
            "answer": "поделиться знаниями",
            "count": 1
        },
        {
            "answer": "рассказать о возможностях",
            "count": 1
        },
        {
            "answer": "максимальный",
            "count": 1
        },
        {
            "answer": "помощь в организац и реализац",
            "count": 1
        },
        {
            "answer": "работать 24/7",
            "count": 1
        },
        {
            "answer": "новые идеи и активное участие",
            "count": 1
        },
        {
            "answer": "идеи",
            "count": 1
        },
        {
            "answer": "ресурсы",
            "count": 1
        },
        {
            "answer": "свежий взгляд",
            "count": 1
        },
        {
            "answer": "производственный опыт",
            "count": 1
        },
        {
            "answer": "новые идеи",
            "count": 1
        },
        {
            "answer": "время",
            "count": 1
        },
        {
            "answer": "время",
            "count": 1
        },
        {
            "answer": "генерировать идеи",
            "count": 1
        },
        {
            "answer": "знания",
            "count": 1
        },
        {
            "answer": "веселье",
            "count": 1
        },
        {
            "answer": "печеньки",
            "count": 1
        },
        {
            "answer": "время, ум и силу",
            "count": 1
        },
        {
            "answer": "свои идеи",
            "count": 1
        },
        {
            "answer": "свое время",
            "count": 1
        },
        {
            "answer": "качественный труд",
            "count": 1
        },
        {
            "answer": "волонтерский проект",
            "count": 1
        },
        {
            "answer": "ум и совесть",
            "count": 1
        },
        {
            "answer": "хорошее настроение",
            "count": 1
        },
        {
            "answer": "готов отдать всего себя",
            "count": 1
        },
        {
            "answer": "активное участие",
            "count": 1
        },
        {
            "answer": "примером",
            "count": 1
        },
        {
            "answer": "креатив",
            "count": 1
        },
        {
            "answer": "вовлечённость",
            "count": 1
        },
        {
            "answer": "взять на себя ответственность",
            "count": 1
        },
        {
            "answer": "счастье",
            "count": 1
        },
        {
            "answer": "новые идеи",
            "count": 1
        },
        {
            "answer": "силы, энергию, развитие",
            "count": 1
        },
        {
            "answer": "активное участие",
            "count": 1
        },
        {
            "answer": "идеи",
            "count": 1
        },
        {
            "answer": "идеи",
            "count": 1
        },
        {
            "answer": "идеи",
            "count": 1
        },
        {
            "answer": "проект",
            "count": 1
        },
        {
            "answer": "энергию, знания",
            "count": 1
        },
        {
            "answer": "готов внести свою улыбку",
            "count": 1
        },
        {
            "answer": "съесть всю еду на кофе-брейке",
            "count": 1
        },
        {
            "answer": "идеи",
            "count": 1
        },
        {
            "answer": "идеи",
            "count": 1
        },
        {
            "answer": "новое видение на решение пробл",
            "count": 1
        },
        {
            "answer": "идеи",
            "count": 1
        },
        {
            "answer": "работать и реализовывать свои!",
            "count": 1
        },
        {
            "answer": "новое мнение",
            "count": 1
        },
        {
            "answer": "активное участие, обмен идеями",
            "count": 1
        }
    ]
}