{
    "id": 19253,
    "question": "Самое ценное для меня за сегодня…",
    "answers": [
        {
            "answer": "новые знакомые",
            "count": 1
        },
        {
            "answer": "модератерство",
            "count": 1
        },
        {
            "answer": "встречи",
            "count": 1
        },
        {
            "answer": "профитроль",
            "count": 1
        },
        {
            "answer": "обмен информацией",
            "count": 1
        },
        {
            "answer": "новые знания, взгляд, мысли",
            "count": 1
        },
        {
            "answer": "знакомство",
            "count": 1
        },
        {
            "answer": "гастен-топ!",
            "count": 1
        },
        {
            "answer": "спикеры",
            "count": 1
        },
        {
            "answer": "знакомства",
            "count": 1
        },
        {
            "answer": "идеи",
            "count": 1
        },
        {
            "answer": "чёткая и доступная информация",
            "count": 1
        },
        {
            "answer": "кофе брейк",
            "count": 1
        },
        {
            "answer": "знакомства",
            "count": 1
        },
        {
            "answer": "отсутствие тайминга",
            "count": 1
        },
        {
            "answer": "техники",
            "count": 1
        },
        {
            "answer": "знакомства",
            "count": 1
        },
        {
            "answer": "кофе-брейк",
            "count": 1
        },
        {
            "answer": "новая информация",
            "count": 1
        },
        {
            "answer": "знания",
            "count": 1
        },
        {
            "answer": "удобный стол",
            "count": 1
        },
        {
            "answer": "много новых идей",
            "count": 1
        },
        {
            "answer": "общение",
            "count": 1
        },
        {
            "answer": "модерация идей",
            "count": 1
        },
        {
            "answer": "обмен опытом",
            "count": 1
        },
        {
            "answer": "сахар не вреден",
            "count": 1
        },
        {
            "answer": "чувство юмора гастена",
            "count": 1
        },
        {
            "answer": "мысли людей из других городов",
            "count": 1
        },
        {
            "answer": "укрепление связей с коллегами",
            "count": 1
        },
        {
            "answer": "обилие информации",
            "count": 1
        },
        {
            "answer": "печеньки",
            "count": 1
        },
        {
            "answer": "общение с колегами",
            "count": 1
        },
        {
            "answer": "знакомства",
            "count": 1
        },
        {
            "answer": "люди",
            "count": 1
        },
        {
            "answer": "иные взгляды",
            "count": 1
        },
        {
            "answer": "критика",
            "count": 1
        },
        {
            "answer": "новые знания",
            "count": 1
        },
        {
            "answer": "встреча с друзьями",
            "count": 1
        },
        {
            "answer": "уйти домой с домашнем заданием",
            "count": 1
        },
        {
            "answer": "гастен - топ!",
            "count": 1
        },
        {
            "answer": "знакомства",
            "count": 1
        },
        {
            "answer": "идеи",
            "count": 1
        },
        {
            "answer": "встреча с друзьями",
            "count": 1
        },
        {
            "answer": "креатив",
            "count": 1
        },
        {
            "answer": "модераторство",
            "count": 1
        },
        {
            "answer": "мозговой штурм",
            "count": 1
        },
        {
            "answer": "работа в команде",
            "count": 1
        },
        {
            "answer": "новые знания",
            "count": 1
        },
        {
            "answer": "знакомство",
            "count": 1
        },
        {
            "answer": "идеи!!!",
            "count": 1
        },
        {
            "answer": "мотивация к действию",
            "count": 1
        },
        {
            "answer": "идеи",
            "count": 1
        },
        {
            "answer": "общение с новыми людьми!",
            "count": 1
        },
        {
            "answer": "обмен опытом и идеями",
            "count": 1
        }
    ]
}