{
    "id": 19251,
    "question": "Ваши ожидания от слёта?",
    "answers": [
        {
            "answer": "кофе-брейк",
            "count": 1
        },
        {
            "answer": "проекты",
            "count": 1
        },
        {
            "answer": "новые знакомства",
            "count": 1
        },
        {
            "answer": "кофе-брейк",
            "count": 1
        },
        {
            "answer": "новых знакомств",
            "count": 1
        },
        {
            "answer": "новый опыт",
            "count": 1
        },
        {
            "answer": "знания",
            "count": 1
        },
        {
            "answer": "знакомства",
            "count": 1
        },
        {
            "answer": "новые идеи, заряд энергии",
            "count": 1
        },
        {
            "answer": "новые проекты",
            "count": 1
        },
        {
            "answer": "новые знакомства",
            "count": 1
        },
        {
            "answer": "развития в разных направлениях",
            "count": 1
        },
        {
            "answer": "новых впечатлений, знакомств",
            "count": 1
        },
        {
            "answer": "поддержку проектов",
            "count": 1
        },
        {
            "answer": "новые идеи",
            "count": 1
        },
        {
            "answer": "опыт коллег",
            "count": 1
        },
        {
            "answer": "мотивация",
            "count": 1
        },
        {
            "answer": "прорывных идей.",
            "count": 1
        },
        {
            "answer": "рождение проекта",
            "count": 1
        },
        {
            "answer": "полезные знакомства",
            "count": 1
        },
        {
            "answer": "инсайты по новым направлениям",
            "count": 1
        },
        {
            "answer": "новых знакомств",
            "count": 1
        },
        {
            "answer": "новые знания",
            "count": 1
        },
        {
            "answer": "новые идеи, план их реализации",
            "count": 1
        },
        {
            "answer": "облако тэгов",
            "count": 1
        },
        {
            "answer": "пополнение в лигу безопасности",
            "count": 1
        },
        {
            "answer": "продуктивн. работа, новые идеи",
            "count": 1
        },
        {
            "answer": "мотивации к развитию",
            "count": 1
        },
        {
            "answer": "новые знакомства",
            "count": 1
        },
        {
            "answer": "новой информации, новых идей",
            "count": 1
        },
        {
            "answer": "идеи",
            "count": 1
        },
        {
            "answer": "дорогу молодым, новые идеи",
            "count": 1
        },
        {
            "answer": "обмен опытом, новые идеи",
            "count": 1
        },
        {
            "answer": "сплочение дивизиона!)))",
            "count": 1
        },
        {
            "answer": "новые идеи, знакомства, опыт",
            "count": 1
        },
        {
            "answer": "знакомство с коллегами",
            "count": 1
        },
        {
            "answer": "хорошей встречи",
            "count": 1
        },
        {
            "answer": "реальных дел",
            "count": 1
        },
        {
            "answer": "новые знакомства",
            "count": 1
        },
        {
            "answer": "интересные знакомства",
            "count": 1
        },
        {
            "answer": "обмен опытом",
            "count": 1
        },
        {
            "answer": "компетенции",
            "count": 1
        },
        {
            "answer": "новых знакомств",
            "count": 1
        },
        {
            "answer": "новый идей",
            "count": 1
        },
        {
            "answer": "возможностей",
            "count": 1
        },
        {
            "answer": "обмен опытом",
            "count": 1
        },
        {
            "answer": "новые знакомства",
            "count": 1
        },
        {
            "answer": "новых идей",
            "count": 1
        },
        {
            "answer": "счастья",
            "count": 1
        },
        {
            "answer": "новый проект",
            "count": 1
        },
        {
            "answer": "новые интересные знакомства",
            "count": 1
        },
        {
            "answer": "полезная информация",
            "count": 1
        },
        {
            "answer": "получить новый опыт",
            "count": 1
        },
        {
            "answer": "знакомства",
            "count": 1
        },
        {
            "answer": "новые знания",
            "count": 1
        },
        {
            "answer": "получение новых знаний",
            "count": 1
        },
        {
            "answer": "интересных презентаций",
            "count": 1
        },
        {
            "answer": "идей",
            "count": 1
        },
        {
            "answer": "получить новый опыт",
            "count": 1
        },
        {
            "answer": "узнать что-то новое",
            "count": 1
        },
        {
            "answer": "знакомств",
            "count": 1
        },
        {
            "answer": "отдохнуть",
            "count": 1
        },
        {
            "answer": "новые идеи, новые знакомства",
            "count": 1
        },
        {
            "answer": "новые проекты",
            "count": 1
        },
        {
            "answer": "генерации идей",
            "count": 1
        },
        {
            "answer": "знакомств и дружбы",
            "count": 1
        },
        {
            "answer": "веселья",
            "count": 1
        },
        {
            "answer": "продуктивной работы",
            "count": 1
        },
        {
            "answer": "поддержку проектов",
            "count": 1
        },
        {
            "answer": "выработка инициатив",
            "count": 1
        },
        {
            "answer": "новые знакомства",
            "count": 1
        },
        {
            "answer": "продуктивной работы",
            "count": 1
        },
        {
            "answer": "знакомства",
            "count": 1
        },
        {
            "answer": "получить новый опыт",
            "count": 1
        },
        {
            "answer": "новые идеи",
            "count": 1
        },
        {
            "answer": "сотрудничество",
            "count": 1
        }
    ]
}