{
    "id": 19391,
    "question": "Какие еще примеры визуального \nуправления вы видите ежедневно?",
    "answers": [
        {
            "answer": "разметка",
            "count": 3
        },
        {
            "answer": "разметка на полу",
            "count": 2
        },
        {
            "answer": "разметка на дороге",
            "count": 1
        },
        {
            "answer": "дорожные разметки",
            "count": 1
        },
        {
            "answer": "дорожная разметка",
            "count": 1
        },
        {
            "answer": "разметка сигнал",
            "count": 1
        },
        {
            "answer": "разметка",
            "count": 1
        },
        {
            "answer": "указатели",
            "count": 3
        },
        {
            "answer": "указатели",
            "count": 1
        },
        {
            "answer": "стрелки направлений",
            "count": 1
        },
        {
            "answer": "указатели в магазине",
            "count": 1
        },
        {
            "answer": "таблички",
            "count": 1
        },
        {
            "answer": "таблички указатели",
            "count": 1
        },
        {
            "answer": "табличка",
            "count": 1
        },
        {
            "answer": "таблички",
            "count": 1
        },
        {
            "answer": "схема эвакуации",
            "count": 1
        },
        {
            "answer": "схема метро",
            "count": 1
        },
        {
            "answer": "планы эвакуации",
            "count": 1
        },
        {
            "answer": "схемы транспорта",
            "count": 1
        },
        {
            "answer": "схема в метро",
            "count": 1
        },
        {
            "answer": "схема",
            "count": 1
        },
        {
            "answer": "схемы",
            "count": 1
        },
        {
            "answer": "табло \"выход\"",
            "count": 1
        },
        {
            "answer": "аварийный выход",
            "count": 1
        },
        {
            "answer": "инфо стэнды",
            "count": 1
        },
        {
            "answer": "инфостенд",
            "count": 1
        },
        {
            "answer": "стенды",
            "count": 1
        },
        {
            "answer": "знаки",
            "count": 1
        },
        {
            "answer": "дорожные знаки",
            "count": 1
        },
        {
            "answer": "знаки",
            "count": 1
        },
        {
            "answer": "знаки",
            "count": 1
        },
        {
            "answer": "диаграммы",
            "count": 1
        },
        {
            "answer": "таблички на кабинетах",
            "count": 1
        },
        {
            "answer": "уровень заряда телефона",
            "count": 1
        },
        {
            "answer": "пешеходный переход",
            "count": 1
        },
        {
            "answer": "торговые марки",
            "count": 1
        },
        {
            "answer": "та",
            "count": 1
        },
        {
            "answer": "своевременная сигнализация",
            "count": 1
        },
        {
            "answer": "пешеходные переходы",
            "count": 1
        },
        {
            "answer": "опасное место",
            "count": 1
        },
        {
            "answer": "эл. Плита",
            "count": 1
        },
        {
            "answer": "в магазинах",
            "count": 1
        },
        {
            "answer": "стандарты раб. места",
            "count": 1
        },
        {
            "answer": "сигнальные таблички",
            "count": 1
        },
        {
            "answer": "паспорт",
            "count": 1
        },
        {
            "answer": "информированность",
            "count": 1
        },
        {
            "answer": "номер квартиры",
            "count": 1
        },
        {
            "answer": "бейджики)",
            "count": 1
        },
        {
            "answer": "красный диск",
            "count": 1
        }
    ]
}