{
    "id": 19393,
    "question": "Для чего внедрять визуальный \nконтроль рабочего пространства?",
    "answers": [
        {
            "answer": "для ускорения процесса",
            "count": 1
        },
        {
            "answer": "сократить время",
            "count": 1
        },
        {
            "answer": "сокращ время протекания процес",
            "count": 1
        },
        {
            "answer": "ускорить процесс",
            "count": 1
        },
        {
            "answer": "ускорение",
            "count": 1
        },
        {
            "answer": "ускорение выполнения процесса",
            "count": 1
        },
        {
            "answer": "ускоряет",
            "count": 1
        },
        {
            "answer": "быстрая работа",
            "count": 1
        },
        {
            "answer": "облегчить работу",
            "count": 2
        },
        {
            "answer": "облегчает работу",
            "count": 1
        },
        {
            "answer": "повышение производительности",
            "count": 2
        },
        {
            "answer": "повысить эффективность рабмест",
            "count": 1
        },
        {
            "answer": "повышение эффективности",
            "count": 1
        },
        {
            "answer": "производительность",
            "count": 1
        },
        {
            "answer": "увеличение производительности",
            "count": 1
        },
        {
            "answer": "повышения производительности т",
            "count": 1
        },
        {
            "answer": "плвышаем производительность ра",
            "count": 1
        },
        {
            "answer": "повысить производительность",
            "count": 1
        },
        {
            "answer": "найти инструмент за 30 секунд",
            "count": 1
        },
        {
            "answer": "рацинальное использование рабо",
            "count": 1
        },
        {
            "answer": "уменьшить брак",
            "count": 1
        },
        {
            "answer": "быстро реагировать на проблемы",
            "count": 1
        },
        {
            "answer": "приятно",
            "count": 1
        },
        {
            "answer": "удобство",
            "count": 1
        },
        {
            "answer": "контроль",
            "count": 1
        },
        {
            "answer": "для разовойпроверки директором",
            "count": 1
        },
        {
            "answer": "порядок на рабочем месте",
            "count": 1
        },
        {
            "answer": "быстро и безопасно работать",
            "count": 1
        },
        {
            "answer": "безопасность",
            "count": 1
        },
        {
            "answer": "предотвращение травм",
            "count": 1
        },
        {
            "answer": "создание ассоциативного ряда",
            "count": 1
        },
        {
            "answer": "уменьшить стресс",
            "count": 1
        },
        {
            "answer": "сокращение потерь",
            "count": 1
        },
        {
            "answer": "красотища",
            "count": 1
        }
    ]
}