{
    "id": 19400,
    "question": "Напишите примеры как вы \nконтролируете реализацию своих \nпроектов (из личного опыта)?",
    "answers": [
        {
            "answer": "канбан",
            "count": 3
        },
        {
            "answer": "электронная платформа кан бан",
            "count": 1
        },
        {
            "answer": "канбан доска",
            "count": 1
        },
        {
            "answer": "кан бан",
            "count": 1
        },
        {
            "answer": "канбан-доска",
            "count": 1
        },
        {
            "answer": "план график мероприятий",
            "count": 2
        },
        {
            "answer": "график проекта",
            "count": 1
        },
        {
            "answer": "личный",
            "count": 2
        },
        {
            "answer": "инфостенд",
            "count": 2
        },
        {
            "answer": "стенд",
            "count": 1
        },
        {
            "answer": "инфостэнд",
            "count": 1
        },
        {
            "answer": "стенд решения проблем",
            "count": 1
        },
        {
            "answer": "диаграмма",
            "count": 1
        },
        {
            "answer": "диаграмма ганта",
            "count": 1
        },
        {
            "answer": "таблицы",
            "count": 1
        },
        {
            "answer": "план",
            "count": 1
        },
        {
            "answer": "исуп",
            "count": 1
        },
        {
            "answer": "scrum",
            "count": 1
        },
        {
            "answer": "контрольные карточки",
            "count": 1
        },
        {
            "answer": "задачи в трелло",
            "count": 1
        },
        {
            "answer": "еженедельные планерки",
            "count": 1
        },
        {
            "answer": "маркировка",
            "count": 1
        }
    ]
}