{
    "id": 19488,
    "question": "Продолжите фразу логистика - это",
    "answers": [
        {
            "answer": "перемещение",
            "count": 5
        },
        {
            "answer": "перемещение грузов",
            "count": 2
        },
        {
            "answer": "система эффективного перемещен",
            "count": 1
        },
        {
            "answer": "совокуп-ть методов перемещения",
            "count": 1
        },
        {
            "answer": "организация перемещения",
            "count": 1
        },
        {
            "answer": "перевозка транспортировка",
            "count": 1
        },
        {
            "answer": "передвижение",
            "count": 1
        },
        {
            "answer": "оптимальное движение чего либо",
            "count": 1
        },
        {
            "answer": "движение",
            "count": 1
        },
        {
            "answer": "движение всего",
            "count": 1
        },
        {
            "answer": "движение запасов",
            "count": 1
        },
        {
            "answer": "оптимальноеперемещение запасов",
            "count": 1
        },
        {
            "answer": "транспортировка товаров по при",
            "count": 1
        },
        {
            "answer": "рацион-е размещ и перемещ груз",
            "count": 1
        },
        {
            "answer": "транспортировка",
            "count": 1
        },
        {
            "answer": "движение продукции",
            "count": 1
        },
        {
            "answer": "искусство перемещения грузов",
            "count": 1
        },
        {
            "answer": "управление",
            "count": 2
        },
        {
            "answer": "доставка",
            "count": 2
        },
        {
            "answer": "система управления доставкой",
            "count": 1
        },
        {
            "answer": "поставки нужно объёма в срок",
            "count": 1
        },
        {
            "answer": "грамотное решение доставки",
            "count": 1
        },
        {
            "answer": "доставка комплектующих",
            "count": 1
        },
        {
            "answer": "цепочки поставок",
            "count": 1
        },
        {
            "answer": "способ доставки тмц и людей",
            "count": 1
        },
        {
            "answer": "обеспечение",
            "count": 1
        },
        {
            "answer": "хранение",
            "count": 1
        },
        {
            "answer": "эффективное хранение",
            "count": 1
        },
        {
            "answer": "материальное обеспечение",
            "count": 1
        },
        {
            "answer": "управление складами",
            "count": 1
        },
        {
            "answer": "управление хранением и перемещ",
            "count": 1
        },
        {
            "answer": "система хранения и перемещения",
            "count": 1
        },
        {
            "answer": "организация хранения и перемещ",
            "count": 1
        },
        {
            "answer": "перемещение хранение движени",
            "count": 1
        },
        {
            "answer": "транспортировка и храненение",
            "count": 1
        },
        {
            "answer": "хранение и транспортировка",
            "count": 1
        },
        {
            "answer": "хранение транспортировка",
            "count": 1
        },
        {
            "answer": "коммуникации",
            "count": 1
        },
        {
            "answer": "отгрузка товара",
            "count": 1
        }
    ]
}