{
    "id": 19499,
    "question": "Вспомните, в каких случаях на предприятии формировали больший запас, чем требовалось?",
    "answers": [
        {
            "answer": "санкции",
            "count": 2
        },
        {
            "answer": "длительность доставки",
            "count": 1
        },
        {
            "answer": "когда долгий срок поставки",
            "count": 1
        },
        {
            "answer": "сроки поставки",
            "count": 1
        },
        {
            "answer": "неправильное планирование",
            "count": 1
        },
        {
            "answer": "нет плана производства/продаж",
            "count": 1
        },
        {
            "answer": "неправильно сформирования потр",
            "count": 1
        },
        {
            "answer": "нет понимания сколько нужно",
            "count": 1
        },
        {
            "answer": "неверное выстраивания пр-ва",
            "count": 1
        },
        {
            "answer": "избытки мощностей",
            "count": 1
        },
        {
            "answer": "рваное производство",
            "count": 1
        },
        {
            "answer": "цена поставляемого тмц",
            "count": 1
        },
        {
            "answer": "оптом дешевле!",
            "count": 1
        },
        {
            "answer": "сокращается стоимость",
            "count": 1
        },
        {
            "answer": "доставка крупной партии дешевл",
            "count": 1
        },
        {
            "answer": "стоимость понижается от увелич",
            "count": 1
        },
        {
            "answer": "нет учёта остатков",
            "count": 1
        },
        {
            "answer": "отсутствие анализа остатков",
            "count": 1
        },
        {
            "answer": "поставки из-за границы",
            "count": 1
        },
        {
            "answer": "ошибка системы",
            "count": 1
        },
        {
            "answer": "уход с рынка поставщика",
            "count": 1
        },
        {
            "answer": "на всякий случай",
            "count": 1
        },
        {
            "answer": "нет контроля",
            "count": 1
        },
        {
            "answer": "большое плечо поставки",
            "count": 1
        },
        {
            "answer": "риск закрытия границ",
            "count": 1
        },
        {
            "answer": "чтобы была работа у рабочих",
            "count": 1
        },
        {
            "answer": "kpi снабжения",
            "count": 1
        },
        {
            "answer": "спрос",
            "count": 1
        },
        {
            "answer": "повышенный сропрос",
            "count": 1
        },
        {
            "answer": "таможенные барьеры",
            "count": 1
        },
        {
            "answer": "поднятие цены на металл",
            "count": 1
        },
        {
            "answer": "ограничение партии поставщиком",
            "count": 1
        },
        {
            "answer": "отсутствие норм расхода",
            "count": 1
        }
    ]
}