{
    "id": 19635,
    "question": "Что такое изменение?",
    "answers": [
        {
            "answer": "улучшение",
            "count": 6
        },
        {
            "answer": "улучшения",
            "count": 5
        },
        {
            "answer": "совершенствование",
            "count": 2
        },
        {
            "answer": "внедрение улучшения",
            "count": 1
        },
        {
            "answer": "улучшение",
            "count": 1
        },
        {
            "answer": "процесс улучшения",
            "count": 1
        },
        {
            "answer": "улучшение в лучшую сторону",
            "count": 1
        },
        {
            "answer": "корректировка",
            "count": 1
        },
        {
            "answer": "изменение в сторону улучшения",
            "count": 1
        },
        {
            "answer": "непрерывное улучшение",
            "count": 1
        },
        {
            "answer": "рост",
            "count": 2
        },
        {
            "answer": "развитие",
            "count": 1
        },
        {
            "answer": "прогресс",
            "count": 1
        },
        {
            "answer": "шаг вперед",
            "count": 1
        },
        {
            "answer": "движение вперед",
            "count": 1
        },
        {
            "answer": "новизна",
            "count": 2
        },
        {
            "answer": "что то новое",
            "count": 2
        },
        {
            "answer": "внедрение новшеств",
            "count": 1
        },
        {
            "answer": "обновление",
            "count": 1
        },
        {
            "answer": "нововведения",
            "count": 1
        },
        {
            "answer": "новшества",
            "count": 1
        },
        {
            "answer": "новая жизнь",
            "count": 1
        },
        {
            "answer": "что-то новое для меня",
            "count": 1
        },
        {
            "answer": "внедрение нового.",
            "count": 1
        },
        {
            "answer": "внедрение нового продукта",
            "count": 1
        },
        {
            "answer": "ввод новых правил",
            "count": 1
        },
        {
            "answer": "перевоплощение",
            "count": 2
        },
        {
            "answer": "преобразование",
            "count": 1
        },
        {
            "answer": "переход к иному",
            "count": 1
        },
        {
            "answer": "переход",
            "count": 1
        },
        {
            "answer": "изменение текущего состояния",
            "count": 1
        },
        {
            "answer": "выход из зоны комфорта",
            "count": 2
        },
        {
            "answer": "выйти из зоны комфорта",
            "count": 1
        },
        {
            "answer": "трудности",
            "count": 1
        },
        {
            "answer": "переход к запланированному.",
            "count": 1
        },
        {
            "answer": "организационные процессы",
            "count": 1
        },
        {
            "answer": "быстрее",
            "count": 1
        },
        {
            "answer": "выше",
            "count": 1
        },
        {
            "answer": "боязнь идти в перед",
            "count": 1
        },
        {
            "answer": "производственные процессы",
            "count": 1
        },
        {
            "answer": "неизвестность",
            "count": 1
        },
        {
            "answer": "шаг вперёд в неизведанное",
            "count": 1
        },
        {
            "answer": "смена мышления и парадигмы",
            "count": 1
        },
        {
            "answer": "меняем привычное мышление",
            "count": 1
        },
        {
            "answer": "сильнее",
            "count": 1
        },
        {
            "answer": "отклонение от постоянного",
            "count": 1
        },
        {
            "answer": "уход от старого привычного",
            "count": 1
        },
        {
            "answer": "уход от старых привычек",
            "count": 1
        },
        {
            "answer": "замена старого на новое",
            "count": 1
        },
        {
            "answer": "корпоративная культура",
            "count": 1
        },
        {
            "answer": "шаг вперёд или назад",
            "count": 1
        },
        {
            "answer": "повышение удовольствия от рабо",
            "count": 1
        },
        {
            "answer": "введение автоматизации",
            "count": 1
        },
        {
            "answer": "необходимость в улучшениях",
            "count": 1
        },
        {
            "answer": "эффективность",
            "count": 1
        }
    ]
}