{
    "id": 19637,
    "question": "Что я применю из того, что узнал сегодня?",
    "answers": [
        {
            "answer": "методы мотивации",
            "count": 2
        },
        {
            "answer": "варианты мотивации",
            "count": 1
        },
        {
            "answer": "мотивация похвала",
            "count": 1
        },
        {
            "answer": "пересмотрим мотивацию",
            "count": 1
        },
        {
            "answer": "варианты нематериальной мотива",
            "count": 1
        },
        {
            "answer": "нематериальная мотривация",
            "count": 1
        },
        {
            "answer": "нематериальная мотивация",
            "count": 1
        },
        {
            "answer": "мотивацию",
            "count": 1
        },
        {
            "answer": "пересмотрю мотивацию",
            "count": 1
        },
        {
            "answer": "информирование",
            "count": 2
        },
        {
            "answer": "инфоримрование",
            "count": 1
        },
        {
            "answer": "усилим информирование",
            "count": 1
        },
        {
            "answer": "информирование сотрудников",
            "count": 1
        },
        {
            "answer": "дополнить систему информирован",
            "count": 1
        },
        {
            "answer": "методы информирования",
            "count": 1
        },
        {
            "answer": "информирование через 5 каналов",
            "count": 1
        },
        {
            "answer": "акцент на информирование",
            "count": 1
        },
        {
            "answer": "5 каналов",
            "count": 1
        },
        {
            "answer": "5 каналов",
            "count": 1
        },
        {
            "answer": "информируем сотрудников",
            "count": 1
        },
        {
            "answer": "инструменты информирования",
            "count": 1
        },
        {
            "answer": "размещение информации",
            "count": 1
        },
        {
            "answer": "ввести в ди бережливое произво",
            "count": 1
        },
        {
            "answer": "вовлеченность директора",
            "count": 1
        },
        {
            "answer": "контроль гд",
            "count": 1
        },
        {
            "answer": "обучение сотрудников",
            "count": 1
        },
        {
            "answer": "методы обучения",
            "count": 1
        },
        {
            "answer": "внедрение культуры поведения",
            "count": 1
        },
        {
            "answer": "личные беседы с сопротивлением",
            "count": 1
        },
        {
            "answer": "все",
            "count": 1
        },
        {
            "answer": "не забывать управление внедрен",
            "count": 1
        },
        {
            "answer": "управление внедрением",
            "count": 1
        },
        {
            "answer": "информирование и мотивацию",
            "count": 1
        },
        {
            "answer": "реальные выгоды материальные",
            "count": 1
        },
        {
            "answer": "личные проекты",
            "count": 1
        },
        {
            "answer": "изменю подход к изменениям",
            "count": 1
        },
        {
            "answer": "применение 4 шагов внедрения",
            "count": 1
        },
        {
            "answer": "4 шага и разминка левой рукой)",
            "count": 1
        },
        {
            "answer": "все 4 шага для внедрения",
            "count": 1
        },
        {
            "answer": "контроль изменений",
            "count": 1
        },
        {
            "answer": "4 шага внедрения изменений",
            "count": 1
        }
    ]
}