{
    "id": 19749,
    "question": "Вопрос 7. Что должны сделать Лидеры безопасности, чтобы снизить травматизм?",
    "answers": [
        {
            "answer": "доходить до коренных причин",
            "count": 1
        },
        {
            "answer": "травмы и работать над ней",
            "count": 1
        },
        {
            "answer": "без формализма, а реально",
            "count": 1
        },
        {
            "answer": "начать говорить об этом",
            "count": 1
        },
        {
            "answer": "повышать грамотность исполните",
            "count": 1
        },
        {
            "answer": "достучаться до сердца работник",
            "count": 1
        },
        {
            "answer": "иметь больше свободного времен",
            "count": 1
        },
        {
            "answer": "информировать руководство",
            "count": 1
        },
        {
            "answer": "проводить полноценный инструкт",
            "count": 1
        },
        {
            "answer": "организовать коммуникацию",
            "count": 1
        },
        {
            "answer": "личный пример, разъяснения по",
            "count": 1
        },
        {
            "answer": "обучать",
            "count": 1
        },
        {
            "answer": "личный пример",
            "count": 1
        },
        {
            "answer": "минимизировать формализм",
            "count": 1
        },
        {
            "answer": "прямая связь с исполнителем",
            "count": 1
        },
        {
            "answer": "упростить бюрократич. нагрузку",
            "count": 1
        },
        {
            "answer": "от слов к делу",
            "count": 1
        },
        {
            "answer": "довести решение до конца",
            "count": 1
        },
        {
            "answer": "снижение нагрузки на лин. рук",
            "count": 1
        },
        {
            "answer": "опер. четкий круг обязанностей",
            "count": 1
        },
        {
            "answer": "убедить работника, что его жиз",
            "count": 1
        },
        {
            "answer": "лидер -это руководитель",
            "count": 1
        },
        {
            "answer": "личный пример",
            "count": 1
        },
        {
            "answer": "открытость: работник/руководит",
            "count": 1
        },
        {
            "answer": "развивать культуру безопас",
            "count": 1
        },
        {
            "answer": "обучать работников",
            "count": 1
        },
        {
            "answer": "обучать",
            "count": 1
        },
        {
            "answer": "личный пример",
            "count": 1
        },
        {
            "answer": "психологические лекции",
            "count": 1
        },
        {
            "answer": "проводить обсуждения ежемесячн",
            "count": 1
        },
        {
            "answer": "создать систему поощрений",
            "count": 1
        },
        {
            "answer": "наладить связь м/д рук. и раб.",
            "count": 1
        },
        {
            "answer": "разъяснение с людьми",
            "count": 1
        },
        {
            "answer": "обмен опытом м/д подразд.",
            "count": 1
        },
        {
            "answer": "выход в поле",
            "count": 1
        },
        {
            "answer": "вовлеченность школы",
            "count": 1
        },
        {
            "answer": "лидерство руководителя",
            "count": 1
        },
        {
            "answer": "на своём примере соблюдение от",
            "count": 1
        },
        {
            "answer": "повышать вовлеченность  детей",
            "count": 1
        },
        {
            "answer": "личный пример",
            "count": 1
        },
        {
            "answer": "организовать досуг на заруб пл",
            "count": 1
        },
        {
            "answer": "инструкции должны быть кратким",
            "count": 1
        },
        {
            "answer": "учиться на чужих ошибках",
            "count": 1
        },
        {
            "answer": "личный пример.",
            "count": 1
        },
        {
            "answer": "обучение с примерами травматиз",
            "count": 1
        },
        {
            "answer": "разграничивать зоны ответсвенн",
            "count": 1
        },
        {
            "answer": "лозунг и дело равны",
            "count": 1
        },
        {
            "answer": "лучше планировать",
            "count": 1
        },
        {
            "answer": "материально поощрять",
            "count": 1
        },
        {
            "answer": "сконцентрироваться на задаче",
            "count": 1
        },
        {
            "answer": "повышение качества инструктажа",
            "count": 1
        },
        {
            "answer": "личный пример",
            "count": 1
        },
        {
            "answer": "вовлечение молодежи",
            "count": 1
        },
        {
            "answer": "только личный пример",
            "count": 1
        },
        {
            "answer": "налаживание коллективной работ",
            "count": 1
        },
        {
            "answer": "разработка технологических кар",
            "count": 1
        },
        {
            "answer": "улучшить коммуникацию",
            "count": 1
        },
        {
            "answer": "личный пример",
            "count": 1
        },
        {
            "answer": "не молчать",
            "count": 1
        },
        {
            "answer": "открытость",
            "count": 1
        },
        {
            "answer": "организация мотивированного",
            "count": 1
        },
        {
            "answer": "организация досуга",
            "count": 1
        },
        {
            "answer": "вовлекать",
            "count": 1
        },
        {
            "answer": "обучать",
            "count": 1
        },
        {
            "answer": "анализировать",
            "count": 1
        },
        {
            "answer": "выявлять зоны развития",
            "count": 1
        },
        {
            "answer": "внедрять инструменты кб",
            "count": 1
        },
        {
            "answer": "повышать правовой уровень",
            "count": 1
        },
        {
            "answer": "подбор персонала",
            "count": 1
        },
        {
            "answer": "мотивация",
            "count": 1
        },
        {
            "answer": "усилить коммуникации с линейны",
            "count": 1
        },
        {
            "answer": "1.грамотность лидера",
            "count": 1
        },
        {
            "answer": "2. заинтересованность",
            "count": 1
        },
        {
            "answer": "3. личная ответственность",
            "count": 1
        },
        {
            "answer": "начать с себя",
            "count": 1
        },
        {
            "answer": "личный пример",
            "count": 1
        },
        {
            "answer": "мотивация персонала",
            "count": 1
        },
        {
            "answer": "воспитание чувства безопасност",
            "count": 1
        },
        {
            "answer": "мотивация материальная",
            "count": 1
        },
        {
            "answer": "больше практического обучения",
            "count": 1
        },
        {
            "answer": "повышать уровень коммуникациив",
            "count": 1
        },
        {
            "answer": "обучение, контроль за обучение",
            "count": 1
        },
        {
            "answer": "улучшить коммуникации",
            "count": 1
        },
        {
            "answer": "работа с персоналом, информиро",
            "count": 1
        },
        {
            "answer": "анализ нагрузки персонала",
            "count": 1
        },
        {
            "answer": "сократить дублирование",
            "count": 1
        },
        {
            "answer": "повернуться лицом к персоналу",
            "count": 1
        },
        {
            "answer": "эскалировать вопросы",
            "count": 1
        },
        {
            "answer": "дать ресурсы линейным",
            "count": 1
        },
        {
            "answer": "донесение информации очно",
            "count": 1
        },
        {
            "answer": "личный пример",
            "count": 1
        },
        {
            "answer": "вовлекать, внедрять",
            "count": 1
        },
        {
            "answer": "личный пример",
            "count": 1
        },
        {
            "answer": "обратить внимание генруководит",
            "count": 1
        },
        {
            "answer": "на безопасность и от.",
            "count": 1
        },
        {
            "answer": "разъяснительную работу",
            "count": 1
        },
        {
            "answer": "материальное стимулирование",
            "count": 1
        },
        {
            "answer": "личный пример",
            "count": 1
        },
        {
            "answer": "личный пример",
            "count": 1
        },
        {
            "answer": "работа по индивидуальному ф",
            "count": 1
        },
        {
            "answer": "развивать культуру безопасност",
            "count": 1
        },
        {
            "answer": "демонстрировать лидерство",
            "count": 1
        },
        {
            "answer": "чаще говорить о важности",
            "count": 1
        },
        {
            "answer": "руководителям реагировать",
            "count": 1
        },
        {
            "answer": "коммуникации и диалоги",
            "count": 1
        },
        {
            "answer": "показывать личный пример",
            "count": 1
        },
        {
            "answer": "не молчать",
            "count": 1
        },
        {
            "answer": "мотивация линейных рук-й",
            "count": 1
        },
        {
            "answer": "обмен опытом",
            "count": 1
        },
        {
            "answer": "независимые проверки",
            "count": 1
        },
        {
            "answer": "работа с семьями",
            "count": 1
        },
        {
            "answer": "помощь психолога",
            "count": 1
        },
        {
            "answer": "ос персонала понимания рисков",
            "count": 1
        },
        {
            "answer": "разбор кейсов с персоналом",
            "count": 1
        },
        {
            "answer": "разбор ошибок в «полях»",
            "count": 1
        },
        {
            "answer": "материальное стимулирование",
            "count": 1
        },
        {
            "answer": "контроль за обучением",
            "count": 1
        },
        {
            "answer": "не проходить мимо нарушений ли",
            "count": 1
        },
        {
            "answer": "анализ нагрузок персонала",
            "count": 1
        },
        {
            "answer": "расставленные приоритеты",
            "count": 1
        },
        {
            "answer": "инструктировать лучше",
            "count": 1
        },
        {
            "answer": "показывать личным примером.",
            "count": 1
        },
        {
            "answer": "личное лидерство",
            "count": 1
        },
        {
            "answer": "комуникации",
            "count": 1
        },
        {
            "answer": "исключить формализм в обучение",
            "count": 1
        },
        {
            "answer": "продвигать выявленные нарушени",
            "count": 1
        },
        {
            "answer": "обеспечить личный пример",
            "count": 1
        },
        {
            "answer": "проводить разъяснительную рабо",
            "count": 1
        },
        {
            "answer": "подача информации в легкой фор",
            "count": 1
        },
        {
            "answer": "взаимодействие с рабочими",
            "count": 1
        },
        {
            "answer": "уменьшение бюрократии",
            "count": 1
        },
        {
            "answer": "личный пример",
            "count": 1
        },
        {
            "answer": "работать с персоналом",
            "count": 1
        },
        {
            "answer": "разработать систему мотивации",
            "count": 1
        },
        {
            "answer": "наладить информирование с живы",
            "count": 1
        },
        {
            "answer": "обучение с примерами",
            "count": 1
        },
        {
            "answer": "изменить отношение к безопасно",
            "count": 1
        },
        {
            "answer": "изменить проведение инструктаж",
            "count": 1
        },
        {
            "answer": "проведение инструктажей",
            "count": 1
        },
        {
            "answer": "патрулирование.",
            "count": 1
        },
        {
            "answer": "контроль рабочих мест",
            "count": 1
        },
        {
            "answer": "поддержка руководства",
            "count": 1
        },
        {
            "answer": "личный пример руководителя",
            "count": 1
        },
        {
            "answer": "лидерство руководителя",
            "count": 1
        },
        {
            "answer": "усилить контроль",
            "count": 1
        },
        {
            "answer": "проводить диалог",
            "count": 1
        },
        {
            "answer": "организация досуга на площадка",
            "count": 1
        },
        {
            "answer": "максимально организовать досуг",
            "count": 1
        },
        {
            "answer": "пропаганда безопасности",
            "count": 1
        },
        {
            "answer": "обратная свзять!",
            "count": 1
        },
        {
            "answer": "живая коммуникация",
            "count": 1
        },
        {
            "answer": "повышать личную ответсвенность",
            "count": 1
        },
        {
            "answer": "организовать досуг",
            "count": 1
        },
        {
            "answer": "работа с персоналом",
            "count": 1
        },
        {
            "answer": "выход в поле",
            "count": 1
        },
        {
            "answer": "следовать существующим регламе",
            "count": 1
        },
        {
            "answer": "независимовая проверка знаний",
            "count": 1
        },
        {
            "answer": "создать систему мотивации",
            "count": 1
        },
        {
            "answer": "площадка для подготовки",
            "count": 1
        },
        {
            "answer": "не молчать и не проходить мимо",
            "count": 1
        },
        {
            "answer": "личный пример и ответственност",
            "count": 1
        },
        {
            "answer": "выявлять предпосылки нарушений",
            "count": 1
        },
        {
            "answer": "привлекать внешних специалисто",
            "count": 1
        },
        {
            "answer": "пример по безоп для детей",
            "count": 1
        },
        {
            "answer": "повысить качество обучения",
            "count": 1
        },
        {
            "answer": "вовлеченность персонала",
            "count": 1
        },
        {
            "answer": "инструктаж",
            "count": 1
        },
        {
            "answer": "личное участие",
            "count": 1
        },
        {
            "answer": "вести разъяснительную работу",
            "count": 1
        },
        {
            "answer": "комплексная работа",
            "count": 1
        },
        {
            "answer": "быть лидером",
            "count": 1
        },
        {
            "answer": "ввести мотивацию",
            "count": 1
        },
        {
            "answer": "разработать программу мотиваци",
            "count": 1
        },
        {
            "answer": "создание раб.групп для контрол",
            "count": 1
        },
        {
            "answer": "все должны быть лидерами безоп",
            "count": 1
        },
        {
            "answer": "информирование",
            "count": 1
        },
        {
            "answer": "беседы",
            "count": 1
        },
        {
            "answer": "работать с персоналом лично",
            "count": 1
        },
        {
            "answer": "информирование сотрудников",
            "count": 1
        },
        {
            "answer": "эффективная коммуникация",
            "count": 1
        },
        {
            "answer": "личный пример",
            "count": 1
        },
        {
            "answer": "активный контроль",
            "count": 1
        },
        {
            "answer": "поощрения",
            "count": 1
        },
        {
            "answer": "личный пример",
            "count": 1
        },
        {
            "answer": "ответственный наблюдатель",
            "count": 1
        },
        {
            "answer": "найти время для безопасности",
            "count": 1
        },
        {
            "answer": "мотивация",
            "count": 1
        },
        {
            "answer": "не молчать",
            "count": 1
        },
        {
            "answer": "не проходить мимо",
            "count": 1
        },
        {
            "answer": "улучшать качество работы",
            "count": 1
        },
        {
            "answer": "снизить дистанцию власти",
            "count": 1
        },
        {
            "answer": "качественное обучение",
            "count": 1
        },
        {
            "answer": "мониторинг работы",
            "count": 1
        },
        {
            "answer": "систематизация процесса",
            "count": 1
        },
        {
            "answer": "работа «в полях»; пропаганда",
            "count": 1
        },
        {
            "answer": "обучение персонала,мотивация",
            "count": 1
        },
        {
            "answer": "бороться с формализмом",
            "count": 1
        },
        {
            "answer": "командная работа с персоналом",
            "count": 1
        },
        {
            "answer": "донести рук-ву важность отикб",
            "count": 1
        },
        {
            "answer": "чаще посещать производсто",
            "count": 1
        },
        {
            "answer": "повышение мотивации соблюдать",
            "count": 1
        },
        {
            "answer": "начать с себя",
            "count": 1
        },
        {
            "answer": "проводить вовлекающий инструкт",
            "count": 1
        },
        {
            "answer": "поддержка 1 лица предприятия",
            "count": 1
        },
        {
            "answer": "участие в жизни работника",
            "count": 1
        },
        {
            "answer": "стимулир. материально уполномо",
            "count": 1
        },
        {
            "answer": "лучший опыт, коммуникация",
            "count": 1
        },
        {
            "answer": "качественная проверка знаний",
            "count": 1
        },
        {
            "answer": "усилить профилактическую работ",
            "count": 1
        },
        {
            "answer": "приверженность к кб",
            "count": 1
        },
        {
            "answer": "показать личный пример",
            "count": 1
        },
        {
            "answer": "обучение,  мотивация",
            "count": 1
        },
        {
            "answer": "личный пример",
            "count": 1
        },
        {
            "answer": "напоминать о соблюдении правил",
            "count": 1
        },
        {
            "answer": "диалоги с работниками",
            "count": 1
        },
        {
            "answer": "закупка качественных сиз",
            "count": 1
        },
        {
            "answer": "не быть равнодушным",
            "count": 1
        },
        {
            "answer": "исключить формальный подход",
            "count": 1
        },
        {
            "answer": "контроль выдачи нарядов",
            "count": 1
        },
        {
            "answer": "проводить независимый контроль",
            "count": 1
        },
        {
            "answer": "работать с персоналом",
            "count": 1
        },
        {
            "answer": "усилить связь с руководством",
            "count": 1
        },
        {
            "answer": "победить формализм",
            "count": 1
        },
        {
            "answer": "вести разъяснительную работу",
            "count": 1
        },
        {
            "answer": "найти свободное время",
            "count": 1
        },
        {
            "answer": "работа с коллективом",
            "count": 1
        },
        {
            "answer": "не молчать и не проходить мимо",
            "count": 1
        },
        {
            "answer": "больше информации",
            "count": 1
        },
        {
            "answer": "вовлекать, поддерживать",
            "count": 1
        },
        {
            "answer": "мотивация",
            "count": 1
        },
        {
            "answer": "личный пример.",
            "count": 1
        },
        {
            "answer": "минутки безопасности",
            "count": 1
        },
        {
            "answer": "быть лидерами",
            "count": 1
        },
        {
            "answer": "наставничество",
            "count": 1
        }
    ]
}