{
    "id": 19747,
    "question": "Вопрос 5. В чем, по Вашему мнению, причина роста травматизма?",
    "answers": [
        {
            "answer": "нарушение  тб",
            "count": 1
        },
        {
            "answer": "безответственность",
            "count": 1
        },
        {
            "answer": "невнимательность",
            "count": 1
        },
        {
            "answer": "недостаток обучения",
            "count": 1
        },
        {
            "answer": "непонимание техпроцесса",
            "count": 1
        },
        {
            "answer": "отвлечения",
            "count": 1
        },
        {
            "answer": "формальное отношение к безопас",
            "count": 1
        },
        {
            "answer": "халатность",
            "count": 1
        },
        {
            "answer": "халатность",
            "count": 1
        },
        {
            "answer": "низкая ответственность",
            "count": 1
        },
        {
            "answer": "самоуверенность",
            "count": 1
        },
        {
            "answer": "инфантилизм",
            "count": 1
        },
        {
            "answer": "формальное отношение к кб",
            "count": 1
        },
        {
            "answer": "снижение личной ответственност",
            "count": 1
        },
        {
            "answer": "неподготовленность лин.рук.",
            "count": 1
        },
        {
            "answer": "торопливость",
            "count": 1
        },
        {
            "answer": "лишние действия",
            "count": 1
        },
        {
            "answer": "неосторожность",
            "count": 1
        },
        {
            "answer": "безответственность",
            "count": 1
        },
        {
            "answer": "отсутствует воспитательная раб",
            "count": 1
        },
        {
            "answer": "халатность",
            "count": 1
        },
        {
            "answer": "старое оборудование",
            "count": 1
        },
        {
            "answer": "формализм",
            "count": 1
        },
        {
            "answer": "нет работы над ошибками",
            "count": 1
        },
        {
            "answer": "нет времени у руководства",
            "count": 1
        },
        {
            "answer": "спешка, безответственность",
            "count": 1
        },
        {
            "answer": "отсутствие квалификации руково",
            "count": 1
        },
        {
            "answer": "низкая квалификация",
            "count": 1
        },
        {
            "answer": "непонимание последствий",
            "count": 1
        },
        {
            "answer": "низкая кб",
            "count": 1
        },
        {
            "answer": "низкий уровень жизни",
            "count": 1
        },
        {
            "answer": "невнимательность работника",
            "count": 1
        },
        {
            "answer": "неосторожность работника",
            "count": 1
        },
        {
            "answer": "+",
            "count": 1
        },
        {
            "answer": "низкое обучение",
            "count": 1
        },
        {
            "answer": "самоуверенность",
            "count": 1
        },
        {
            "answer": "+",
            "count": 1
        },
        {
            "answer": "слабый контроль лин. руководст",
            "count": 1
        },
        {
            "answer": "самоуверенность",
            "count": 1
        },
        {
            "answer": "отсутствие",
            "count": 1
        },
        {
            "answer": "инстинкта",
            "count": 1
        },
        {
            "answer": "самосохранения",
            "count": 1
        },
        {
            "answer": "уровень жизни в стране",
            "count": 1
        },
        {
            "answer": "халатность работников",
            "count": 1
        },
        {
            "answer": "сниженный контроль от руковод",
            "count": 1
        },
        {
            "answer": "низкая компетентность в кб",
            "count": 1
        },
        {
            "answer": "отсутствие нормативной базы",
            "count": 1
        },
        {
            "answer": "слабое информирование персонал",
            "count": 1
        },
        {
            "answer": "плохая работа с персоналом",
            "count": 1
        },
        {
            "answer": "формализм",
            "count": 1
        },
        {
            "answer": "отсутствие обучения",
            "count": 1
        },
        {
            "answer": "человеческий фактор",
            "count": 1
        },
        {
            "answer": "личная беспечность",
            "count": 1
        },
        {
            "answer": "спешка",
            "count": 1
        },
        {
            "answer": "низкая мотивация работников",
            "count": 1
        },
        {
            "answer": "халатность",
            "count": 1
        },
        {
            "answer": "формализм",
            "count": 1
        },
        {
            "answer": "низкий уровень оплаты труда",
            "count": 1
        },
        {
            "answer": "халатность",
            "count": 1
        },
        {
            "answer": "халатность",
            "count": 1
        },
        {
            "answer": "формальное отношение",
            "count": 1
        },
        {
            "answer": "🥴",
            "count": 1
        },
        {
            "answer": "безответственность",
            "count": 1
        },
        {
            "answer": "личная халатность",
            "count": 1
        },
        {
            "answer": "халатность",
            "count": 1
        },
        {
            "answer": "недоработки руководителей",
            "count": 1
        },
        {
            "answer": "недостатки в части кб и от",
            "count": 1
        },
        {
            "answer": "недостаток в обучении персонал",
            "count": 1
        },
        {
            "answer": "утомление, перенапряжение.",
            "count": 1
        },
        {
            "answer": "вера в удачу, отс.наказаний",
            "count": 1
        },
        {
            "answer": "бесконечный рост обязанностей",
            "count": 1
        },
        {
            "answer": "низкая осведомленность",
            "count": 1
        },
        {
            "answer": "отсутствие анализа последствий",
            "count": 1
        },
        {
            "answer": "неправильных действий или",
            "count": 1
        },
        {
            "answer": "отступлений от правил",
            "count": 1
        },
        {
            "answer": "или инструкций",
            "count": 1
        },
        {
            "answer": "дисциплина труда",
            "count": 1
        },
        {
            "answer": "отсутствие контроля",
            "count": 1
        },
        {
            "answer": "неприменение сиз",
            "count": 1
        },
        {
            "answer": "аварийные работы",
            "count": 1
        },
        {
            "answer": "отсутствие инструктажа по от",
            "count": 1
        },
        {
            "answer": "перегруженность лин. рук-лей",
            "count": 1
        },
        {
            "answer": "удрали институт бригадиров",
            "count": 1
        },
        {
            "answer": "сокращают мастеров",
            "count": 1
        },
        {
            "answer": "безолаберность на местах.",
            "count": 1
        },
        {
            "answer": "чрезмерная бюрократизация.",
            "count": 1
        },
        {
            "answer": "неактуальные бланки наряд.-доп",
            "count": 1
        },
        {
            "answer": "формализм",
            "count": 1
        },
        {
            "answer": "1.торопливость",
            "count": 1
        },
        {
            "answer": "2.плохая профессиональная подг",
            "count": 1
        },
        {
            "answer": "нет времени думать о безопасн.",
            "count": 1
        },
        {
            "answer": "устаревшее оборудование",
            "count": 1
        },
        {
            "answer": "нехватка специалистов",
            "count": 1
        },
        {
            "answer": "в этой работе нет системы",
            "count": 1
        },
        {
            "answer": "низкая ответственность",
            "count": 1
        },
        {
            "answer": "нет адекватных мер к нарушител",
            "count": 1
        },
        {
            "answer": "формальный подход",
            "count": 1
        },
        {
            "answer": "большой объём бумажной работы,",
            "count": 1
        },
        {
            "answer": "загруженность руководителей",
            "count": 1
        },
        {
            "answer": "устаревшие оборудование",
            "count": 1
        },
        {
            "answer": "ослабление контроля",
            "count": 1
        },
        {
            "answer": "заинтересованность работников",
            "count": 1
        },
        {
            "answer": "недостаточная осведомленность",
            "count": 1
        },
        {
            "answer": "задачи превыше безопасности",
            "count": 1
        },
        {
            "answer": "экономия на сиз и оборудовании",
            "count": 1
        },
        {
            "answer": "не изменяется подход",
            "count": 1
        },
        {
            "answer": "о",
            "count": 1
        },
        {
            "answer": "недостаточн подготовка кадров",
            "count": 1
        },
        {
            "answer": "формальный подход",
            "count": 1
        },
        {
            "answer": "приоритет планов над от",
            "count": 1
        },
        {
            "answer": "нехватка времени",
            "count": 1
        },
        {
            "answer": "не соблюдение правил по от",
            "count": 1
        },
        {
            "answer": "спешка",
            "count": 1
        },
        {
            "answer": "гонка производства",
            "count": 1
        },
        {
            "answer": "нет контроля руководителей",
            "count": 1
        },
        {
            "answer": "мероприятия ради мероприятий.",
            "count": 1
        },
        {
            "answer": "отсутствие качественных инстру",
            "count": 1
        },
        {
            "answer": "правила нужны к действиям",
            "count": 1
        },
        {
            "answer": "формальность инструктажей",
            "count": 1
        },
        {
            "answer": "безответственность",
            "count": 1
        },
        {
            "answer": "плохая организация работы",
            "count": 1
        },
        {
            "answer": "плохо выданный наряд",
            "count": 1
        },
        {
            "answer": "отсутсвие контроля",
            "count": 1
        },
        {
            "answer": "нарушение технологии",
            "count": 1
        },
        {
            "answer": "невнимательность",
            "count": 1
        },
        {
            "answer": "снижение качества инструктажа",
            "count": 1
        },
        {
            "answer": "нарушение инструкций",
            "count": 1
        },
        {
            "answer": "нарушение техпроцессов",
            "count": 1
        },
        {
            "answer": "уменьшение контроля",
            "count": 1
        },
        {
            "answer": "качество обучения",
            "count": 1
        },
        {
            "answer": "контроль за соблюдением требов",
            "count": 1
        },
        {
            "answer": "1. халтное отношение рвботнтко",
            "count": 1
        },
        {
            "answer": "2. надежда на русский \"авось\"",
            "count": 1
        },
        {
            "answer": "3. безразличие руководителей",
            "count": 1
        },
        {
            "answer": "безответственность, псих. выг.",
            "count": 1
        },
        {
            "answer": "нет дисциплинарных взысканий",
            "count": 1
        },
        {
            "answer": "недостаточная работа с персона",
            "count": 1
        },
        {
            "answer": "не выявляем коренные причины н",
            "count": 1
        },
        {
            "answer": "снижение контроля",
            "count": 1
        },
        {
            "answer": "загруженность мастеров",
            "count": 1
        },
        {
            "answer": "русское авось",
            "count": 1
        },
        {
            "answer": "низ.инф.по безоп.(док,инф-е)",
            "count": 1
        },
        {
            "answer": "снижение ответстветственности",
            "count": 1
        },
        {
            "answer": "мало инструментов для мотиваци",
            "count": 1
        },
        {
            "answer": "снижение уровня образованности",
            "count": 1
        },
        {
            "answer": "самоуверенность, безразличие",
            "count": 1
        },
        {
            "answer": "формальный подход",
            "count": 1
        },
        {
            "answer": "надежда на \"авось\"",
            "count": 1
        },
        {
            "answer": "недостаточная подготовка",
            "count": 1
        },
        {
            "answer": "акцентировать от-ть  работника",
            "count": 1
        },
        {
            "answer": "безответственность руководител",
            "count": 1
        },
        {
            "answer": "слабая дисциплина",
            "count": 1
        },
        {
            "answer": "редкие тренировки с работникам",
            "count": 1
        },
        {
            "answer": "в неточных формулировках в пра",
            "count": 1
        },
        {
            "answer": "низкий уровень кб линейных рук",
            "count": 1
        },
        {
            "answer": "отсутствие лидерства в кб в по",
            "count": 1
        },
        {
            "answer": "безразличие работников",
            "count": 1
        },
        {
            "answer": "не исполнение требований",
            "count": 1
        },
        {
            "answer": "1. некачественные сиз",
            "count": 1
        },
        {
            "answer": "2.формализм в обучении раб-ков",
            "count": 1
        },
        {
            "answer": "3. недостаточное финансир-е",
            "count": 1
        },
        {
            "answer": "низкая квалификация персонала",
            "count": 1
        },
        {
            "answer": "невнимательность  работников",
            "count": 1
        },
        {
            "answer": "халатное отношение к своей жиз",
            "count": 1
        },
        {
            "answer": "низкая квалиф. персонала",
            "count": 1
        },
        {
            "answer": "отсутств. контроля",
            "count": 1
        },
        {
            "answer": "проведение инструктажей",
            "count": 1
        },
        {
            "answer": ".",
            "count": 1
        },
        {
            "answer": ".халатность отношения к этому",
            "count": 1
        },
        {
            "answer": "нарушение тб",
            "count": 1
        },
        {
            "answer": "разгильдяйство",
            "count": 1
        },
        {
            "answer": "нарушение тп",
            "count": 1
        },
        {
            "answer": "линейные руководители",
            "count": 1
        },
        {
            "answer": "не достатки в обучении.",
            "count": 1
        },
        {
            "answer": "не качественные сиз.",
            "count": 1
        },
        {
            "answer": "отсутствие необходимого оборуд",
            "count": 1
        },
        {
            "answer": "высокая загрузка",
            "count": 1
        },
        {
            "answer": "устаревшие фонды",
            "count": 1
        },
        {
            "answer": "недостаточный контроль",
            "count": 1
        },
        {
            "answer": "знание нормативной базы",
            "count": 1
        },
        {
            "answer": "информативно поток",
            "count": 1
        },
        {
            "answer": "выполнение плана",
            "count": 1
        },
        {
            "answer": "самодисциплина",
            "count": 1
        },
        {
            "answer": "безалаберность",
            "count": 1
        },
        {
            "answer": "привыкли так работать",
            "count": 1
        },
        {
            "answer": "забыли",
            "count": 1
        },
        {
            "answer": "не видят опасности",
            "count": 1
        },
        {
            "answer": "низкая произв дисциплина",
            "count": 1
        },
        {
            "answer": "самоуспокоенность",
            "count": 1
        },
        {
            "answer": "сделать работу быстрее",
            "count": 1
        },
        {
            "answer": "низкая квалификация персонала",
            "count": 1
        },
        {
            "answer": "формальное обучение",
            "count": 1
        },
        {
            "answer": "низкая оплата труда",
            "count": 1
        },
        {
            "answer": "нарушение правил, инструкций",
            "count": 1
        },
        {
            "answer": "личная неосторожность",
            "count": 1
        },
        {
            "answer": "неприменение сиз",
            "count": 1
        },
        {
            "answer": "низкая ответственность руковод",
            "count": 1
        },
        {
            "answer": "формальный подход к обучению",
            "count": 1
        },
        {
            "answer": "формализм при проведении инстр",
            "count": 1
        },
        {
            "answer": "личная недисциплинированность",
            "count": 1
        },
        {
            "answer": "незнание основ безопасности",
            "count": 1
        },
        {
            "answer": "плохой контроль руководителей",
            "count": 1
        },
        {
            "answer": "незнание правил",
            "count": 1
        },
        {
            "answer": "отток квалифицированных кадров",
            "count": 1
        },
        {
            "answer": "ухудшение сиз",
            "count": 1
        },
        {
            "answer": "от занимается совсем не тем",
            "count": 1
        },
        {
            "answer": "куча адм-ых мер",
            "count": 1
        },
        {
            "answer": "мало технических средст",
            "count": 1
        },
        {
            "answer": "гонка за показателями",
            "count": 1
        },
        {
            "answer": "боязнь ответственности",
            "count": 1
        },
        {
            "answer": "спешка",
            "count": 1
        },
        {
            "answer": "авось, небось и как-нибудь",
            "count": 1
        },
        {
            "answer": "недостаток ресурсов всех",
            "count": 1
        },
        {
            "answer": "дисциплина, халатность,  лень",
            "count": 1
        },
        {
            "answer": "безответственность руководител",
            "count": 1
        },
        {
            "answer": "снижение организации работ",
            "count": 1
        },
        {
            "answer": "личная ответственность",
            "count": 1
        },
        {
            "answer": "гонка за сроками",
            "count": 1
        },
        {
            "answer": "формальный подход",
            "count": 1
        },
        {
            "answer": "мало специалистов по от",
            "count": 1
        },
        {
            "answer": "технологическое отставание",
            "count": 1
        },
        {
            "answer": "1) невнимательность",
            "count": 1
        },
        {
            "answer": "2) уверенность в себе",
            "count": 1
        },
        {
            "answer": "3) большая загрузка линейных р",
            "count": 1
        },
        {
            "answer": "халатность",
            "count": 1
        },
        {
            "answer": "не достаточный контроль",
            "count": 1
        },
        {
            "answer": "низкая дисциплина рабочих",
            "count": 1
        },
        {
            "answer": "подготовка персонала",
            "count": 1
        },
        {
            "answer": "самонадеянность",
            "count": 1
        },
        {
            "answer": "самоуверенность",
            "count": 1
        },
        {
            "answer": "опытность",
            "count": 1
        },
        {
            "answer": "отсутствие обучения",
            "count": 1
        },
        {
            "answer": "низкая квалификация",
            "count": 1
        },
        {
            "answer": "халатность",
            "count": 1
        },
        {
            "answer": "попустительство",
            "count": 1
        },
        {
            "answer": "загруженность персонал",
            "count": 1
        },
        {
            "answer": "переизбыток задач",
            "count": 1
        },
        {
            "answer": "организация производства",
            "count": 1
        },
        {
            "answer": "куча разноплановых\n инструкций",
            "count": 1
        },
        {
            "answer": "низкая ответственность руковод",
            "count": 1
        },
        {
            "answer": "низкая внутренняя",
            "count": 1
        },
        {
            "answer": "организованность",
            "count": 1
        },
        {
            "answer": "увеличение загрузки",
            "count": 1
        },
        {
            "answer": "причины ост-ы без вниман. рук.",
            "count": 1
        },
        {
            "answer": "низкий уровень кб",
            "count": 1
        },
        {
            "answer": "мотивация",
            "count": 1
        },
        {
            "answer": "приоритет на сроки/стоимость",
            "count": 1
        },
        {
            "answer": "стрессовая нагрузка",
            "count": 1
        },
        {
            "answer": "невнимательность, неосведомлен",
            "count": 1
        },
        {
            "answer": "ответственность исполнителя",
            "count": 1
        },
        {
            "answer": "приоритет сроков",
            "count": 1
        },
        {
            "answer": "перегруженностью  персонала",
            "count": 1
        },
        {
            "answer": "низкая квалификация подрядчико",
            "count": 1
        },
        {
            "answer": "отсутствие инстинкта самосохра",
            "count": 1
        },
        {
            "answer": "подготовка персонала.",
            "count": 1
        },
        {
            "answer": "загрузка руководителей",
            "count": 1
        },
        {
            "answer": "самоконтроль.",
            "count": 1
        },
        {
            "answer": "умышленное игнорирование норм",
            "count": 1
        },
        {
            "answer": "безразличие, непогимание проце",
            "count": 1
        },
        {
            "answer": "последствия пандемии",
            "count": 1
        },
        {
            "answer": "нарушение требований от",
            "count": 1
        },
        {
            "answer": "расслабленность, демотивация",
            "count": 1
        },
        {
            "answer": "алкоголь",
            "count": 1
        },
        {
            "answer": "сроки",
            "count": 1
        },
        {
            "answer": "низкий бюджет на от",
            "count": 1
        },
        {
            "answer": "рост нагрузки",
            "count": 1
        },
        {
            "answer": "снижение качества подготовки",
            "count": 1
        },
        {
            "answer": "нехватка времени",
            "count": 1
        },
        {
            "answer": "перегруз",
            "count": 1
        },
        {
            "answer": "план",
            "count": 1
        },
        {
            "answer": "безразличие",
            "count": 1
        },
        {
            "answer": "отсутствие культуры",
            "count": 1
        },
        {
            "answer": "двуличие",
            "count": 1
        },
        {
            "answer": "нехватка квалиф-го персонала",
            "count": 1
        },
        {
            "answer": "самоорганизованность, невнимат",
            "count": 1
        },
        {
            "answer": "невнимательность",
            "count": 1
        },
        {
            "answer": "отсутствие опыта",
            "count": 1
        },
        {
            "answer": "отсутствие навыков",
            "count": 1
        },
        {
            "answer": "подготовка персонала",
            "count": 1
        },
        {
            "answer": "контроль",
            "count": 1
        },
        {
            "answer": "низкая информированность",
            "count": 1
        },
        {
            "answer": "формальные инструктажи.",
            "count": 1
        },
        {
            "answer": "отсутствие знаний у исполнител",
            "count": 1
        },
        {
            "answer": "отсутствие контроля",
            "count": 1
        },
        {
            "answer": "плохая подготовка раб.места",
            "count": 1
        },
        {
            "answer": "низкое качество обучения",
            "count": 1
        },
        {
            "answer": "много формальной работы;",
            "count": 1
        },
        {
            "answer": "ограниченность ресурсов от",
            "count": 1
        },
        {
            "answer": "снижение концентрации",
            "count": 1
        },
        {
            "answer": "усталость",
            "count": 1
        },
        {
            "answer": "формальный подход",
            "count": 1
        },
        {
            "answer": "отсутствие контроля",
            "count": 1
        },
        {
            "answer": "не достаточный контроль",
            "count": 1
        },
        {
            "answer": "несоблюдение требований от",
            "count": 1
        },
        {
            "answer": "условия",
            "count": 1
        },
        {
            "answer": "быстрый темп работы",
            "count": 1
        },
        {
            "answer": "плохая квалификация работников",
            "count": 1
        },
        {
            "answer": "нет контроля руководителя",
            "count": 1
        },
        {
            "answer": "размытие ответственности",
            "count": 1
        },
        {
            "answer": "люди потеряли страх",
            "count": 1
        },
        {
            "answer": "отношение руководства компании",
            "count": 1
        },
        {
            "answer": "легкомысленное отношение",
            "count": 1
        },
        {
            "answer": "личная неосторожность",
            "count": 1
        },
        {
            "answer": "несоблюдение правил",
            "count": 1
        },
        {
            "answer": "ограничение в финансировании",
            "count": 1
        },
        {
            "answer": "недостаточный контроль",
            "count": 1
        },
        {
            "answer": "не участие руководителей",
            "count": 1
        },
        {
            "answer": "халатность",
            "count": 1
        },
        {
            "answer": "пренебрежение от",
            "count": 1
        },
        {
            "answer": "сроки ценой безопасности",
            "count": 1
        },
        {
            "answer": "недостаточный контроль",
            "count": 1
        },
        {
            "answer": "работа с персоналом слабая",
            "count": 1
        },
        {
            "answer": "халатность",
            "count": 1
        },
        {
            "answer": "личная неосторожность",
            "count": 1
        },
        {
            "answer": "не соблюдение тб",
            "count": 1
        },
        {
            "answer": "формализм,бессознательность",
            "count": 1
        },
        {
            "answer": "безответственность",
            "count": 1
        },
        {
            "answer": "ориентация на выполнение плана",
            "count": 1
        },
        {
            "answer": "несоблюдение техники безопасно",
            "count": 1
        },
        {
            "answer": "безответственность работников",
            "count": 1
        },
        {
            "answer": "ослабление контроля.",
            "count": 1
        },
        {
            "answer": "не соблюдение правил",
            "count": 1
        },
        {
            "answer": "алкоголь",
            "count": 1
        },
        {
            "answer": "глупость",
            "count": 1
        },
        {
            "answer": "усталость",
            "count": 1
        },
        {
            "answer": "формальный подход",
            "count": 1
        },
        {
            "answer": "невнимательность",
            "count": 1
        },
        {
            "answer": "безответственность",
            "count": 1
        },
        {
            "answer": "оторванность от рабочих руково",
            "count": 1
        },
        {
            "answer": "рассеянность",
            "count": 1
        },
        {
            "answer": "не внимательность",
            "count": 1
        },
        {
            "answer": "цели важнее безопасеости",
            "count": 1
        },
        {
            "answer": "безответственность, лень",
            "count": 1
        },
        {
            "answer": "отраслевой стандарт закупок",
            "count": 1
        },
        {
            "answer": "человеческий фактор",
            "count": 1
        },
        {
            "answer": "covid-2019 (ослаблен. контроля",
            "count": 1
        },
        {
            "answer": "самоуспокоенность работников",
            "count": 1
        },
        {
            "answer": "халатное отношение руководите",
            "count": 1
        },
        {
            "answer": "изменение нормативной базы",
            "count": 1
        },
        {
            "answer": "психическое состояние работник",
            "count": 1
        },
        {
            "answer": "низкий контроль руководителя",
            "count": 1
        },
        {
            "answer": "низкие условия труда",
            "count": 1
        },
        {
            "answer": "спешка, срочность, недисциплин",
            "count": 1
        },
        {
            "answer": "неисполнение мероприятий по от",
            "count": 1
        },
        {
            "answer": "слабая организация работы",
            "count": 1
        },
        {
            "answer": "низкий уровень знаний",
            "count": 1
        },
        {
            "answer": "слабая осведомленность о выуче",
            "count": 1
        },
        {
            "answer": "низкая вовлеченность персонала",
            "count": 1
        },
        {
            "answer": "трудовая дисциплина",
            "count": 1
        },
        {
            "answer": "мало информации",
            "count": 1
        },
        {
            "answer": "исполнительская дисциплина",
            "count": 1
        },
        {
            "answer": "человеческий фактор",
            "count": 1
        },
        {
            "answer": "низкая трудовая дисциплина",
            "count": 1
        },
        {
            "answer": "несоблюдение требований лна",
            "count": 1
        },
        {
            "answer": "снижение внимательность",
            "count": 1
        },
        {
            "answer": "халатное отношение",
            "count": 1
        },
        {
            "answer": "неисполнение нд",
            "count": 1
        },
        {
            "answer": "несерьезное_отношение_персонал",
            "count": 1
        },
        {
            "answer": "самоуверенность в деятельности",
            "count": 1
        },
        {
            "answer": "авось",
            "count": 1
        },
        {
            "answer": "русское авось",
            "count": 1
        },
        {
            "answer": "план превыше всего",
            "count": 1
        },
        {
            "answer": "план важнее",
            "count": 1
        },
        {
            "answer": "жизнь человека не ценится",
            "count": 1
        },
        {
            "answer": "вышли с ковида",
            "count": 1
        },
        {
            "answer": "слабый самоконтроль",
            "count": 1
        },
        {
            "answer": "несоблюдение требований безопа",
            "count": 1
        },
        {
            "answer": "не знание требований безопасно",
            "count": 1
        },
        {
            "answer": "самоуспокоенность,",
            "count": 1
        },
        {
            "answer": "халатность",
            "count": 1
        },
        {
            "answer": "беспечное отношение к тб",
            "count": 1
        },
        {
            "answer": "халатность работника",
            "count": 1
        },
        {
            "answer": "приоритет выполнения плана",
            "count": 1
        },
        {
            "answer": "низкая трудовая дисциплина",
            "count": 1
        },
        {
            "answer": "несоблюдении тб, самонадеяннос",
            "count": 1
        },
        {
            "answer": "неквалифицированный персонал",
            "count": 1
        },
        {
            "answer": "сжатые сроки",
            "count": 1
        },
        {
            "answer": "плохая подготовка раб места",
            "count": 1
        },
        {
            "answer": "самосознание сотрудников",
            "count": 1
        },
        {
            "answer": "самоуверенность, безразличие",
            "count": 1
        },
        {
            "answer": "административное давление на р",
            "count": 1
        },
        {
            "answer": "фиктивное проведение обучения",
            "count": 1
        },
        {
            "answer": "\"меня это не коснется\"",
            "count": 1
        },
        {
            "answer": "низкий уровень в образовании",
            "count": 1
        },
        {
            "answer": "игнорирование правил от и пб",
            "count": 1
        },
        {
            "answer": "приоритет \"умри но сделай\"",
            "count": 1
        },
        {
            "answer": "не соблюдение треб. безопаснос",
            "count": 1
        },
        {
            "answer": "невнимательность",
            "count": 1
        },
        {
            "answer": "невнимательность",
            "count": 1
        },
        {
            "answer": "холатность",
            "count": 1
        },
        {
            "answer": "спешка",
            "count": 1
        },
        {
            "answer": "низкая квалификация",
            "count": 1
        },
        {
            "answer": "недостаточный контроль",
            "count": 1
        },
        {
            "answer": "безграмотность",
            "count": 1
        },
        {
            "answer": "человеческий фактор",
            "count": 1
        },
        {
            "answer": "самоуспокоенность",
            "count": 1
        },
        {
            "answer": "слабая личная мотивация",
            "count": 1
        },
        {
            "answer": "гонка за новыми продуктами",
            "count": 1
        },
        {
            "answer": "безответственность на рабочих",
            "count": 1
        },
        {
            "answer": "безразличие",
            "count": 1
        },
        {
            "answer": "самоуверенность",
            "count": 1
        },
        {
            "answer": "самоуспокоенность",
            "count": 1
        },
        {
            "answer": "черезмерный контроль",
            "count": 1
        },
        {
            "answer": "низкая ответственность линейно",
            "count": 1
        },
        {
            "answer": "недостаток коммуникаций со сто",
            "count": 1
        },
        {
            "answer": "в не соблюдении правил",
            "count": 1
        },
        {
            "answer": "линейный руководитель",
            "count": 1
        },
        {
            "answer": "снижение контроля из-за covid",
            "count": 1
        },
        {
            "answer": "безответственность",
            "count": 1
        },
        {
            "answer": "недостатки организации работ",
            "count": 1
        },
        {
            "answer": "личная не остарожность",
            "count": 1
        },
        {
            "answer": "переключение фокуса внимания",
            "count": 1
        },
        {
            "answer": "желание сделать работу быстро",
            "count": 1
        },
        {
            "answer": "самоуспокоенность",
            "count": 1
        },
        {
            "answer": "притупление чувства самосохран",
            "count": 1
        },
        {
            "answer": "раздолбайство",
            "count": 1
        },
        {
            "answer": "личная безответственность",
            "count": 1
        },
        {
            "answer": "\"авось\"",
            "count": 1
        },
        {
            "answer": "желание заработать больш.денег",
            "count": 1
        },
        {
            "answer": "халатность",
            "count": 1
        },
        {
            "answer": "рассеяность",
            "count": 1
        },
        {
            "answer": "халатное отношение",
            "count": 1
        },
        {
            "answer": "человеческий фактор",
            "count": 1
        },
        {
            "answer": "несоблюдение правил",
            "count": 1
        },
        {
            "answer": "срок исполнения",
            "count": 1
        },
        {
            "answer": "снижение контроля",
            "count": 1
        },
        {
            "answer": "безответственность",
            "count": 1
        },
        {
            "answer": "сроки сдачи цели, задачи и т.д",
            "count": 1
        },
        {
            "answer": "отсутствие стимулования уполны",
            "count": 1
        },
        {
            "answer": "несоблюдение тб",
            "count": 1
        },
        {
            "answer": "нарушение рабочей дисциплины",
            "count": 1
        },
        {
            "answer": "дистанция власти",
            "count": 1
        },
        {
            "answer": "в кадрах при приеме на работу.",
            "count": 1
        },
        {
            "answer": "недостаточное оснащение гр.сиз",
            "count": 1
        },
        {
            "answer": "недостаток обучения",
            "count": 1
        },
        {
            "answer": "личная беспечность",
            "count": 1
        },
        {
            "answer": "безответственность",
            "count": 1
        },
        {
            "answer": "халатность",
            "count": 1
        },
        {
            "answer": "невнимательность",
            "count": 1
        },
        {
            "answer": "недостаточный контроль",
            "count": 1
        },
        {
            "answer": "безответственность",
            "count": 1
        },
        {
            "answer": "отсутствие страха",
            "count": 1
        },
        {
            "answer": "невнимательность",
            "count": 1
        },
        {
            "answer": "не соблюдение требований от",
            "count": 1
        },
        {
            "answer": "личное отношение",
            "count": 1
        },
        {
            "answer": "загруженность работников",
            "count": 1
        },
        {
            "answer": "не достаточная квалификация",
            "count": 1
        },
        {
            "answer": "низкая трудовая дисциплина",
            "count": 1
        },
        {
            "answer": "халатность",
            "count": 1
        },
        {
            "answer": "человеческий фактор",
            "count": 1
        },
        {
            "answer": "безответственность",
            "count": 1
        },
        {
            "answer": "халатность",
            "count": 1
        }
    ]
}