{
    "id": 19788,
    "question": "В чем задача ребенка в развитии своих способностей, своего таланта?",
    "answers": [
        {
            "answer": "самоорганизация",
            "count": 1
        },
        {
            "answer": "трудолюбие",
            "count": 1
        },
        {
            "answer": "стремление к воплощению идей",
            "count": 1
        },
        {
            "answer": "пробовать",
            "count": 1
        },
        {
            "answer": "понять что он есть и развивать",
            "count": 1
        },
        {
            "answer": "двигаться вперед",
            "count": 1
        },
        {
            "answer": "приложить должные усилия",
            "count": 1
        },
        {
            "answer": "проявить интерес",
            "count": 1
        },
        {
            "answer": "терпение, умение планировать",
            "count": 1
        },
        {
            "answer": "ставить цель и достигать ее",
            "count": 1
        },
        {
            "answer": "находить возможности",
            "count": 1
        },
        {
            "answer": "иметь желание",
            "count": 1
        },
        {
            "answer": "пробовать",
            "count": 1
        },
        {
            "answer": "саморазвиваться",
            "count": 1
        },
        {
            "answer": "не останавливаться, цели",
            "count": 1
        },
        {
            "answer": "пробовать",
            "count": 1
        },
        {
            "answer": "быть настойчивым",
            "count": 1
        },
        {
            "answer": "быть самостоятельным",
            "count": 1
        },
        {
            "answer": "не лениться",
            "count": 1
        },
        {
            "answer": "уметь ставить цели",
            "count": 1
        },
        {
            "answer": "не зацикливаться",
            "count": 1
        },
        {
            "answer": "понять свои склонности",
            "count": 1
        },
        {
            "answer": "найти интерес",
            "count": 1
        },
        {
            "answer": "не отступать",
            "count": 1
        },
        {
            "answer": "слушаться родителей",
            "count": 1
        },
        {
            "answer": "научиться видеть опыт других",
            "count": 1
        },
        {
            "answer": "пробовать",
            "count": 1
        },
        {
            "answer": "не отрицать свой талант",
            "count": 1
        }
    ]
}