{
    "id": 19789,
    "question": "В чем основная задача родителя в развитии таланта у ребенка?",
    "answers": [
        {
            "answer": "интересоваться",
            "count": 1
        },
        {
            "answer": "предлагать",
            "count": 1
        },
        {
            "answer": "следить за сроками",
            "count": 1
        },
        {
            "answer": "наблюдать",
            "count": 1
        },
        {
            "answer": "помогать , поддерживать",
            "count": 1
        },
        {
            "answer": "помогать и направлять",
            "count": 1
        },
        {
            "answer": "помочь найти подход к познанию",
            "count": 1
        },
        {
            "answer": "предоставлять условия",
            "count": 1
        },
        {
            "answer": "создать условия",
            "count": 1
        },
        {
            "answer": "замотивировать",
            "count": 1
        },
        {
            "answer": "терпение), обеспечение окруж",
            "count": 1
        },
        {
            "answer": "поддерживать",
            "count": 1
        },
        {
            "answer": "создавать условия",
            "count": 1
        },
        {
            "answer": "поддержка",
            "count": 1
        },
        {
            "answer": "навигировать",
            "count": 1
        },
        {
            "answer": "поддерживать",
            "count": 1
        },
        {
            "answer": "создавать возможности",
            "count": 1
        },
        {
            "answer": "слышать желания  ребёнка",
            "count": 1
        },
        {
            "answer": "организация условий",
            "count": 1
        },
        {
            "answer": "дать возможност",
            "count": 1
        },
        {
            "answer": "предложить возможности",
            "count": 1
        },
        {
            "answer": "помочь сориетироваться",
            "count": 1
        },
        {
            "answer": "понять и поддержать",
            "count": 1
        },
        {
            "answer": "дать возможность",
            "count": 1
        },
        {
            "answer": "присматриваться",
            "count": 1
        },
        {
            "answer": "поддерживать",
            "count": 1
        },
        {
            "answer": "заражать своим примером",
            "count": 1
        },
        {
            "answer": "не мешать",
            "count": 1
        },
        {
            "answer": "помогать",
            "count": 1
        },
        {
            "answer": "направлять",
            "count": 1
        },
        {
            "answer": "сформировать волю и трудолюбие",
            "count": 1
        }
    ]
}