{
    "id": 19793,
    "question": "ПОЧЕМУ ЛЮДИ ОШИБАЮТСЯ?",
    "answers": [
        {
            "answer": "безответственные",
            "count": 1
        },
        {
            "answer": "халатное отношение к работе",
            "count": 1
        },
        {
            "answer": "вариативность процесса",
            "count": 1
        },
        {
            "answer": "из-за недостаточно знаний",
            "count": 1
        },
        {
            "answer": "не достаточно квалификации",
            "count": 1
        },
        {
            "answer": "не достаточно компетенций",
            "count": 1
        },
        {
            "answer": "не знают как делать",
            "count": 1
        },
        {
            "answer": "не знают как правильно",
            "count": 2
        },
        {
            "answer": "не обучены",
            "count": 1
        },
        {
            "answer": "нет компетенции",
            "count": 1
        },
        {
            "answer": "нет умения",
            "count": 1
        },
        {
            "answer": "нехватка знаний",
            "count": 1
        },
        {
            "answer": "от незнания чего либо",
            "count": 1
        },
        {
            "answer": "необучены",
            "count": 1
        },
        {
            "answer": "из-за разума",
            "count": 1
        },
        {
            "answer": "им позволили ошибиться!!!",
            "count": 1
        },
        {
            "answer": "потому что система позволяет",
            "count": 1
        },
        {
            "answer": "мало опыта",
            "count": 1
        },
        {
            "answer": "не достаточно опыта",
            "count": 1
        },
        {
            "answer": "нет опыта",
            "count": 1
        },
        {
            "answer": "новенькие",
            "count": 1
        },
        {
            "answer": "монотонная работа",
            "count": 1
        },
        {
            "answer": "не выспались",
            "count": 1
        },
        {
            "answer": "не заинтересованы в работе",
            "count": 1
        },
        {
            "answer": "не имеют точных инструкций",
            "count": 1
        },
        {
            "answer": "не понимают",
            "count": 1
        },
        {
            "answer": "не роботы",
            "count": 1
        },
        {
            "answer": "потому что не машины",
            "count": 1
        },
        {
            "answer": "свойство человека",
            "count": 1
        },
        {
            "answer": "человеческий фактор",
            "count": 2
        },
        {
            "answer": "физиология",
            "count": 1
        },
        {
            "answer": "не соблюдают правила",
            "count": 1
        },
        {
            "answer": "невнимательность",
            "count": 8
        },
        {
            "answer": "недостоверность информации",
            "count": 1
        },
        {
            "answer": "неправильные исходные данные",
            "count": 1
        },
        {
            "answer": "нет защитного механизма от  ош",
            "count": 1
        },
        {
            "answer": "нет стандарта",
            "count": 2
        },
        {
            "answer": "нет стандартизации",
            "count": 1
        },
        {
            "answer": "нет стандартов",
            "count": 1
        },
        {
            "answer": "отсутствие системы",
            "count": 1
        },
        {
            "answer": "отсутствует стандарт работы",
            "count": 1
        },
        {
            "answer": "падение работоспособности",
            "count": 1
        },
        {
            "answer": "плохое настроение",
            "count": 1
        },
        {
            "answer": "путаются",
            "count": 1
        },
        {
            "answer": "спешат",
            "count": 1
        },
        {
            "answer": "спешка",
            "count": 1
        },
        {
            "answer": "торопя",
            "count": 1
        },
        {
            "answer": "тупые",
            "count": 1
        },
        {
            "answer": "усталость",
            "count": 3
        },
        {
            "answer": "устают",
            "count": 1
        }
    ]
}