{
    "id": 19816,
    "question": "КАК НЕ ЗАБЫТЬ ТЕЛЕФОН ДОМА?",
    "answers": [
        {
            "answer": "будильник ко времени выхода",
            "count": 1
        },
        {
            "answer": "будильник на время выхода",
            "count": 1
        },
        {
            "answer": "ввести напоминалку на тлф",
            "count": 1
        },
        {
            "answer": "включить будильник  на нем",
            "count": 1
        },
        {
            "answer": "на смарт часах напоминание",
            "count": 1
        },
        {
            "answer": "напоминание",
            "count": 1
        },
        {
            "answer": "напоминание при выходе",
            "count": 1
        },
        {
            "answer": "поставить напоминание",
            "count": 2
        },
        {
            "answer": "поставить напоминание на время",
            "count": 1
        },
        {
            "answer": "визуализировать действия",
            "count": 1
        },
        {
            "answer": "всегда класть в одно место",
            "count": 1
        },
        {
            "answer": "определённое место для телефон",
            "count": 1
        },
        {
            "answer": "организовать постоянное место",
            "count": 1
        },
        {
            "answer": "всегда носимое устройство со с",
            "count": 1
        },
        {
            "answer": "выработать привычку",
            "count": 1
        },
        {
            "answer": "записка на входной двери",
            "count": 1
        },
        {
            "answer": "повесить на выходе табличку",
            "count": 1
        },
        {
            "answer": "приклеить напоминалку на дверь",
            "count": 1
        },
        {
            "answer": "табличка на дверь",
            "count": 1
        },
        {
            "answer": "табличку",
            "count": 1
        },
        {
            "answer": "фото телефона на двери",
            "count": 1
        },
        {
            "answer": "к руке примотать",
            "count": 1
        },
        {
            "answer": "телефон к руке скотчем",
            "count": 1
        },
        {
            "answer": "карман на входной двери",
            "count": 1
        },
        {
            "answer": "на выходе положить",
            "count": 1
        },
        {
            "answer": "оставлять его в ячейке на выхо",
            "count": 1
        },
        {
            "answer": "положить возле выходной двери",
            "count": 1
        },
        {
            "answer": "положить на выходе",
            "count": 1
        },
        {
            "answer": "придумать устройство на выходе",
            "count": 1
        },
        {
            "answer": "купить второй телефон",
            "count": 1
        },
        {
            "answer": "носить рабочий",
            "count": 1
        },
        {
            "answer": "не иметь его",
            "count": 1
        },
        {
            "answer": "положить на видное место",
            "count": 2
        },
        {
            "answer": "привычка слушать музыку",
            "count": 1
        },
        {
            "answer": "слушать музыку на нем)",
            "count": 1
        },
        {
            "answer": "привязать к ключам",
            "count": 1
        },
        {
            "answer": "связать с ключами",
            "count": 1
        },
        {
            "answer": "сделать замок от дома с телефо",
            "count": 1
        },
        {
            "answer": "проверять его наличие чаще",
            "count": 1
        },
        {
            "answer": "проверять наличие карманов",
            "count": 1
        },
        {
            "answer": "разработать защ механизм",
            "count": 1
        },
        {
            "answer": "сказать ему что я его взял",
            "count": 1
        },
        {
            "answer": "сразу положить его в карман",
            "count": 1
        },
        {
            "answer": "тренировать память",
            "count": 2
        },
        {
            "answer": "штраф от директора",
            "count": 1
        }
    ]
}