{
    "id": 19824,
    "question": "КАК НЕ ЗАБЫТЬ ВЕРНУТЬ КЛЮЧ ОТ НОМЕРА В ГОСТИНИЦЕ?",
    "answers": [
        {
            "answer": "администратор заберёт",
            "count": 1
        },
        {
            "answer": "контроль администратора",
            "count": 1
        },
        {
            "answer": "напомнить администратору",
            "count": 1
        },
        {
            "answer": "потребуют сдать",
            "count": 1
        },
        {
            "answer": "предупреждать администратора",
            "count": 1
        },
        {
            "answer": "безключевой доступ",
            "count": 1
        },
        {
            "answer": "бояться штрафа",
            "count": 1
        },
        {
            "answer": "штраф гостиницы не даст забыть",
            "count": 1
        },
        {
            "answer": "штраф спишется с вашей карты",
            "count": 1
        },
        {
            "answer": "браслет на руку",
            "count": 1
        },
        {
            "answer": "привязать к запястью",
            "count": 1
        },
        {
            "answer": "брать залог у жильцов",
            "count": 1
        },
        {
            "answer": "внести депозит",
            "count": 1
        },
        {
            "answer": "заплатить за него",
            "count": 1
        },
        {
            "answer": "оставить залог",
            "count": 1
        },
        {
            "answer": "оставлять залог",
            "count": 1
        },
        {
            "answer": "датчик",
            "count": 1
        },
        {
            "answer": "магнит на выход",
            "count": 1
        },
        {
            "answer": "на выходе рамка",
            "count": 1
        },
        {
            "answer": "держать в руках",
            "count": 1
        },
        {
            "answer": "держать в руках при высе",
            "count": 1
        },
        {
            "answer": "как нибудь",
            "count": 1
        },
        {
            "answer": "ложить в держатель у двери",
            "count": 1
        },
        {
            "answer": "тренировать память",
            "count": 1
        },
        {
            "answer": "на выходе большое напоминание",
            "count": 1
        },
        {
            "answer": "табличка на дверь",
            "count": 1
        },
        {
            "answer": "напоминалка в телефоне",
            "count": 1
        },
        {
            "answer": "напомнить",
            "count": 1
        },
        {
            "answer": "оповещение",
            "count": 1
        },
        {
            "answer": "поставить напоминание",
            "count": 1
        },
        {
            "answer": "поставить напоминание на телеф",
            "count": 1
        },
        {
            "answer": "невозможность закрыть дверь",
            "count": 1
        },
        {
            "answer": "нет такой проблемы",
            "count": 1
        },
        {
            "answer": "никак",
            "count": 1
        },
        {
            "answer": "носить его рядом с телефоном",
            "count": 1
        },
        {
            "answer": "определить место расположения",
            "count": 1
        },
        {
            "answer": "оставлять в номере",
            "count": 1
        },
        {
            "answer": "отбирать его на выходе",
            "count": 1
        },
        {
            "answer": "пложить в другой ботинок",
            "count": 1
        },
        {
            "answer": "положить в ботинок",
            "count": 1
        },
        {
            "answer": "положить в обувь",
            "count": 1
        },
        {
            "answer": "подойти на ресепшн",
            "count": 1
        },
        {
            "answer": "положить на видное место",
            "count": 1
        },
        {
            "answer": "поставить замок от отпечатка п",
            "count": 1
        },
        {
            "answer": "при помощи ассоциаций",
            "count": 1
        },
        {
            "answer": "тоже интересно",
            "count": 1
        }
    ]
}