{
    "id": 19864,
    "question": "Какой документ вы используете при обучении операции работника на производстве?",
    "answers": [
        {
            "answer": "инструкция",
            "count": 1
        },
        {
            "answer": "книгой сказок",
            "count": 1
        },
        {
            "answer": "лл",
            "count": 1
        },
        {
            "answer": "никакого",
            "count": 1
        },
        {
            "answer": "никакой",
            "count": 1
        },
        {
            "answer": "никакой на пальцах",
            "count": 1
        },
        {
            "answer": "организационные карты",
            "count": 1
        },
        {
            "answer": "по наитию",
            "count": 1
        },
        {
            "answer": "положение",
            "count": 1
        },
        {
            "answer": "положение по обучению",
            "count": 1
        },
        {
            "answer": "соп",
            "count": 7
        },
        {
            "answer": "стандарт",
            "count": 2
        },
        {
            "answer": "стандарт (при наличии)",
            "count": 1
        },
        {
            "answer": "стандарт операционной процедур",
            "count": 1
        },
        {
            "answer": "стандарт рабочего места",
            "count": 1
        },
        {
            "answer": "технологический протокол",
            "count": 1
        },
        {
            "answer": "тп",
            "count": 1
        }
    ]
}