{
    "id": 19904,
    "question": "Выразите фразой или словосочетанием Ваши ожидания от мероприятия",
    "answers": [
        {
            "answer": "вектор развития",
            "count": 1
        },
        {
            "answer": "познакомиться",
            "count": 1
        },
        {
            "answer": "сплотиться",
            "count": 1
        },
        {
            "answer": "взаимопонимание",
            "count": 1
        },
        {
            "answer": "комадообразование",
            "count": 1
        },
        {
            "answer": "команда",
            "count": 1
        },
        {
            "answer": "результативность",
            "count": 1
        },
        {
            "answer": "хорошее настроение",
            "count": 1
        },
        {
            "answer": "сплоченность коллектива",
            "count": 1
        },
        {
            "answer": "сплочённость команды",
            "count": 1
        },
        {
            "answer": "сплочение коллектива",
            "count": 1
        },
        {
            "answer": "что происходит?",
            "count": 1
        },
        {
            "answer": "удовольствия",
            "count": 1
        },
        {
            "answer": "команда",
            "count": 1
        },
        {
            "answer": "драйв",
            "count": 1
        },
        {
            "answer": "результат",
            "count": 1
        },
        {
            "answer": "побольше узнать коллег",
            "count": 1
        },
        {
            "answer": "мотивация",
            "count": 1
        },
        {
            "answer": "взаимодействие с коллегами",
            "count": 1
        },
        {
            "answer": "позитив",
            "count": 1
        },
        {
            "answer": "продуктивность",
            "count": 1
        },
        {
            "answer": "взаимопонимание",
            "count": 1
        },
        {
            "answer": "полезные советы",
            "count": 1
        },
        {
            "answer": "оператор счастья",
            "count": 1
        },
        {
            "answer": "оператор счастья",
            "count": 1
        },
        {
            "answer": "оператор счастья",
            "count": 1
        },
        {
            "answer": "определение приоритетов",
            "count": 1
        },
        {
            "answer": "друзья",
            "count": 1
        },
        {
            "answer": "понять, куда идем",
            "count": 1
        },
        {
            "answer": "знания",
            "count": 1
        },
        {
            "answer": "нетворкинг",
            "count": 1
        },
        {
            "answer": "перезагрузка",
            "count": 1
        },
        {
            "answer": "новое видение",
            "count": 1
        },
        {
            "answer": "решение проблем",
            "count": 1
        },
        {
            "answer": "заряд на дальнейшую работу",
            "count": 1
        },
        {
            "answer": "перезагрузка",
            "count": 1
        },
        {
            "answer": "ожидания счастья)",
            "count": 1
        },
        {
            "answer": "счастье всем",
            "count": 1
        },
        {
            "answer": "ужин)",
            "count": 1
        },
        {
            "answer": "команда",
            "count": 1
        },
        {
            "answer": "осознание",
            "count": 1
        },
        {
            "answer": "результат",
            "count": 1
        },
        {
            "answer": "счастье",
            "count": 1
        },
        {
            "answer": "дружная счастливая команда",
            "count": 1
        },
        {
            "answer": "взаимодействие",
            "count": 1
        },
        {
            "answer": "понимание",
            "count": 1
        },
        {
            "answer": "результат",
            "count": 1
        },
        {
            "answer": "знание",
            "count": 1
        },
        {
            "answer": "взаимопонимание",
            "count": 1
        },
        {
            "answer": "весело, дружно и продуктивно",
            "count": 1
        },
        {
            "answer": "успех",
            "count": 1
        },
        {
            "answer": "радость",
            "count": 1
        },
        {
            "answer": "победа",
            "count": 1
        },
        {
            "answer": "хорошее настроение",
            "count": 1
        },
        {
            "answer": "интересная информация",
            "count": 1
        },
        {
            "answer": "счастье",
            "count": 1
        },
        {
            "answer": "драйв",
            "count": 1
        },
        {
            "answer": "драйв",
            "count": 1
        },
        {
            "answer": "драйв",
            "count": 1
        },
        {
            "answer": "решение задач",
            "count": 1
        },
        {
            "answer": "счастье",
            "count": 1
        },
        {
            "answer": "видение будущего",
            "count": 1
        },
        {
            "answer": "взбодриться",
            "count": 1
        },
        {
            "answer": "радость",
            "count": 1
        },
        {
            "answer": "сплоченность",
            "count": 1
        },
        {
            "answer": "продуктивно",
            "count": 1
        },
        {
            "answer": "упорядочить хаос",
            "count": 1
        },
        {
            "answer": "повеселиться",
            "count": 1
        },
        {
            "answer": "счастье",
            "count": 1
        }
    ]
}