{
    "id": 19922,
    "question": "Одним словом опишите это утро",
    "answers": [
        {
            "answer": "прекрасно",
            "count": 1
        },
        {
            "answer": "с чувством выполненного долга",
            "count": 1
        },
        {
            "answer": "выспалась",
            "count": 1
        },
        {
            "answer": "рабочее",
            "count": 1
        },
        {
            "answer": "надо составить план",
            "count": 1
        },
        {
            "answer": "прекрасное",
            "count": 1
        },
        {
            "answer": "доброе",
            "count": 1
        },
        {
            "answer": "бодрое",
            "count": 1
        },
        {
            "answer": "красивая казань",
            "count": 1
        },
        {
            "answer": "раннее",
            "count": 1
        },
        {
            "answer": "многообещающее",
            "count": 1
        },
        {
            "answer": "бодрое",
            "count": 1
        },
        {
            "answer": "новое",
            "count": 1
        },
        {
            "answer": "работа",
            "count": 1
        },
        {
            "answer": "прекрасно",
            "count": 1
        },
        {
            "answer": "ожидание",
            "count": 1
        },
        {
            "answer": "пасмурно",
            "count": 1
        },
        {
            "answer": "интерес",
            "count": 1
        },
        {
            "answer": "предвкушение",
            "count": 1
        },
        {
            "answer": "последний слайд бса",
            "count": 1
        },
        {
            "answer": "трям",
            "count": 1
        },
        {
            "answer": "обсуждение",
            "count": 1
        },
        {
            "answer": "ожидание",
            "count": 1
        },
        {
            "answer": "начало",
            "count": 1
        },
        {
            "answer": "дождь....",
            "count": 1
        },
        {
            "answer": "туман",
            "count": 1
        },
        {
            "answer": "сонное",
            "count": 1
        },
        {
            "answer": "рано",
            "count": 1
        },
        {
            "answer": "спокойствие",
            "count": 1
        },
        {
            "answer": "где я?",
            "count": 1
        },
        {
            "answer": "пасмурно",
            "count": 1
        },
        {
            "answer": "учпочмак",
            "count": 1
        }
    ]
}