{
    "id": 19923,
    "question": "Одним словом обишите будущий день",
    "answers": [
        {
            "answer": "жив",
            "count": 1
        },
        {
            "answer": "продуктивный",
            "count": 1
        },
        {
            "answer": "что-то новое",
            "count": 1
        },
        {
            "answer": "понимание",
            "count": 1
        },
        {
            "answer": "решение",
            "count": 1
        },
        {
            "answer": "понимание",
            "count": 1
        },
        {
            "answer": "знания",
            "count": 1
        },
        {
            "answer": "результативный",
            "count": 1
        },
        {
            "answer": "обученными",
            "count": 1
        },
        {
            "answer": "приободрённый",
            "count": 1
        },
        {
            "answer": "интересный",
            "count": 1
        },
        {
            "answer": "вдохновение",
            "count": 1
        },
        {
            "answer": "насыщенный",
            "count": 1
        },
        {
            "answer": "заряженными",
            "count": 1
        },
        {
            "answer": "довольные",
            "count": 1
        },
        {
            "answer": "пьяные",
            "count": 1
        },
        {
            "answer": "казанскоюридическое",
            "count": 1
        },
        {
            "answer": "интересное",
            "count": 1
        },
        {
            "answer": "интересный",
            "count": 1
        },
        {
            "answer": "волнение",
            "count": 1
        },
        {
            "answer": "ожидание",
            "count": 1
        },
        {
            "answer": "интерес",
            "count": 1
        },
        {
            "answer": "работа",
            "count": 1
        },
        {
            "answer": "четверг",
            "count": 1
        },
        {
            "answer": "хмуро",
            "count": 1
        },
        {
            "answer": "где я?",
            "count": 1
        }
    ]
}