{
    "id": 19933,
    "question": "Что было для вас самым ценным за два дня сессии? Опишите 1-2 словами",
    "answers": [
        {
            "answer": "команда",
            "count": 1
        },
        {
            "answer": "обратная связь о юристах",
            "count": 1
        },
        {
            "answer": "общение",
            "count": 1
        },
        {
            "answer": "посмотреть изнутри на юристов",
            "count": 1
        },
        {
            "answer": "мнение бизнеса",
            "count": 1
        },
        {
            "answer": "оценка работы юриста",
            "count": 1
        },
        {
            "answer": "взаимопонимание с коллегами",
            "count": 1
        },
        {
            "answer": "демократичность дискуссии",
            "count": 1
        },
        {
            "answer": "готовность делиться опытом",
            "count": 1
        },
        {
            "answer": "диалог",
            "count": 1
        },
        {
            "answer": "много нового",
            "count": 1
        },
        {
            "answer": "открытость обсуждения",
            "count": 1
        },
        {
            "answer": "объективность искренность",
            "count": 1
        },
        {
            "answer": "мы важны для бизнеса!",
            "count": 1
        },
        {
            "answer": "открытый диалог",
            "count": 1
        },
        {
            "answer": "командообразование",
            "count": 1
        },
        {
            "answer": "командная работа",
            "count": 1
        },
        {
            "answer": "знакомство с коллегами",
            "count": 1
        },
        {
            "answer": "доклады, личное общение",
            "count": 1
        },
        {
            "answer": "общение с живыми людьми из биз",
            "count": 1
        },
        {
            "answer": "мнение заказчика",
            "count": 1
        },
        {
            "answer": "общение",
            "count": 1
        },
        {
            "answer": "общение",
            "count": 1
        },
        {
            "answer": "коммуникации",
            "count": 1
        },
        {
            "answer": "мнение заказчиков",
            "count": 1
        },
        {
            "answer": "открытый диалог",
            "count": 1
        },
        {
            "answer": "услышать смежных коллег",
            "count": 1
        },
        {
            "answer": "общение",
            "count": 1
        },
        {
            "answer": "информация",
            "count": 1
        },
        {
            "answer": "все",
            "count": 1
        },
        {
            "answer": "новая информация",
            "count": 1
        },
        {
            "answer": "обратная связь",
            "count": 1
        },
        {
            "answer": "правдивая обратная связь",
            "count": 1
        },
        {
            "answer": "общение",
            "count": 1
        },
        {
            "answer": "общение",
            "count": 1
        }
    ]
}