{
    "id": 20078,
    "question": "Как настроение после продуктивного бизнес-завтрака? Опишите одной фразой.",
    "answers": [
        {
            "answer": "конгруэнтно",
            "count": 1
        },
        {
            "answer": "где платформа?",
            "count": 1
        },
        {
            "answer": ":)",
            "count": 1
        },
        {
            "answer": "очень продуктивно.",
            "count": 1
        },
        {
            "answer": "задумчивое",
            "count": 1
        },
        {
            "answer": "шампанского!",
            "count": 1
        },
        {
            "answer": "есть над чем продумать)",
            "count": 1
        },
        {
            "answer": "отдичное",
            "count": 1
        },
        {
            "answer": "бодрое",
            "count": 1
        },
        {
            "answer": "умеренно оптимистичное",
            "count": 1
        },
        {
            "answer": "отлично!",
            "count": 1
        },
        {
            "answer": "круто",
            "count": 1
        },
        {
            "answer": "пора начинать действовать!",
            "count": 1
        },
        {
            "answer": "супер",
            "count": 1
        },
        {
            "answer": "рабочее",
            "count": 1
        },
        {
            "answer": "отличное!",
            "count": 1
        },
        {
            "answer": "скучно",
            "count": 1
        },
        {
            "answer": "норм :/",
            "count": 1
        },
        {
            "answer": "отличное",
            "count": 1
        },
        {
            "answer": "отличное",
            "count": 1
        }
    ]
}