{
    "id": 20139,
    "question": "Какие цели вы поставили себе на Школу тренеров?",
    "answers": [
        {
            "answer": "амбициозные",
            "count": 1
        },
        {
            "answer": "больше знаний и умений",
            "count": 1
        },
        {
            "answer": "больше информации",
            "count": 1
        },
        {
            "answer": "больше разв",
            "count": 1
        },
        {
            "answer": "больше узнать по складской лог",
            "count": 1
        },
        {
            "answer": "вагон знаний увезти",
            "count": 1
        },
        {
            "answer": "взять максимально полезную инф",
            "count": 1
        },
        {
            "answer": "впитать новые знания  и умения",
            "count": 1
        },
        {
            "answer": "дополнить знания",
            "count": 1
        },
        {
            "answer": "дополнить имеющие знания.",
            "count": 1
        },
        {
            "answer": "знание",
            "count": 1
        },
        {
            "answer": "знания",
            "count": 14
        },
        {
            "answer": "знания умения навыки",
            "count": 1
        },
        {
            "answer": "изучение нового материала",
            "count": 1
        },
        {
            "answer": "информация",
            "count": 1
        },
        {
            "answer": "максимальное получение знаний",
            "count": 1
        },
        {
            "answer": "максимум знаний",
            "count": 2
        },
        {
            "answer": "максимум информации",
            "count": 1
        },
        {
            "answer": "максимум новой информации",
            "count": 1
        },
        {
            "answer": "максимум полезных знаний",
            "count": 1
        },
        {
            "answer": "найти что-то новое",
            "count": 1
        },
        {
            "answer": "научиться применять",
            "count": 1
        },
        {
            "answer": "научиться применять навыки",
            "count": 1
        },
        {
            "answer": "научиться работать с возражени",
            "count": 1
        },
        {
            "answer": "научиться чему-то новому",
            "count": 1
        },
        {
            "answer": "новая информ",
            "count": 1
        },
        {
            "answer": "новая информация",
            "count": 3
        },
        {
            "answer": "новые знание для применения на",
            "count": 1
        },
        {
            "answer": "новые знания",
            "count": 30
        },
        {
            "answer": "новые знания для практики",
            "count": 1
        },
        {
            "answer": "новые знания и инструменты",
            "count": 1
        },
        {
            "answer": "новые знания и навыки.",
            "count": 1
        },
        {
            "answer": "новые знания и практики для эф",
            "count": 1
        },
        {
            "answer": "новые знания по вовлечению",
            "count": 1
        },
        {
            "answer": "новые знания почерпнуть",
            "count": 1
        },
        {
            "answer": "новые компетенции",
            "count": 1
        },
        {
            "answer": "новые навыки",
            "count": 1
        },
        {
            "answer": "новые скилы",
            "count": 1
        },
        {
            "answer": "новые умения",
            "count": 1
        },
        {
            "answer": "новый знания",
            "count": 1
        },
        {
            "answer": "обмен получение новой инфы",
            "count": 1
        },
        {
            "answer": "обновить знания",
            "count": 1
        },
        {
            "answer": "обучаться и совершенствоваться",
            "count": 1
        },
        {
            "answer": "обучение",
            "count": 11
        },
        {
            "answer": "обучится",
            "count": 1
        },
        {
            "answer": "обучится новым знаниям примен",
            "count": 1
        },
        {
            "answer": "обучиться",
            "count": 1
        },
        {
            "answer": "открыть новое для себя",
            "count": 1
        },
        {
            "answer": "повысить уровень знаний",
            "count": 1
        },
        {
            "answer": "повышение знаний и опыта",
            "count": 1
        },
        {
            "answer": "повышение уровня знаний",
            "count": 3
        },
        {
            "answer": "подчеркнуть новое",
            "count": 1
        },
        {
            "answer": "поиск новых знаний",
            "count": 1
        },
        {
            "answer": "полезную информацию для работы",
            "count": 1
        },
        {
            "answer": "получение знаний",
            "count": 1
        },
        {
            "answer": "получение информации",
            "count": 1
        },
        {
            "answer": "получение новой информации",
            "count": 1
        },
        {
            "answer": "получение новые",
            "count": 1
        },
        {
            "answer": "получение новых",
            "count": 1
        },
        {
            "answer": "получение новых знаний",
            "count": 12
        },
        {
            "answer": "получение новых знаний и опыта",
            "count": 1
        },
        {
            "answer": "получение новых навыков",
            "count": 1
        },
        {
            "answer": "получить дополнительные знания",
            "count": 1
        },
        {
            "answer": "получить знания",
            "count": 5
        },
        {
            "answer": "получить знания и опыт",
            "count": 1
        },
        {
            "answer": "получить знания и практики",
            "count": 1
        },
        {
            "answer": "получить знания от лучших",
            "count": 1
        },
        {
            "answer": "получить макс полезной инфо",
            "count": 1
        },
        {
            "answer": "получить максимум знаний",
            "count": 1
        },
        {
            "answer": "получить максимум знаний. новы",
            "count": 1
        },
        {
            "answer": "получить материалы",
            "count": 1
        },
        {
            "answer": "получить навыки развития пс",
            "count": 1
        },
        {
            "answer": "получить новую информацию",
            "count": 3
        },
        {
            "answer": "получить новые знания",
            "count": 32
        },
        {
            "answer": "получить новые знания и знаков",
            "count": 1
        },
        {
            "answer": "получить новые знания и опыт",
            "count": 1
        },
        {
            "answer": "получить новые знания и умения",
            "count": 1
        },
        {
            "answer": "получить новые знания.",
            "count": 1
        },
        {
            "answer": "получить новые компетенции",
            "count": 1
        },
        {
            "answer": "получить новые компетенции и з",
            "count": 1
        },
        {
            "answer": "получить новые навыки",
            "count": 1
        },
        {
            "answer": "получить новые навыки и умения",
            "count": 1
        },
        {
            "answer": "получить новые практики",
            "count": 1
        },
        {
            "answer": "получить новые умения",
            "count": 1
        },
        {
            "answer": "получить полезные знания",
            "count": 1
        },
        {
            "answer": "получить полезные новые знания",
            "count": 1
        },
        {
            "answer": "пополнить багаж знаний",
            "count": 1
        },
        {
            "answer": "поулчить знания",
            "count": 1
        },
        {
            "answer": "поучить новые навыки",
            "count": 1
        },
        {
            "answer": "приобрести новые знания",
            "count": 2
        },
        {
            "answer": "прлучить новые знания",
            "count": 1
        },
        {
            "answer": "расширить знания",
            "count": 1
        },
        {
            "answer": "расширить кругозор",
            "count": 1
        },
        {
            "answer": "расширить кругозор и компетен.",
            "count": 1
        },
        {
            "answer": "расширить свои знания",
            "count": 1
        },
        {
            "answer": "расширить свой багаж знаний",
            "count": 1
        },
        {
            "answer": "увезти максимум знаний",
            "count": 1
        },
        {
            "answer": "увеличить свою базу знаний",
            "count": 1
        },
        {
            "answer": "углубить знания",
            "count": 1
        },
        {
            "answer": "углубить имеющиеся знания.",
            "count": 1
        },
        {
            "answer": "узнать новое",
            "count": 13
        },
        {
            "answer": "узнать новое и внедрить",
            "count": 1
        },
        {
            "answer": "узнать новое и внедрять!",
            "count": 1
        },
        {
            "answer": "узнать новое и опыт других",
            "count": 1
        },
        {
            "answer": "узнать новое о инструментах бп",
            "count": 1
        },
        {
            "answer": "узнать новое по бп",
            "count": 1
        },
        {
            "answer": "узнать новую информацию",
            "count": 1
        },
        {
            "answer": "узнать что то новое",
            "count": 2
        },
        {
            "answer": "узнать что то новое!!!",
            "count": 1
        },
        {
            "answer": "узнать что-то новое",
            "count": 3
        },
        {
            "answer": "умения",
            "count": 2
        },
        {
            "answer": "унести знание и опыт",
            "count": 1
        },
        {
            "answer": "учёба по оптимизации производс",
            "count": 1
        },
        {
            "answer": "учиться",
            "count": 3
        },
        {
            "answer": "черпать информацию максимально",
            "count": 1
        },
        {
            "answer": "навык",
            "count": 2
        },
        {
            "answer": "навыки",
            "count": 2
        },
        {
            "answer": "вдохновение для рпу",
            "count": 1
        },
        {
            "answer": "заряд энергии для реализации п",
            "count": 1
        },
        {
            "answer": "зарядиться импульсом изменений",
            "count": 1
        },
        {
            "answer": "зарядиться энергией",
            "count": 1
        },
        {
            "answer": "зарядиться энергией для работы",
            "count": 1
        },
        {
            "answer": "мотивация",
            "count": 1
        },
        {
            "answer": "поиск вдохновения",
            "count": 1
        },
        {
            "answer": "вернуться с новыми идеями",
            "count": 1
        },
        {
            "answer": "новые идеи",
            "count": 1
        },
        {
            "answer": "взять максимум для себя и пред",
            "count": 1
        },
        {
            "answer": "взять по максимуму",
            "count": 1
        },
        {
            "answer": "вкусно покушать",
            "count": 1
        },
        {
            "answer": "получить свитер и покушать",
            "count": 1
        },
        {
            "answer": "вовлечение сотрудников",
            "count": 1
        },
        {
            "answer": "вовлечённость в производственн",
            "count": 1
        },
        {
            "answer": "как вовлечь сотрудников",
            "count": 1
        },
        {
            "answer": "узнать как вовлекать в проект",
            "count": 1
        },
        {
            "answer": "встретить своих одногрупников",
            "count": 1
        },
        {
            "answer": "встретиться с коллегами",
            "count": 1
        },
        {
            "answer": "встретиться с товарищами",
            "count": 1
        },
        {
            "answer": "встреча с друзьями",
            "count": 1
        },
        {
            "answer": "встречи с коллегами",
            "count": 1
        },
        {
            "answer": "выжить",
            "count": 1
        },
        {
            "answer": "выйти на новый уровень меропр.",
            "count": 1
        },
        {
            "answer": "выспаться",
            "count": 1
        },
        {
            "answer": "выступление перед аудиторией",
            "count": 1
        },
        {
            "answer": "достичь эффективности работы п",
            "count": 1
        },
        {
            "answer": "эффективность управления предп",
            "count": 1
        },
        {
            "answer": "думать о будущем москвы",
            "count": 1
        },
        {
            "answer": "закрепить",
            "count": 1
        },
        {
            "answer": "закрепить полученные знания",
            "count": 1
        },
        {
            "answer": "знакомства",
            "count": 3
        },
        {
            "answer": "знакомство",
            "count": 1
        },
        {
            "answer": "знакомство и развитие",
            "count": 1
        },
        {
            "answer": "нетворкинг",
            "count": 2
        },
        {
            "answer": "новые зна4омства",
            "count": 1
        },
        {
            "answer": "новые знакомства",
            "count": 5
        },
        {
            "answer": "новые знакомства с коллегами",
            "count": 1
        },
        {
            "answer": "новые контакты",
            "count": 1
        },
        {
            "answer": "новые полезные знакомства",
            "count": 1
        },
        {
            "answer": "познакомиться",
            "count": 1
        },
        {
            "answer": "познакомиться с коллегами",
            "count": 1
        },
        {
            "answer": "знакомство с концепцией школы",
            "count": 1
        },
        {
            "answer": "лучшие практики",
            "count": 2
        },
        {
            "answer": "лучшие практики по отраслям",
            "count": 1
        },
        {
            "answer": "ознакомление с практиками",
            "count": 1
        },
        {
            "answer": "познакомиться с лучшими практи",
            "count": 1
        },
        {
            "answer": "посмотреть и обсудить практики",
            "count": 1
        },
        {
            "answer": "увидеть лучшие практики узнат",
            "count": 1
        },
        {
            "answer": "узнать лучшие практики",
            "count": 1
        },
        {
            "answer": "узнать про лучшие практики",
            "count": 1
        },
        {
            "answer": "изучить новые практики",
            "count": 1
        },
        {
            "answer": "лучшие практика",
            "count": 1
        },
        {
            "answer": "обмен практикаии",
            "count": 1
        },
        {
            "answer": "модернизация",
            "count": 1
        },
        {
            "answer": "найти собратьев по тренерству",
            "count": 1
        },
        {
            "answer": "научится инструментам бп",
            "count": 1
        },
        {
            "answer": "новые инструменты",
            "count": 1
        },
        {
            "answer": "новые инструменты в обучении",
            "count": 1
        },
        {
            "answer": "новые прикладные инструменты",
            "count": 1
        },
        {
            "answer": "познание инструментов бп",
            "count": 1
        },
        {
            "answer": "экспертность по инструментам",
            "count": 1
        },
        {
            "answer": "узнать новые инструменты нау",
            "count": 1
        },
        {
            "answer": "не спать",
            "count": 1
        },
        {
            "answer": "освежить знания",
            "count": 2
        },
        {
            "answer": "новый взгляд",
            "count": 1
        },
        {
            "answer": "новый опыт",
            "count": 2
        },
        {
            "answer": "опыт",
            "count": 1
        },
        {
            "answer": "получить опфт",
            "count": 1
        },
        {
            "answer": "получить опыт",
            "count": 3
        },
        {
            "answer": "пополнить копилку опыта",
            "count": 1
        },
        {
            "answer": "практика",
            "count": 1
        },
        {
            "answer": "получение опыта",
            "count": 2
        },
        {
            "answer": "обмен знаниями и опытом",
            "count": 1
        },
        {
            "answer": "обмен опытом",
            "count": 32
        },
        {
            "answer": "обмен опытом с коллегами",
            "count": 1
        },
        {
            "answer": "обмен опытом. новый опыт.",
            "count": 1
        },
        {
            "answer": "обменяться опытом с коллегами",
            "count": 1
        },
        {
            "answer": "обменяться практическим опытом",
            "count": 1
        },
        {
            "answer": "опыт регионов в бп",
            "count": 1
        },
        {
            "answer": "передать знания участникам",
            "count": 1
        },
        {
            "answer": "поделиться своим опытом",
            "count": 1
        },
        {
            "answer": "получить тренерский опыт",
            "count": 1
        },
        {
            "answer": "понять функционал тренера",
            "count": 1
        },
        {
            "answer": "обучение взрослых",
            "count": 1
        },
        {
            "answer": "обучиться тренерским навыкам",
            "count": 1
        },
        {
            "answer": "определить тренерские фишки",
            "count": 1
        },
        {
            "answer": "научиться обучать",
            "count": 1
        },
        {
            "answer": "перенять знания для обучения",
            "count": 1
        },
        {
            "answer": "общение",
            "count": 8
        },
        {
            "answer": "общение с коллегами",
            "count": 1
        },
        {
            "answer": "пообщатся с коллегами",
            "count": 1
        },
        {
            "answer": "пообщаться с коллегами",
            "count": 1
        },
        {
            "answer": "новые методики мотивации",
            "count": 1
        },
        {
            "answer": "освоение новых подходов",
            "count": 1
        },
        {
            "answer": "поиск новых решений",
            "count": 1
        },
        {
            "answer": "узнать инновационные фишки",
            "count": 1
        },
        {
            "answer": "обучиться новым методам",
            "count": 1
        },
        {
            "answer": "освоить проведение мк",
            "count": 1
        },
        {
            "answer": "отвлечься от рутины",
            "count": 1
        },
        {
            "answer": "отдых",
            "count": 1
        },
        {
            "answer": "перезагрузка",
            "count": 2
        },
        {
            "answer": "хорошо провести время",
            "count": 2
        },
        {
            "answer": "повысить компетенции тренера",
            "count": 1
        },
        {
            "answer": "повысить компетенцию и знания",
            "count": 1
        },
        {
            "answer": "повысить навыки",
            "count": 1
        },
        {
            "answer": "повысить навыки и компитенции",
            "count": 1
        },
        {
            "answer": "повысить навыки и саморазвитии",
            "count": 1
        },
        {
            "answer": "повысить проф-е навыки",
            "count": 1
        },
        {
            "answer": "повысить свои компетенции",
            "count": 2
        },
        {
            "answer": "повысить свои компетенции.",
            "count": 1
        },
        {
            "answer": "повысить свою компетенцию",
            "count": 2
        },
        {
            "answer": "повысить тренерские компетенци",
            "count": 1
        },
        {
            "answer": "повышение квалификации",
            "count": 9
        },
        {
            "answer": "повышение компетенции",
            "count": 2
        },
        {
            "answer": "повышение компетенций",
            "count": 3
        },
        {
            "answer": "повышение компетенций тренера",
            "count": 1
        },
        {
            "answer": "повышение тренерских способнос",
            "count": 1
        },
        {
            "answer": "прокачивание базовых знаний",
            "count": 1
        },
        {
            "answer": "развитие",
            "count": 7
        },
        {
            "answer": "развитие и совершенствование",
            "count": 1
        },
        {
            "answer": "развитие компетенций",
            "count": 4
        },
        {
            "answer": "развитие компетенций в бп",
            "count": 1
        },
        {
            "answer": "развитие компетенций по бп",
            "count": 1
        },
        {
            "answer": "развитие компетенций тренера",
            "count": 1
        },
        {
            "answer": "развитие повышение компитенци",
            "count": 1
        },
        {
            "answer": "развитие своих компетенций",
            "count": 1
        },
        {
            "answer": "развитие тренерский навыков",
            "count": 1
        },
        {
            "answer": "развитие тренерских компетенци",
            "count": 1
        },
        {
            "answer": "развить компетенции",
            "count": 1
        },
        {
            "answer": "развить свои навыки",
            "count": 1
        },
        {
            "answer": "саморазвитие",
            "count": 4
        },
        {
            "answer": "самосовершенствование и развит",
            "count": 1
        },
        {
            "answer": "совершенствование",
            "count": 5
        },
        {
            "answer": "совершенствование в сфере бп",
            "count": 1
        },
        {
            "answer": "совершенствование знаний",
            "count": 2
        },
        {
            "answer": "совершенствование и улучшения",
            "count": 1
        },
        {
            "answer": "тренирсаие компетенции",
            "count": 1
        },
        {
            "answer": "улучшить компетенции",
            "count": 1
        },
        {
            "answer": "улучшить тренерские навыки",
            "count": 2
        },
        {
            "answer": "усовершенстваться",
            "count": 1
        },
        {
            "answer": "усовершенствовать навыки",
            "count": 1
        },
        {
            "answer": "усовершенствовать свои навыки",
            "count": 1
        },
        {
            "answer": "повысить квалификацию",
            "count": 4
        },
        {
            "answer": "повысить квалификацию как ибп",
            "count": 1
        },
        {
            "answer": "повысить компетенции",
            "count": 4
        },
        {
            "answer": "прокачать компетенции",
            "count": 1
        },
        {
            "answer": "прокачать навыки",
            "count": 2
        },
        {
            "answer": "прокачать орасторские навыки",
            "count": 1
        },
        {
            "answer": "прокачать свои навыки",
            "count": 1
        },
        {
            "answer": "прокачать тренерские знания",
            "count": 1
        },
        {
            "answer": "прокачать тренерские компетенц",
            "count": 1
        },
        {
            "answer": "прокачать тренерские навыки",
            "count": 1
        },
        {
            "answer": "совершенствоваться",
            "count": 1
        },
        {
            "answer": "повышение производительности",
            "count": 1
        },
        {
            "answer": "получить ответы на вопросы",
            "count": 1
        },
        {
            "answer": "узнать ответы на интерес. вопр",
            "count": 1
        },
        {
            "answer": "решение вопросов",
            "count": 1
        },
        {
            "answer": "понять дальнейшие действия",
            "count": 1
        },
        {
            "answer": "понять управление персоналом",
            "count": 1
        },
        {
            "answer": "посетить мастер-классы по инте",
            "count": 1
        },
        {
            "answer": "прохождение мастер-классов",
            "count": 1
        },
        {
            "answer": "применять",
            "count": 1
        },
        {
            "answer": "применять знания на своём пр-е",
            "count": 1
        },
        {
            "answer": "примеры реализованных проектов",
            "count": 1
        },
        {
            "answer": "проверить свои знания",
            "count": 1
        },
        {
            "answer": "проектная деятельность",
            "count": 1
        },
        {
            "answer": "управление проектами",
            "count": 1
        },
        {
            "answer": "стать тренером фцк",
            "count": 1
        },
        {
            "answer": "рассказать стране о шт",
            "count": 1
        },
        {
            "answer": "расширение творческих границ",
            "count": 1
        },
        {
            "answer": "систематизация",
            "count": 1
        },
        {
            "answer": "стать продуктивнее в работе",
            "count": 1
        },
        {
            "answer": "обучай. применяйте. соверш.",
            "count": 1
        },
        {
            "answer": "применяй обучай совершенствуй",
            "count": 1
        }
    ]
}