{
    "id": 20193,
    "question": "Ваш настрой сейчас?",
    "answers": [
        {
            "answer": "бодрый",
            "count": 1
        },
        {
            "answer": "гуд",
            "count": 1
        },
        {
            "answer": "дождливый",
            "count": 1
        },
        {
            "answer": "бодрый",
            "count": 1
        },
        {
            "answer": "рабочий",
            "count": 1
        },
        {
            "answer": "утро",
            "count": 1
        },
        {
            "answer": "рабочее",
            "count": 1
        },
        {
            "answer": "предвкушение",
            "count": 1
        },
        {
            "answer": "сосредоточенное",
            "count": 1
        },
        {
            "answer": "заинтересован",
            "count": 1
        },
        {
            "answer": "отличный",
            "count": 1
        },
        {
            "answer": "хорошее",
            "count": 1
        },
        {
            "answer": "интересный",
            "count": 1
        },
        {
            "answer": "позитив",
            "count": 1
        },
        {
            "answer": "огонь",
            "count": 1
        },
        {
            "answer": "рабочий",
            "count": 1
        },
        {
            "answer": "рабочий",
            "count": 1
        },
        {
            "answer": "excited",
            "count": 1
        },
        {
            "answer": "рабочее",
            "count": 1
        },
        {
            "answer": "боевой",
            "count": 1
        },
        {
            "answer": "интрига",
            "count": 1
        },
        {
            "answer": "питерский",
            "count": 1
        },
        {
            "answer": "прекрасное",
            "count": 1
        },
        {
            "answer": "заинтересован",
            "count": 1
        },
        {
            "answer": "боевое",
            "count": 1
        },
        {
            "answer": "бодрый",
            "count": 1
        },
        {
            "answer": "все супер",
            "count": 1
        },
        {
            "answer": "рабочий",
            "count": 1
        },
        {
            "answer": "огонь",
            "count": 1
        },
        {
            "answer": "радостное",
            "count": 1
        },
        {
            "answer": "задумчивый",
            "count": 1
        },
        {
            "answer": "сажать деревья",
            "count": 1
        },
        {
            "answer": "боевой!",
            "count": 1
        },
        {
            "answer": "огонь",
            "count": 1
        },
        {
            "answer": "рабочий",
            "count": 1
        },
        {
            "answer": "хорошее",
            "count": 1
        },
        {
            "answer": "огонь",
            "count": 1
        },
        {
            "answer": "бодрый",
            "count": 1
        },
        {
            "answer": "бодрое",
            "count": 1
        },
        {
            "answer": "отвратительное",
            "count": 1
        },
        {
            "answer": "дурынин в.а",
            "count": 1
        },
        {
            "answer": "отлично",
            "count": 1
        },
        {
            "answer": "5",
            "count": 1
        },
        {
            "answer": "офигенно, ижора forever!!!",
            "count": 1
        },
        {
            "answer": "позитивный",
            "count": 1
        },
        {
            "answer": "отличный",
            "count": 1
        }
    ]
}