{
    "id": 20204,
    "question": "Ожидания от сессии. Что мне важно обсудить",
    "answers": [
        {
            "answer": "конкрктика",
            "count": 1
        },
        {
            "answer": "стратегию",
            "count": 1
        },
        {
            "answer": "стратегия",
            "count": 1
        },
        {
            "answer": "обсудить острые наболевшие воп",
            "count": 1
        },
        {
            "answer": "развитие аэп",
            "count": 1
        },
        {
            "answer": "отлично",
            "count": 1
        },
        {
            "answer": "вовлеченность",
            "count": 1
        },
        {
            "answer": "горизонтальное взаимодействие",
            "count": 1
        },
        {
            "answer": "жду позитива",
            "count": 1
        },
        {
            "answer": "стратегию",
            "count": 1
        },
        {
            "answer": "подготовка и проработка",
            "count": 1
        },
        {
            "answer": "знакомства",
            "count": 1
        },
        {
            "answer": "вода бодрит",
            "count": 1
        },
        {
            "answer": "мотивация",
            "count": 1
        },
        {
            "answer": "планирование",
            "count": 1
        },
        {
            "answer": "как жить и работать дальше",
            "count": 1
        },
        {
            "answer": "эффективность",
            "count": 1
        },
        {
            "answer": "как будем жить дальше",
            "count": 1
        },
        {
            "answer": "основные проблемы опи",
            "count": 1
        },
        {
            "answer": "ресурсы",
            "count": 1
        },
        {
            "answer": "узнать друг друга ближе",
            "count": 1
        },
        {
            "answer": "стратегию",
            "count": 1
        },
        {
            "answer": "дальнейшее развитие",
            "count": 1
        },
        {
            "answer": "развитие опи",
            "count": 1
        },
        {
            "answer": "процессы",
            "count": 1
        },
        {
            "answer": "дальнейшее развитие опи",
            "count": 1
        },
        {
            "answer": "текущую ситуацию в институте",
            "count": 1
        },
        {
            "answer": "будущее",
            "count": 1
        }
    ]
}