{
    "id": 20203,
    "question": "Ключевая эмоция от проведенного времени до обеда",
    "answers": [
        {
            "answer": "как всегда экстртм",
            "count": 1
        },
        {
            "answer": "волна",
            "count": 1
        },
        {
            "answer": "радость",
            "count": 1
        },
        {
            "answer": "счастье",
            "count": 1
        },
        {
            "answer": "пипец",
            "count": 1
        },
        {
            "answer": "вызов",
            "count": 1
        },
        {
            "answer": "###9 вал взят!!!",
            "count": 1
        },
        {
            "answer": "улёт!!!",
            "count": 1
        },
        {
            "answer": "это здорово!!!",
            "count": 1
        },
        {
            "answer": "###выжили!!!",
            "count": 1
        },
        {
            "answer": "очень мокро)))",
            "count": 1
        },
        {
            "answer": "ух",
            "count": 1
        },
        {
            "answer": "восхищение",
            "count": 1
        },
        {
            "answer": "радость",
            "count": 1
        },
        {
            "answer": "вдохновение",
            "count": 1
        },
        {
            "answer": "любопытно",
            "count": 1
        },
        {
            "answer": "утоп",
            "count": 1
        },
        {
            "answer": "удовольствие",
            "count": 1
        },
        {
            "answer": "тёпленько и сухо",
            "count": 1
        },
        {
            "answer": "уверенность я",
            "count": 1
        },
        {
            "answer": "увереность успеха",
            "count": 1
        },
        {
            "answer": "радость общения",
            "count": 1
        },
        {
            "answer": "ура",
            "count": 1
        },
        {
            "answer": "заряд бодрости",
            "count": 1
        },
        {
            "answer": "круть",
            "count": 1
        },
        {
            "answer": "адреналин",
            "count": 1
        },
        {
            "answer": "кайф",
            "count": 1
        },
        {
            "answer": "сплоченность",
            "count": 1
        },
        {
            "answer": "заряд энергии",
            "count": 1
        },
        {
            "answer": "азарт",
            "count": 1
        },
        {
            "answer": "энергетика",
            "count": 1
        },
        {
            "answer": "устал",
            "count": 1
        },
        {
            "answer": "супер",
            "count": 1
        },
        {
            "answer": "супер",
            "count": 1
        },
        {
            "answer": "круто 👍",
            "count": 1
        },
        {
            "answer": "объединение",
            "count": 1
        },
        {
            "answer": "эгегей!!!!",
            "count": 1
        },
        {
            "answer": "отлично",
            "count": 1
        },
        {
            "answer": "предвкушение",
            "count": 1
        },
        {
            "answer": "круто!",
            "count": 1
        },
        {
            "answer": "весело",
            "count": 1
        },
        {
            "answer": "радость",
            "count": 1
        }
    ]
}