{
    "id": 20320,
    "question": "Какие практики руководителя вам знакомы, напишите в МОЙ ГОЛОС…",
    "answers": [
        {
            "answer": "5с",
            "count": 1
        },
        {
            "answer": "kpi",
            "count": 1
        },
        {
            "answer": "pdsa",
            "count": 1
        },
        {
            "answer": "smart",
            "count": 1
        },
        {
            "answer": "смарт",
            "count": 2
        },
        {
            "answer": "авс анализ",
            "count": 1
        },
        {
            "answer": "делегирование",
            "count": 1
        },
        {
            "answer": "диаграмма спагетти",
            "count": 1
        },
        {
            "answer": "дисциплина",
            "count": 1
        },
        {
            "answer": "картирование",
            "count": 1
        },
        {
            "answer": "кнут и пряник",
            "count": 1
        },
        {
            "answer": "личный опыт",
            "count": 1
        },
        {
            "answer": "личный пример",
            "count": 1
        },
        {
            "answer": "лучшие практики",
            "count": 1
        },
        {
            "answer": "мотивация",
            "count": 1
        },
        {
            "answer": "мотивация сотрудников",
            "count": 2
        },
        {
            "answer": "не знаком",
            "count": 1
        },
        {
            "answer": "никакие",
            "count": 1
        },
        {
            "answer": "обратная связь",
            "count": 2
        },
        {
            "answer": "оее анализ",
            "count": 1
        },
        {
            "answer": "планирование",
            "count": 2
        },
        {
            "answer": "проекты по улучшениям",
            "count": 1
        },
        {
            "answer": "производственный анализ",
            "count": 2
        },
        {
            "answer": "работа с потерями",
            "count": 1
        },
        {
            "answer": "смед",
            "count": 1
        },
        {
            "answer": "стандарт работы руководителя",
            "count": 1
        },
        {
            "answer": "стрессменеджмент",
            "count": 1
        }
    ]
}