{
    "id": 20400,
    "question": "Name 4-5 emerging markets",
    "answers": [
        {
            "answer": "africa",
            "count": 1
        },
        {
            "answer": "south africa",
            "count": 3
        },
        {
            "answer": "arabic emirates",
            "count": 1
        },
        {
            "answer": "uae",
            "count": 2
        },
        {
            "answer": "argentina",
            "count": 1
        },
        {
            "answer": "australia",
            "count": 1
        },
        {
            "answer": "brazil",
            "count": 11
        },
        {
            "answer": "canada",
            "count": 1
        },
        {
            "answer": "cheap countries",
            "count": 1
        },
        {
            "answer": "chile",
            "count": 1
        },
        {
            "answer": "china",
            "count": 17
        },
        {
            "answer": "taiwan",
            "count": 1
        },
        {
            "answer": "colombia",
            "count": 1
        },
        {
            "answer": "egypt",
            "count": 1
        },
        {
            "answer": "ind",
            "count": 1
        },
        {
            "answer": "india",
            "count": 18
        },
        {
            "answer": "indonesia",
            "count": 2
        },
        {
            "answer": "korea",
            "count": 1
        },
        {
            "answer": "mexico",
            "count": 3
        },
        {
            "answer": "pakistan",
            "count": 1
        },
        {
            "answer": "peru",
            "count": 1
        },
        {
            "answer": "philippines",
            "count": 1
        },
        {
            "answer": "russia",
            "count": 7
        },
        {
            "answer": "saudi arabia",
            "count": 1
        },
        {
            "answer": "south america",
            "count": 1
        },
        {
            "answer": "turkey",
            "count": 4
        },
        {
            "answer": "usa",
            "count": 2
        },
        {
            "answer": "viethnam",
            "count": 1
        },
        {
            "answer": "vietnam",
            "count": 4
        }
    ]
}