{
    "id": 20591,
    "question": "Что нам придется поменять в первую очередь при внедрении бережливого производства?",
    "answers": [
        {
            "answer": "быстро показывались карты",
            "count": 1
        },
        {
            "answer": "восприятие",
            "count": 1
        },
        {
            "answer": "должностные инструкции",
            "count": 1
        },
        {
            "answer": "желание менеджмента",
            "count": 1
        },
        {
            "answer": "зона комфорта",
            "count": 1
        },
        {
            "answer": "культуру",
            "count": 1
        },
        {
            "answer": "культуру производства",
            "count": 1
        },
        {
            "answer": "мировоззрение",
            "count": 1
        },
        {
            "answer": "представления  сотрудников",
            "count": 1
        },
        {
            "answer": "мнения людей",
            "count": 1
        },
        {
            "answer": "мышление",
            "count": 15
        },
        {
            "answer": "мышление людей",
            "count": 1
        },
        {
            "answer": "мышление работников",
            "count": 1
        },
        {
            "answer": "образ мышления",
            "count": 1
        },
        {
            "answer": "переформатировать мышление",
            "count": 1
        },
        {
            "answer": "стереотипы",
            "count": 1
        },
        {
            "answer": "стериотипы мышления",
            "count": 1
        },
        {
            "answer": "философию людей",
            "count": 1
        },
        {
            "answer": "не обговорили правила",
            "count": 1
        },
        {
            "answer": "необычность",
            "count": 1
        },
        {
            "answer": "отношение к происходящему",
            "count": 1
        },
        {
            "answer": "отношение к работе",
            "count": 2
        },
        {
            "answer": "отношение свое",
            "count": 1
        },
        {
            "answer": "подход к работе",
            "count": 1
        },
        {
            "answer": "поведение сотрудников",
            "count": 1
        },
        {
            "answer": "привычки",
            "count": 3
        },
        {
            "answer": "привычки в работе",
            "count": 1
        },
        {
            "answer": "привычные реакции",
            "count": 1
        },
        {
            "answer": "свои навыки",
            "count": 1
        },
        {
            "answer": "себя",
            "count": 1
        },
        {
            "answer": "стандарты",
            "count": 1
        },
        {
            "answer": "страх изменений",
            "count": 1
        },
        {
            "answer": "установки",
            "count": 1
        }
    ]
}