{
    "id": 20592,
    "question": "Что мешает людям меняться?",
    "answers": [
        {
            "answer": "внешняя среда",
            "count": 1
        },
        {
            "answer": "условия",
            "count": 1
        },
        {
            "answer": "выход из зоны комфорта",
            "count": 1
        },
        {
            "answer": "зона комфорта",
            "count": 2
        },
        {
            "answer": "приввычка/ страх",
            "count": 1
        },
        {
            "answer": "привычка",
            "count": 2
        },
        {
            "answer": "привычки",
            "count": 12
        },
        {
            "answer": "привычные реакции",
            "count": 1
        },
        {
            "answer": "желание",
            "count": 1
        },
        {
            "answer": "отсутствие мотивации",
            "count": 2
        },
        {
            "answer": "знания по теме",
            "count": 1
        },
        {
            "answer": "инертность",
            "count": 1
        },
        {
            "answer": "культура",
            "count": 1
        },
        {
            "answer": "лень",
            "count": 6
        },
        {
            "answer": "лень и страх",
            "count": 1
        },
        {
            "answer": "сомнения",
            "count": 1
        },
        {
            "answer": "страх",
            "count": 6
        },
        {
            "answer": "страх неизвестного",
            "count": 1
        },
        {
            "answer": "негативные установки",
            "count": 1
        },
        {
            "answer": "убеждения",
            "count": 2
        },
        {
            "answer": "установки",
            "count": 1
        },
        {
            "answer": "установки из детства",
            "count": 1
        },
        {
            "answer": "негативный опыт",
            "count": 2
        },
        {
            "answer": "отсутствие понимания куда идем",
            "count": 1
        },
        {
            "answer": "парадигмы",
            "count": 1
        },
        {
            "answer": "руководство",
            "count": 1
        },
        {
            "answer": "стереотипы",
            "count": 5
        }
    ]
}