{
    "id": 20609,
    "question": "Чем отличается ППУ от проблемы?",
    "answers": [
        {
            "answer": "влиянием на смстему",
            "count": 1
        },
        {
            "answer": "возможность улучшить что то",
            "count": 1
        },
        {
            "answer": "улучшение процесса ппу",
            "count": 1
        },
        {
            "answer": "это улучшения",
            "count": 1
        },
        {
            "answer": "есть решение",
            "count": 3
        },
        {
            "answer": "конкретное решение",
            "count": 1
        },
        {
            "answer": "оно предлагает решение проблем",
            "count": 1
        },
        {
            "answer": "ппу содержит решение",
            "count": 1
        },
        {
            "answer": "ппу это решение",
            "count": 1
        },
        {
            "answer": "решение",
            "count": 3
        },
        {
            "answer": "решение проблемы",
            "count": 1
        },
        {
            "answer": "это решение проблемы",
            "count": 1
        },
        {
            "answer": "малозатратная",
            "count": 1
        },
        {
            "answer": "это может быть экономия",
            "count": 1
        },
        {
            "answer": "ппу не всегда проблема",
            "count": 1
        },
        {
            "answer": "формой подачи",
            "count": 1
        },
        {
            "answer": "экология",
            "count": 1
        }
    ]
}