{
    "id": 20611,
    "question": "Для чего нужно строить карту потока?",
    "answers": [
        {
            "answer": "видеть весь процесс",
            "count": 1
        },
        {
            "answer": "визуализация и анализ потока",
            "count": 1
        },
        {
            "answer": "визуализация потока",
            "count": 1
        },
        {
            "answer": "визуализация процесса",
            "count": 1
        },
        {
            "answer": "визуализация процессов",
            "count": 1
        },
        {
            "answer": "визуализировать псц",
            "count": 1
        },
        {
            "answer": "впп",
            "count": 1
        },
        {
            "answer": "для визуализации и анализа",
            "count": 1
        },
        {
            "answer": "наглядно видеть процесс",
            "count": 1
        },
        {
            "answer": "одинаково видеть процесс всем",
            "count": 1
        },
        {
            "answer": "описание и анализ процесса.",
            "count": 1
        },
        {
            "answer": "определить связи в процессе",
            "count": 1
        },
        {
            "answer": "показывает поток как он есть",
            "count": 1
        },
        {
            "answer": "представление процесса",
            "count": 1
        },
        {
            "answer": "увидень процесс взглядом орла",
            "count": 1
        },
        {
            "answer": "увидеть процесс в целом",
            "count": 1
        },
        {
            "answer": "увидеть своими глазами процесс",
            "count": 1
        },
        {
            "answer": "чтобы системно увидеть процесс",
            "count": 1
        },
        {
            "answer": "видеть потери",
            "count": 1
        },
        {
            "answer": "выявить потери",
            "count": 4
        },
        {
            "answer": "определить потери",
            "count": 1
        },
        {
            "answer": "потери и место возникновения",
            "count": 1
        },
        {
            "answer": "увидеть потери времени",
            "count": 1
        },
        {
            "answer": "устранить потери в процессе",
            "count": 1
        },
        {
            "answer": "чтоб наглядно увидеть потери",
            "count": 1
        },
        {
            "answer": "выстроить последовательность",
            "count": 1
        },
        {
            "answer": "определить последовательность",
            "count": 1
        },
        {
            "answer": "выявить проблемы",
            "count": 2
        },
        {
            "answer": "выявить узкие места",
            "count": 2
        },
        {
            "answer": "выявить узкое место",
            "count": 1
        },
        {
            "answer": "выявление узких мест",
            "count": 1
        },
        {
            "answer": "выявляет проблемы",
            "count": 1
        },
        {
            "answer": "для выявления узких мест",
            "count": 1
        },
        {
            "answer": "для поиска слабых мест",
            "count": 1
        },
        {
            "answer": "определить проблемы",
            "count": 1
        },
        {
            "answer": "определить узкие места",
            "count": 1
        },
        {
            "answer": "увидеть сбои процесса",
            "count": 1
        },
        {
            "answer": "увидеть узкие места",
            "count": 1
        },
        {
            "answer": "узкие места в потоке",
            "count": 1
        },
        {
            "answer": "для полного понимания процесса",
            "count": 1
        },
        {
            "answer": "определить идеальное состояние",
            "count": 1
        },
        {
            "answer": "определить операции",
            "count": 1
        },
        {
            "answer": "определить текущее состояние",
            "count": 1
        },
        {
            "answer": "текущее состояние бп",
            "count": 1
        },
        {
            "answer": "увидеть текущее состояние",
            "count": 1
        },
        {
            "answer": "увидеть точки оптимизации",
            "count": 1
        }
    ]
}