{
    "id": 20622,
    "question": "Что для Вас самое важное в работе?",
    "answers": [
        {
            "answer": "амбициозная цель",
            "count": 1
        },
        {
            "answer": "атмосфера в команде",
            "count": 1
        },
        {
            "answer": "атмсофера в отделе",
            "count": 1
        },
        {
            "answer": "возможность совершать ошибки",
            "count": 1
        },
        {
            "answer": "вызовы",
            "count": 1
        },
        {
            "answer": "новые вызовы",
            "count": 1
        },
        {
            "answer": "сложные задачи",
            "count": 1
        },
        {
            "answer": "делать больше",
            "count": 1
        },
        {
            "answer": "делать то что люблю",
            "count": 1
        },
        {
            "answer": "интерес",
            "count": 3
        },
        {
            "answer": "удовлетворение от разработки",
            "count": 1
        },
        {
            "answer": "чтобы мне было интересно",
            "count": 1
        },
        {
            "answer": "деньги",
            "count": 1
        },
        {
            "answer": "заработная плата",
            "count": 1
        },
        {
            "answer": "защитник",
            "count": 1
        },
        {
            "answer": "идея и польза обществу",
            "count": 1
        },
        {
            "answer": "польза",
            "count": 2
        },
        {
            "answer": "создание полезных поодуктов",
            "count": 1
        },
        {
            "answer": "социальная польза",
            "count": 1
        },
        {
            "answer": "иметь авторитет в команде",
            "count": 1
        },
        {
            "answer": "инновации",
            "count": 1
        },
        {
            "answer": "современные технологии",
            "count": 1
        },
        {
            "answer": "технологии",
            "count": 1
        },
        {
            "answer": "интересная задача",
            "count": 1
        },
        {
            "answer": "интересные задачи",
            "count": 2
        },
        {
            "answer": "интересные проекты",
            "count": 1
        },
        {
            "answer": "интересный проект",
            "count": 1
        },
        {
            "answer": "качественная команда",
            "count": 1
        },
        {
            "answer": "команда",
            "count": 6
        },
        {
            "answer": "люди",
            "count": 2
        },
        {
            "answer": "люди которым можно доверять",
            "count": 1
        },
        {
            "answer": "качественный результат",
            "count": 1
        },
        {
            "answer": "продукт",
            "count": 3
        },
        {
            "answer": "результат",
            "count": 1
        },
        {
            "answer": "коммуникация",
            "count": 1
        },
        {
            "answer": "масштабность",
            "count": 1
        },
        {
            "answer": "перспективы",
            "count": 1
        },
        {
            "answer": "принимать решения",
            "count": 1
        },
        {
            "answer": "свобода",
            "count": 1
        },
        {
            "answer": "развитие",
            "count": 2
        },
        {
            "answer": "рост",
            "count": 1
        },
        {
            "answer": "реализация себя",
            "count": 1
        },
        {
            "answer": "самореализация",
            "count": 1
        },
        {
            "answer": "счастье и реализация как экс",
            "count": 1
        },
        {
            "answer": "счастье команды",
            "count": 1
        },
        {
            "answer": "цель",
            "count": 1
        }
    ]
}