{
    "id": 2067,
    "question": "Что стало самым запоминающимся?",
    "answers": [
        {
            "answer": "конкурсное задание)",
            "count": 1
        },
        {
            "answer": "каждый день",
            "count": 1
        },
        {
            "answer": "понимание что ты можешь все",
            "count": 1
        },
        {
            "answer": "строить схемы в autocad",
            "count": 1
        },
        {
            "answer": "интересные таски",
            "count": 1
        },
        {
            "answer": "объём работы",
            "count": 1
        },
        {
            "answer": "всё что объяснили нам 🙂",
            "count": 1
        },
        {
            "answer": "сложный экзамен!",
            "count": 1
        },
        {
            "answer": "мастер-классы по soft-skills",
            "count": 1
        },
        {
            "answer": "много знаний",
            "count": 1
        },
        {
            "answer": "профессионализм преподавателя",
            "count": 1
        },
        {
            "answer": "отличные организаторы",
            "count": 1
        },
        {
            "answer": "курсы",
            "count": 1
        },
        {
            "answer": "стримы по продуктивности",
            "count": 1
        },
        {
            "answer": "мастер-классы топ",
            "count": 1
        },
        {
            "answer": "удовольствие от задач",
            "count": 1
        },
        {
            "answer": "ардуино, создание 3д моделей",
            "count": 1
        },
        {
            "answer": "защита кейсов",
            "count": 1
        },
        {
            "answer": "понимание что ты можешь все",
            "count": 1
        },
        {
            "answer": "море практики",
            "count": 1
        },
        {
            "answer": "доброжелательность людей",
            "count": 1
        },
        {
            "answer": "забавные вопросы в тесте",
            "count": 1
        },
        {
            "answer": "понимания изложенного материал",
            "count": 1
        },
        {
            "answer": "выполнение задания экзамена",
            "count": 1
        },
        {
            "answer": "чай",
            "count": 1
        },
        {
            "answer": "задачки",
            "count": 1
        },
        {
            "answer": "друдлы",
            "count": 1
        },
        {
            "answer": "новые и интересные занятия",
            "count": 1
        },
        {
            "answer": "мозг кипел, но было приятно",
            "count": 1
        },
        {
            "answer": "всё было круто и познавательно",
            "count": 1
        },
        {
            "answer": "экзамен",
            "count": 1
        },
        {
            "answer": "профессионализм преподавателя",
            "count": 1
        },
        {
            "answer": "тренинги",
            "count": 1
        },
        {
            "answer": "работа с результатами с excel",
            "count": 1
        },
        {
            "answer": "soft skills",
            "count": 1
        },
        {
            "answer": "курсы",
            "count": 1
        },
        {
            "answer": "моделирование шахмат",
            "count": 1
        },
        {
            "answer": "преподаватель",
            "count": 1
        },
        {
            "answer": "преподаватели заинтересованы в",
            "count": 1
        },
        {
            "answer": "позновательные моменты",
            "count": 1
        },
        {
            "answer": "классные преподаватели",
            "count": 1
        },
        {
            "answer": "обработка результатов в excel",
            "count": 1
        },
        {
            "answer": "моделирование шахмат",
            "count": 1
        },
        {
            "answer": "новые знания",
            "count": 1
        },
        {
            "answer": "узнала кардинально новые вещи",
            "count": 1
        },
        {
            "answer": "занятия по компетенции",
            "count": 1
        },
        {
            "answer": "soft skills",
            "count": 1
        },
        {
            "answer": "нетворкинг",
            "count": 1
        },
        {
            "answer": "дружный и интересный коллектив",
            "count": 1
        },
        {
            "answer": "забавные вопросы в тесте",
            "count": 1
        },
        {
            "answer": "замечательный преподаватель",
            "count": 1
        },
        {
            "answer": "лекции и экзамен",
            "count": 1
        },
        {
            "answer": "классные преподаватели",
            "count": 1
        },
        {
            "answer": "интересные занятия",
            "count": 1
        },
        {
            "answer": "полезный изученный материал",
            "count": 1
        },
        {
            "answer": "все",
            "count": 1
        },
        {
            "answer": "занятия по компетенции",
            "count": 1
        },
        {
            "answer": "удивительные soft интенсивы",
            "count": 1
        },
        {
            "answer": "знания",
            "count": 1
        },
        {
            "answer": "полезный изученный материал",
            "count": 1
        },
        {
            "answer": "преподаватель",
            "count": 1
        },
        {
            "answer": "качество проведения",
            "count": 1
        },
        {
            "answer": "решение задач и примеров",
            "count": 1
        },
        {
            "answer": "интересные задачи",
            "count": 1
        },
        {
            "answer": "полезные занятия",
            "count": 1
        },
        {
            "answer": "узнала кардинально новые вещи",
            "count": 1
        },
        {
            "answer": "интересные задачи",
            "count": 1
        },
        {
            "answer": "подаче информации",
            "count": 1
        },
        {
            "answer": "программирование платы arduino",
            "count": 1
        },
        {
            "answer": "работа в 3ds max",
            "count": 1
        },
        {
            "answer": "каждый день",
            "count": 1
        },
        {
            "answer": "интересные занятия",
            "count": 1
        },
        {
            "answer": "сергей сергеевич",
            "count": 1
        },
        {
            "answer": "создание дизайна транспорта",
            "count": 1
        },
        {
            "answer": "доброжелательность людей",
            "count": 1
        },
        {
            "answer": "мозг кипел, но было приятно",
            "count": 1
        },
        {
            "answer": "программирование",
            "count": 1
        },
        {
            "answer": "и практика, и мастер-классы",
            "count": 1
        },
        {
            "answer": "классный руководитель",
            "count": 1
        },
        {
            "answer": "построение схем в autocad",
            "count": 1
        },
        {
            "answer": "много практики",
            "count": 1
        },
        {
            "answer": "интересная информация",
            "count": 1
        }
    ]
}