{
    "id": 2068,
    "question": "Что было самым сложным?",
    "answers": [
        {
            "answer": "экзамен",
            "count": 1
        },
        {
            "answer": "успевать на занятия",
            "count": 1
        },
        {
            "answer": "выделить время",
            "count": 1
        },
        {
            "answer": "разобраться в autocade",
            "count": 1
        },
        {
            "answer": "успевать понять новый материал",
            "count": 1
        },
        {
            "answer": "экзамен",
            "count": 1
        },
        {
            "answer": "всё было понятно",
            "count": 1
        },
        {
            "answer": "разобраться в autocadе",
            "count": 1
        },
        {
            "answer": "общаться со светланой",
            "count": 1
        },
        {
            "answer": "экзамен",
            "count": 1
        },
        {
            "answer": "сложностей не возникало",
            "count": 1
        },
        {
            "answer": "да вроде всё легко было",
            "count": 1
        },
        {
            "answer": "вставать рано в каникулы",
            "count": 1
        },
        {
            "answer": "ардуино",
            "count": 1
        },
        {
            "answer": "выжиьь",
            "count": 1
        },
        {
            "answer": "экзамен, не хватило времени",
            "count": 1
        },
        {
            "answer": "экзамен",
            "count": 1
        },
        {
            "answer": "программирование",
            "count": 1
        },
        {
            "answer": "работа при ограничении времени",
            "count": 1
        },
        {
            "answer": "ничего)",
            "count": 1
        },
        {
            "answer": "работа в 3ds max",
            "count": 1
        },
        {
            "answer": "совмещать всё",
            "count": 1
        },
        {
            "answer": "демонстрационный экзамен",
            "count": 1
        },
        {
            "answer": "искать ошибки в схемах",
            "count": 1
        },
        {
            "answer": "экзамен",
            "count": 1
        },
        {
            "answer": "много информации",
            "count": 1
        },
        {
            "answer": "аналоговая схемотехника",
            "count": 1
        },
        {
            "answer": "экзамен",
            "count": 1
        },
        {
            "answer": "вставать утром",
            "count": 1
        },
        {
            "answer": "экзамен",
            "count": 1
        },
        {
            "answer": "успевать",
            "count": 1
        },
        {
            "answer": "учится по субботам",
            "count": 1
        },
        {
            "answer": "задания",
            "count": 1
        },
        {
            "answer": "все успеть",
            "count": 1
        },
        {
            "answer": "сохранить настрой",
            "count": 1
        },
        {
            "answer": "просыпаться по утрам",
            "count": 1
        },
        {
            "answer": "экзамен",
            "count": 1
        },
        {
            "answer": "итоговый тест",
            "count": 1
        },
        {
            "answer": "экзамен",
            "count": 1
        },
        {
            "answer": "ничего",
            "count": 1
        },
        {
            "answer": "задачки",
            "count": 1
        },
        {
            "answer": "экзамен",
            "count": 1
        },
        {
            "answer": "просыпаться в 9 часов",
            "count": 1
        },
        {
            "answer": "скачать cad на 7 windows",
            "count": 1
        },
        {
            "answer": "освоиться в новой программе",
            "count": 1
        },
        {
            "answer": "экзамен",
            "count": 1
        },
        {
            "answer": "все успеть",
            "count": 1
        },
        {
            "answer": "экзамен",
            "count": 1
        },
        {
            "answer": "искать ошибки в тех. схемах",
            "count": 1
        },
        {
            "answer": "небыло сложностей",
            "count": 1
        },
        {
            "answer": "linux",
            "count": 1
        },
        {
            "answer": "демонстрационный экзамен",
            "count": 1
        },
        {
            "answer": "экзамен",
            "count": 1
        }
    ]
}