{
    "id": 20683,
    "question": "Что такое стратегия по вашему мнению?",
    "answers": [
        {
            "answer": "цели",
            "count": 1
        },
        {
            "answer": "цель",
            "count": 1
        },
        {
            "answer": "планирование положительного ре",
            "count": 1
        },
        {
            "answer": "план для достижения цели",
            "count": 1
        },
        {
            "answer": "единая цель",
            "count": 1
        },
        {
            "answer": "путь к цели",
            "count": 1
        },
        {
            "answer": "план для достижения цели",
            "count": 1
        },
        {
            "answer": "долгосрочные планы",
            "count": 1
        },
        {
            "answer": "объеденный план. набор целей",
            "count": 1
        },
        {
            "answer": "план действий для результата",
            "count": 1
        },
        {
            "answer": "план, достижения цели",
            "count": 1
        },
        {
            "answer": "общий план",
            "count": 1
        },
        {
            "answer": "план достижения цели",
            "count": 1
        },
        {
            "answer": "комплекс положений",
            "count": 1
        },
        {
            "answer": "набор достижимых исчисляемых",
            "count": 1
        },
        {
            "answer": "положительных эмоций",
            "count": 1
        },
        {
            "answer": "курс",
            "count": 1
        },
        {
            "answer": "опр-е целей и способы достижен",
            "count": 1
        },
        {
            "answer": "цель к которой ведёт план",
            "count": 1
        },
        {
            "answer": "достижение общей цели",
            "count": 1
        },
        {
            "answer": "мероприятия для достижения цел",
            "count": 1
        },
        {
            "answer": "общий план действий",
            "count": 1
        },
        {
            "answer": "план",
            "count": 1
        },
        {
            "answer": "параметры и варианты развития",
            "count": 1
        },
        {
            "answer": "генерального направление разви",
            "count": 1
        },
        {
            "answer": "план",
            "count": 1
        },
        {
            "answer": "план действий по достижению це",
            "count": 1
        },
        {
            "answer": "идея, цель",
            "count": 1
        },
        {
            "answer": "план по достижению цели",
            "count": 1
        },
        {
            "answer": "конечная верхнеуровневая цель",
            "count": 1
        },
        {
            "answer": "участие в мастер-классе",
            "count": 1
        },
        {
            "answer": "успешное целеполагание",
            "count": 1
        },
        {
            "answer": "путь вперёд",
            "count": 1
        },
        {
            "answer": "определение долгосрочных целей",
            "count": 1
        },
        {
            "answer": "куда идём",
            "count": 1
        },
        {
            "answer": "план достижения цели",
            "count": 1
        },
        {
            "answer": "цели",
            "count": 1
        },
        {
            "answer": "движение к цели",
            "count": 1
        }
    ]
}