{
    "id": 20682,
    "question": "Ваши ожидания от сегодняшней сессии (коротко 1-2 словами)?",
    "answers": [
        {
            "answer": "знакомство с коллегами",
            "count": 1
        },
        {
            "answer": "знакомство с коллегами",
            "count": 1
        },
        {
            "answer": "знакомство",
            "count": 1
        },
        {
            "answer": "5",
            "count": 1
        },
        {
            "answer": "общение знакомство",
            "count": 1
        },
        {
            "answer": "совместные идеи, знакомство",
            "count": 1
        },
        {
            "answer": "получение новых знаний",
            "count": 1
        },
        {
            "answer": "взаимодействие с коллегами",
            "count": 1
        },
        {
            "answer": "супер",
            "count": 1
        },
        {
            "answer": "доверие",
            "count": 1
        },
        {
            "answer": "единая команда с общей целью!",
            "count": 1
        },
        {
            "answer": "сплочённость, рабочий настрой",
            "count": 1
        },
        {
            "answer": "положительные",
            "count": 1
        },
        {
            "answer": "знакомство с коллегами",
            "count": 1
        },
        {
            "answer": "пооучить что то новое",
            "count": 1
        },
        {
            "answer": "полезные знания",
            "count": 1
        },
        {
            "answer": "фантастические",
            "count": 1
        },
        {
            "answer": "познакомится с коллегами",
            "count": 1
        },
        {
            "answer": "получить новую информацию",
            "count": 1
        },
        {
            "answer": "улучшение коммуникаций",
            "count": 1
        },
        {
            "answer": "знакомство с коллегами",
            "count": 1
        },
        {
            "answer": "хорошее времяпровождение",
            "count": 1
        },
        {
            "answer": "стать ближе",
            "count": 1
        },
        {
            "answer": "фуагра",
            "count": 1
        },
        {
            "answer": "знакомства",
            "count": 1
        },
        {
            "answer": "обмен опытом",
            "count": 1
        },
        {
            "answer": "приоретизация задач",
            "count": 1
        },
        {
            "answer": "знакомство с коллегами",
            "count": 1
        },
        {
            "answer": "научиться готовить)",
            "count": 1
        },
        {
            "answer": "знакомство с коллегами",
            "count": 1
        },
        {
            "answer": "очно познакомится с коллегами",
            "count": 1
        },
        {
            "answer": "определить общие цели",
            "count": 1
        },
        {
            "answer": "личное знакомство с коллегами",
            "count": 1
        },
        {
            "answer": "восторг",
            "count": 1
        },
        {
            "answer": "формирование команд",
            "count": 1
        },
        {
            "answer": "повышение сплочённости команды",
            "count": 1
        },
        {
            "answer": "полезно",
            "count": 1
        },
        {
            "answer": "весело",
            "count": 1
        },
        {
            "answer": "задел на будущее",
            "count": 1
        },
        {
            "answer": "много нового",
            "count": 1
        },
        {
            "answer": "знакомство с коллегами",
            "count": 1
        },
        {
            "answer": "командообразование",
            "count": 1
        },
        {
            "answer": "личное знакомство",
            "count": 1
        },
        {
            "answer": "отдохнуть",
            "count": 1
        },
        {
            "answer": "познакомиться и пообщаться",
            "count": 1
        },
        {
            "answer": "знакомство",
            "count": 1
        }
    ]
}