{
    "id": 2071,
    "question": "Как тебе ЦЕХ (опиши одним словом?",
    "answers": [
        {
            "answer": "тяжело",
            "count": 1
        },
        {
            "answer": "счастье",
            "count": 1
        },
        {
            "answer": "супер",
            "count": 1
        },
        {
            "answer": "хорошо",
            "count": 1
        },
        {
            "answer": "отличный",
            "count": 1
        },
        {
            "answer": "неплохо",
            "count": 1
        },
        {
            "answer": "огонь",
            "count": 1
        },
        {
            "answer": "продуктивно",
            "count": 1
        },
        {
            "answer": "очень интересно))))",
            "count": 1
        },
        {
            "answer": "мотивация",
            "count": 1
        },
        {
            "answer": "познавательно",
            "count": 1
        },
        {
            "answer": "прекрасно",
            "count": 1
        },
        {
            "answer": "продуктивно",
            "count": 1
        },
        {
            "answer": "мечта",
            "count": 1
        },
        {
            "answer": "знание",
            "count": 1
        },
        {
            "answer": "мотивация",
            "count": 1
        },
        {
            "answer": "круто, приду еще",
            "count": 1
        },
        {
            "answer": "коасс",
            "count": 1
        },
        {
            "answer": "классно",
            "count": 1
        },
        {
            "answer": "любовь",
            "count": 1
        },
        {
            "answer": "ядерно",
            "count": 1
        },
        {
            "answer": "интересно",
            "count": 1
        },
        {
            "answer": "продуктивно",
            "count": 1
        },
        {
            "answer": "супер",
            "count": 1
        },
        {
            "answer": "увлекательно",
            "count": 1
        },
        {
            "answer": "великолепно",
            "count": 1
        },
        {
            "answer": "важный",
            "count": 1
        },
        {
            "answer": "хорошо:)",
            "count": 1
        },
        {
            "answer": "знания",
            "count": 1
        },
        {
            "answer": "норм",
            "count": 1
        },
        {
            "answer": "полезный",
            "count": 1
        },
        {
            "answer": "полезный",
            "count": 1
        },
        {
            "answer": "фантастика",
            "count": 1
        },
        {
            "answer": "сила",
            "count": 1
        },
        {
            "answer": "круто",
            "count": 1
        },
        {
            "answer": "рост",
            "count": 1
        },
        {
            "answer": "просто замечательно",
            "count": 1
        },
        {
            "answer": "было интересно и понятно",
            "count": 1
        },
        {
            "answer": "пушка",
            "count": 1
        },
        {
            "answer": "знания",
            "count": 1
        },
        {
            "answer": "супер",
            "count": 1
        },
        {
            "answer": "великолепно",
            "count": 1
        },
        {
            "answer": "ёмкий",
            "count": 1
        },
        {
            "answer": "нужный",
            "count": 1
        },
        {
            "answer": "развитие",
            "count": 1
        },
        {
            "answer": "интересно",
            "count": 1
        },
        {
            "answer": "познавательно",
            "count": 1
        },
        {
            "answer": "хорошо",
            "count": 1
        }
    ]
}