{
    "id": 2073,
    "question": "Какой навык прокачали больше всего?",
    "answers": [
        {
            "answer": "оперативность и мобильность",
            "count": 1
        },
        {
            "answer": "практический",
            "count": 1
        },
        {
            "answer": "тайм-менеджмента",
            "count": 1
        },
        {
            "answer": "познания о работе в аналитике",
            "count": 1
        },
        {
            "answer": "коммуникацию",
            "count": 1
        },
        {
            "answer": "такого. нет",
            "count": 1
        },
        {
            "answer": "3d-моделирование",
            "count": 1
        },
        {
            "answer": "латеральное мышление",
            "count": 1
        },
        {
            "answer": "эмоциональное мышление",
            "count": 1
        },
        {
            "answer": "изучил новую программу",
            "count": 1
        },
        {
            "answer": "знания autodesk",
            "count": 1
        },
        {
            "answer": "составление схем",
            "count": 1
        },
        {
            "answer": "прогер",
            "count": 1
        },
        {
            "answer": "осознания себя",
            "count": 1
        },
        {
            "answer": "навыки программирования",
            "count": 1
        },
        {
            "answer": "программирование",
            "count": 1
        },
        {
            "answer": "научилась пользоваться автокад",
            "count": 1
        },
        {
            "answer": "профессиональный",
            "count": 1
        },
        {
            "answer": "hard skills",
            "count": 1
        },
        {
            "answer": "внимательность",
            "count": 1
        },
        {
            "answer": "инженерное проектирование",
            "count": 1
        },
        {
            "answer": "кибер",
            "count": 1
        },
        {
            "answer": "трудолюбие",
            "count": 1
        },
        {
            "answer": "автокад",
            "count": 1
        },
        {
            "answer": "владение по",
            "count": 1
        },
        {
            "answer": "в моделирование",
            "count": 1
        },
        {
            "answer": "профессиональный",
            "count": 1
        },
        {
            "answer": "защиты данных",
            "count": 1
        },
        {
            "answer": "работа в 3д максе",
            "count": 1
        },
        {
            "answer": "производительность",
            "count": 1
        },
        {
            "answer": "научиться работать в автокаде",
            "count": 1
        },
        {
            "answer": "анализ уязвимостей",
            "count": 1
        },
        {
            "answer": "трудолюбие",
            "count": 1
        },
        {
            "answer": "внимательность и умение читать",
            "count": 1
        },
        {
            "answer": "я научилась работать с 3d",
            "count": 1
        },
        {
            "answer": "hard skills",
            "count": 1
        },
        {
            "answer": "работа с сапр программой",
            "count": 1
        },
        {
            "answer": "защита данных",
            "count": 1
        },
        {
            "answer": "работа с сапр",
            "count": 1
        },
        {
            "answer": "сапр",
            "count": 1
        },
        {
            "answer": "собранность",
            "count": 1
        },
        {
            "answer": "создание модели",
            "count": 1
        }
    ]
}