{
    "id": 2074,
    "question": "Что планируете делать после ЦЕХа?",
    "answers": [
        {
            "answer": "учиться дальше",
            "count": 1
        },
        {
            "answer": "пройти стажировку с росатоме",
            "count": 1
        },
        {
            "answer": "продолжить учебу",
            "count": 1
        },
        {
            "answer": "работа над собой",
            "count": 1
        },
        {
            "answer": "продолжать изучать",
            "count": 1
        },
        {
            "answer": "дальше учиться",
            "count": 1
        },
        {
            "answer": "учиться",
            "count": 1
        },
        {
            "answer": "интенсивно начинать учёбу",
            "count": 1
        },
        {
            "answer": "читать",
            "count": 1
        },
        {
            "answer": "продолжать работу в 3 д максе",
            "count": 1
        },
        {
            "answer": "практиковаться",
            "count": 1
        },
        {
            "answer": "работать и участвовать в следу",
            "count": 1
        },
        {
            "answer": "хочу на стажировку в росатом",
            "count": 1
        },
        {
            "answer": "учиться дальше",
            "count": 1
        },
        {
            "answer": "ждать следующий цех",
            "count": 1
        },
        {
            "answer": "учиться, учиться и ещё раз...",
            "count": 1
        },
        {
            "answer": "работать над собой",
            "count": 1
        },
        {
            "answer": "обучение в вузе,",
            "count": 1
        },
        {
            "answer": "больше практиковаться, читать",
            "count": 1
        },
        {
            "answer": "продолжить изучать автокад",
            "count": 1
        },
        {
            "answer": "продолжать изучать компетенцию",
            "count": 1
        },
        {
            "answer": "идти на следующий",
            "count": 1
        },
        {
            "answer": "продолжать следить за росатом",
            "count": 1
        },
        {
            "answer": "учиться, работать",
            "count": 1
        },
        {
            "answer": "развиваться дальше",
            "count": 1
        },
        {
            "answer": "пересматривать и тренироваться",
            "count": 1
        },
        {
            "answer": "учиться дальше",
            "count": 1
        },
        {
            "answer": "учиться дальше и работать",
            "count": 1
        },
        {
            "answer": "стажировка в росатом",
            "count": 1
        },
        {
            "answer": "хочу ну аэс!!",
            "count": 1
        },
        {
            "answer": "прокачка hard и soft skills",
            "count": 1
        },
        {
            "answer": "работать в росатоме",
            "count": 1
        },
        {
            "answer": "сдать демонстрационный экзамен",
            "count": 1
        },
        {
            "answer": "учиться",
            "count": 1
        },
        {
            "answer": "отдыхать",
            "count": 1
        },
        {
            "answer": "следить за новостями росатом",
            "count": 1
        },
        {
            "answer": "искать знакомых",
            "count": 1
        },
        {
            "answer": "работать",
            "count": 1
        },
        {
            "answer": "начать новый семестр",
            "count": 1
        },
        {
            "answer": "продолжать учиться",
            "count": 1
        },
        {
            "answer": "отработать полученные навыки",
            "count": 1
        },
        {
            "answer": "практиковаться",
            "count": 1
        },
        {
            "answer": "проходить практику от росатома",
            "count": 1
        }
    ]
}