{
    "id": 20785,
    "question": "Какие эмоции вы испытали от участия в Чемпионате? (введите не более 3-х слов)",
    "answers": [
        {
            "answer": "эффективный ресурс",
            "count": 1
        },
        {
            "answer": "добавить вклад",
            "count": 1
        },
        {
            "answer": "непосредственное",
            "count": 1
        },
        {
            "answer": "поддержка в исполнении задач",
            "count": 1
        },
        {
            "answer": "почти главная роль)",
            "count": 1
        },
        {
            "answer": "максимальная вовлечённость",
            "count": 1
        },
        {
            "answer": "инвестиции в медицине",
            "count": 1
        },
        {
            "answer": "активное",
            "count": 1
        },
        {
            "answer": "принятие управленческих решени",
            "count": 1
        },
        {
            "answer": "участник",
            "count": 1
        },
        {
            "answer": "целей компании",
            "count": 1
        },
        {
            "answer": "вклад",
            "count": 1
        },
        {
            "answer": "новые знакомства",
            "count": 1
        },
        {
            "answer": "часть общей команды",
            "count": 1
        },
        {
            "answer": "придание устойчивости",
            "count": 1
        },
        {
            "answer": "непосредственное",
            "count": 1
        },
        {
            "answer": "оценка эффективности",
            "count": 1
        },
        {
            "answer": "непосредственное",
            "count": 1
        },
        {
            "answer": "я новый сотрудник",
            "count": 1
        },
        {
            "answer": "обеспечение процессов стратеги",
            "count": 1
        },
        {
            "answer": "пока не ясна",
            "count": 1
        },
        {
            "answer": "профессиональная поддержка",
            "count": 1
        },
        {
            "answer": "внести вклад в проекты гк",
            "count": 1
        },
        {
            "answer": "непосредственное",
            "count": 1
        },
        {
            "answer": "генератор идей",
            "count": 1
        },
        {
            "answer": "участник",
            "count": 1
        },
        {
            "answer": "среднее",
            "count": 1
        }
    ]
}