{
    "id": 20799,
    "question": "Name 3 most important skills that you expect you will need in your future job.",
    "answers": [
        {
            "answer": "be friendly",
            "count": 1
        },
        {
            "answer": "be in time",
            "count": 1
        },
        {
            "answer": "time management",
            "count": 2
        },
        {
            "answer": "time- management",
            "count": 1
        },
        {
            "answer": "communication",
            "count": 5
        },
        {
            "answer": "communications",
            "count": 1
        },
        {
            "answer": "social",
            "count": 1
        },
        {
            "answer": "sociality",
            "count": 1
        },
        {
            "answer": "cre",
            "count": 1
        },
        {
            "answer": "creativity",
            "count": 2
        },
        {
            "answer": "education",
            "count": 1
        },
        {
            "answer": "goal achievement",
            "count": 1
        },
        {
            "answer": "goal setting",
            "count": 1
        },
        {
            "answer": "good humor",
            "count": 1
        },
        {
            "answer": "hard",
            "count": 1
        },
        {
            "answer": "knowl",
            "count": 1
        },
        {
            "answer": "hard working",
            "count": 1
        },
        {
            "answer": "innovation",
            "count": 1
        },
        {
            "answer": "it",
            "count": 1
        },
        {
            "answer": "it skills",
            "count": 1
        },
        {
            "answer": "leadership",
            "count": 1
        },
        {
            "answer": "leadership skills",
            "count": 1
        },
        {
            "answer": "open-mindedness",
            "count": 1
        },
        {
            "answer": "patience",
            "count": 1
        },
        {
            "answer": "perseverance",
            "count": 1
        },
        {
            "answer": "responsibility",
            "count": 2
        },
        {
            "answer": "soft",
            "count": 1
        },
        {
            "answer": "soft skills",
            "count": 2
        },
        {
            "answer": "stress resistance",
            "count": 1
        }
    ]
}