{
    "id": 20957,
    "question": "Какие из идей спикеров применимы в Росатоме? После каждого тезиса нажимайте \"ввод/enter\" на клавиатуре телефона или ПК. По завершению нажмите \"ответить\".",
    "answers": [
        {
            "answer": "hr трайб",
            "count": 1
        },
        {
            "answer": "внутренний университет",
            "count": 1
        },
        {
            "answer": "гадюки",
            "count": 1
        },
        {
            "answer": "эффект кобры",
            "count": 1
        },
        {
            "answer": "главное - выручка",
            "count": 1
        },
        {
            "answer": "дабл бабл",
            "count": 1
        },
        {
            "answer": "идеальной модели нет",
            "count": 1
        },
        {
            "answer": "кластеры",
            "count": 1
        },
        {
            "answer": "люди должны думать одинаково",
            "count": 1
        },
        {
            "answer": "маркетплейс компетенций",
            "count": 1
        },
        {
            "answer": "радар компетенций",
            "count": 1
        },
        {
            "answer": "организационное взаимодействие",
            "count": 1
        },
        {
            "answer": "организационные изменения!!!",
            "count": 1
        },
        {
            "answer": "основные принципы продаж цп",
            "count": 1
        },
        {
            "answer": "пилотные проекты «ниже радара»",
            "count": 1
        },
        {
            "answer": "продукт важнее проекта",
            "count": 1
        },
        {
            "answer": "продуктовая команда",
            "count": 1
        },
        {
            "answer": "продуктовый подход",
            "count": 1
        },
        {
            "answer": "разные системы мотивации",
            "count": 1
        },
        {
            "answer": "самоорганизующиеся команды",
            "count": 1
        },
        {
            "answer": "управление портфелем продуктов",
            "count": 1
        },
        {
            "answer": "управленческая смелость",
            "count": 1
        },
        {
            "answer": "цифр структура vs традиционная",
            "count": 1
        },
        {
            "answer": "экспертная сеть",
            "count": 1
        }
    ]
}