{
    "id": 20964,
    "question": "Профессиональное самоопределение - это ...",
    "answers": [
        {
            "answer": "будущее понимание",
            "count": 1
        },
        {
            "answer": "осознание",
            "count": 1
        },
        {
            "answer": "осознанность",
            "count": 1
        },
        {
            "answer": "выбор",
            "count": 1
        },
        {
            "answer": "выбор профессии",
            "count": 1
        },
        {
            "answer": "знать подходящие профессии",
            "count": 1
        },
        {
            "answer": "понимание кем хочешь работать",
            "count": 1
        },
        {
            "answer": "понимание кем хочешь стать",
            "count": 1
        },
        {
            "answer": "профессия",
            "count": 1
        },
        {
            "answer": "профориентация",
            "count": 1
        },
        {
            "answer": "работа",
            "count": 1
        },
        {
            "answer": "интерес",
            "count": 1
        },
        {
            "answer": "качество зрелого человека",
            "count": 1
        },
        {
            "answer": "личностное развитие",
            "count": 2
        },
        {
            "answer": "процесс формирования",
            "count": 1
        },
        {
            "answer": "развитие",
            "count": 1
        },
        {
            "answer": "траектория развития",
            "count": 1
        },
        {
            "answer": "личностный самопоиск",
            "count": 1
        },
        {
            "answer": "настоящий я",
            "count": 1
        },
        {
            "answer": "наработка опыта в разных сфера",
            "count": 1
        },
        {
            "answer": "мой путь",
            "count": 1
        },
        {
            "answer": "путь",
            "count": 1
        },
        {
            "answer": "принятие",
            "count": 1
        },
        {
            "answer": "само утверждение",
            "count": 1
        },
        {
            "answer": "самореализация",
            "count": 1
        }
    ]
}