{
    "id": 20963,
    "question": "Сетевое взаимодействие - это ...",
    "answers": [
        {
            "answer": "вертикаль",
            "count": 1
        },
        {
            "answer": "взаимность",
            "count": 1
        },
        {
            "answer": "взаимовыгодное сотрудничество",
            "count": 2
        },
        {
            "answer": "партнёрство",
            "count": 1
        },
        {
            "answer": "сотрудничество",
            "count": 2
        },
        {
            "answer": "дистанционная коммуникация",
            "count": 1
        },
        {
            "answer": "расстояние",
            "count": 1
        },
        {
            "answer": "дружба",
            "count": 1
        },
        {
            "answer": "единство",
            "count": 2
        },
        {
            "answer": "кооперация",
            "count": 1
        },
        {
            "answer": "совместная деятельность",
            "count": 2
        },
        {
            "answer": "комауникация",
            "count": 1
        },
        {
            "answer": "коммуникация",
            "count": 1
        },
        {
            "answer": "общение",
            "count": 3
        },
        {
            "answer": "эффективная коммуникация",
            "count": 1
        },
        {
            "answer": "обмен информацией",
            "count": 1
        },
        {
            "answer": "помощь",
            "count": 1
        },
        {
            "answer": "понимание",
            "count": 1
        },
        {
            "answer": "последовательность",
            "count": 1
        },
        {
            "answer": "правовая форма",
            "count": 1
        },
        {
            "answer": "проблемы",
            "count": 1
        },
        {
            "answer": "простота",
            "count": 1
        },
        {
            "answer": "удобство",
            "count": 1
        }
    ]
}