{
    "id": 20962,
    "question": "Наставничество - это ...",
    "answers": [
        {
            "answer": "веселье",
            "count": 1
        },
        {
            "answer": "доверие",
            "count": 3
        },
        {
            "answer": "друг",
            "count": 2
        },
        {
            "answer": "знание",
            "count": 1
        },
        {
            "answer": "мотивация",
            "count": 2
        },
        {
            "answer": "направление",
            "count": 2
        },
        {
            "answer": "наставление",
            "count": 1
        },
        {
            "answer": "опора",
            "count": 1
        },
        {
            "answer": "опытный специалист",
            "count": 1
        },
        {
            "answer": "специалист",
            "count": 1
        },
        {
            "answer": "ответственность",
            "count": 1
        },
        {
            "answer": "передача опыта",
            "count": 1
        },
        {
            "answer": "поддержка",
            "count": 3
        },
        {
            "answer": "поддержка и направление",
            "count": 1
        },
        {
            "answer": "помощь",
            "count": 1
        },
        {
            "answer": "сопровождение",
            "count": 3
        },
        {
            "answer": "ресурс",
            "count": 1
        },
        {
            "answer": "сила",
            "count": 1
        },
        {
            "answer": "тёплые отношения",
            "count": 1
        }
    ]
}