{
    "id": 20970,
    "question": "Введите минимум 3 (три) события, которые вас порадовали /усилили/вдохновили в рабочих буднях за 2022 год",
    "answers": [
        {
            "answer": "1 стратегическая сессия опи",
            "count": 1
        },
        {
            "answer": "завершено объединение опи",
            "count": 1
        },
        {
            "answer": "объединение",
            "count": 1
        },
        {
            "answer": "создание объединённого проектн",
            "count": 1
        },
        {
            "answer": "1. единение команды",
            "count": 1
        },
        {
            "answer": "египет",
            "count": 4
        },
        {
            "answer": "лицензия в египте.",
            "count": 5
        },
        {
            "answer": "лицензия египет",
            "count": 3
        },
        {
            "answer": "лицензия эль-да-баа",
            "count": 1
        },
        {
            "answer": "первый бетон в египте",
            "count": 2
        },
        {
            "answer": "лицензии на пакш и эд",
            "count": 1
        },
        {
            "answer": "лицензия в венгрии",
            "count": 1
        },
        {
            "answer": "лицензия в пакше",
            "count": 1
        },
        {
            "answer": "лицензия пакш",
            "count": 3
        },
        {
            "answer": "лицензия пакш-2",
            "count": 2
        },
        {
            "answer": "пакш",
            "count": 3
        },
        {
            "answer": "пакш лицензии",
            "count": 1
        },
        {
            "answer": "получение лицензии на пакш-2",
            "count": 1
        },
        {
            "answer": "получение лицензии по пакш-2.",
            "count": 1
        },
        {
            "answer": "успехи в проекте пакш",
            "count": 1
        },
        {
            "answer": "монтаж реактора кураэс-2",
            "count": 1
        },
        {
            "answer": "новый реально полезный проект",
            "count": 1
        },
        {
            "answer": "обеспечили рд руппур",
            "count": 1
        },
        {
            "answer": "победили ковид",
            "count": 1
        },
        {
            "answer": "положительное мфр",
            "count": 1
        },
        {
            "answer": "продолжение зарубежных проекто",
            "count": 1
        },
        {
            "answer": "проект ханхиктви сделан!",
            "count": 1
        },
        {
            "answer": "работа выполнена в срок",
            "count": 1
        },
        {
            "answer": "решение производственных задач",
            "count": 1
        }
    ]
}