{
    "id": 20971,
    "question": "Чем лично вы гордитесь за этот год?",
    "answers": [
        {
            "answer": "1 сентября с ребенком",
            "count": 1
        },
        {
            "answer": "атомскиллс",
            "count": 1
        },
        {
            "answer": "все живы здоровы",
            "count": 1
        },
        {
            "answer": "живу",
            "count": 1
        },
        {
            "answer": "выпуск тех проекта лаэс 3 4",
            "count": 1
        },
        {
            "answer": "лаэс-2",
            "count": 1
        },
        {
            "answer": "гордость за свой институт",
            "count": 1
        },
        {
            "answer": "сплотил команду",
            "count": 1
        },
        {
            "answer": "достижениями подчиненных",
            "count": 1
        },
        {
            "answer": "египет",
            "count": 1
        },
        {
            "answer": "урожаем томатов",
            "count": 1
        },
        {
            "answer": "закончил обучение",
            "count": 1
        },
        {
            "answer": "закончил обучение emba",
            "count": 1
        },
        {
            "answer": "окончание школы",
            "count": 1
        },
        {
            "answer": "закончил укр росатома",
            "count": 1
        },
        {
            "answer": "китай разом",
            "count": 1
        },
        {
            "answer": "нечем",
            "count": 1
        },
        {
            "answer": "ноприз",
            "count": 1
        },
        {
            "answer": "повышение мотивации коллектива",
            "count": 1
        },
        {
            "answer": "поездка по местам боевой славы",
            "count": 1
        },
        {
            "answer": "позитивным настроем",
            "count": 1
        },
        {
            "answer": "построил дом",
            "count": 1
        },
        {
            "answer": "поход на эльбрус",
            "count": 1
        },
        {
            "answer": "пошёл на фитнес",
            "count": 1
        },
        {
            "answer": "сво",
            "count": 1
        },
        {
            "answer": "дети",
            "count": 1
        },
        {
            "answer": "дочь пошла в 1 класс",
            "count": 1
        },
        {
            "answer": "победа внука.",
            "count": 1
        },
        {
            "answer": "победа дочки на турнире",
            "count": 1
        },
        {
            "answer": "поступление дочки",
            "count": 1
        },
        {
            "answer": "родилась внучка",
            "count": 1
        },
        {
            "answer": "семьей",
            "count": 1
        },
        {
            "answer": "семья",
            "count": 5
        },
        {
            "answer": "сходил в отпуск",
            "count": 1
        },
        {
            "answer": "трудоустройство",
            "count": 1
        }
    ]
}