{
    "id": 20977,
    "question": "Какие направления/темы обучения вы считаете наиболее актуальными?",
    "answers": [
        {
            "answer": "автоматизация государственных",
            "count": 1
        },
        {
            "answer": "анализ данных",
            "count": 4
        },
        {
            "answer": "большие данные",
            "count": 5
        },
        {
            "answer": "управление данными",
            "count": 4
        },
        {
            "answer": "безопасность",
            "count": 1
        },
        {
            "answer": "искусственный интеллект",
            "count": 2
        },
        {
            "answer": "машинное обучение",
            "count": 1
        },
        {
            "answer": "мобилизация",
            "count": 1
        },
        {
            "answer": "цифровизация омс",
            "count": 1
        }
    ]
}