{
    "id": 20974,
    "question": "Слово дня",
    "answers": [
        {
            "answer": "алексеи",
            "count": 1
        },
        {
            "answer": "было полезно",
            "count": 1
        },
        {
            "answer": "познавательно",
            "count": 1
        },
        {
            "answer": "полезно",
            "count": 1
        },
        {
            "answer": "важная тема",
            "count": 1
        },
        {
            "answer": "верим в успех",
            "count": 1
        },
        {
            "answer": "вместе",
            "count": 1
        },
        {
            "answer": "единение",
            "count": 1
        },
        {
            "answer": "команда",
            "count": 3
        },
        {
            "answer": "партнерство",
            "count": 1
        },
        {
            "answer": "вперёд",
            "count": 1
        },
        {
            "answer": "шаг вперед",
            "count": 1
        },
        {
            "answer": "гипотезы подтвердились",
            "count": 1
        },
        {
            "answer": "гондольер",
            "count": 1
        },
        {
            "answer": "доверие",
            "count": 1
        },
        {
            "answer": "договариваемся",
            "count": 1
        },
        {
            "answer": "знакомства",
            "count": 2
        },
        {
            "answer": "компетентность",
            "count": 1
        },
        {
            "answer": "надежда",
            "count": 1
        },
        {
            "answer": "надеюсь",
            "count": 1
        },
        {
            "answer": "обречённость)))",
            "count": 1
        },
        {
            "answer": "продуктивно",
            "count": 1
        },
        {
            "answer": "продуктивность",
            "count": 1
        },
        {
            "answer": "сильно!",
            "count": 1
        },
        {
            "answer": "системность",
            "count": 1
        },
        {
            "answer": "удовлетворение",
            "count": 1
        },
        {
            "answer": "хороший день",
            "count": 1
        }
    ]
}