{
    "id": 20976,
    "question": "Какие направления/темы обучения вы считаете наиболее актуальными?",
    "answers": [
        {
            "answer": "большие данные",
            "count": 2
        },
        {
            "answer": "работа с данными",
            "count": 1
        },
        {
            "answer": "внедрение пос",
            "count": 1
        },
        {
            "answer": "импортозамещение",
            "count": 3
        },
        {
            "answer": "информационная безопасность",
            "count": 1
        },
        {
            "answer": "кибербезопасность",
            "count": 3
        },
        {
            "answer": "основы иб",
            "count": 1
        },
        {
            "answer": "искусственный интеллект",
            "count": 4
        },
        {
            "answer": "нейротехнологии",
            "count": 1
        },
        {
            "answer": "клиентоцентричность",
            "count": 1
        },
        {
            "answer": "управление проектами",
            "count": 1
        },
        {
            "answer": "языки программирования",
            "count": 1
        }
    ]
}