{
    "id": 21068,
    "question": "Как настроение?!",
    "answers": [
        {
            "answer": "всё отлично.",
            "count": 1
        },
        {
            "answer": "отлично",
            "count": 7
        },
        {
            "answer": "отличное",
            "count": 7
        },
        {
            "answer": "отличное)",
            "count": 1
        },
        {
            "answer": "прекрасно",
            "count": 1
        },
        {
            "answer": "прекрасное",
            "count": 1
        },
        {
            "answer": "сказочное",
            "count": 1
        },
        {
            "answer": "супер",
            "count": 1
        },
        {
            "answer": "шикарно",
            "count": 1
        },
        {
            "answer": "позитивное!",
            "count": 1
        },
        {
            "answer": "норм",
            "count": 1
        },
        {
            "answer": "неплохо",
            "count": 1
        },
        {
            "answer": "хорошее",
            "count": 2
        }
    ]
}