{
    "id": 21072,
    "question": "Что тебе особенно понравилось у нас сегодня?",
    "answers": [
        {
            "answer": "подача информации",
            "count": 2
        },
        {
            "answer": "хорошая интересная подача",
            "count": 1
        },
        {
            "answer": "всё подробно и ясно рассказали",
            "count": 1
        },
        {
            "answer": "позитивная и информационная п",
            "count": 1
        },
        {
            "answer": "экскурсия",
            "count": 2
        },
        {
            "answer": "заряженность организаторов",
            "count": 1
        },
        {
            "answer": "сидеть на стуле можно",
            "count": 1
        },
        {
            "answer": "никита очень интересный",
            "count": 1
        },
        {
            "answer": "рассказ о твэл",
            "count": 1
        },
        {
            "answer": "возможность трудоустроиться",
            "count": 1
        },
        {
            "answer": "музей",
            "count": 1
        },
        {
            "answer": "интерактивная выставка",
            "count": 1
        },
        {
            "answer": "рассказ о уране",
            "count": 1
        },
        {
            "answer": "отзывчивость спикеров",
            "count": 1
        },
        {
            "answer": "презентация",
            "count": 1
        },
        {
            "answer": "ольга",
            "count": 1
        },
        {
            "answer": "представление презентации",
            "count": 1
        },
        {
            "answer": "презентация росатома",
            "count": 1
        },
        {
            "answer": "открытость и гостеприимность",
            "count": 1
        },
        {
            "answer": "мини игра",
            "count": 1
        },
        {
            "answer": "возможности",
            "count": 1
        }
    ]
}