{
    "id": 21111,
    "question": "20.\tКакие моменты мероприятия Вам наиболее понравились?",
    "answers": [
        {
            "answer": "активное обсуждение",
            "count": 2
        },
        {
            "answer": "дискуссия",
            "count": 1
        },
        {
            "answer": "обсуждение",
            "count": 3
        },
        {
            "answer": "обсуждение насущных вопросов",
            "count": 1
        },
        {
            "answer": "обсуждение примеров",
            "count": 1
        },
        {
            "answer": "обсуждение проблем",
            "count": 1
        },
        {
            "answer": "обсуждение формулировок отклон",
            "count": 1
        },
        {
            "answer": "обсуждения и кейсы",
            "count": 1
        },
        {
            "answer": "совместное обсуждение в режиме",
            "count": 1
        },
        {
            "answer": "блок с вопросами был полезен",
            "count": 1
        },
        {
            "answer": "вопрос -ответ",
            "count": 1
        },
        {
            "answer": "возможность обмена мнениями",
            "count": 1
        },
        {
            "answer": "возможность обсудить проблему",
            "count": 1
        },
        {
            "answer": "возможность обсуждения",
            "count": 1
        },
        {
            "answer": "голосование",
            "count": 2
        },
        {
            "answer": "детальность разбора кейсов",
            "count": 1
        },
        {
            "answer": "кейсы",
            "count": 3
        },
        {
            "answer": "обсуждение кейсов",
            "count": 1
        },
        {
            "answer": "примеры",
            "count": 1
        },
        {
            "answer": "разбор кейсов",
            "count": 1
        },
        {
            "answer": "разбор реальных примеров",
            "count": 1
        },
        {
            "answer": "рассмотрение кейсов",
            "count": 1
        },
        {
            "answer": "рассмотрение реальных примеров",
            "count": 1
        },
        {
            "answer": "инициатива проведения встречи",
            "count": 1
        },
        {
            "answer": "кофе брейк",
            "count": 1
        },
        {
            "answer": "не понравилось",
            "count": 1
        },
        {
            "answer": "объяснение материала",
            "count": 1
        },
        {
            "answer": "опросы",
            "count": 1
        },
        {
            "answer": "очный формат",
            "count": 1
        },
        {
            "answer": "практика",
            "count": 1
        },
        {
            "answer": "приведение к единообразию",
            "count": 1
        },
        {
            "answer": "тестирование",
            "count": 1
        },
        {
            "answer": "четкие понятные выводы",
            "count": 1
        },
        {
            "answer": "что разбирали совместно вопрос",
            "count": 1
        }
    ]
}