{
    "id": 21112,
    "question": "21. Что на Ваш взгляд можно добавить/изменить в мероприятии?",
    "answers": [
        {
            "answer": "> наглядных/раздаточных матер.",
            "count": 1
        },
        {
            "answer": "методичка будет полезной п",
            "count": 1
        },
        {
            "answer": "акцент на то как надо",
            "count": 1
        },
        {
            "answer": "больше вним-я обращать на чат",
            "count": 1
        },
        {
            "answer": "больше времени на обсуждение",
            "count": 1
        },
        {
            "answer": "времени",
            "count": 1
        },
        {
            "answer": "дискуссия",
            "count": 1
        },
        {
            "answer": "больше выступлений руководства",
            "count": 1
        },
        {
            "answer": "больше практики",
            "count": 1
        },
        {
            "answer": "выделение времени на практичес",
            "count": 1
        },
        {
            "answer": "практику",
            "count": 1
        },
        {
            "answer": "вопросы заранее прислать",
            "count": 1
        },
        {
            "answer": "заранее направлять кейсы",
            "count": 1
        },
        {
            "answer": "всё норм",
            "count": 1
        },
        {
            "answer": "всё ок",
            "count": 1
        },
        {
            "answer": "все отлично",
            "count": 1
        },
        {
            "answer": "все устраивает. можно чаще",
            "count": 1
        },
        {
            "answer": "нет",
            "count": 1
        },
        {
            "answer": "ни чего",
            "count": 1
        },
        {
            "answer": "ничего",
            "count": 1
        },
        {
            "answer": "ничего не менять.",
            "count": 1
        },
        {
            "answer": "делать почаще такие тренинги",
            "count": 1
        },
        {
            "answer": "проводить мероприятия чаще",
            "count": 1
        },
        {
            "answer": "чаще проводить",
            "count": 1
        },
        {
            "answer": "использовать консультантов",
            "count": 1
        },
        {
            "answer": "новое в свкиа",
            "count": 1
        },
        {
            "answer": "обозн повестку и собр мнения",
            "count": 1
        },
        {
            "answer": "побольше кофе-брейков",
            "count": 1
        },
        {
            "answer": "примеры правильного заполнения",
            "count": 1
        },
        {
            "answer": "сделать более комфортный тайми",
            "count": 1
        },
        {
            "answer": "тайминг",
            "count": 1
        },
        {
            "answer": "собираться в таком формат",
            "count": 1
        },
        {
            "answer": "сократить срок совещания в дво",
            "count": 1
        },
        {
            "answer": "улучшить качество связи вкс",
            "count": 1
        },
        {
            "answer": "формат мозгового штурма",
            "count": 1
        }
    ]
}