{
    "id": 21161,
    "question": "Что планируете применять из пройденного обучения в ближайшее время?",
    "answers": [
        {
            "answer": "все",
            "count": 2
        },
        {
            "answer": "всё",
            "count": 1
        },
        {
            "answer": "вск",
            "count": 1
        },
        {
            "answer": "идентификация рисков",
            "count": 1
        },
        {
            "answer": "матрицу оценки рисков",
            "count": 1
        },
        {
            "answer": "работа с рисками",
            "count": 1
        },
        {
            "answer": "риски",
            "count": 1
        },
        {
            "answer": "управление рисками",
            "count": 2
        },
        {
            "answer": "инициирую проект",
            "count": 1
        },
        {
            "answer": "создание проекта",
            "count": 1
        },
        {
            "answer": "канбан",
            "count": 4
        },
        {
            "answer": "канбан-доска",
            "count": 1
        },
        {
            "answer": "обязательно",
            "count": 1
        },
        {
            "answer": "определю содержание работ",
            "count": 1
        },
        {
            "answer": "управлять проектом",
            "count": 1
        }
    ]
}