{
    "id": 21184,
    "question": "Ваш ключевой вызов в рамках реализации задач по цифровизации?",
    "answers": [
        {
            "answer": "адаптация",
            "count": 1
        },
        {
            "answer": "архетип",
            "count": 1
        },
        {
            "answer": "бюрократия",
            "count": 2
        },
        {
            "answer": "вовлечение руководителей",
            "count": 1
        },
        {
            "answer": "время",
            "count": 1
        },
        {
            "answer": "дефицит",
            "count": 1
        },
        {
            "answer": "доверие",
            "count": 1
        },
        {
            "answer": "желание работать с цифрой",
            "count": 1
        },
        {
            "answer": "изменение системы",
            "count": 1
        },
        {
            "answer": "импортозамещение",
            "count": 2
        },
        {
            "answer": "инертность бюрократии",
            "count": 1
        },
        {
            "answer": "кадры",
            "count": 1
        },
        {
            "answer": "компетенции",
            "count": 4
        },
        {
            "answer": "культурный код",
            "count": 1
        },
        {
            "answer": "многозадачность",
            "count": 1
        },
        {
            "answer": "оптимизация процессов",
            "count": 1
        },
        {
            "answer": "повышение эффективности",
            "count": 1
        },
        {
            "answer": "развитие",
            "count": 1
        },
        {
            "answer": "ресурсы",
            "count": 1
        },
        {
            "answer": "скорость",
            "count": 2
        },
        {
            "answer": "сопротивление",
            "count": 2
        },
        {
            "answer": "терпение",
            "count": 1
        },
        {
            "answer": "цифровая культура",
            "count": 1
        },
        {
            "answer": "цифрум как технолог комп",
            "count": 1
        }
    ]
}