{
    "id": 21238,
    "question": "Что для вас значит цифровая культура?",
    "answers": [
        {
            "answer": "автоматизация",
            "count": 1
        },
        {
            "answer": "автоматизация рутины",
            "count": 1
        },
        {
            "answer": "взаимодействие",
            "count": 1
        },
        {
            "answer": "взаимоотношение человека и циф",
            "count": 1
        },
        {
            "answer": "внутрення потребность",
            "count": 1
        },
        {
            "answer": "вовлечение",
            "count": 1
        },
        {
            "answer": "вовлечённость в цифру",
            "count": 1
        },
        {
            "answer": "готовность к изменениям",
            "count": 2
        },
        {
            "answer": "доверие",
            "count": 1
        },
        {
            "answer": "желание внедрять технологии",
            "count": 1
        },
        {
            "answer": "злость к бумажной рутине",
            "count": 1
        },
        {
            "answer": "изучение нового",
            "count": 1
        },
        {
            "answer": "инерционность бюрократии",
            "count": 1
        },
        {
            "answer": "качество",
            "count": 1
        },
        {
            "answer": "команда",
            "count": 1
        },
        {
            "answer": "команда идущ-я к цели",
            "count": 1
        },
        {
            "answer": "лицом к пользователю",
            "count": 1
        },
        {
            "answer": "человекоцентричные цифр.сервис",
            "count": 1
        },
        {
            "answer": "люди",
            "count": 1
        },
        {
            "answer": "мотивация",
            "count": 1
        },
        {
            "answer": "осознанность",
            "count": 1
        },
        {
            "answer": "открытость",
            "count": 1
        },
        {
            "answer": "перестройка",
            "count": 1
        },
        {
            "answer": "поведение",
            "count": 1
        },
        {
            "answer": "предиктив процессов",
            "count": 1
        },
        {
            "answer": "привычка использовать цифр.",
            "count": 1
        },
        {
            "answer": "прозрачность",
            "count": 1
        },
        {
            "answer": "простые «линейные»процедур-ы",
            "count": 1
        },
        {
            "answer": "развитие",
            "count": 1
        },
        {
            "answer": "эволюция",
            "count": 1
        },
        {
            "answer": "свобода",
            "count": 1
        },
        {
            "answer": "связи",
            "count": 1
        },
        {
            "answer": "синергетический эффект",
            "count": 1
        },
        {
            "answer": "системность",
            "count": 1
        },
        {
            "answer": "скорость",
            "count": 4
        },
        {
            "answer": "стратегия",
            "count": 1
        },
        {
            "answer": "терпимость",
            "count": 1
        },
        {
            "answer": "технологии",
            "count": 1
        },
        {
            "answer": "транслирование цифр.воз. зак-м",
            "count": 1
        },
        {
            "answer": "удалённая работа",
            "count": 1
        },
        {
            "answer": "удобство",
            "count": 1
        },
        {
            "answer": "улучшения",
            "count": 1
        },
        {
            "answer": "ценности",
            "count": 1
        },
        {
            "answer": "цифровые сотрудники",
            "count": 1
        }
    ]
}