{
    "id": 21237,
    "question": "Что для вас значит цифровая культура?",
    "answers": [
        {
            "answer": "автоматизация",
            "count": 1
        },
        {
            "answer": "взаимодействие",
            "count": 1
        },
        {
            "answer": "внутренняя потребность",
            "count": 1
        },
        {
            "answer": "вовлечение",
            "count": 1
        },
        {
            "answer": "вовлеченность в цифру",
            "count": 1
        },
        {
            "answer": "готовность к изменениям",
            "count": 2
        },
        {
            "answer": "желание внедрять технологии",
            "count": 1
        },
        {
            "answer": "злость к бумажной рутине",
            "count": 1
        },
        {
            "answer": "изучение нового",
            "count": 1
        },
        {
            "answer": "инертность бюрократии",
            "count": 1
        },
        {
            "answer": "качество",
            "count": 1
        },
        {
            "answer": "команда",
            "count": 1
        },
        {
            "answer": "команда идущая к цели",
            "count": 1
        },
        {
            "answer": "лицом к пользователю",
            "count": 1
        },
        {
            "answer": "человекоцентричные сервисы",
            "count": 1
        },
        {
            "answer": "люди",
            "count": 1
        },
        {
            "answer": "мотивацию",
            "count": 1
        },
        {
            "answer": "новые бизнес-отношения",
            "count": 1
        },
        {
            "answer": "осознанность",
            "count": 1
        },
        {
            "answer": "перестройка",
            "count": 1
        },
        {
            "answer": "поведение",
            "count": 1
        },
        {
            "answer": "поиск возможностей",
            "count": 1
        },
        {
            "answer": "предиктив в процессах",
            "count": 1
        },
        {
            "answer": "привычка использовать цифру",
            "count": 1
        },
        {
            "answer": "прозрачность",
            "count": 1
        },
        {
            "answer": "простые «линейные» процедура",
            "count": 1
        },
        {
            "answer": "развитие",
            "count": 1
        },
        {
            "answer": "эволюция",
            "count": 1
        },
        {
            "answer": "свобода",
            "count": 1
        },
        {
            "answer": "связи",
            "count": 1
        },
        {
            "answer": "системность",
            "count": 1
        },
        {
            "answer": "скорость",
            "count": 1
        },
        {
            "answer": "стратегия",
            "count": 1
        },
        {
            "answer": "терпимость",
            "count": 1
        },
        {
            "answer": "технологии",
            "count": 1
        },
        {
            "answer": "транслирование цифр возм бз",
            "count": 1
        },
        {
            "answer": "удаленная работа",
            "count": 1
        },
        {
            "answer": "удобство",
            "count": 1
        },
        {
            "answer": "улучшения",
            "count": 1
        },
        {
            "answer": "установки",
            "count": 1
        },
        {
            "answer": "ценности",
            "count": 1
        },
        {
            "answer": "цифровые сотрудники",
            "count": 1
        }
    ]
}