{
    "id": 21344,
    "question": "Моя основная задача как лидера молодежи",
    "answers": [
        {
            "answer": "быть благодарным",
            "count": 1
        },
        {
            "answer": "быть готовым работать с людьми",
            "count": 1
        },
        {
            "answer": "быть инициатором",
            "count": 1
        },
        {
            "answer": "быть инициатором изменений",
            "count": 1
        },
        {
            "answer": "быть коммуникатором",
            "count": 1
        },
        {
            "answer": "быть открытым",
            "count": 1
        },
        {
            "answer": "быть позитивным",
            "count": 1
        },
        {
            "answer": "быть уверенным и спокойным",
            "count": 1
        },
        {
            "answer": "соблюдать спокойствие",
            "count": 1
        },
        {
            "answer": "сохранение спокойствия и инфор",
            "count": 1
        },
        {
            "answer": "сохранять спокойствие",
            "count": 1
        },
        {
            "answer": "быть_сильным",
            "count": 1
        },
        {
            "answer": "вести людей вперед",
            "count": 1
        },
        {
            "answer": "взаимодействие",
            "count": 1
        },
        {
            "answer": "включится в штаб",
            "count": 1
        },
        {
            "answer": "владеть информацией",
            "count": 1
        },
        {
            "answer": "управлять информацией и поддер",
            "count": 1
        },
        {
            "answer": "вселить веру в будущее",
            "count": 1
        },
        {
            "answer": "дать уверенность",
            "count": 1
        },
        {
            "answer": "действовать",
            "count": 1
        },
        {
            "answer": "продолжать работать дальше",
            "count": 1
        },
        {
            "answer": "жить",
            "count": 2
        },
        {
            "answer": "инициатива во встречах с руков",
            "count": 1
        },
        {
            "answer": "информация",
            "count": 1
        },
        {
            "answer": "информирование",
            "count": 5
        },
        {
            "answer": "информировать",
            "count": 3
        },
        {
            "answer": "организация информирования",
            "count": 1
        },
        {
            "answer": "помочь информацией",
            "count": 1
        },
        {
            "answer": "команда",
            "count": 1
        },
        {
            "answer": "медиатор",
            "count": 1
        },
        {
            "answer": "не допускать паники",
            "count": 1
        },
        {
            "answer": "не нагнетать",
            "count": 1
        },
        {
            "answer": "не останавливаться",
            "count": 1
        },
        {
            "answer": "не прятаться",
            "count": 1
        },
        {
            "answer": "неизвестность",
            "count": 1
        },
        {
            "answer": "неопределённость",
            "count": 2
        },
        {
            "answer": "обучение",
            "count": 1
        },
        {
            "answer": "оказать поддержку",
            "count": 1
        },
        {
            "answer": "оказать посильную поддержку",
            "count": 1
        },
        {
            "answer": "опора",
            "count": 1
        },
        {
            "answer": "поддержать",
            "count": 1
        },
        {
            "answer": "поддерживать",
            "count": 1
        },
        {
            "answer": "поддержка",
            "count": 12
        },
        {
            "answer": "помогать",
            "count": 2
        },
        {
            "answer": "помочь",
            "count": 1
        },
        {
            "answer": "помочь людям",
            "count": 1
        },
        {
            "answer": "помочь принять ситуацию",
            "count": 1
        },
        {
            "answer": "определить спектр работы мс",
            "count": 1
        },
        {
            "answer": "организация",
            "count": 1
        },
        {
            "answer": "отвлечение",
            "count": 1
        },
        {
            "answer": "план",
            "count": 1
        },
        {
            "answer": "эмоции",
            "count": 1
        },
        {
            "answer": "прояснять ситуацию",
            "count": 1
        },
        {
            "answer": "психолог",
            "count": 1
        },
        {
            "answer": "рассказать",
            "count": 1
        },
        {
            "answer": "шок",
            "count": 1
        },
        {
            "answer": "сплотить социальные группы",
            "count": 1
        },
        {
            "answer": "стабилизатор",
            "count": 1
        },
        {
            "answer": "страх",
            "count": 1
        },
        {
            "answer": "ретрансляция",
            "count": 1
        },
        {
            "answer": "транслирование",
            "count": 1
        },
        {
            "answer": "транслировать идею росатома",
            "count": 1
        },
        {
            "answer": "трансляция",
            "count": 1
        }
    ]
}