{
    "id": 21342,
    "question": "Каким одним словом можно описать состояние молодежи Росатома?",
    "answers": [
        {
            "answer": "беспокойство",
            "count": 1
        },
        {
            "answer": "тревога",
            "count": 6
        },
        {
            "answer": "тревожное",
            "count": 1
        },
        {
            "answer": "тревожность",
            "count": 2
        },
        {
            "answer": "тревозность",
            "count": 1
        },
        {
            "answer": "ваккум",
            "count": 1
        },
        {
            "answer": "инф. вакуум",
            "count": 1
        },
        {
            "answer": "инфовакуум",
            "count": 1
        },
        {
            "answer": "недоинформированность",
            "count": 1
        },
        {
            "answer": "неинформированая",
            "count": 1
        },
        {
            "answer": "неинформированность",
            "count": 1
        },
        {
            "answer": "нет информации",
            "count": 1
        },
        {
            "answer": "вовлеченность",
            "count": 1
        },
        {
            "answer": "депрессия",
            "count": 2
        },
        {
            "answer": "единая команда",
            "count": 1
        },
        {
            "answer": "единство",
            "count": 1
        },
        {
            "answer": "ждем",
            "count": 1
        },
        {
            "answer": "невовлеченная",
            "count": 1
        },
        {
            "answer": "неизвестность",
            "count": 7
        },
        {
            "answer": "неопределенность",
            "count": 6
        },
        {
            "answer": "неопределённость",
            "count": 4
        },
        {
            "answer": "отсутствие ясности",
            "count": 1
        },
        {
            "answer": "непонимание",
            "count": 3
        },
        {
            "answer": "нестабильность",
            "count": 2
        },
        {
            "answer": "организовать надёжный тыл",
            "count": 1
        },
        {
            "answer": "паника",
            "count": 6
        },
        {
            "answer": "подавленность",
            "count": 1
        },
        {
            "answer": "поддержка",
            "count": 1
        },
        {
            "answer": "потерянность",
            "count": 1
        },
        {
            "answer": "растеренная",
            "count": 1
        },
        {
            "answer": "растерянность",
            "count": 7
        },
        {
            "answer": "собранность",
            "count": 2
        },
        {
            "answer": "страх",
            "count": 12
        },
        {
            "answer": "ужас",
            "count": 1
        },
        {
            "answer": "торг",
            "count": 1
        },
        {
            "answer": "уверенность",
            "count": 1
        },
        {
            "answer": "хаос",
            "count": 1
        },
        {
            "answer": "шок",
            "count": 2
        }
    ]
}