{
    "id": 21354,
    "question": "Что такое риск?",
    "answers": [
        {
            "answer": "вероятность",
            "count": 4
        },
        {
            "answer": "вероятность наступления событи",
            "count": 1
        },
        {
            "answer": "вероятность события",
            "count": 2
        },
        {
            "answer": "вероятность события х масштаб",
            "count": 1
        },
        {
            "answer": "риск - это вероятность исхода",
            "count": 1
        },
        {
            "answer": "риск это вероятность получени",
            "count": 1
        },
        {
            "answer": "вероятность возникн. опасности",
            "count": 1
        },
        {
            "answer": "вероятность негативного исхода",
            "count": 1
        },
        {
            "answer": "вероятность несчастного случая",
            "count": 1
        },
        {
            "answer": "вероятность опасности",
            "count": 2
        },
        {
            "answer": "вероятность опасности.",
            "count": 1
        },
        {
            "answer": "вероятность очень не хорошего",
            "count": 1
        },
        {
            "answer": "мера опасности",
            "count": 1
        },
        {
            "answer": "опасность",
            "count": 4
        },
        {
            "answer": "опасный фактор",
            "count": 1
        },
        {
            "answer": "потенциальная опасность",
            "count": 1
        },
        {
            "answer": "предпосылки беды",
            "count": 1
        },
        {
            "answer": "то что может привести к нс",
            "count": 1
        },
        {
            "answer": "то что может тебе навредить",
            "count": 1
        },
        {
            "answer": "х-ка возможного негат. события",
            "count": 1
        },
        {
            "answer": "вероятность получить травму",
            "count": 1
        },
        {
            "answer": "вероятность травмирования",
            "count": 1
        },
        {
            "answer": "предпосылки травмы",
            "count": 1
        },
        {
            "answer": "влияние неопределенности",
            "count": 1
        },
        {
            "answer": "зона неопределенности",
            "count": 1
        },
        {
            "answer": "желание выпить шампанское",
            "count": 1
        },
        {
            "answer": "необдуманные действия!!!",
            "count": 1
        },
        {
            "answer": "вероятность на тяжесть последс",
            "count": 1
        },
        {
            "answer": "вероятность х тяжесть последст",
            "count": 1
        },
        {
            "answer": "частота на тяжесть",
            "count": 1
        },
        {
            "answer": "человек",
            "count": 1
        }
    ]
}