{
    "id": 21350,
    "question": "Напишите вашу первую мысль с утра",
    "answers": [
        {
            "answer": "выключить будильник",
            "count": 1
        },
        {
            "answer": "доброе утро",
            "count": 1
        },
        {
            "answer": "как выжить",
            "count": 1
        },
        {
            "answer": "как здорово что все мы здесь сегодня собрались",
            "count": 1
        },
        {
            "answer": "карандаш",
            "count": 1
        },
        {
            "answer": "корондаш",
            "count": 1
        },
        {
            "answer": "класно",
            "count": 1
        },
        {
            "answer": "миру мир",
            "count": 1
        },
        {
            "answer": "мобилизация",
            "count": 1
        },
        {
            "answer": "опять",
            "count": 1
        },
        {
            "answer": "опять осень",
            "count": 1
        },
        {
            "answer": "опять пасмурно",
            "count": 1
        },
        {
            "answer": "пиво",
            "count": 1
        },
        {
            "answer": "поспать бы еще",
            "count": 1
        },
        {
            "answer": "хочу спать",
            "count": 1
        },
        {
            "answer": "проснулся",
            "count": 1
        },
        {
            "answer": "работа",
            "count": 1
        },
        {
            "answer": "сколько же их еще там…",
            "count": 1
        },
        {
            "answer": "скорее бы этот кошмар прошел",
            "count": 1
        },
        {
            "answer": "утречко",
            "count": 3
        },
        {
            "answer": "утро",
            "count": 2
        }
    ]
}