{
    "id": 21505,
    "question": "Что вам запомнилось во время игры больше всего? (опишите одним словом)",
    "answers": [
        {
            "answer": "английский наконец-то)",
            "count": 1
        },
        {
            "answer": "английский)",
            "count": 1
        },
        {
            "answer": "много английского",
            "count": 1
        },
        {
            "answer": "боливия",
            "count": 1
        },
        {
            "answer": "взаимодействие",
            "count": 2
        },
        {
            "answer": "переговоры",
            "count": 2
        },
        {
            "answer": "вовлечение каждого участия",
            "count": 1
        },
        {
            "answer": "всё",
            "count": 1
        },
        {
            "answer": "дискуссии",
            "count": 1
        },
        {
            "answer": "дружелюбность",
            "count": 1
        },
        {
            "answer": "командная работа",
            "count": 1
        },
        {
            "answer": "многозадачность",
            "count": 1
        },
        {
            "answer": "мозговой штурм",
            "count": 1
        },
        {
            "answer": "неожиданные повороты в этапах.",
            "count": 1
        },
        {
            "answer": "опоненты",
            "count": 1
        },
        {
            "answer": "ответственность",
            "count": 2
        },
        {
            "answer": "позитивность",
            "count": 1
        },
        {
            "answer": "сложность",
            "count": 1
        }
    ]
}