{
    "id": 21571,
    "question": "С чем у Вас ассоциируется прошедшая сессия?",
    "answers": [
        {
            "answer": "ice braking",
            "count": 1
        },
        {
            "answer": "в начале пути",
            "count": 1
        },
        {
            "answer": "начало большого пути",
            "count": 1
        },
        {
            "answer": "путь",
            "count": 1
        },
        {
            "answer": "видение отсутствия связаности",
            "count": 1
        },
        {
            "answer": "видение цели задачи стратегия",
            "count": 1
        },
        {
            "answer": "координация действий на будуще",
            "count": 1
        },
        {
            "answer": "стратегия",
            "count": 4
        },
        {
            "answer": "вовлеченность",
            "count": 1
        },
        {
            "answer": "впереди много работы",
            "count": 1
        },
        {
            "answer": "встреча",
            "count": 1
        },
        {
            "answer": "дискуссия",
            "count": 1
        },
        {
            "answer": "дополнительная информация д",
            "count": 1
        },
        {
            "answer": "душевная обстановка",
            "count": 1
        },
        {
            "answer": "знакомство",
            "count": 1
        },
        {
            "answer": "иттерепсно",
            "count": 1
        },
        {
            "answer": "критика",
            "count": 1
        },
        {
            "answer": "мозговой штурм",
            "count": 2
        },
        {
            "answer": "не зря",
            "count": 1
        },
        {
            "answer": "общение непосредственное",
            "count": 1
        },
        {
            "answer": "общение с сопережив-ми людьми",
            "count": 1
        },
        {
            "answer": "объединение кб",
            "count": 1
        },
        {
            "answer": "осень",
            "count": 1
        },
        {
            "answer": "панда",
            "count": 1
        },
        {
            "answer": "поиск путей развития",
            "count": 1
        },
        {
            "answer": "поиск решений",
            "count": 1
        },
        {
            "answer": "полезно",
            "count": 2
        },
        {
            "answer": "полено",
            "count": 1
        },
        {
            "answer": "понимание",
            "count": 1
        },
        {
            "answer": "попыткой договориться",
            "count": 1
        },
        {
            "answer": "предъэкзаменационная подготовк",
            "count": 1
        },
        {
            "answer": "проекты",
            "count": 1
        },
        {
            "answer": "прорыв",
            "count": 1
        },
        {
            "answer": "развитие",
            "count": 1
        },
        {
            "answer": "противоречия",
            "count": 1
        },
        {
            "answer": "работа",
            "count": 4
        },
        {
            "answer": "результат",
            "count": 1
        },
        {
            "answer": "сверка часов",
            "count": 1
        },
        {
            "answer": "светлое будущее.",
            "count": 1
        },
        {
            "answer": "систематизация",
            "count": 1
        },
        {
            "answer": "спор",
            "count": 1
        },
        {
            "answer": "споры",
            "count": 1
        },
        {
            "answer": "успех",
            "count": 1
        },
        {
            "answer": "функционал",
            "count": 1
        },
        {
            "answer": "хорошей возможностью подумать",
            "count": 1
        },
        {
            "answer": "цели",
            "count": 1
        },
        {
            "answer": "цель",
            "count": 1
        },
        {
            "answer": "шан на движение вперед",
            "count": 1
        },
        {
            "answer": "напряжение",
            "count": 1
        },
        {
            "answer": "удобство",
            "count": 1
        }
    ]
}