{
    "id": 21584,
    "question": "Кто для Вас лидер по культуре безопасности? Что отличает лидера, что конкретно он делает, напишите 1-2 глагола / Who is the leader in safety culture for you? What distinguishes a leader, what exactly does he do, write 1-2 verbs.",
    "answers": [
        {
            "answer": "бескомпромиссность",
            "count": 1
        },
        {
            "answer": "вдрхновляет",
            "count": 1
        },
        {
            "answer": "мотивирует",
            "count": 1
        },
        {
            "answer": "мотивирует работников",
            "count": 1
        },
        {
            "answer": "ведёт за собой",
            "count": 1
        },
        {
            "answer": "влияет раскрывает потенциал",
            "count": 1
        },
        {
            "answer": "развивает",
            "count": 1
        },
        {
            "answer": "вовлекает",
            "count": 1
        },
        {
            "answer": "использует передовые методы",
            "count": 1
        },
        {
            "answer": "лидер берет на себя ответствен",
            "count": 1
        },
        {
            "answer": "ответственность",
            "count": 1
        },
        {
            "answer": "мой непосредственный руководи.",
            "count": 1
        },
        {
            "answer": "наблюдает и управляет",
            "count": 1
        },
        {
            "answer": "управляет",
            "count": 1
        },
        {
            "answer": "наставляет",
            "count": 1
        },
        {
            "answer": "нацеливает на результат",
            "count": 1
        },
        {
            "answer": "неравнодушие",
            "count": 1
        },
        {
            "answer": "подаёт пример",
            "count": 1
        },
        {
            "answer": "показывает личный пример",
            "count": 1
        },
        {
            "answer": "пример",
            "count": 1
        },
        {
            "answer": "является примером",
            "count": 1
        },
        {
            "answer": "помогает",
            "count": 1
        },
        {
            "answer": "поощряет других",
            "count": 1
        },
        {
            "answer": "проактивность",
            "count": 2
        },
        {
            "answer": "продвигает идеи",
            "count": 1
        },
        {
            "answer": "профессионализм",
            "count": 1
        },
        {
            "answer": "разрабатывает ценности",
            "count": 1
        },
        {
            "answer": "руководитель отдела",
            "count": 1
        },
        {
            "answer": "создаёт творческую атмосферу",
            "count": 1
        },
        {
            "answer": "стремится сам",
            "count": 1
        },
        {
            "answer": "человек делающий правильно пра",
            "count": 1
        }
    ]
}