{
    "id": 21586,
    "question": "1. Топ 3 дефицита компетенций по безопасности у молодых сотрудников, которые приходят в отрасль? / Top 3 safety competencies gaps among young employees entering the industry?",
    "answers": [
        {
            "answer": "взрослость",
            "count": 1
        },
        {
            "answer": "знания",
            "count": 1
        },
        {
            "answer": "не хватает знаний",
            "count": 1
        },
        {
            "answer": "недостаток знаний",
            "count": 1
        },
        {
            "answer": "отсутствие знаний",
            "count": 1
        },
        {
            "answer": "технические знания",
            "count": 1
        },
        {
            "answer": "кб",
            "count": 1
        },
        {
            "answer": "культура безопасности",
            "count": 1
        },
        {
            "answer": "лидерство",
            "count": 1
        },
        {
            "answer": "лидерство ответственность",
            "count": 1
        },
        {
            "answer": "незнание отраслевой специфики",
            "count": 1
        },
        {
            "answer": "незнание регламентирующих норм",
            "count": 1
        },
        {
            "answer": "нет обучения по кб при приеме",
            "count": 1
        },
        {
            "answer": "неумение структурировать",
            "count": 1
        },
        {
            "answer": "низкая мотивация",
            "count": 1
        },
        {
            "answer": "отсутствие опыта",
            "count": 1
        },
        {
            "answer": "понимание своего влияния",
            "count": 1
        },
        {
            "answer": "практические навыки",
            "count": 1
        },
        {
            "answer": "психологич",
            "count": 1
        },
        {
            "answer": "чф",
            "count": 1
        }
    ]
}