{
    "id": 21585,
    "question": "Что мешает развивать лидерство в целях безопасности в организациях отрасли? / What hinders the development of leadership for safety in the industry organizations?",
    "answers": [
        {
            "answer": "большая загрузка сотрудников",
            "count": 1
        },
        {
            "answer": "загруженность персонала",
            "count": 1
        },
        {
            "answer": "излишние функции",
            "count": 1
        },
        {
            "answer": "перегруженность руководителей",
            "count": 1
        },
        {
            "answer": "двойные стандарты",
            "count": 1
        },
        {
            "answer": "излишняя бюрократия",
            "count": 1
        },
        {
            "answer": "излишняя процессность",
            "count": 1
        },
        {
            "answer": "не готовность к изменениям",
            "count": 1
        },
        {
            "answer": "нежелание меняться",
            "count": 1
        },
        {
            "answer": "невовлеченность руководителе1",
            "count": 1
        },
        {
            "answer": "негативный опыт",
            "count": 1
        },
        {
            "answer": "недостатки ресурсов",
            "count": 1
        },
        {
            "answer": "недостаток ресурсов",
            "count": 2
        },
        {
            "answer": "непонимание важности кб",
            "count": 1
        },
        {
            "answer": "неуверенность",
            "count": 1
        },
        {
            "answer": "ничего",
            "count": 1
        },
        {
            "answer": "организационные недостатки",
            "count": 1
        },
        {
            "answer": "отношение линейных руководител",
            "count": 1
        },
        {
            "answer": "отсутствие лидеров",
            "count": 1
        },
        {
            "answer": "пассивность",
            "count": 1
        },
        {
            "answer": "приоритет плана",
            "count": 1
        },
        {
            "answer": "стремление выполнить план",
            "count": 1
        },
        {
            "answer": "реактивное мышление",
            "count": 1
        },
        {
            "answer": "сложность модели",
            "count": 1
        },
        {
            "answer": "сопротивление",
            "count": 1
        },
        {
            "answer": "экономические противоречия",
            "count": 1
        }
    ]
}