{
    "id": 2159,
    "question": "8.Как можно сделать программу лучше ?",
    "answers": [
        {
            "answer": "и зачётных работ по компетен…",
            "count": 1
        },
        {
            "answer": "увеличить длительность цех-а",
            "count": 1
        },
        {
            "answer": "и практики на занятиях",
            "count": 1
        },
        {
            "answer": "очень понравилась игра с лигой",
            "count": 1
        },
        {
            "answer": "подкорректировать расписание",
            "count": 1
        },
        {
            "answer": "выделить побольше дней",
            "count": 1
        },
        {
            "answer": "добавить компетенции",
            "count": 1
        },
        {
            "answer": "очная встреча выпускников",
            "count": 1
        },
        {
            "answer": "отзыв по каждому дню",
            "count": 1
        },
        {
            "answer": "добавить заданий для разбора",
            "count": 1
        },
        {
            "answer": "программа для студентов вузов",
            "count": 1
        },
        {
            "answer": "побольше объяснений",
            "count": 1
        },
        {
            "answer": "разделить на уровни студентов",
            "count": 1
        },
        {
            "answer": "поменять платформу zoom :)",
            "count": 1
        },
        {
            "answer": "увеличить время на выполнение",
            "count": 1
        },
        {
            "answer": "больше дней",
            "count": 1
        },
        {
            "answer": "более подробно описать курс.",
            "count": 1
        },
        {
            "answer": "взять на практику после цеха",
            "count": 1
        },
        {
            "answer": "она прекрасна",
            "count": 1
        },
        {
            "answer": "дневное/вечернее время",
            "count": 1
        },
        {
            "answer": "мало даёте времени для просмот",
            "count": 1
        },
        {
            "answer": "убрать определение победителей",
            "count": 1
        },
        {
            "answer": "было бы замечательно, если бы",
            "count": 1
        },
        {
            "answer": "подача материала, материалы",
            "count": 1
        },
        {
            "answer": "не знаю",
            "count": 1
        },
        {
            "answer": "мотивировать преподов",
            "count": 1
        },
        {
            "answer": "распределять по уровню знаний",
            "count": 1
        },
        {
            "answer": "заранее готовое расписание цех",
            "count": 1
        },
        {
            "answer": "добавить реальных кейсов",
            "count": 1
        },
        {
            "answer": "увеличить кол-во дней, очно",
            "count": 1
        },
        {
            "answer": "тест",
            "count": 1
        },
        {
            "answer": "все супер!!",
            "count": 1
        },
        {
            "answer": "всё прекрасно и идеально",
            "count": 1
        },
        {
            "answer": "ввести тесты после занятий",
            "count": 1
        },
        {
            "answer": "проводить не во время сессии",
            "count": 1
        },
        {
            "answer": "все супер!",
            "count": 1
        },
        {
            "answer": "из-за платформы атом-проекта",
            "count": 1
        },
        {
            "answer": "это конечно неудобно, так как",
            "count": 1
        },
        {
            "answer": "побольше информации",
            "count": 1
        },
        {
            "answer": "добавить больше курсов",
            "count": 1
        },
        {
            "answer": "увеличить количество часов",
            "count": 1
        },
        {
            "answer": "сделать очно",
            "count": 1
        },
        {
            "answer": "увеличить время на экзамен",
            "count": 1
        },
        {
            "answer": "увеличить время на дз",
            "count": 1
        },
        {
            "answer": "надо",
            "count": 1
        },
        {
            "answer": "увеличить количество сессий",
            "count": 1
        },
        {
            "answer": "соответствие теории и заданий",
            "count": 1
        },
        {
            "answer": "больше времени на харды",
            "count": 1
        },
        {
            "answer": "видно, что некоторым это не",
            "count": 1
        },
        {
            "answer": "увеличить время обучения",
            "count": 1
        },
        {
            "answer": "добавить больше практики",
            "count": 1
        },
        {
            "answer": "качество видео и звука страдае",
            "count": 1
        },
        {
            "answer": "добавить конкурсов",
            "count": 1
        },
        {
            "answer": "увеличить продолжительность",
            "count": 1
        },
        {
            "answer": "очень понравилась игра с лигой",
            "count": 1
        },
        {
            "answer": "программа впринципе неплохая",
            "count": 1
        },
        {
            "answer": "побольше занятий по электроник",
            "count": 1
        },
        {
            "answer": "и колледжей должна отличатьс",
            "count": 1
        },
        {
            "answer": "разделить хим направление",
            "count": 1
        },
        {
            "answer": "больше времени самого цеха",
            "count": 1
        },
        {
            "answer": "по уровню сложности",
            "count": 1
        },
        {
            "answer": "соответствие курса и экзамена",
            "count": 1
        },
        {
            "answer": "добавить интерактив",
            "count": 1
        },
        {
            "answer": "–",
            "count": 1
        },
        {
            "answer": "больше занятий",
            "count": 1
        },
        {
            "answer": "данный интенсив был очный",
            "count": 1
        },
        {
            "answer": "большего взаимод со студентами",
            "count": 1
        },
        {
            "answer": "провести новые soft skills",
            "count": 1
        },
        {
            "answer": "не знаю, все круто",
            "count": 1
        },
        {
            "answer": "для обсуждения идей, проектов",
            "count": 1
        },
        {
            "answer": "не охватывает всю страну",
            "count": 1
        },
        {
            "answer": "напр,1-3 курс, 4-магис, аспир",
            "count": 1
        },
        {
            "answer": "больше задач",
            "count": 1
        },
        {
            "answer": "длиннее недели",
            "count": 1
        },
        {
            "answer": "были проблемы с мастер-классам",
            "count": 1
        },
        {
            "answer": "побольше практики",
            "count": 1
        },
        {
            "answer": "давать немного больше времени",
            "count": 1
        },
        {
            "answer": "более подробно",
            "count": 1
        },
        {
            "answer": "сделай ее подлиннее",
            "count": 1
        },
        {
            "answer": "добавить ядерную физику",
            "count": 1
        },
        {
            "answer": "не знаю",
            "count": 1
        },
        {
            "answer": "больше практич. применения",
            "count": 1
        },
        {
            "answer": "увеличить количество семинаров",
            "count": 1
        },
        {
            "answer": "больше интенсивна",
            "count": 1
        },
        {
            "answer": "больше интересных гостей",
            "count": 1
        },
        {
            "answer": "компетенция хим технология",
            "count": 1
        },
        {
            "answer": "больше опыта",
            "count": 1
        },
        {
            "answer": "больше материала",
            "count": 1
        },
        {
            "answer": "да всё устраивает",
            "count": 1
        },
        {
            "answer": "лучше с 1 по 7 февраля",
            "count": 1
        },
        {
            "answer": "очный режим",
            "count": 1
        },
        {
            "answer": "больше практики",
            "count": 1
        },
        {
            "answer": "все идеально",
            "count": 1
        },
        {
            "answer": "удлинить",
            "count": 1
        }
    ]
}