{
    "id": 21591,
    "question": "Что может вовлечь персонал в повышение безопасности? / What can involve personnel in improving safety?",
    "answers": [
        {
            "answer": "деньги",
            "count": 1
        },
        {
            "answer": "информированность персонала",
            "count": 1
        },
        {
            "answer": "кнут и пряник",
            "count": 1
        },
        {
            "answer": "поощрение",
            "count": 1
        },
        {
            "answer": "премирование",
            "count": 1
        },
        {
            "answer": "эффективная система мотивации",
            "count": 1
        },
        {
            "answer": "корп.отдых",
            "count": 1
        },
        {
            "answer": "лидерство его руководителя",
            "count": 1
        },
        {
            "answer": "лидерство руководителя",
            "count": 1
        },
        {
            "answer": "личная работа руководителя",
            "count": 1
        },
        {
            "answer": "личное осознание процесса",
            "count": 1
        },
        {
            "answer": "повышение осознанности",
            "count": 1
        },
        {
            "answer": "личные качества работника",
            "count": 1
        },
        {
            "answer": "обратная связь от руководства",
            "count": 1
        },
        {
            "answer": "обстановка открытости",
            "count": 1
        },
        {
            "answer": "осознание ответственности",
            "count": 1
        },
        {
            "answer": "приверженность безопасности",
            "count": 1
        },
        {
            "answer": "работа лидеров",
            "count": 1
        },
        {
            "answer": "совокупность ответственности и",
            "count": 1
        },
        {
            "answer": "угроза закрытия бизнеса",
            "count": 1
        },
        {
            "answer": "участие в процессе руководител",
            "count": 1
        },
        {
            "answer": "участие в фин. результатах",
            "count": 1
        }
    ]
}