{
    "id": 21598,
    "question": "Что для Вас качество в проекте?",
    "answers": [
        {
            "answer": "безопасность",
            "count": 5
        },
        {
            "answer": "безопасность и конкурентноспос",
            "count": 1
        },
        {
            "answer": "обеспечение безопасности",
            "count": 1
        },
        {
            "answer": "в срок",
            "count": 1
        },
        {
            "answer": "сроки и стоимость",
            "count": 1
        },
        {
            "answer": "важное направление",
            "count": 1
        },
        {
            "answer": "взаимодействие",
            "count": 1
        },
        {
            "answer": "работа в команде",
            "count": 1
        },
        {
            "answer": "выполнение требований",
            "count": 3
        },
        {
            "answer": "выполнение требований в срок",
            "count": 1
        },
        {
            "answer": "соблюдение требований",
            "count": 1
        },
        {
            "answer": "соответствие требований",
            "count": 1
        },
        {
            "answer": "соответствие требованиям",
            "count": 1
        },
        {
            "answer": "качество это качество",
            "count": 1
        },
        {
            "answer": "ключевое условие проекта",
            "count": 1
        },
        {
            "answer": "критерий успешности проекта",
            "count": 1
        },
        {
            "answer": "один из ключевых векторов",
            "count": 1
        },
        {
            "answer": "самое важное",
            "count": 1
        },
        {
            "answer": "корректное управление",
            "count": 1
        },
        {
            "answer": "лицо предприятия",
            "count": 1
        },
        {
            "answer": "основа отрасли",
            "count": 1
        },
        {
            "answer": "персональная ответственность",
            "count": 1
        },
        {
            "answer": "пок",
            "count": 1
        },
        {
            "answer": "тепкян",
            "count": 1
        },
        {
            "answer": "функция",
            "count": 1
        }
    ]
}