{
    "id": 21595,
    "question": "Что для Вас качество в проекте?",
    "answers": [
        {
            "answer": "безопасность",
            "count": 1
        },
        {
            "answer": "безопасность продукции",
            "count": 1
        },
        {
            "answer": "путь обеспечения безопасности",
            "count": 1
        },
        {
            "answer": "все в соответствии с нормами",
            "count": 1
        },
        {
            "answer": "выполнение требований",
            "count": 4
        },
        {
            "answer": "соблюдение норм и правил",
            "count": 1
        },
        {
            "answer": "соответствие",
            "count": 1
        },
        {
            "answer": "соответствие предъявляемым тре",
            "count": 1
        },
        {
            "answer": "соответствие требованиям",
            "count": 1
        },
        {
            "answer": "удовлетворение требований зак.",
            "count": 1
        },
        {
            "answer": "выполнение в срок",
            "count": 1
        },
        {
            "answer": "соблюдение сроков и стоимости",
            "count": 1
        },
        {
            "answer": "сроки и стоимость",
            "count": 1
        },
        {
            "answer": "гарантия лучшего результата",
            "count": 1
        },
        {
            "answer": "гарантия успешной реализации",
            "count": 1
        },
        {
            "answer": "залог успеха проекта",
            "count": 1
        },
        {
            "answer": "основа для успешной реализаци",
            "count": 1
        },
        {
            "answer": "показатель успешности проекта",
            "count": 1
        },
        {
            "answer": "условие успешного проекта",
            "count": 1
        },
        {
            "answer": "деньги и сроки",
            "count": 1
        },
        {
            "answer": "единая команда",
            "count": 1
        },
        {
            "answer": "качество производство поставки",
            "count": 1
        },
        {
            "answer": "ключевое условие",
            "count": 1
        },
        {
            "answer": "основной показатель",
            "count": 1
        },
        {
            "answer": "когда все хорошо",
            "count": 1
        },
        {
            "answer": "когда кто то думает о проекте",
            "count": 1
        },
        {
            "answer": "один из элементов управоения",
            "count": 1
        },
        {
            "answer": "основа",
            "count": 2
        },
        {
            "answer": "ответсвенность",
            "count": 1
        },
        {
            "answer": "первоочередное",
            "count": 1
        },
        {
            "answer": "победа",
            "count": 1
        },
        {
            "answer": "успех в работе",
            "count": 1
        },
        {
            "answer": "успех проекта",
            "count": 1
        },
        {
            "answer": "успех",
            "count": 1
        },
        {
            "answer": "репутация",
            "count": 1
        },
        {
            "answer": "самородов ва",
            "count": 1
        },
        {
            "answer": "системный подход",
            "count": 1
        },
        {
            "answer": "соблюдение методологии",
            "count": 1
        },
        {
            "answer": "эффективность",
            "count": 1
        },
        {
            "answer": "доверие",
            "count": 1
        }
    ]
}