{
    "id": 2160,
    "question": "9.Какие компетенции, мастер-классы или темы можно было добавить?",
    "answers": [
        {
            "answer": "не знаю",
            "count": 1
        },
        {
            "answer": "защита окружающей среды",
            "count": 1
        },
        {
            "answer": "ораторское искусство",
            "count": 1
        },
        {
            "answer": "какие-то командные задания",
            "count": 1
        },
        {
            "answer": "cfx-моделирование",
            "count": 1
        },
        {
            "answer": "атомные электростанции",
            "count": 1
        },
        {
            "answer": "что-нибудь про атомную отрасль",
            "count": 1
        },
        {
            "answer": "ядерная физика",
            "count": 1
        },
        {
            "answer": "все хорошие, ничего не надо",
            "count": 1
        },
        {
            "answer": "как превратить хобби в бизнес",
            "count": 1
        },
        {
            "answer": "научиться учиться",
            "count": 1
        },
        {
            "answer": "эксплуатация аэс",
            "count": 1
        },
        {
            "answer": "деловое письмо",
            "count": 1
        },
        {
            "answer": "про начало карьеры",
            "count": 1
        },
        {
            "answer": "ядерные технологии",
            "count": 1
        },
        {
            "answer": "подготовка будущих наставников",
            "count": 1
        },
        {
            "answer": "производственные технологии",
            "count": 1
        },
        {
            "answer": "роботизированная сварка",
            "count": 1
        },
        {
            "answer": "защита интеллектуальной собств",
            "count": 1
        },
        {
            "answer": "я не знаю",
            "count": 1
        },
        {
            "answer": "не знаю",
            "count": 1
        },
        {
            "answer": "мне всего хватила",
            "count": 1
        },
        {
            "answer": "анализ данных",
            "count": 1
        },
        {
            "answer": "все круто!!!",
            "count": 1
        },
        {
            "answer": "не знаю",
            "count": 1
        },
        {
            "answer": "химическая технология",
            "count": 1
        },
        {
            "answer": "инженер-системотехник",
            "count": 1
        },
        {
            "answer": "реагирование на инциденты иб",
            "count": 1
        },
        {
            "answer": "study less study smart",
            "count": 1
        },
        {
            "answer": "навыки делового общения",
            "count": 1
        },
        {
            "answer": "веб дизайн, работа с бэкенд",
            "count": 1
        },
        {
            "answer": "публичное выступление",
            "count": 1
        },
        {
            "answer": "управление конфликтами",
            "count": 1
        },
        {
            "answer": "что-то связанное с химией",
            "count": 1
        },
        {
            "answer": "атомные электростанции",
            "count": 1
        },
        {
            "answer": "продвинутый уровень электроник",
            "count": 1
        },
        {
            "answer": "тайм менеджмент и продуктивнос",
            "count": 1
        },
        {
            "answer": "резюме",
            "count": 1
        },
        {
            "answer": "тест",
            "count": 1
        },
        {
            "answer": "бизнес образование",
            "count": 1
        },
        {
            "answer": "-",
            "count": 1
        },
        {
            "answer": "программирование приложений",
            "count": 1
        },
        {
            "answer": "фхма",
            "count": 1
        },
        {
            "answer": "химия",
            "count": 1
        },
        {
            "answer": "фхма, спектр.методы анализа",
            "count": 1
        },
        {
            "answer": "больше не надо",
            "count": 1
        },
        {
            "answer": "электроэнергетика",
            "count": 1
        },
        {
            "answer": "веб-разработка",
            "count": 1
        },
        {
            "answer": "публичные выступления",
            "count": 1
        },
        {
            "answer": "ораторское искусство",
            "count": 1
        },
        {
            "answer": "программа хорошая)",
            "count": 1
        },
        {
            "answer": "защита интеллектуальной соб",
            "count": 1
        },
        {
            "answer": "мастер класс по атомной энерг.",
            "count": 1
        },
        {
            "answer": "затрудняюсь ответить",
            "count": 1
        },
        {
            "answer": "vipnet",
            "count": 1
        },
        {
            "answer": "основы программирования",
            "count": 1
        },
        {
            "answer": "лидерство",
            "count": 1
        },
        {
            "answer": "тайм менеджмент",
            "count": 1
        },
        {
            "answer": "очные экскурсии на предприятия",
            "count": 1
        },
        {
            "answer": ".",
            "count": 1
        },
        {
            "answer": "защита интеллектуальной собств",
            "count": 1
        },
        {
            "answer": "как вести себя на собеседовани",
            "count": 1
        },
        {
            "answer": "инж. проектирование : avtocad",
            "count": 1
        },
        {
            "answer": "инж. проектирование: сапфир 16",
            "count": 1
        },
        {
            "answer": "информационные технологии",
            "count": 1
        },
        {
            "answer": "создание программного обеспече",
            "count": 1
        },
        {
            "answer": "дизайн",
            "count": 1
        },
        {
            "answer": "-",
            "count": 1
        },
        {
            "answer": "механика сопромат",
            "count": 1
        },
        {
            "answer": "правовое обеспечение проектов",
            "count": 1
        },
        {
            "answer": "изучение программирования",
            "count": 1
        },
        {
            "answer": "как составить хорошее резюме",
            "count": 1
        },
        {
            "answer": "ораторское искусство",
            "count": 1
        },
        {
            "answer": "международное что-нибудь",
            "count": 1
        },
        {
            "answer": "ядерные технологии",
            "count": 1
        },
        {
            "answer": "психология личности",
            "count": 1
        },
        {
            "answer": "блокчейн и dlt",
            "count": 1
        },
        {
            "answer": "бизнес-аналитика",
            "count": 1
        },
        {
            "answer": "деловые коммуникации",
            "count": 1
        },
        {
            "answer": "модули по solft skills",
            "count": 1
        },
        {
            "answer": "основы радиационной безопаснос",
            "count": 1
        },
        {
            "answer": "-",
            "count": 1
        },
        {
            "answer": "даже не знаю)",
            "count": 1
        },
        {
            "answer": "программы для проектирования",
            "count": 1
        }
    ]
}