{
    "id": 21652,
    "question": "Какие ещё требования, по функции качество, с вашей точки зрения, влияют на сроки и стоимость?",
    "answers": [
        {
            "answer": "бред со стороны гк",
            "count": 1
        },
        {
            "answer": "взаимодействие с уо",
            "count": 1
        },
        {
            "answer": "диалог с уо эо наладить",
            "count": 1
        },
        {
            "answer": "внутренние процессы долго",
            "count": 1
        },
        {
            "answer": "замалчивание проблемы",
            "count": 1
        },
        {
            "answer": "излишнее требования",
            "count": 1
        },
        {
            "answer": "качественная ркд",
            "count": 1
        },
        {
            "answer": "качество",
            "count": 1
        },
        {
            "answer": "качество кд и тд",
            "count": 1
        },
        {
            "answer": "квалификация персонала",
            "count": 1
        },
        {
            "answer": "количество точек пк",
            "count": 1
        },
        {
            "answer": "компетентность исполнителей",
            "count": 1
        },
        {
            "answer": "компетенция",
            "count": 1
        },
        {
            "answer": "никто не смотрит документы",
            "count": 1
        },
        {
            "answer": "нормативной документации",
            "count": 1
        },
        {
            "answer": "подготовка сопроводит. докум.",
            "count": 1
        },
        {
            "answer": "утв. комплект ркд до разр. пк",
            "count": 1
        },
        {
            "answer": "плохое планирование",
            "count": 1
        },
        {
            "answer": "портал",
            "count": 1
        },
        {
            "answer": "портал поставщика",
            "count": 1
        },
        {
            "answer": "развитие поставщиков",
            "count": 1
        },
        {
            "answer": "реальная командная работа с рп",
            "count": 1
        },
        {
            "answer": "спасибо за доклад!",
            "count": 1
        },
        {
            "answer": "срок вызова уо",
            "count": 1
        },
        {
            "answer": "требования возникающие с изме",
            "count": 1
        },
        {
            "answer": "формальный подход уо",
            "count": 1
        }
    ]
}