{
    "id": 2166,
    "question": "КАКИХ ЗНАНИЙ/КОМПЕТЕНЦИЙ НЕ ХВАТАЕТ, ЧТОБЫ СТАТЬ БОЛЕЕ УСПЕШНЫМ СПИКЕРОМ?",
    "answers": [
        {
            "answer": "уверенности",
            "count": 1
        },
        {
            "answer": "уверенность",
            "count": 1
        },
        {
            "answer": "говорить без мата",
            "count": 1
        },
        {
            "answer": "постановки речи и убедительнос",
            "count": 1
        },
        {
            "answer": "уверенность",
            "count": 1
        },
        {
            "answer": "практики",
            "count": 1
        },
        {
            "answer": "уверенности",
            "count": 1
        },
        {
            "answer": "практики",
            "count": 1
        },
        {
            "answer": "общения в живую",
            "count": 1
        },
        {
            "answer": "опыта",
            "count": 1
        },
        {
            "answer": "практики",
            "count": 1
        },
        {
            "answer": "стендап",
            "count": 1
        },
        {
            "answer": "знаний",
            "count": 1
        },
        {
            "answer": "smmменеджмент",
            "count": 1
        },
        {
            "answer": "практики",
            "count": 1
        },
        {
            "answer": "контент",
            "count": 1
        },
        {
            "answer": "знаний",
            "count": 1
        },
        {
            "answer": "практики",
            "count": 1
        },
        {
            "answer": "простоты",
            "count": 1
        },
        {
            "answer": "учиться у мастеров…,",
            "count": 1
        },
        {
            "answer": "уверенности",
            "count": 1
        },
        {
            "answer": "практики",
            "count": 1
        },
        {
            "answer": "лексикона",
            "count": 1
        },
        {
            "answer": "смелости.",
            "count": 1
        },
        {
            "answer": "не ааакать",
            "count": 1
        },
        {
            "answer": "спелости :)",
            "count": 1
        },
        {
            "answer": "уверенности",
            "count": 1
        },
        {
            "answer": "смелости",
            "count": 1
        },
        {
            "answer": "психология",
            "count": 1
        },
        {
            "answer": "смелости",
            "count": 1
        },
        {
            "answer": "ораторское искусство",
            "count": 1
        },
        {
            "answer": "поведения",
            "count": 1
        },
        {
            "answer": "ораторское искусство",
            "count": 1
        },
        {
            "answer": "специальных",
            "count": 1
        },
        {
            "answer": "не знаю)",
            "count": 1
        },
        {
            "answer": "уверенность",
            "count": 1
        },
        {
            "answer": "не знаю",
            "count": 1
        },
        {
            "answer": "уверенности",
            "count": 1
        },
        {
            "answer": "уверенности",
            "count": 1
        },
        {
            "answer": "практики, уверенности",
            "count": 1
        },
        {
            "answer": "правильный тембр голоса",
            "count": 1
        },
        {
            "answer": "смелость",
            "count": 1
        },
        {
            "answer": "грамотно поставленной речи",
            "count": 1
        }
    ]
}