{
    "id": 2168,
    "question": "КАКИЕ ПРОБЛЕМЫ МОГУТ БЫТЬ В КОММУНИКАЦИИ",
    "answers": [
        {
            "answer": "доверие ко всей власти",
            "count": 1
        },
        {
            "answer": "город закрыт",
            "count": 1
        },
        {
            "answer": "слушатели",
            "count": 1
        },
        {
            "answer": "неоткрытость",
            "count": 1
        },
        {
            "answer": "показуха",
            "count": 1
        },
        {
            "answer": "скорость реагирования",
            "count": 1
        },
        {
            "answer": "одно сми",
            "count": 1
        },
        {
            "answer": "недоверие и вранье",
            "count": 1
        },
        {
            "answer": "не достаточно верной информаци",
            "count": 1
        },
        {
            "answer": "люди не верят позитивной инфор",
            "count": 1
        },
        {
            "answer": "люди",
            "count": 1
        },
        {
            "answer": "отсутствие связи с аудиторией",
            "count": 1
        },
        {
            "answer": "честность",
            "count": 1
        },
        {
            "answer": "много не правды",
            "count": 1
        },
        {
            "answer": "нежелание ее выстраивать",
            "count": 1
        },
        {
            "answer": "большая конкурентность",
            "count": 1
        },
        {
            "answer": "рамки,неискренность",
            "count": 1
        },
        {
            "answer": "не закрывать общение с негатив",
            "count": 1
        },
        {
            "answer": "низкая заинтересованность",
            "count": 1
        },
        {
            "answer": "разрозненность элит",
            "count": 1
        },
        {
            "answer": "я начальник, значит, прав",
            "count": 1
        },
        {
            "answer": "меня не услышат",
            "count": 1
        },
        {
            "answer": "украшение реальных результатов",
            "count": 1
        },
        {
            "answer": "верна только своя точка зрения",
            "count": 1
        },
        {
            "answer": "манипуляция фальш",
            "count": 1
        },
        {
            "answer": "доступность сми",
            "count": 1
        },
        {
            "answer": "мало молодежи",
            "count": 1
        },
        {
            "answer": "искажения информация",
            "count": 1
        },
        {
            "answer": "пресса куплена",
            "count": 1
        },
        {
            "answer": "страх говорить правду",
            "count": 1
        },
        {
            "answer": "заранее подготовленные вопросы",
            "count": 1
        },
        {
            "answer": "оторванность от реальных людей",
            "count": 1
        },
        {
            "answer": "активность 1 категории критико",
            "count": 1
        },
        {
            "answer": "отсутствие понимания",
            "count": 1
        },
        {
            "answer": "оперативность",
            "count": 1
        },
        {
            "answer": "информация скучно подается",
            "count": 1
        },
        {
            "answer": "недоверие сми",
            "count": 1
        },
        {
            "answer": "не верят",
            "count": 1
        },
        {
            "answer": "застой официальных сми",
            "count": 1
        },
        {
            "answer": "не желание действовать",
            "count": 1
        },
        {
            "answer": "взаимодействие сми и власти",
            "count": 1
        },
        {
            "answer": "нет",
            "count": 1
        },
        {
            "answer": "нет желания у сторон слушать",
            "count": 1
        },
        {
            "answer": "взаимослышание",
            "count": 1
        },
        {
            "answer": "отсутствие коммуникации)))",
            "count": 1
        },
        {
            "answer": "местечковость мышления",
            "count": 1
        },
        {
            "answer": "злые жители",
            "count": 1
        },
        {
            "answer": "закрытость",
            "count": 1
        },
        {
            "answer": "занятость власти",
            "count": 1
        },
        {
            "answer": "негативные блогеры",
            "count": 1
        },
        {
            "answer": "разные мотивации",
            "count": 1
        },
        {
            "answer": "малый охват",
            "count": 1
        },
        {
            "answer": "долгое согласование всего",
            "count": 1
        },
        {
            "answer": "нет диалога",
            "count": 1
        },
        {
            "answer": "разрозненность площадок",
            "count": 1
        },
        {
            "answer": "открытость",
            "count": 1
        },
        {
            "answer": "недоступность",
            "count": 1
        },
        {
            "answer": "откат от успешных результатов",
            "count": 1
        }
    ]
}