{
    "id": 21718,
    "question": "Ключевые ассоциации с либерально-идеалистической парадигмой",
    "answers": [
        {
            "answer": "«вечный мир»",
            "count": 1
        },
        {
            "answer": "вечный мир",
            "count": 1
        },
        {
            "answer": "всеобщая гарантия мира",
            "count": 1
        },
        {
            "answer": "единый мир",
            "count": 1
        },
        {
            "answer": "мир",
            "count": 1
        },
        {
            "answer": "власть народа",
            "count": 1
        },
        {
            "answer": "врожденные права человека",
            "count": 1
        },
        {
            "answer": "права",
            "count": 1
        },
        {
            "answer": "всеобщее законодательство",
            "count": 1
        },
        {
            "answer": "демократия рынок свобода",
            "count": 1
        },
        {
            "answer": "космополис",
            "count": 1
        },
        {
            "answer": "лдпр",
            "count": 2
        },
        {
            "answer": "мораль",
            "count": 1
        },
        {
            "answer": "равенс",
            "count": 1
        },
        {
            "answer": "регламентированная война",
            "count": 1
        },
        {
            "answer": "свобода",
            "count": 5
        },
        {
            "answer": "свобода актора",
            "count": 2
        },
        {
            "answer": "свобода идея люди рынок мир",
            "count": 1
        },
        {
            "answer": "свобода права и морали",
            "count": 1
        },
        {
            "answer": "свободное право",
            "count": 1
        },
        {
            "answer": "сотрудничество",
            "count": 2
        },
        {
            "answer": "универсальные ценности",
            "count": 1
        },
        {
            "answer": "частная собственность",
            "count": 2
        }
    ]
}