{
    "id": 21756,
    "question": "Опишите одним словом ваше текущее состояние",
    "answers": [
        {
            "answer": "абсолютно спокоен",
            "count": 1
        },
        {
            "answer": "в принципе всё спокойно",
            "count": 1
        },
        {
            "answer": "невозмутим",
            "count": 1
        },
        {
            "answer": "спокоен",
            "count": 1
        },
        {
            "answer": "спокойное",
            "count": 4
        },
        {
            "answer": "спокойствие",
            "count": 7
        },
        {
            "answer": "спокойствие и поддержка",
            "count": 1
        },
        {
            "answer": "умиротворение",
            "count": 3
        },
        {
            "answer": "адреналин",
            "count": 1
        },
        {
            "answer": "апатия",
            "count": 9
        },
        {
            "answer": "апатия и нервозность",
            "count": 1
        },
        {
            "answer": "аппатия",
            "count": 2
        },
        {
            "answer": "депрессия",
            "count": 6
        },
        {
            "answer": "депрессия диагностированная пс",
            "count": 1
        },
        {
            "answer": "меланхолия",
            "count": 1
        },
        {
            "answer": "прокрастинация",
            "count": 1
        },
        {
            "answer": "беззащитность",
            "count": 1
        },
        {
            "answer": "отсутствие безопасности",
            "count": 1
        },
        {
            "answer": "безисходность",
            "count": 1
        },
        {
            "answer": "безнадёжность",
            "count": 2
        },
        {
            "answer": "безысходгость",
            "count": 1
        },
        {
            "answer": "безысходность",
            "count": 3
        },
        {
            "answer": "отчаяние",
            "count": 3
        },
        {
            "answer": "бесит",
            "count": 1
        },
        {
            "answer": "беспокойство",
            "count": 5
        },
        {
            "answer": "беспокойство за семью",
            "count": 1
        },
        {
            "answer": "бспокойство",
            "count": 1
        },
        {
            "answer": "волнение",
            "count": 6
        },
        {
            "answer": "волнительное",
            "count": 1
        },
        {
            "answer": "временами беспокойно",
            "count": 1
        },
        {
            "answer": "легкая паника",
            "count": 1
        },
        {
            "answer": "не спокойно",
            "count": 1
        },
        {
            "answer": "немного паникую",
            "count": 1
        },
        {
            "answer": "немного тревоги",
            "count": 1
        },
        {
            "answer": "немного тревожное",
            "count": 1
        },
        {
            "answer": "нет паники. но волнение относи",
            "count": 1
        },
        {
            "answer": "обеспокоенность",
            "count": 1
        },
        {
            "answer": "очень волнуюсь",
            "count": 1
        },
        {
            "answer": "паника",
            "count": 9
        },
        {
            "answer": "паника шок тревога",
            "count": 1
        },
        {
            "answer": "переживание",
            "count": 2
        },
        {
            "answer": "переживание смирение волнение",
            "count": 1
        },
        {
            "answer": "переживания",
            "count": 1
        },
        {
            "answer": "переживают",
            "count": 1
        },
        {
            "answer": "тревога",
            "count": 34
        },
        {
            "answer": "тревога за судьбу сотрудников",
            "count": 1
        },
        {
            "answer": "тревога и неизв-ть будущего",
            "count": 1
        },
        {
            "answer": "тревога. страх. нервозность.",
            "count": 1
        },
        {
            "answer": "тревожно",
            "count": 2
        },
        {
            "answer": "тревожное",
            "count": 12
        },
        {
            "answer": "тревожность",
            "count": 15
        },
        {
            "answer": "беспомощ",
            "count": 1
        },
        {
            "answer": "бессилие",
            "count": 5
        },
        {
            "answer": "болеем",
            "count": 1
        },
        {
            "answer": "боль",
            "count": 2
        },
        {
            "answer": "страдание",
            "count": 1
        },
        {
            "answer": "боюсь",
            "count": 1
        },
        {
            "answer": "боязно",
            "count": 1
        },
        {
            "answer": "страх",
            "count": 26
        },
        {
            "answer": "страх будущего",
            "count": 1
        },
        {
            "answer": "страх и ужас",
            "count": 1
        },
        {
            "answer": "страшно",
            "count": 2
        },
        {
            "answer": "в ожидании",
            "count": 2
        },
        {
            "answer": "ожидание",
            "count": 12
        },
        {
            "answer": "ожидания от будущего",
            "count": 1
        },
        {
            "answer": "в порядке",
            "count": 1
        },
        {
            "answer": "в_потоке",
            "count": 1
        },
        {
            "answer": "впорядке",
            "count": 1
        },
        {
            "answer": "все норм",
            "count": 1
        },
        {
            "answer": "все ок",
            "count": 1
        },
        {
            "answer": "лучше среднего",
            "count": 1
        },
        {
            "answer": "норальное",
            "count": 1
        },
        {
            "answer": "норм",
            "count": 2
        },
        {
            "answer": "норма",
            "count": 1
        },
        {
            "answer": "нормалёк",
            "count": 1
        },
        {
            "answer": "нормально",
            "count": 8
        },
        {
            "answer": "нормальное",
            "count": 10
        },
        {
            "answer": "нормальное удовлетворительное",
            "count": 1
        },
        {
            "answer": "нормальное.",
            "count": 1
        },
        {
            "answer": "ок",
            "count": 1
        },
        {
            "answer": "пойдет",
            "count": 1
        },
        {
            "answer": "положительно",
            "count": 1
        },
        {
            "answer": "сойдет",
            "count": 1
        },
        {
            "answer": "среднее",
            "count": 2
        },
        {
            "answer": "удовлетворен",
            "count": 1
        },
        {
            "answer": "удовлетворены",
            "count": 2
        },
        {
            "answer": "удовлетворительно",
            "count": 3
        },
        {
            "answer": "удовлетворительное",
            "count": 8
        },
        {
            "answer": "удовлетворительное (3/5)",
            "count": 1
        },
        {
            "answer": "хорошее",
            "count": 4
        },
        {
            "answer": "хорошо",
            "count": 3
        },
        {
            "answer": "вдохновение",
            "count": 1
        },
        {
            "answer": "вдохновенное",
            "count": 1
        },
        {
            "answer": "вдохновлён",
            "count": 1
        },
        {
            "answer": "воодушевленное",
            "count": 1
        },
        {
            "answer": "мотивированное",
            "count": 1
        },
        {
            "answer": "великолепное",
            "count": 1
        },
        {
            "answer": "восторг",
            "count": 1
        },
        {
            "answer": "восхищение",
            "count": 1
        },
        {
            "answer": "замечательное",
            "count": 2
        },
        {
            "answer": "изумительно",
            "count": 1
        },
        {
            "answer": "класс",
            "count": 1
        },
        {
            "answer": "лучше всех",
            "count": 1
        },
        {
            "answer": "огонь",
            "count": 1
        },
        {
            "answer": "отлично",
            "count": 2
        },
        {
            "answer": "отличное",
            "count": 12
        },
        {
            "answer": "радости",
            "count": 1
        },
        {
            "answer": "радостный",
            "count": 1
        },
        {
            "answer": "со мной все хорошо",
            "count": 1
        },
        {
            "answer": "счастлив",
            "count": 1
        },
        {
            "answer": "тонус",
            "count": 1
        },
        {
            "answer": "чудненько",
            "count": 1
        },
        {
            "answer": "ничего не тревожит. все отличн",
            "count": 1
        },
        {
            "answer": "верю в лучшее",
            "count": 1
        },
        {
            "answer": "надежда",
            "count": 3
        },
        {
            "answer": "оптимизм",
            "count": 1
        },
        {
            "answer": "вовлечён в работу",
            "count": 1
        },
        {
            "answer": "загружен",
            "count": 1
        },
        {
            "answer": "загруженность",
            "count": 1
        },
        {
            "answer": "занятое",
            "count": 1
        },
        {
            "answer": "занятость",
            "count": 1
        },
        {
            "answer": "как белка в колесе",
            "count": 1
        },
        {
            "answer": "на работе больше чем дома.",
            "count": 1
        },
        {
            "answer": "нагруженность",
            "count": 1
        },
        {
            "answer": "работа",
            "count": 1
        },
        {
            "answer": "работаем",
            "count": 2
        },
        {
            "answer": "работаю",
            "count": 1
        },
        {
            "answer": "рабочее",
            "count": 1
        },
        {
            "answer": "рабочие",
            "count": 1
        },
        {
            "answer": "восстановление",
            "count": 1
        },
        {
            "answer": "сомнение",
            "count": 2
        },
        {
            "answer": "выгорание",
            "count": 2
        },
        {
            "answer": "задолбанност",
            "count": 1
        },
        {
            "answer": "измождёность",
            "count": 1
        },
        {
            "answer": "перегруз",
            "count": 1
        },
        {
            "answer": "уставший",
            "count": 1
        },
        {
            "answer": "уставший кот",
            "count": 1
        },
        {
            "answer": "устал",
            "count": 1
        },
        {
            "answer": "усталость",
            "count": 20
        },
        {
            "answer": "усталось",
            "count": 1
        },
        {
            "answer": "выдержать",
            "count": 1
        },
        {
            "answer": "выживание",
            "count": 1
        },
        {
            "answer": "высокое",
            "count": 1
        },
        {
            "answer": "гнев",
            "count": 2
        },
        {
            "answer": "злость",
            "count": 2
        },
        {
            "answer": "негодование",
            "count": 1
        },
        {
            "answer": "гнетущее",
            "count": 1
        },
        {
            "answer": "угнетает",
            "count": 1
        },
        {
            "answer": "удручён",
            "count": 1
        },
        {
            "answer": "гордость",
            "count": 1
        },
        {
            "answer": "готов",
            "count": 1
        },
        {
            "answer": "готов быть мобилизован если пр",
            "count": 1
        },
        {
            "answer": "готов.",
            "count": 1
        },
        {
            "answer": "готовность",
            "count": 1
        },
        {
            "answer": "решимость",
            "count": 1
        },
        {
            "answer": "уверен",
            "count": 1
        },
        {
            "answer": "уверен во всем",
            "count": 1
        },
        {
            "answer": "уверенное",
            "count": 1
        },
        {
            "answer": "увереность",
            "count": 1
        },
        {
            "answer": "грусть",
            "count": 2
        },
        {
            "answer": "тоска",
            "count": 1
        },
        {
            "answer": "уныние",
            "count": 1
        },
        {
            "answer": "хандра",
            "count": 1
        },
        {
            "answer": "ступор",
            "count": 1
        },
        {
            "answer": "ждём повестку",
            "count": 1
        },
        {
            "answer": "жду повестки",
            "count": 1
        },
        {
            "answer": "мобилизация",
            "count": 1
        },
        {
            "answer": "могилизация",
            "count": 1
        },
        {
            "answer": "задачи определены",
            "count": 1
        },
        {
            "answer": "задумчивость",
            "count": 1
        },
        {
            "answer": "информационная изоляция",
            "count": 1
        },
        {
            "answer": "не информированность",
            "count": 2
        },
        {
            "answer": "ищу равновесие",
            "count": 1
        },
        {
            "answer": "капучино",
            "count": 1
        },
        {
            "answer": "кризис",
            "count": 1
        },
        {
            "answer": "лежу",
            "count": 1
        },
        {
            "answer": "интересно",
            "count": 1
        },
        {
            "answer": "любопытство",
            "count": 1
        },
        {
            "answer": "на автомате",
            "count": 1
        },
        {
            "answer": "напряг",
            "count": 1
        },
        {
            "answer": "напряжение",
            "count": 4
        },
        {
            "answer": "напряженное",
            "count": 2
        },
        {
            "answer": "напряжённость",
            "count": 2
        },
        {
            "answer": "настороженность",
            "count": 3
        },
        {
            "answer": "осторожность",
            "count": 1
        },
        {
            "answer": "все непонятно",
            "count": 1
        },
        {
            "answer": "не понимание",
            "count": 1
        },
        {
            "answer": "непонимание",
            "count": 5
        },
        {
            "answer": "ничего не понял",
            "count": 1
        },
        {
            "answer": "не ресурсное",
            "count": 1
        },
        {
            "answer": "недовольство",
            "count": 3
        },
        {
            "answer": "неудовлетворенность",
            "count": 1
        },
        {
            "answer": "недосып",
            "count": 1
        },
        {
            "answer": "сонливое",
            "count": 1
        },
        {
            "answer": "сонливость",
            "count": 1
        },
        {
            "answer": "спать",
            "count": 1
        },
        {
            "answer": "энергия",
            "count": 1
        },
        {
            "answer": "незнание",
            "count": 1
        },
        {
            "answer": "неизвестности",
            "count": 1
        },
        {
            "answer": "неизвестность",
            "count": 9
        },
        {
            "answer": "неопределенное",
            "count": 1
        },
        {
            "answer": "неопределённое",
            "count": 1
        },
        {
            "answer": "неопределенность",
            "count": 16
        },
        {
            "answer": "неопределённость",
            "count": 17
        },
        {
            "answer": "неясно",
            "count": 1
        },
        {
            "answer": "подвешанное",
            "count": 1
        },
        {
            "answer": "подвешенность",
            "count": 1
        },
        {
            "answer": "туман",
            "count": 1
        },
        {
            "answer": "турбулентное",
            "count": 1
        },
        {
            "answer": "нейтральное",
            "count": 3
        },
        {
            "answer": "непонятное",
            "count": 1
        },
        {
            "answer": "эмоциональная усталость",
            "count": 1
        },
        {
            "answer": "непринятие",
            "count": 1
        },
        {
            "answer": "неприятие",
            "count": 1
        },
        {
            "answer": "нервозность",
            "count": 1
        },
        {
            "answer": "нервное",
            "count": 2
        },
        {
            "answer": "нервы",
            "count": 1
        },
        {
            "answer": "неспокойно",
            "count": 1
        },
        {
            "answer": "нет будущего",
            "count": 1
        },
        {
            "answer": "нет стабильности",
            "count": 1
        },
        {
            "answer": "нет уверенности в завтрашнем д",
            "count": 1
        },
        {
            "answer": "неуверенность",
            "count": 8
        },
        {
            "answer": "неуверенность в будущем",
            "count": 3
        },
        {
            "answer": "неуверенность в завтра",
            "count": 1
        },
        {
            "answer": "нутакое",
            "count": 1
        },
        {
            "answer": "ожидание определенности",
            "count": 1
        },
        {
            "answer": "ожидание перемен",
            "count": 1
        },
        {
            "answer": "ожидание плохого",
            "count": 1
        },
        {
            "answer": "ожидание полного коллапса",
            "count": 1
        },
        {
            "answer": "опасение",
            "count": 2
        },
        {
            "answer": "опасения",
            "count": 1
        },
        {
            "answer": "предчувствие",
            "count": 1
        },
        {
            "answer": "опустошен",
            "count": 1
        },
        {
            "answer": "опустошение",
            "count": 1
        },
        {
            "answer": "опустошённость",
            "count": 1
        },
        {
            "answer": "пустота",
            "count": 2
        },
        {
            "answer": "ответственность",
            "count": 1
        },
        {
            "answer": "ощущение что что-то не то",
            "count": 1
        },
        {
            "answer": "дерьмовое",
            "count": 1
        },
        {
            "answer": "п#здец простите",
            "count": 1
        },
        {
            "answer": "пиздец",
            "count": 1
        },
        {
            "answer": "плохо",
            "count": 1
        },
        {
            "answer": "ужас",
            "count": 4
        },
        {
            "answer": "ужасно",
            "count": 1
        },
        {
            "answer": "это пипец какой-то!",
            "count": 1
        },
        {
            "answer": "подавленное",
            "count": 1
        },
        {
            "answer": "подавленность",
            "count": 3
        },
        {
            "answer": "подавлен",
            "count": 1
        },
        {
            "answer": "разбит",
            "count": 1
        },
        {
            "answer": "последовательность",
            "count": 1
        },
        {
            "answer": "потерянность",
            "count": 1
        },
        {
            "answer": "рассредоточенность",
            "count": 1
        },
        {
            "answer": "расстерянность",
            "count": 1
        },
        {
            "answer": "растерянность",
            "count": 7
        },
        {
            "answer": "пофигизм",
            "count": 1
        },
        {
            "answer": "принятие",
            "count": 2
        },
        {
            "answer": "смирение",
            "count": 1
        },
        {
            "answer": "работа на результат",
            "count": 1
        },
        {
            "answer": "разнообразное",
            "count": 1
        },
        {
            "answer": "разочарование",
            "count": 4
        },
        {
            "answer": "скорее бы это закончилось",
            "count": 1
        },
        {
            "answer": "скрытая печаль",
            "count": 1
        },
        {
            "answer": "сложно",
            "count": 1
        },
        {
            "answer": "тяжело",
            "count": 1
        },
        {
            "answer": "смятение",
            "count": 2
        },
        {
            "answer": "собранность",
            "count": 2
        },
        {
            "answer": "сосредоточенность",
            "count": 2
        },
        {
            "answer": "сожаление",
            "count": 1
        },
        {
            "answer": "стабильно",
            "count": 3
        },
        {
            "answer": "стабильное",
            "count": 15
        },
        {
            "answer": "стабильность",
            "count": 3
        },
        {
            "answer": "стагнация",
            "count": 1
        },
        {
            "answer": "стараюсь отвлечься",
            "count": 1
        },
        {
            "answer": "стресс",
            "count": 18
        },
        {
            "answer": "твик из южного парка",
            "count": 1
        },
        {
            "answer": "текущее положение в стране",
            "count": 1
        },
        {
            "answer": "только вперед)",
            "count": 1
        },
        {
            "answer": "ультрамыслительное",
            "count": 1
        },
        {
            "answer": "упадок",
            "count": 1
        },
        {
            "answer": "упадок сил",
            "count": 1
        },
        {
            "answer": "хаос",
            "count": 1
        },
        {
            "answer": "целеустремленность",
            "count": 1
        },
        {
            "answer": "целеустремлённость",
            "count": 1
        },
        {
            "answer": "цели понятны",
            "count": 1
        },
        {
            "answer": "частые перепады настроения",
            "count": 1
        },
        {
            "answer": "эмоциональная мясорубка",
            "count": 1
        },
        {
            "answer": "шок",
            "count": 2
        }
    ]
}