{
    "id": 21764,
    "question": "Как поменялось ваше состояние за неделю, опишите одним словом?",
    "answers": [
        {
            "answer": "апатия",
            "count": 1
        },
        {
            "answer": "благодарность",
            "count": 1
        },
        {
            "answer": "более проинформированны",
            "count": 1
        },
        {
            "answer": "информированность",
            "count": 1
        },
        {
            "answer": "стало больше информации",
            "count": 1
        },
        {
            "answer": "волнение усиливается",
            "count": 1
        },
        {
            "answer": "очень тревожное",
            "count": 1
        },
        {
            "answer": "всё такое же",
            "count": 1
        },
        {
            "answer": "не изменилось",
            "count": 2
        },
        {
            "answer": "не поменялось",
            "count": 1
        },
        {
            "answer": "никак",
            "count": 13
        },
        {
            "answer": "однообразие",
            "count": 1
        },
        {
            "answer": "прежнее",
            "count": 1
        },
        {
            "answer": "заболела",
            "count": 1
        },
        {
            "answer": "заземление",
            "count": 1
        },
        {
            "answer": "реальность",
            "count": 1
        },
        {
            "answer": "значительно",
            "count": 1
        },
        {
            "answer": "качели",
            "count": 1
        },
        {
            "answer": "колебательно",
            "count": 1
        },
        {
            "answer": "нагрузка",
            "count": 1
        },
        {
            "answer": "ожидание",
            "count": 1
        },
        {
            "answer": "повседневность",
            "count": 1
        },
        {
            "answer": "пойдет",
            "count": 1
        },
        {
            "answer": "понимание",
            "count": 1
        },
        {
            "answer": "пришло понимание что делать",
            "count": 1
        },
        {
            "answer": "принятие",
            "count": 1
        },
        {
            "answer": "смирение",
            "count": 1
        },
        {
            "answer": "приходит в стабильность",
            "count": 1
        },
        {
            "answer": "равновесие",
            "count": 1
        },
        {
            "answer": "разрешилось",
            "count": 1
        },
        {
            "answer": "стабилизировалось",
            "count": 2
        },
        {
            "answer": "стабильно",
            "count": 1
        },
        {
            "answer": "стабильность",
            "count": 1
        },
        {
            "answer": "стало легче однозначно",
            "count": 1
        },
        {
            "answer": "стало меньше паники",
            "count": 1
        },
        {
            "answer": "улучшилось",
            "count": 3
        },
        {
            "answer": "успокоение",
            "count": 1
        },
        {
            "answer": "успокоился",
            "count": 1
        },
        {
            "answer": "устрйчиво",
            "count": 1
        },
        {
            "answer": "чуть-чуть стало лучше",
            "count": 1
        },
        {
            "answer": "я взяла себя в руки",
            "count": 1
        },
        {
            "answer": "собранность",
            "count": 1
        },
        {
            "answer": "стал более уверенным",
            "count": 1
        },
        {
            "answer": "уверенность",
            "count": 1
        },
        {
            "answer": "стресс",
            "count": 2
        },
        {
            "answer": "тревожность",
            "count": 1
        },
        {
            "answer": "трансформирование",
            "count": 1
        },
        {
            "answer": "уныние",
            "count": 1
        },
        {
            "answer": "ухудшилось",
            "count": 4
        },
        {
            "answer": "хуже",
            "count": 1
        },
        {
            "answer": "шок",
            "count": 1
        },
        {
            "answer": "ясность",
            "count": 1
        }
    ]
}