{
    "id": 21763,
    "question": "Опишите одним словом ваше текущее состояние",
    "answers": [
        {
            "answer": "бессилие",
            "count": 1
        },
        {
            "answer": "вялость",
            "count": 2
        },
        {
            "answer": "взволнованность",
            "count": 1
        },
        {
            "answer": "волнение",
            "count": 2
        },
        {
            "answer": "нервозность",
            "count": 1
        },
        {
            "answer": "обеспокоенность",
            "count": 1
        },
        {
            "answer": "озабоченность",
            "count": 1
        },
        {
            "answer": "озадаченность",
            "count": 1
        },
        {
            "answer": "паника",
            "count": 1
        },
        {
            "answer": "повышенная тревожность",
            "count": 1
        },
        {
            "answer": "раздражение",
            "count": 1
        },
        {
            "answer": "тревога",
            "count": 4
        },
        {
            "answer": "тревожное",
            "count": 1
        },
        {
            "answer": "тревожность",
            "count": 3
        },
        {
            "answer": "востребованность",
            "count": 1
        },
        {
            "answer": "выжидание",
            "count": 1
        },
        {
            "answer": "ожидание",
            "count": 3
        },
        {
            "answer": "готовность",
            "count": 1
        },
        {
            "answer": "давление",
            "count": 1
        },
        {
            "answer": "дизориентированное",
            "count": 1
        },
        {
            "answer": "желание помочь но незнание",
            "count": 1
        },
        {
            "answer": "забегался",
            "count": 1
        },
        {
            "answer": "загруженность",
            "count": 1
        },
        {
            "answer": "запрос на информацию",
            "count": 1
        },
        {
            "answer": "недостаток времени",
            "count": 1
        },
        {
            "answer": "неуспевание",
            "count": 1
        },
        {
            "answer": "неизвестность",
            "count": 1
        },
        {
            "answer": "неопределенное",
            "count": 1
        },
        {
            "answer": "неопределенность",
            "count": 5
        },
        {
            "answer": "неопределённость",
            "count": 1
        },
        {
            "answer": "непонимание",
            "count": 1
        },
        {
            "answer": "неуверенность",
            "count": 1
        },
        {
            "answer": "норм",
            "count": 1
        },
        {
            "answer": "нормально",
            "count": 1
        },
        {
            "answer": "нормальное",
            "count": 1
        },
        {
            "answer": "ок",
            "count": 1
        },
        {
            "answer": "хорошее",
            "count": 1
        },
        {
            "answer": "хорошо",
            "count": 1
        },
        {
            "answer": "настороженность",
            "count": 1
        },
        {
            "answer": "осторожность",
            "count": 1
        },
        {
            "answer": "пасмурность",
            "count": 1
        },
        {
            "answer": "повещенность",
            "count": 1
        },
        {
            "answer": "подавленное",
            "count": 1
        },
        {
            "answer": "поддержка",
            "count": 1
        },
        {
            "answer": "поиск",
            "count": 1
        },
        {
            "answer": "принятие",
            "count": 2
        },
        {
            "answer": "работа",
            "count": 1
        },
        {
            "answer": "работоспособное",
            "count": 1
        },
        {
            "answer": "разброд",
            "count": 1
        },
        {
            "answer": "рассеянность",
            "count": 1
        },
        {
            "answer": "растеряность",
            "count": 1
        },
        {
            "answer": "решимость",
            "count": 1
        },
        {
            "answer": "уверенность",
            "count": 2
        },
        {
            "answer": "собранность",
            "count": 3
        },
        {
            "answer": "сонность",
            "count": 1
        },
        {
            "answer": "спокойное",
            "count": 1
        },
        {
            "answer": "спокойствие",
            "count": 2
        },
        {
            "answer": "спокойствие. уверенность.",
            "count": 1
        },
        {
            "answer": "стараюсь быть спокойным",
            "count": 1
        },
        {
            "answer": "стабильность",
            "count": 3
        },
        {
            "answer": "страх",
            "count": 4
        },
        {
            "answer": "страшно",
            "count": 1
        },
        {
            "answer": "стресс",
            "count": 1
        },
        {
            "answer": "суета",
            "count": 1
        },
        {
            "answer": "торг",
            "count": 1
        },
        {
            "answer": "уставшее",
            "count": 2
        },
        {
            "answer": "усталость",
            "count": 2
        }
    ]
}