{
    "id": 21796,
    "question": "Напишите несколько слов организаторам: предложения, замечания, что не учли, что было хорошо (вопрос необязательный).",
    "answers": [
        {
            "answer": "благодарна за опыт!",
            "count": 1
        },
        {
            "answer": "большое спасибо за знания❤️",
            "count": 1
        },
        {
            "answer": "было очень интересно спасибо!",
            "count": 1
        },
        {
            "answer": "огромное спасибо",
            "count": 1
        },
        {
            "answer": "огромное спс за разьяснения!",
            "count": 1
        },
        {
            "answer": "спасибо большое!",
            "count": 1
        },
        {
            "answer": "спасибо всё было отлично.",
            "count": 1
        },
        {
            "answer": "спасибо вы супер! всё шикарно",
            "count": 1
        },
        {
            "answer": "спасибо огромное!!!!",
            "count": 1
        },
        {
            "answer": "спасибо!! было очень интересно",
            "count": 1
        },
        {
            "answer": "более краткое изложение информ",
            "count": 1
        },
        {
            "answer": "больше практики",
            "count": 1
        },
        {
            "answer": "нет возможности все отработать",
            "count": 1
        },
        {
            "answer": "всё было идеально! молодцы!",
            "count": 1
        },
        {
            "answer": "все было круто!",
            "count": 1
        },
        {
            "answer": "все ок молодцы!",
            "count": 1
        },
        {
            "answer": "всё прошло на высшем уровне!",
            "count": 1
        },
        {
            "answer": "организаторы большие молодцы!!",
            "count": 1
        },
        {
            "answer": "организация на отлично!",
            "count": 1
        },
        {
            "answer": "отличная организация",
            "count": 1
        },
        {
            "answer": "спасибо за организацию!",
            "count": 1
        },
        {
            "answer": "спасибо за организацию!!!!",
            "count": 1
        },
        {
            "answer": "программа сокращена",
            "count": 1
        },
        {
            "answer": "профессионально!",
            "count": 1
        },
        {
            "answer": "расширен. культурная программа",
            "count": 1
        },
        {
            "answer": "состав участников на высоте",
            "count": 1
        },
        {
            "answer": "увеличить тайминг на задания",
            "count": 1
        },
        {
            "answer": "чтобы про нас не забывали",
            "count": 1
        }
    ]
}