{
    "id": 21819,
    "question": "Какие направления работы, на ваш взгляд, обязательно должны быть в деятельности Совета молодежи?",
    "answers": [
        {
            "answer": "адаптация",
            "count": 1
        },
        {
            "answer": "адаптация сотрудников",
            "count": 1
        },
        {
            "answer": "взаимодействие с производством",
            "count": 1
        },
        {
            "answer": "волонтерское направление",
            "count": 1
        },
        {
            "answer": "волонтерство",
            "count": 3
        },
        {
            "answer": "доведение вопросов наверх",
            "count": 1
        },
        {
            "answer": "коммуникация с руководством",
            "count": 1
        },
        {
            "answer": "досуг",
            "count": 1
        },
        {
            "answer": "командообразующие мероприятия",
            "count": 1
        },
        {
            "answer": "коммуникации",
            "count": 1
        },
        {
            "answer": "комуникационные",
            "count": 1
        },
        {
            "answer": "общение",
            "count": 1
        },
        {
            "answer": "конференции",
            "count": 2
        },
        {
            "answer": "культуиные",
            "count": 1
        },
        {
            "answer": "культурно-массовые мероприятия",
            "count": 1
        },
        {
            "answer": "общественное и культурное",
            "count": 1
        },
        {
            "answer": "настав",
            "count": 1
        },
        {
            "answer": "наставничество",
            "count": 1
        },
        {
            "answer": "наука",
            "count": 3
        },
        {
            "answer": "научное",
            "count": 1
        },
        {
            "answer": "научные",
            "count": 1
        },
        {
            "answer": "научные конференции",
            "count": 2
        },
        {
            "answer": "науч-тех конференция",
            "count": 1
        },
        {
            "answer": "образовательное конфер",
            "count": 1
        },
        {
            "answer": "обучение",
            "count": 1
        },
        {
            "answer": "общественно спортивные",
            "count": 1
        },
        {
            "answer": "спорт",
            "count": 6
        },
        {
            "answer": "спортивное направление",
            "count": 1
        },
        {
            "answer": "спортивные",
            "count": 1
        },
        {
            "answer": "общественное",
            "count": 1
        },
        {
            "answer": "социальные",
            "count": 1
        },
        {
            "answer": "повышение осведомленности",
            "count": 1
        },
        {
            "answer": "помощь в проектах руководства",
            "count": 1
        },
        {
            "answer": "поездки",
            "count": 2
        },
        {
            "answer": "походы",
            "count": 1
        },
        {
            "answer": "походы выходного дня",
            "count": 1
        },
        {
            "answer": "туризм",
            "count": 3
        },
        {
            "answer": "продвижение",
            "count": 1
        },
        {
            "answer": "развивание",
            "count": 1
        },
        {
            "answer": "развитие",
            "count": 1
        },
        {
            "answer": "развитиеи",
            "count": 1
        },
        {
            "answer": "развитие it",
            "count": 1
        },
        {
            "answer": "тем. встречи квиз",
            "count": 1
        },
        {
            "answer": "тех. туры",
            "count": 1
        },
        {
            "answer": "технические туры на аэс",
            "count": 1
        },
        {
            "answer": "технические туры на аэс и т.д.",
            "count": 1
        },
        {
            "answer": "техтуры",
            "count": 1
        },
        {
            "answer": "туристическое тех.туры",
            "count": 1
        },
        {
            "answer": "участие в разрешении проблем",
            "count": 1
        },
        {
            "answer": "цех",
            "count": 1
        },
        {
            "answer": "цифровизация",
            "count": 1
        },
        {
            "answer": "чтгдк-да...",
            "count": 1
        }
    ]
}