{
    "id": 21817,
    "question": "Ключевые ассоциации с парадигмой политического реализма (5 слов)",
    "answers": [
        {
            "answer": "анархия",
            "count": 2
        },
        {
            "answer": "арон",
            "count": 1
        },
        {
            "answer": "безопасность",
            "count": 1
        },
        {
            "answer": "взаимопомощь",
            "count": 1
        },
        {
            "answer": "дружба",
            "count": 1
        },
        {
            "answer": "гоббс",
            "count": 2
        },
        {
            "answer": "господство",
            "count": 1
        },
        {
            "answer": "государства",
            "count": 1
        },
        {
            "answer": "государство",
            "count": 3
        },
        {
            "answer": "страна",
            "count": 1
        },
        {
            "answer": "дипломатия",
            "count": 1
        },
        {
            "answer": "консульство",
            "count": 1
        },
        {
            "answer": "жёсткость",
            "count": 1
        },
        {
            "answer": "закон",
            "count": 2
        },
        {
            "answer": "закон мораль конфликтность",
            "count": 1
        },
        {
            "answer": "защита",
            "count": 1
        },
        {
            "answer": "защита национальных интересов",
            "count": 1
        },
        {
            "answer": "интересы",
            "count": 1
        },
        {
            "answer": "конфликт",
            "count": 1
        },
        {
            "answer": "либерализм",
            "count": 1
        },
        {
            "answer": "макиавелли гоббс фукидид",
            "count": 1
        },
        {
            "answer": "мир",
            "count": 1
        },
        {
            "answer": "мораль",
            "count": 1
        },
        {
            "answer": "общественно полит-е движ-я",
            "count": 1
        },
        {
            "answer": "объективизм",
            "count": 1
        },
        {
            "answer": "осознанность",
            "count": 1
        },
        {
            "answer": "отношения",
            "count": 1
        },
        {
            "answer": "пессимизм",
            "count": 1
        },
        {
            "answer": "поиск",
            "count": 1
        },
        {
            "answer": "политика",
            "count": 1
        },
        {
            "answer": "политические деятели",
            "count": 1
        },
        {
            "answer": "президенты",
            "count": 1
        },
        {
            "answer": "равноправие",
            "count": 1
        },
        {
            "answer": "рациональность",
            "count": 1
        },
        {
            "answer": "развитие",
            "count": 1
        },
        {
            "answer": "решение",
            "count": 1
        },
        {
            "answer": "сила",
            "count": 2
        },
        {
            "answer": "сотрудничество",
            "count": 2
        }
    ]
}