{
    "id": 22021,
    "question": "Опишите одним словом ваше эмоциональное состояние в настоящий момент",
    "answers": [
        {
            "answer": "апатия",
            "count": 5
        },
        {
            "answer": "полная аппатия",
            "count": 1
        },
        {
            "answer": "безразличие",
            "count": 1
        },
        {
            "answer": "индефферентное",
            "count": 1
        },
        {
            "answer": "безысходность",
            "count": 4
        },
        {
            "answer": "отчаяние",
            "count": 3
        },
        {
            "answer": "беспокойство",
            "count": 5
        },
        {
            "answer": "волнение",
            "count": 3
        },
        {
            "answer": "волнительное",
            "count": 1
        },
        {
            "answer": "нервное",
            "count": 1
        },
        {
            "answer": "нервность",
            "count": 1
        },
        {
            "answer": "нервозность",
            "count": 1
        },
        {
            "answer": "обеспокоена",
            "count": 1
        },
        {
            "answer": "обеспокоенность",
            "count": 2
        },
        {
            "answer": "паника",
            "count": 6
        },
        {
            "answer": "панические атаки",
            "count": 1
        },
        {
            "answer": "переживание",
            "count": 1
        },
        {
            "answer": "переживания",
            "count": 1
        },
        {
            "answer": "плохосдерживаемая паника",
            "count": 1
        },
        {
            "answer": "повышенная тревожность",
            "count": 1
        },
        {
            "answer": "постоянная тревога",
            "count": 1
        },
        {
            "answer": "раздражение",
            "count": 1
        },
        {
            "answer": "тревога",
            "count": 34
        },
        {
            "answer": "тревога за свое будущее",
            "count": 1
        },
        {
            "answer": "тревога и усталость",
            "count": 1
        },
        {
            "answer": "тревожно",
            "count": 3
        },
        {
            "answer": "тревожное",
            "count": 10
        },
        {
            "answer": "тревожность",
            "count": 12
        },
        {
            "answer": "бессилие",
            "count": 1
        },
        {
            "answer": "бравада",
            "count": 1
        },
        {
            "answer": "будничное",
            "count": 1
        },
        {
            "answer": "в пределах нормы",
            "count": 1
        },
        {
            "answer": "норм",
            "count": 1
        },
        {
            "answer": "нормально",
            "count": 2
        },
        {
            "answer": "нормальное",
            "count": 7
        },
        {
            "answer": "нормальное спокойное",
            "count": 1
        },
        {
            "answer": "средне",
            "count": 1
        },
        {
            "answer": "среднее",
            "count": 2
        },
        {
            "answer": "удовлетворительное",
            "count": 4
        },
        {
            "answer": "в ожидании",
            "count": 1
        },
        {
            "answer": "вера",
            "count": 1
        },
        {
            "answer": "возбужденность",
            "count": 1
        },
        {
            "answer": "воодушевленное",
            "count": 1
        },
        {
            "answer": "выгорание",
            "count": 2
        },
        {
            "answer": "выжатый",
            "count": 1
        },
        {
            "answer": "задолбавшееся",
            "count": 1
        },
        {
            "answer": "измождённость",
            "count": 1
        },
        {
            "answer": "измотанность",
            "count": 1
        },
        {
            "answer": "истощение",
            "count": 2
        },
        {
            "answer": "перегорела",
            "count": 1
        },
        {
            "answer": "перегружен",
            "count": 1
        },
        {
            "answer": "уставший",
            "count": 1
        },
        {
            "answer": "устал",
            "count": 1
        },
        {
            "answer": "усталость",
            "count": 11
        },
        {
            "answer": "грусть",
            "count": 1
        },
        {
            "answer": "печаль",
            "count": 1
        },
        {
            "answer": "депрессия",
            "count": 2
        },
        {
            "answer": "легкая депрессия",
            "count": 1
        },
        {
            "answer": "дисбаланс",
            "count": 1
        },
        {
            "answer": "дискомфорт",
            "count": 1
        },
        {
            "answer": "дно",
            "count": 1
        },
        {
            "answer": "конец",
            "count": 1
        },
        {
            "answer": "желе",
            "count": 1
        },
        {
            "answer": "забота",
            "count": 1
        },
        {
            "answer": "злоба",
            "count": 1
        },
        {
            "answer": "злость",
            "count": 2
        },
        {
            "answer": "негодование",
            "count": 2
        },
        {
            "answer": "ненависть",
            "count": 2
        },
        {
            "answer": "ненависть к сша и западу",
            "count": 1
        },
        {
            "answer": "ярость",
            "count": 1
        },
        {
            "answer": "истерика",
            "count": 1
        },
        {
            "answer": "лицемерие",
            "count": 1
        },
        {
            "answer": "люблю окружающий мир",
            "count": 1
        },
        {
            "answer": "напряжение",
            "count": 2
        },
        {
            "answer": "напряженное",
            "count": 3
        },
        {
            "answer": "напряжённое",
            "count": 1
        },
        {
            "answer": "напряженность",
            "count": 1
        },
        {
            "answer": "незначительная напряженность",
            "count": 1
        },
        {
            "answer": "наслождение",
            "count": 1
        },
        {
            "answer": "настойчивость",
            "count": 1
        },
        {
            "answer": "настороженность",
            "count": 3
        },
        {
            "answer": "настроение",
            "count": 1
        },
        {
            "answer": "неизвестность",
            "count": 2
        },
        {
            "answer": "неопределенное",
            "count": 1
        },
        {
            "answer": "неопределенность",
            "count": 10
        },
        {
            "answer": "неопределённость",
            "count": 5
        },
        {
            "answer": "нейтральное",
            "count": 1
        },
        {
            "answer": "непонимание",
            "count": 1
        },
        {
            "answer": "нестабильное",
            "count": 2
        },
        {
            "answer": "нет виденья будущего",
            "count": 1
        },
        {
            "answer": "отсутствие понимания будущего",
            "count": 1
        },
        {
            "answer": "нет поддержки руководства",
            "count": 1
        },
        {
            "answer": "неуверенность",
            "count": 2
        },
        {
            "answer": "ожидание",
            "count": 1
        },
        {
            "answer": "обида",
            "count": 1
        },
        {
            "answer": "опустошение",
            "count": 4
        },
        {
            "answer": "пустота",
            "count": 1
        },
        {
            "answer": "отвлеченность",
            "count": 1
        },
        {
            "answer": "отвратительное",
            "count": 1
        },
        {
            "answer": "пздц",
            "count": 1
        },
        {
            "answer": "пиздец",
            "count": 2
        },
        {
            "answer": "плохое",
            "count": 1
        },
        {
            "answer": "полная жопа",
            "count": 1
        },
        {
            "answer": "полная задница",
            "count": 1
        },
        {
            "answer": "ужас",
            "count": 2
        },
        {
            "answer": "ужасное",
            "count": 1
        },
        {
            "answer": "подавленное",
            "count": 3
        },
        {
            "answer": "подавленное состояние",
            "count": 1
        },
        {
            "answer": "подавленность",
            "count": 5
        },
        {
            "answer": "разбитость",
            "count": 1
        },
        {
            "answer": "растоптан",
            "count": 1
        },
        {
            "answer": "позитивное",
            "count": 1
        },
        {
            "answer": "политика",
            "count": 1
        },
        {
            "answer": "потеря",
            "count": 1
        },
        {
            "answer": "потерянность",
            "count": 1
        },
        {
            "answer": "растерянность",
            "count": 3
        },
        {
            "answer": "принятие",
            "count": 2
        },
        {
            "answer": "психоэмоциональная перегрузка",
            "count": 1
        },
        {
            "answer": "работа",
            "count": 1
        },
        {
            "answer": "трудовое",
            "count": 1
        },
        {
            "answer": "развитие",
            "count": 1
        },
        {
            "answer": "разочарование",
            "count": 4
        },
        {
            "answer": "рассредоточение",
            "count": 1
        },
        {
            "answer": "смятение",
            "count": 2
        },
        {
            "answer": "удрученное",
            "count": 1
        },
        {
            "answer": "сожаление",
            "count": 1
        },
        {
            "answer": "солнце",
            "count": 1
        },
        {
            "answer": "сопереживаю",
            "count": 1
        },
        {
            "answer": "спокоен",
            "count": 1
        },
        {
            "answer": "спокойное",
            "count": 3
        },
        {
            "answer": "спокойствие",
            "count": 1
        },
        {
            "answer": "умиротвореное",
            "count": 1
        },
        {
            "answer": "штиль",
            "count": 1
        },
        {
            "answer": "я спокоен.",
            "count": 1
        },
        {
            "answer": "стабильное",
            "count": 5
        },
        {
            "answer": "стабильность",
            "count": 1
        },
        {
            "answer": "умерено-стабильное",
            "count": 1
        },
        {
            "answer": "страх",
            "count": 18
        },
        {
            "answer": "страшно",
            "count": 1
        },
        {
            "answer": "стресс",
            "count": 3
        },
        {
            "answer": "терпение",
            "count": 1
        },
        {
            "answer": "тяжело",
            "count": 1
        },
        {
            "answer": "тяжелое",
            "count": 1
        },
        {
            "answer": "уверенность",
            "count": 1
        },
        {
            "answer": "хорошее",
            "count": 5
        },
        {
            "answer": "хорошо",
            "count": 2
        },
        {
            "answer": "целеустремленность",
            "count": 1
        },
        {
            "answer": "шок",
            "count": 1
        },
        {
            "answer": "эмоциональное",
            "count": 1
        }
    ]
}