{
    "id": 22065,
    "question": "Какие эмоции Вы испытываете сейчас?",
    "answers": [
        {
            "answer": "беспокойство",
            "count": 4
        },
        {
            "answer": "тревожность",
            "count": 1
        },
        {
            "answer": "взволнован",
            "count": 1
        },
        {
            "answer": "волнение",
            "count": 2
        },
        {
            "answer": "нервное",
            "count": 1
        },
        {
            "answer": "голод",
            "count": 2
        },
        {
            "answer": "дзен",
            "count": 1
        },
        {
            "answer": "ровные",
            "count": 1
        },
        {
            "answer": "спокойствие",
            "count": 8
        },
        {
            "answer": "умиротворение",
            "count": 2
        },
        {
            "answer": "доволен",
            "count": 1
        },
        {
            "answer": "удовлетворение",
            "count": 1
        },
        {
            "answer": "заинтересованность",
            "count": 1
        },
        {
            "answer": "интерес",
            "count": 1
        },
        {
            "answer": "защищенность",
            "count": 1
        },
        {
            "answer": "надежду",
            "count": 1
        },
        {
            "answer": "неоднозначность",
            "count": 1
        },
        {
            "answer": "причастность",
            "count": 1
        },
        {
            "answer": "радость",
            "count": 1
        },
        {
            "answer": "стабильность",
            "count": 1
        },
        {
            "answer": "страх",
            "count": 2
        },
        {
            "answer": "уважение",
            "count": 1
        },
        {
            "answer": "удивление",
            "count": 1
        }
    ]
}