{
    "id": 22083,
    "question": "Какие запросы вам приходили?",
    "answers": [
        {
            "answer": "балаклавы",
            "count": 1
        },
        {
            "answer": "бронежилеты",
            "count": 1
        },
        {
            "answer": "бытовая проблема",
            "count": 1
        },
        {
            "answer": "бытовые вопросы",
            "count": 1
        },
        {
            "answer": "вопросы о бронировании",
            "count": 1
        },
        {
            "answer": "гуманитарная",
            "count": 1
        },
        {
            "answer": "деньги",
            "count": 1
        },
        {
            "answer": "финансовая",
            "count": 2
        },
        {
            "answer": "финансовая помощь",
            "count": 2
        },
        {
            "answer": "финансы",
            "count": 1
        },
        {
            "answer": "дрова",
            "count": 1
        },
        {
            "answer": "жгуты",
            "count": 1
        },
        {
            "answer": "нужен жгут",
            "count": 1
        },
        {
            "answer": "запросов еще не было",
            "count": 2
        },
        {
            "answer": "запросов ещё не было",
            "count": 3
        },
        {
            "answer": "запросов не было",
            "count": 1
        },
        {
            "answer": "не приходили",
            "count": 1
        },
        {
            "answer": "нет",
            "count": 2
        },
        {
            "answer": "пока запросов не поступало",
            "count": 1
        },
        {
            "answer": "пока нет запросов",
            "count": 1
        },
        {
            "answer": "пока никакой",
            "count": 1
        },
        {
            "answer": "информирование",
            "count": 1
        },
        {
            "answer": "наборы",
            "count": 1
        },
        {
            "answer": "перчатки",
            "count": 1
        },
        {
            "answer": "помощь госпиталям",
            "count": 1
        },
        {
            "answer": "проблема с блокировкой карты.",
            "count": 1
        },
        {
            "answer": "продукты питания",
            "count": 1
        },
        {
            "answer": "психологическая",
            "count": 1
        },
        {
            "answer": "тёплые вещи",
            "count": 1
        },
        {
            "answer": "рации",
            "count": 1
        },
        {
            "answer": "уголь",
            "count": 1
        }
    ]
}