{
    "id": 22163,
    "question": "Вопрос 9. Каким одним словом можно описать отношение работников к собственной безопасности?",
    "answers": [
        {
            "answer": "авось",
            "count": 1
        },
        {
            "answer": "безответственность",
            "count": 1
        },
        {
            "answer": "пофигизм",
            "count": 1
        },
        {
            "answer": "самоуверенная халатность",
            "count": 1
        },
        {
            "answer": "халатность",
            "count": 3
        },
        {
            "answer": "внимание",
            "count": 1
        },
        {
            "answer": "внимательность",
            "count": 1
        },
        {
            "answer": "задумчивость",
            "count": 1
        },
        {
            "answer": "заинтересованность",
            "count": 1
        },
        {
            "answer": "некоторая заинтересованность",
            "count": 1
        },
        {
            "answer": "здоровье",
            "count": 1
        },
        {
            "answer": "малозначимое отношение к безоп",
            "count": 1
        },
        {
            "answer": "меня это не коснется",
            "count": 1
        },
        {
            "answer": "самоуверенность",
            "count": 1
        },
        {
            "answer": "это меня не коснется",
            "count": 1
        },
        {
            "answer": "не выплата премии",
            "count": 1
        },
        {
            "answer": "страх наказания",
            "count": 1
        },
        {
            "answer": "необходимость",
            "count": 1
        },
        {
            "answer": "обязаловка",
            "count": 1
        },
        {
            "answer": "неудобные сиз",
            "count": 1
        },
        {
            "answer": "ничего не меняется",
            "count": 1
        },
        {
            "answer": "обеспокоены",
            "count": 1
        },
        {
            "answer": "осознанность",
            "count": 1
        },
        {
            "answer": "ответственно",
            "count": 2
        },
        {
            "answer": "ответственное отношение",
            "count": 1
        },
        {
            "answer": "производственный план",
            "count": 1
        },
        {
            "answer": "рискоориентировано",
            "count": 1
        },
        {
            "answer": "светлое будующее",
            "count": 1
        },
        {
            "answer": "у нас все ок.спасибо чтосказал",
            "count": 1
        },
        {
            "answer": "ясторазтакделал",
            "count": 1
        }
    ]
}