{
    "id": 22187,
    "question": "Назовите самый важный принцип в обучении взрослых",
    "answers": [
        {
            "answer": "веселье",
            "count": 1
        },
        {
            "answer": "внимание",
            "count": 1
        },
        {
            "answer": "готовность к обучению",
            "count": 1
        },
        {
            "answer": "готовность к учебе",
            "count": 1
        },
        {
            "answer": "готовность учиться",
            "count": 1
        },
        {
            "answer": "делиться опытом",
            "count": 1
        },
        {
            "answer": "опыт",
            "count": 1
        },
        {
            "answer": "прошлый опыт",
            "count": 1
        },
        {
            "answer": "заинтересованность",
            "count": 1
        },
        {
            "answer": "любовь к учебе",
            "count": 1
        },
        {
            "answer": "мотивация",
            "count": 6
        },
        {
            "answer": "мотивация к обучению",
            "count": 1
        },
        {
            "answer": "мотивация учиться",
            "count": 1
        },
        {
            "answer": "потребность в знаниях",
            "count": 1
        },
        {
            "answer": "тяга к знаниям",
            "count": 1
        },
        {
            "answer": "не учить их как детей",
            "count": 1
        },
        {
            "answer": "отношение к учебе",
            "count": 1
        },
        {
            "answer": "педагог",
            "count": 1
        },
        {
            "answer": "повышение квалификации",
            "count": 1
        },
        {
            "answer": "положительное подкрепление",
            "count": 1
        },
        {
            "answer": "последовательность",
            "count": 1
        },
        {
            "answer": "с детьми уроки",
            "count": 1
        },
        {
            "answer": "самосознание",
            "count": 2
        },
        {
            "answer": "строгость",
            "count": 1
        }
    ]
}