{
    "id": 2219,
    "question": "Что из программы вам заполнилось больше всего? (это должна быть основная мысль, сформулированная лаконично)",
    "answers": [
        {
            "answer": "актуальность предложений",
            "count": 1
        },
        {
            "answer": "практика разбора предложений",
            "count": 1
        },
        {
            "answer": "практические занятия",
            "count": 1
        },
        {
            "answer": "причастный оборот",
            "count": 1
        },
        {
            "answer": "практика из жизни",
            "count": 1
        },
        {
            "answer": "практика",
            "count": 1
        },
        {
            "answer": "разбор сложноподч. констр.",
            "count": 1
        },
        {
            "answer": "отличное объяснение ведущего",
            "count": 1
        },
        {
            "answer": "жизненные примеры",
            "count": 1
        },
        {
            "answer": "проверка собственных знаний",
            "count": 1
        },
        {
            "answer": "хорошо объясняют.",
            "count": 1
        },
        {
            "answer": "доступность информации",
            "count": 1
        },
        {
            "answer": "невероятная практическая часть",
            "count": 1
        },
        {
            "answer": "хорошие примеры! интересные",
            "count": 1
        },
        {
            "answer": "доходчивость иложения правил",
            "count": 1
        },
        {
            "answer": "ведущий и презентация",
            "count": 1
        },
        {
            "answer": "практика",
            "count": 1
        },
        {
            "answer": "практическая часть",
            "count": 1
        },
        {
            "answer": "разнообразие примеров",
            "count": 1
        },
        {
            "answer": "краткость- сестра таланта.",
            "count": 1
        },
        {
            "answer": "понравились практические задан",
            "count": 1
        },
        {
            "answer": "сложносочиненные предложения",
            "count": 1
        },
        {
            "answer": "все очень доступно и понятно",
            "count": 1
        },
        {
            "answer": "понравилась практика.",
            "count": 1
        },
        {
            "answer": "старалась запомнить по максиму",
            "count": 1
        },
        {
            "answer": "пояснения правил и определений",
            "count": 1
        },
        {
            "answer": "повторить все важно",
            "count": 1
        },
        {
            "answer": "практическая часть, примеры.",
            "count": 1
        },
        {
            "answer": "практика!!!",
            "count": 1
        },
        {
            "answer": "обособление прич. оборотов",
            "count": 1
        }
    ]
}