{
    "id": 22210,
    "question": "Какие эмоции Вы испытываете сейчас?",
    "answers": [
        {
            "answer": "гордость",
            "count": 1
        },
        {
            "answer": "гордость за компанию",
            "count": 1
        },
        {
            "answer": "заинтересованность",
            "count": 3
        },
        {
            "answer": "классные",
            "count": 1
        },
        {
            "answer": "позитивные",
            "count": 2
        },
        {
            "answer": "положительно",
            "count": 1
        },
        {
            "answer": "положительные",
            "count": 9
        },
        {
            "answer": "положительные.",
            "count": 1
        },
        {
            "answer": "приятные",
            "count": 1
        },
        {
            "answer": "радость",
            "count": 2
        },
        {
            "answer": "счастье",
            "count": 2
        },
        {
            "answer": "хорошие",
            "count": 2
        },
        {
            "answer": "не однозначные",
            "count": 1
        },
        {
            "answer": "спокойствие",
            "count": 3
        },
        {
            "answer": "нейтральность.",
            "count": 1
        },
        {
            "answer": "нейтральные",
            "count": 1
        },
        {
            "answer": "страх и усталость",
            "count": 1
        },
        {
            "answer": "тревога",
            "count": 1
        },
        {
            "answer": "тревожность",
            "count": 1
        }
    ]
}