{
    "id": 2224,
    "question": "Что из программы вам заполнилось больше всего? (это должна быть основная мысль, сформулированная лаконично)",
    "answers": [
        {
            "answer": "тема вебинара",
            "count": 1
        },
        {
            "answer": "подробно изложен материал",
            "count": 1
        },
        {
            "answer": "исторические моменты",
            "count": 1
        },
        {
            "answer": "написание дробных числительных",
            "count": 1
        },
        {
            "answer": "буквенные наращения после цифр",
            "count": 1
        },
        {
            "answer": "понятно как числительные писат",
            "count": 1
        },
        {
            "answer": "отличный материал и донесение!",
            "count": 1
        },
        {
            "answer": "четкость и грамотность",
            "count": 1
        },
        {
            "answer": "склонение числительных",
            "count": 1
        },
        {
            "answer": "склонение числительных",
            "count": 1
        },
        {
            "answer": "склонения числительных",
            "count": 1
        },
        {
            "answer": "склонение числительных",
            "count": 1
        },
        {
            "answer": "очень актуальная информация",
            "count": 1
        },
        {
            "answer": "понравились практ.  примеры",
            "count": 1
        },
        {
            "answer": "историческая справка и правила",
            "count": 1
        },
        {
            "answer": "практика",
            "count": 1
        },
        {
            "answer": "доступность инфорамции",
            "count": 1
        },
        {
            "answer": "история появления числительных",
            "count": 1
        },
        {
            "answer": "написание числительных",
            "count": 1
        },
        {
            "answer": "написание дат",
            "count": 1
        },
        {
            "answer": "изложение правил",
            "count": 1
        },
        {
            "answer": "вспомнил школьный материал.",
            "count": 1
        },
        {
            "answer": "склонение числительных",
            "count": 1
        },
        {
            "answer": "склонение сложных числительных",
            "count": 1
        },
        {
            "answer": "история числительных",
            "count": 1
        },
        {
            "answer": "совмещение теории с практикой",
            "count": 1
        },
        {
            "answer": "правила написания дат",
            "count": 1
        },
        {
            "answer": "познавательно",
            "count": 1
        },
        {
            "answer": "очень подробные объяснения",
            "count": 1
        },
        {
            "answer": "тв.п. числительных",
            "count": 1
        },
        {
            "answer": "числительные",
            "count": 1
        },
        {
            "answer": "практическое занятие.",
            "count": 1
        },
        {
            "answer": "написание дат",
            "count": 1
        },
        {
            "answer": "все доступно и понятно",
            "count": 1
        },
        {
            "answer": "даты",
            "count": 1
        },
        {
            "answer": "наглядные примеры",
            "count": 1
        },
        {
            "answer": "написание дат",
            "count": 1
        },
        {
            "answer": "склонение числительных ,прак",
            "count": 1
        }
    ]
}