{
    "id": 22265,
    "question": "Что является главным «стоп»-фактором для запуска Новых бизнесов?",
    "answers": [
        {
            "answer": "< времени на осн. деятельность",
            "count": 1
        },
        {
            "answer": "абсолютная занятость",
            "count": 1
        },
        {
            "answer": "загруженность",
            "count": 1
        },
        {
            "answer": "загруженность персонала имеющи",
            "count": 1
        },
        {
            "answer": "загрузка",
            "count": 1
        },
        {
            "answer": "загрузка производства",
            "count": 1
        },
        {
            "answer": "отсутствие \"свободных\" людей",
            "count": 1
        },
        {
            "answer": "перегруженность сотрудников",
            "count": 1
        },
        {
            "answer": "перегруженность текущей работо",
            "count": 1
        },
        {
            "answer": "текущая загрузка",
            "count": 1
        },
        {
            "answer": "текущие работы",
            "count": 1
        },
        {
            "answer": "административные барьеры",
            "count": 1
        },
        {
            "answer": "бизнес-процессы",
            "count": 1
        },
        {
            "answer": "процессы",
            "count": 1
        },
        {
            "answer": "боязнь всего нового",
            "count": 1
        },
        {
            "answer": "бюрократизация",
            "count": 3
        },
        {
            "answer": "бюрократия",
            "count": 13
        },
        {
            "answer": "излишняя бюрократич",
            "count": 1
        },
        {
            "answer": "война",
            "count": 1
        },
        {
            "answer": "время",
            "count": 3
        },
        {
            "answer": "готовый поодукт",
            "count": 1
        },
        {
            "answer": "длительность процедур",
            "count": 1
        },
        {
            "answer": "медленные процессы",
            "count": 1
        },
        {
            "answer": "доступ к инвестициям. кадры.",
            "count": 1
        },
        {
            "answer": "инвестресурс",
            "count": 1
        },
        {
            "answer": "желание",
            "count": 1
        },
        {
            "answer": "инертность",
            "count": 1
        },
        {
            "answer": "компетенции",
            "count": 1
        },
        {
            "answer": "некомпетентность",
            "count": 1
        },
        {
            "answer": "нет соответствующих навыков",
            "count": 1
        },
        {
            "answer": "отсутствие компетенций",
            "count": 1
        },
        {
            "answer": "конкуренция",
            "count": 1
        },
        {
            "answer": "инерция мышления",
            "count": 1
        },
        {
            "answer": "консерватизм",
            "count": 4
        },
        {
            "answer": "консерватизм кооперации",
            "count": 1
        },
        {
            "answer": "консерватизм руководителей",
            "count": 1
        },
        {
            "answer": "лень",
            "count": 1
        },
        {
            "answer": "люди",
            "count": 1
        },
        {
            "answer": "нехватка персонала",
            "count": 1
        },
        {
            "answer": "маркетинг",
            "count": 2
        },
        {
            "answer": "маркетинговые исследования",
            "count": 1
        },
        {
            "answer": "низкий маркетинг",
            "count": 1
        },
        {
            "answer": "отсутствие маркетинга",
            "count": 2
        },
        {
            "answer": "мотивация",
            "count": 1
        },
        {
            "answer": "наличие старых бизнесов",
            "count": 1
        },
        {
            "answer": "наличие таковых",
            "count": 1
        },
        {
            "answer": "не желание рисковать и отвечат",
            "count": 1
        },
        {
            "answer": "риск неудачи",
            "count": 1
        },
        {
            "answer": "риски",
            "count": 1
        },
        {
            "answer": "не конкурентоспособность",
            "count": 1
        },
        {
            "answer": "неготовность продукта",
            "count": 1
        },
        {
            "answer": "нежелание изменений",
            "count": 1
        },
        {
            "answer": "нежелание меняться",
            "count": 1
        },
        {
            "answer": "отсутствие желания",
            "count": 1
        },
        {
            "answer": "отсутствие мотивации",
            "count": 1
        },
        {
            "answer": "незаинтересованность",
            "count": 1
        },
        {
            "answer": "непонимание необходимости",
            "count": 1
        },
        {
            "answer": "непонимание потребностей",
            "count": 1
        },
        {
            "answer": "отсутсвие понимания",
            "count": 1
        },
        {
            "answer": "нет акселератора",
            "count": 1
        },
        {
            "answer": "нет взаимодействия с иннохаб",
            "count": 1
        },
        {
            "answer": "нет ключевых специалистов",
            "count": 1
        },
        {
            "answer": "нет программы упр. проектами",
            "count": 1
        },
        {
            "answer": "неточное целепологание",
            "count": 1
        },
        {
            "answer": "объем текущих работ",
            "count": 1
        },
        {
            "answer": "ограничения производства",
            "count": 1
        },
        {
            "answer": "окупаемость",
            "count": 1
        },
        {
            "answer": "основная работа",
            "count": 1
        },
        {
            "answer": "отсутсвие технологий, ресурсов",
            "count": 1
        },
        {
            "answer": "отсутствие взаимовыручки",
            "count": 1
        },
        {
            "answer": "отсутствие идей",
            "count": 5
        },
        {
            "answer": "отсутствие перспективных идей",
            "count": 1
        },
        {
            "answer": "отсутствие конкретики",
            "count": 1
        },
        {
            "answer": "отсутствие поддержки руководст",
            "count": 1
        },
        {
            "answer": "отсутствие экосистемы",
            "count": 1
        },
        {
            "answer": "плохой план: от идеи до запуск",
            "count": 1
        },
        {
            "answer": "поиск правильной идеи",
            "count": 2
        },
        {
            "answer": "правильная оценка спроса",
            "count": 1
        },
        {
            "answer": "размытая ответственность",
            "count": 1
        },
        {
            "answer": "регламенты",
            "count": 2
        },
        {
            "answer": "ресурсы",
            "count": 1
        },
        {
            "answer": "рутина",
            "count": 1
        },
        {
            "answer": "санкции иностранных государств",
            "count": 1
        },
        {
            "answer": "создать базу новых идей",
            "count": 1
        },
        {
            "answer": "спрос",
            "count": 4
        },
        {
            "answer": "сроки контрактации",
            "count": 1
        },
        {
            "answer": "технология",
            "count": 1
        },
        {
            "answer": "узость рынков",
            "count": 1
        }
    ]
}