{
    "id": 22267,
    "question": "Как быстро запускать пилотные проекты автоматизации, чтобы не тратить «лишние» ресурсы?",
    "answers": [
        {
            "answer": "1 год",
            "count": 1
        },
        {
            "answer": "в течение года",
            "count": 1
        },
        {
            "answer": "1 мес",
            "count": 1
        },
        {
            "answer": "3 месяца",
            "count": 1
        },
        {
            "answer": "административное решение гд",
            "count": 1
        },
        {
            "answer": "больше возможностей гд",
            "count": 1
        },
        {
            "answer": "айтишники знают",
            "count": 1
        },
        {
            "answer": "без бюрократии",
            "count": 1
        },
        {
            "answer": "меньше согласовывать",
            "count": 1
        },
        {
            "answer": "отсутствие бюрократии",
            "count": 1
        },
        {
            "answer": "сокращение бюкратизации",
            "count": 1
        },
        {
            "answer": "безопасники",
            "count": 1
        },
        {
            "answer": "больше очных встреч",
            "count": 1
        },
        {
            "answer": "быстро кошки родятся",
            "count": 1
        },
        {
            "answer": "в зависимости от проекта",
            "count": 1
        },
        {
            "answer": "в соответствии с потребностью",
            "count": 1
        },
        {
            "answer": "взаимное понимание",
            "count": 1
        },
        {
            "answer": "взаимодействие",
            "count": 1
        },
        {
            "answer": "выделить спец человека",
            "count": 1
        },
        {
            "answer": "гибкие методологии",
            "count": 1
        },
        {
            "answer": "глупый вопрос",
            "count": 1
        },
        {
            "answer": "готовые решения",
            "count": 1
        },
        {
            "answer": "грамотный подрядчик",
            "count": 1
        },
        {
            "answer": "гранты",
            "count": 1
        },
        {
            "answer": "делать самим",
            "count": 1
        },
        {
            "answer": "договориться начальником it",
            "count": 1
        },
        {
            "answer": "желание",
            "count": 1
        },
        {
            "answer": "как появилась идея",
            "count": 1
        },
        {
            "answer": "комплексно",
            "count": 1
        },
        {
            "answer": "конкурс",
            "count": 1
        },
        {
            "answer": "купить его",
            "count": 1
        },
        {
            "answer": "купить проект",
            "count": 1
        },
        {
            "answer": "материально обеспечить исполни",
            "count": 1
        },
        {
            "answer": "материальное обеспечение",
            "count": 1
        },
        {
            "answer": "финансирование исполнителей",
            "count": 1
        },
        {
            "answer": "месяцы",
            "count": 1
        },
        {
            "answer": "миним. предв. экспертизу",
            "count": 1
        },
        {
            "answer": "не знаю",
            "count": 1
        },
        {
            "answer": "неизвестно",
            "count": 1
        },
        {
            "answer": "никак",
            "count": 4
        },
        {
            "answer": "не топить инициативу",
            "count": 1
        },
        {
            "answer": "поощрять инициативу",
            "count": 1
        },
        {
            "answer": "неделя",
            "count": 1
        },
        {
            "answer": "обкатка в заинтересованном отд",
            "count": 1
        },
        {
            "answer": "определить ответственного",
            "count": 1
        },
        {
            "answer": "очень быстро",
            "count": 4
        },
        {
            "answer": "переработать текущие процессы",
            "count": 1
        },
        {
            "answer": "планирование",
            "count": 1
        },
        {
            "answer": "права доступа",
            "count": 1
        },
        {
            "answer": "при готовности",
            "count": 1
        },
        {
            "answer": "сразу",
            "count": 1
        },
        {
            "answer": "привлекать заинтересованных",
            "count": 1
        },
        {
            "answer": "привлечь хороших айтишников",
            "count": 1
        },
        {
            "answer": "применять лучшие практики",
            "count": 1
        },
        {
            "answer": "просто",
            "count": 1
        },
        {
            "answer": "просто запускать",
            "count": 1
        },
        {
            "answer": "профильное подразделение",
            "count": 1
        },
        {
            "answer": "проходить ворота качества",
            "count": 1
        },
        {
            "answer": "работа по scrum",
            "count": 1
        },
        {
            "answer": "работа с коллективом",
            "count": 1
        },
        {
            "answer": "рассмотреть имеющиеся практики",
            "count": 1
        },
        {
            "answer": "реестр инструментария",
            "count": 1
        },
        {
            "answer": "сначала отработать на себе",
            "count": 1
        },
        {
            "answer": "создать команду",
            "count": 1
        },
        {
            "answer": "стимул для it",
            "count": 1
        },
        {
            "answer": "тестирование на малых группах",
            "count": 1
        },
        {
            "answer": "точная постановка задачи",
            "count": 1
        },
        {
            "answer": "цфо-3 свобода",
            "count": 1
        }
    ]
}