{
    "id": 22273,
    "question": "Что для вас должно стать результатом стратегической сессии? (коротко – 1-2 слова)",
    "answers": [
        {
            "answer": "вектор",
            "count": 1
        },
        {
            "answer": "вектор движения",
            "count": 1
        },
        {
            "answer": "направление движения",
            "count": 1
        },
        {
            "answer": "направление деятельности",
            "count": 2
        },
        {
            "answer": "направление развития",
            "count": 1
        },
        {
            "answer": "направления развития",
            "count": 2
        },
        {
            "answer": "взаимопонимание",
            "count": 1
        },
        {
            "answer": "понимание между участниками",
            "count": 1
        },
        {
            "answer": "видение плана развития",
            "count": 1
        },
        {
            "answer": "виденье развития",
            "count": 1
        },
        {
            "answer": "общее видение развития",
            "count": 1
        },
        {
            "answer": "пути развития",
            "count": 1
        },
        {
            "answer": "путь движения вперёд",
            "count": 1
        },
        {
            "answer": "синхронизация видения 2030",
            "count": 1
        },
        {
            "answer": "стратегическое видение",
            "count": 1
        },
        {
            "answer": "выявление проблем",
            "count": 3
        },
        {
            "answer": "уточнение проблемы и поиск реш",
            "count": 1
        },
        {
            "answer": "движение вверх",
            "count": 1
        },
        {
            "answer": "дорожная карта",
            "count": 1
        },
        {
            "answer": "план действий",
            "count": 3
        },
        {
            "answer": "план мероприятий",
            "count": 1
        },
        {
            "answer": "четкий план развития",
            "count": 1
        },
        {
            "answer": "завершить проект",
            "count": 1
        },
        {
            "answer": "идеи",
            "count": 1
        },
        {
            "answer": "новые идеи",
            "count": 9
        },
        {
            "answer": "новые идет",
            "count": 1
        },
        {
            "answer": "инициация проектов",
            "count": 1
        },
        {
            "answer": "определение проектов",
            "count": 1
        },
        {
            "answer": "итоговый протокол",
            "count": 1
        },
        {
            "answer": "командообразование",
            "count": 1
        },
        {
            "answer": "конкретные  мероприятия",
            "count": 1
        },
        {
            "answer": "консолидация института",
            "count": 1
        },
        {
            "answer": "новые горизонты",
            "count": 2
        },
        {
            "answer": "общая цель",
            "count": 1
        },
        {
            "answer": "определение целей развития",
            "count": 1
        },
        {
            "answer": "определить цели",
            "count": 1
        },
        {
            "answer": "понимание целей и средств",
            "count": 1
        },
        {
            "answer": "пути и цели развития",
            "count": 1
        },
        {
            "answer": "стратегия развития",
            "count": 1
        },
        {
            "answer": "стратегия целей предприятия",
            "count": 1
        },
        {
            "answer": "тактика",
            "count": 1
        },
        {
            "answer": "цели и пути развития",
            "count": 1
        },
        {
            "answer": "цель",
            "count": 1
        },
        {
            "answer": "определить потенциал развития",
            "count": 1
        },
        {
            "answer": "оптимизация",
            "count": 1
        },
        {
            "answer": "план решения",
            "count": 1
        },
        {
            "answer": "план решения проблем",
            "count": 1
        },
        {
            "answer": "планы на ближайшие годы",
            "count": 1
        },
        {
            "answer": "полное понимание ситуации",
            "count": 1
        },
        {
            "answer": "понимание",
            "count": 1
        },
        {
            "answer": "положительный результат",
            "count": 1
        },
        {
            "answer": "понимание дальнейших действий",
            "count": 1
        },
        {
            "answer": "понимание задач",
            "count": 1
        },
        {
            "answer": "понять тенденции развития пред",
            "count": 1
        },
        {
            "answer": "принятые решения",
            "count": 1
        },
        {
            "answer": "эффективное решение и ответств",
            "count": 1
        },
        {
            "answer": "эффективные решения",
            "count": 3
        },
        {
            "answer": "проект",
            "count": 1
        },
        {
            "answer": "проект по развитию",
            "count": 1
        },
        {
            "answer": "разработка проекта",
            "count": 1
        },
        {
            "answer": "реализация идеи",
            "count": 1
        },
        {
            "answer": "результат",
            "count": 1
        },
        {
            "answer": "руководство к действию",
            "count": 1
        },
        {
            "answer": "сверка целей",
            "count": 1
        },
        {
            "answer": "увеличение эффективноститруда",
            "count": 1
        },
        {
            "answer": "улучшение проф навыков",
            "count": 1
        }
    ]
}