{
    "id": 22274,
    "question": "Что необходимо сделать, чтобы мы достигли результата? (коротко – 1-2 слова)",
    "answers": [
        {
            "answer": "активность",
            "count": 1
        },
        {
            "answer": "быть активным",
            "count": 1
        },
        {
            "answer": "актуализация рабочего процесса",
            "count": 1
        },
        {
            "answer": "беделбников в шею...",
            "count": 1
        },
        {
            "answer": "бездельников в шею...",
            "count": 2
        },
        {
            "answer": "взаимодействие",
            "count": 1
        },
        {
            "answer": "взаимодействие друг с другом",
            "count": 1
        },
        {
            "answer": "коллективная работа",
            "count": 1
        },
        {
            "answer": "командная работа",
            "count": 2
        },
        {
            "answer": "обьединить усилия",
            "count": 1
        },
        {
            "answer": "работа в команде",
            "count": 1
        },
        {
            "answer": "работать единой командой",
            "count": 1
        },
        {
            "answer": "работать командой",
            "count": 1
        },
        {
            "answer": "работать совместно как коман",
            "count": 1
        },
        {
            "answer": "сплочение коллектива",
            "count": 1
        },
        {
            "answer": "видение целей",
            "count": 1
        },
        {
            "answer": "единое понимание целей",
            "count": 1
        },
        {
            "answer": "иметь единое видение",
            "count": 1
        },
        {
            "answer": "понимание целей на все уровнях",
            "count": 1
        },
        {
            "answer": "четко видеть",
            "count": 1
        },
        {
            "answer": "выслушать",
            "count": 1
        },
        {
            "answer": "слушать друг друга и понимать",
            "count": 1
        },
        {
            "answer": "слышать",
            "count": 8
        },
        {
            "answer": "движение к определенной цели",
            "count": 1
        },
        {
            "answer": "деловые коммуникации",
            "count": 1
        },
        {
            "answer": "дисциплина",
            "count": 1
        },
        {
            "answer": "договориться",
            "count": 1
        },
        {
            "answer": "коммуникативность сотрудников",
            "count": 1
        },
        {
            "answer": "коммуникация",
            "count": 1
        },
        {
            "answer": "конструктивный диалог",
            "count": 1
        },
        {
            "answer": "обсуждать",
            "count": 1
        },
        {
            "answer": "общаться",
            "count": 1
        },
        {
            "answer": "осуждать и слышать друг друга",
            "count": 1
        },
        {
            "answer": "улучшение комуникаций",
            "count": 1
        },
        {
            "answer": "улучшить коммуникацию",
            "count": 1
        },
        {
            "answer": "единое сьремление",
            "count": 1
        },
        {
            "answer": "желание",
            "count": 1
        },
        {
            "answer": "измениться",
            "count": 1
        },
        {
            "answer": "исполнимый план +единая команд",
            "count": 1
        },
        {
            "answer": "контроль и ответственность",
            "count": 1
        },
        {
            "answer": "начать действовать",
            "count": 2
        },
        {
            "answer": "начать работать всем",
            "count": 1
        },
        {
            "answer": "плотно поработать",
            "count": 1
        },
        {
            "answer": "работать",
            "count": 10
        },
        {
            "answer": "трудиться",
            "count": 1
        },
        {
            "answer": "эффективная работа",
            "count": 2
        },
        {
            "answer": "эффективно поработать",
            "count": 2
        },
        {
            "answer": "не стесняться )",
            "count": 1
        },
        {
            "answer": "обменяться идеями",
            "count": 1
        },
        {
            "answer": "осознать проблему",
            "count": 1
        },
        {
            "answer": "понять проблему",
            "count": 2
        },
        {
            "answer": "понять проблемы",
            "count": 1
        },
        {
            "answer": "отменить еосз",
            "count": 1
        },
        {
            "answer": "план решения проблемы",
            "count": 1
        },
        {
            "answer": "планировать",
            "count": 1
        },
        {
            "answer": "поставить конкретные цели",
            "count": 1
        },
        {
            "answer": "предлагать реалистичные идеи",
            "count": 1
        },
        {
            "answer": "прийти к общему знаменателю",
            "count": 1
        },
        {
            "answer": "работать на результат",
            "count": 1
        },
        {
            "answer": "разработать проект",
            "count": 1
        },
        {
            "answer": "расширяться",
            "count": 1
        },
        {
            "answer": "согласовать программу",
            "count": 1
        },
        {
            "answer": "стараться и развиваться",
            "count": 1
        }
    ]
}