{
    "id": 22275,
    "question": "Какие ключевые темы вы бы хотели обсудить на Стратегической сессии?",
    "answers": [
        {
            "answer": "it",
            "count": 1
        },
        {
            "answer": "адаптация новых сотрудников",
            "count": 1
        },
        {
            "answer": "антибюрократию",
            "count": 1
        },
        {
            "answer": "дебюрократизация",
            "count": 7
        },
        {
            "answer": "проблемы с бюрократией",
            "count": 1
        },
        {
            "answer": "волонтерство",
            "count": 1
        },
        {
            "answer": "главные цели в развитии никиэт",
            "count": 1
        },
        {
            "answer": "цели",
            "count": 1
        },
        {
            "answer": "готовность к стратении",
            "count": 1
        },
        {
            "answer": "единый коллектив",
            "count": 1
        },
        {
            "answer": "задачи",
            "count": 1
        },
        {
            "answer": "заключение новых контрактов",
            "count": 1
        },
        {
            "answer": "изменение классической системы",
            "count": 1
        },
        {
            "answer": "изменения",
            "count": 1
        },
        {
            "answer": "трансформация предприятия",
            "count": 1
        },
        {
            "answer": "импортозамещение",
            "count": 1
        },
        {
            "answer": "кадровая политика",
            "count": 1
        },
        {
            "answer": "кадровой вопрос.",
            "count": 1
        },
        {
            "answer": "кадровые вопросы",
            "count": 1
        },
        {
            "answer": "кадровый и личный потенциал",
            "count": 1
        },
        {
            "answer": "как делать свой продукт никиэт",
            "count": 1
        },
        {
            "answer": "как мы будем расти",
            "count": 1
        },
        {
            "answer": "направление развитие",
            "count": 1
        },
        {
            "answer": "направление развития",
            "count": 4
        },
        {
            "answer": "направления развития",
            "count": 3
        },
        {
            "answer": "определить вектор движения",
            "count": 1
        },
        {
            "answer": "основные направления развития",
            "count": 1
        },
        {
            "answer": "план развития",
            "count": 1
        },
        {
            "answer": "планы на будущее",
            "count": 1
        },
        {
            "answer": "развитие",
            "count": 2
        },
        {
            "answer": "развитие никиэт",
            "count": 1
        },
        {
            "answer": "судьбу",
            "count": 1
        },
        {
            "answer": "как обмениваться идеями",
            "count": 1
        },
        {
            "answer": "консолидация",
            "count": 1
        },
        {
            "answer": "красная звезда",
            "count": 1
        },
        {
            "answer": "масштабирование предприятие",
            "count": 1
        },
        {
            "answer": "мобилизация",
            "count": 1
        },
        {
            "answer": "мотивацию",
            "count": 1
        },
        {
            "answer": "мотивация",
            "count": 1
        },
        {
            "answer": "научная школа",
            "count": 1
        },
        {
            "answer": "научный потенциал",
            "count": 1
        },
        {
            "answer": "повышение научного потенциала",
            "count": 1
        },
        {
            "answer": "развитие научного потенциала",
            "count": 1
        },
        {
            "answer": "развитие научных исследований",
            "count": 1
        },
        {
            "answer": "новые перспективные проекты",
            "count": 1
        },
        {
            "answer": "новые проекты",
            "count": 4
        },
        {
            "answer": "новые проекты в никиэт",
            "count": 1
        },
        {
            "answer": "перспективные проекты",
            "count": 1
        },
        {
            "answer": "новые продукты",
            "count": 1
        },
        {
            "answer": "развитие новых продуктов",
            "count": 1
        },
        {
            "answer": "оптимизация процессов",
            "count": 1
        },
        {
            "answer": "ответственность за принятие ре",
            "count": 1
        },
        {
            "answer": "перспективы",
            "count": 2
        },
        {
            "answer": "перспективы для молодых",
            "count": 1
        },
        {
            "answer": "перспективы предприятия",
            "count": 2
        },
        {
            "answer": "перспективы развития",
            "count": 2
        },
        {
            "answer": "процессы",
            "count": 1
        },
        {
            "answer": "пути повышения эффективности",
            "count": 1
        },
        {
            "answer": "эффективность",
            "count": 1
        },
        {
            "answer": "пути реализации проектов",
            "count": 1
        },
        {
            "answer": "развитие имущ. комплекса",
            "count": 1
        },
        {
            "answer": "развитие персонала",
            "count": 1
        },
        {
            "answer": "развитие сотрудников",
            "count": 1
        },
        {
            "answer": "развитие производства",
            "count": 2
        },
        {
            "answer": "размещение новых людей",
            "count": 1
        },
        {
            "answer": "расширение института",
            "count": 1
        },
        {
            "answer": "расширение организации",
            "count": 1
        },
        {
            "answer": "расширение территорий",
            "count": 1
        },
        {
            "answer": "скорость протекания процессов",
            "count": 1
        },
        {
            "answer": "стратегию яэ и пн прорыв",
            "count": 1
        },
        {
            "answer": "стратегия проектирования",
            "count": 1
        },
        {
            "answer": "территориальное размещение",
            "count": 1
        },
        {
            "answer": "централизация и автоматизация",
            "count": 1
        },
        {
            "answer": "управление проектами",
            "count": 1
        },
        {
            "answer": "цифровизацию",
            "count": 1
        },
        {
            "answer": "цифровизация и автоматизация",
            "count": 1
        }
    ]
}