{
    "id": 22335,
    "question": "Какой основной тезис вы услышали?",
    "answers": [
        {
            "answer": "благодарность",
            "count": 1
        },
        {
            "answer": "единство",
            "count": 4
        },
        {
            "answer": "единство поддержка",
            "count": 1
        },
        {
            "answer": "наша сила в единстве",
            "count": 2
        },
        {
            "answer": "объединение",
            "count": 2
        },
        {
            "answer": "сплоченность",
            "count": 2
        },
        {
            "answer": "сплочённость",
            "count": 1
        },
        {
            "answer": "меры поддержки",
            "count": 1
        },
        {
            "answer": "поддержка",
            "count": 6
        },
        {
            "answer": "поддержка семьям мобил-ным",
            "count": 1
        },
        {
            "answer": "поддержка сотрудников",
            "count": 1
        },
        {
            "answer": "помощь",
            "count": 2
        },
        {
            "answer": "помощь мобилизованным сотрудни",
            "count": 1
        },
        {
            "answer": "семьи мобилизованных поддержат",
            "count": 1
        },
        {
            "answer": "мобилизация",
            "count": 1
        },
        {
            "answer": "мобилизация важна для страны",
            "count": 1
        },
        {
            "answer": "объявление о мобилизации",
            "count": 1
        },
        {
            "answer": "сотрудники подлежат мобилизаци",
            "count": 1
        },
        {
            "answer": "часть сотрудниковра мобилизуют",
            "count": 1
        },
        {
            "answer": "уверенность",
            "count": 1
        }
    ]
}