{
    "id": 22354,
    "question": "Одним словом опишите ваши впечатления от конференции GP в формате переговорного чемпионата",
    "answers": [
        {
            "answer": "азарт",
            "count": 1
        },
        {
            "answer": "азартно",
            "count": 1
        },
        {
            "answer": "бесподобно",
            "count": 1
        },
        {
            "answer": "восторг",
            "count": 1
        },
        {
            "answer": "все очень круто!",
            "count": 1
        },
        {
            "answer": "крутые игры",
            "count": 1
        },
        {
            "answer": "невообразимо",
            "count": 1
        },
        {
            "answer": "отлично",
            "count": 1
        },
        {
            "answer": "понравился",
            "count": 1
        },
        {
            "answer": "потрясающе! 100% пользы",
            "count": 1
        },
        {
            "answer": "супер",
            "count": 1
        },
        {
            "answer": "увлекательно",
            "count": 3
        },
        {
            "answer": "чемпионат понравился",
            "count": 2
        },
        {
            "answer": "бодрит )",
            "count": 1
        },
        {
            "answer": "большое спасибо",
            "count": 1
        },
        {
            "answer": "динамично",
            "count": 1
        },
        {
            "answer": "захватывающе",
            "count": 2
        },
        {
            "answer": "захватывающее",
            "count": 1
        },
        {
            "answer": "интересно",
            "count": 1
        },
        {
            "answer": "очень интересно",
            "count": 1
        },
        {
            "answer": "очень интересный опыт",
            "count": 1
        },
        {
            "answer": "информативно",
            "count": 1
        },
        {
            "answer": "поучительно",
            "count": 1
        },
        {
            "answer": "классно но лучше бы очно",
            "count": 1
        },
        {
            "answer": "очно интереснее",
            "count": 1
        },
        {
            "answer": "наос",
            "count": 1
        },
        {
            "answer": "очень полезно",
            "count": 1
        },
        {
            "answer": "познавательно",
            "count": 3
        },
        {
            "answer": "полезно",
            "count": 4
        },
        {
            "answer": "повеселили",
            "count": 1
        },
        {
            "answer": "сложно организовать уединение",
            "count": 1
        },
        {
            "answer": "состязательно",
            "count": 1
        },
        {
            "answer": "удивление от своих результатов",
            "count": 1
        }
    ]
}