{
    "id": 22614,
    "question": "Какое главное препятствие чтобы обеспечить отсутствие травматизма в отрасли?",
    "answers": [
        {
            "answer": "#многосовещаний",
            "count": 1
        },
        {
            "answer": "амбиции",
            "count": 1
        },
        {
            "answer": "безответственность",
            "count": 2
        },
        {
            "answer": "беспечность",
            "count": 1
        },
        {
            "answer": "личная ответственность",
            "count": 1
        },
        {
            "answer": "личная ответственность каждого",
            "count": 1
        },
        {
            "answer": "личное отношение",
            "count": 1
        },
        {
            "answer": "осознание ответственности",
            "count": 1
        },
        {
            "answer": "ответственность",
            "count": 6
        },
        {
            "answer": "ответственность всех уровней",
            "count": 1
        },
        {
            "answer": "ответственность руководителя",
            "count": 1
        },
        {
            "answer": "ответственность руководства",
            "count": 1
        },
        {
            "answer": "отношение персонала",
            "count": 1
        },
        {
            "answer": "разгильдяйство",
            "count": 4
        },
        {
            "answer": "серьезно к этому относиться",
            "count": 1
        },
        {
            "answer": "халатность",
            "count": 2
        },
        {
            "answer": "безразличие",
            "count": 4
        },
        {
            "answer": "равнодушее",
            "count": 1
        },
        {
            "answer": "равнодушие",
            "count": 5
        },
        {
            "answer": "равнодушность",
            "count": 1
        },
        {
            "answer": "бюрократизм",
            "count": 1
        },
        {
            "answer": "бюрократия",
            "count": 3
        },
        {
            "answer": "бюррократизм",
            "count": 1
        },
        {
            "answer": "внешний фон",
            "count": 1
        },
        {
            "answer": "вовлеченность",
            "count": 1
        },
        {
            "answer": "вовлечённость",
            "count": 1
        },
        {
            "answer": "невовлеченность",
            "count": 1
        },
        {
            "answer": "отсутствие вовлечения рабочих",
            "count": 1
        },
        {
            "answer": "воспитание",
            "count": 1
        },
        {
            "answer": "воспитание работникрв",
            "count": 1
        },
        {
            "answer": "враньё",
            "count": 1
        },
        {
            "answer": "выполнение графика работ",
            "count": 1
        },
        {
            "answer": "выполнение инструкций",
            "count": 1
        },
        {
            "answer": "выполнение правил безопасности",
            "count": 1
        },
        {
            "answer": "не соблюдение правил",
            "count": 1
        },
        {
            "answer": "строго соблюдать правила всем!",
            "count": 1
        },
        {
            "answer": "выпронение плана во что бы то",
            "count": 1
        },
        {
            "answer": "план",
            "count": 1
        },
        {
            "answer": "план превыше всего",
            "count": 1
        },
        {
            "answer": "дать людям работать",
            "count": 1
        },
        {
            "answer": "деньги",
            "count": 1
        },
        {
            "answer": "инвестиции",
            "count": 1
        },
        {
            "answer": "недостаточное финансирование",
            "count": 1
        },
        {
            "answer": "прибиль",
            "count": 1
        },
        {
            "answer": "финансирование",
            "count": 2
        },
        {
            "answer": "дисциплина",
            "count": 9
        },
        {
            "answer": "дурость",
            "count": 1
        },
        {
            "answer": "желание",
            "count": 2
        },
        {
            "answer": "желание и средства",
            "count": 1
        },
        {
            "answer": "загруженность",
            "count": 1
        },
        {
            "answer": "загрузка",
            "count": 1
        },
        {
            "answer": "закупки",
            "count": 1
        },
        {
            "answer": "здравомыслие",
            "count": 1
        },
        {
            "answer": "изменить культуру",
            "count": 1
        },
        {
            "answer": "культура",
            "count": 3
        },
        {
            "answer": "культура безопасности",
            "count": 1
        },
        {
            "answer": "недостаток культуры безопаснос",
            "count": 1
        },
        {
            "answer": "низкий уровень культуры безопа",
            "count": 1
        },
        {
            "answer": "осознание важности безопасност",
            "count": 1
        },
        {
            "answer": "осознанность работников",
            "count": 1
        },
        {
            "answer": "отношение к безопасности",
            "count": 1
        },
        {
            "answer": "повышение осознанности",
            "count": 1
        },
        {
            "answer": "сознание работников",
            "count": 1
        },
        {
            "answer": "информированность",
            "count": 1
        },
        {
            "answer": "недосказанность",
            "count": 1
        },
        {
            "answer": "компетенции",
            "count": 1
        },
        {
            "answer": "неграмотный персонал",
            "count": 1
        },
        {
            "answer": "низкий профессионализм",
            "count": 1
        },
        {
            "answer": "профессионализм",
            "count": 1
        },
        {
            "answer": "лидерство",
            "count": 2
        },
        {
            "answer": "лидерство руководителей",
            "count": 1
        },
        {
            "answer": "нет лидерства",
            "count": 1
        },
        {
            "answer": "отсутствие лидерства",
            "count": 1
        },
        {
            "answer": "линейные руководители",
            "count": 1
        },
        {
            "answer": "личная неосторожность",
            "count": 1
        },
        {
            "answer": "невнимательность",
            "count": 1
        },
        {
            "answer": "людей много",
            "count": 1
        },
        {
            "answer": "люди",
            "count": 2
        },
        {
            "answer": "персонал",
            "count": 2
        },
        {
            "answer": "персонал его подготовка",
            "count": 1
        },
        {
            "answer": "менталитет",
            "count": 1
        },
        {
            "answer": "много ненужной бумажной работы",
            "count": 1
        },
        {
            "answer": "формализм",
            "count": 6
        },
        {
            "answer": "формализмм",
            "count": 1
        },
        {
            "answer": "много правил",
            "count": 1
        },
        {
            "answer": "модернизация",
            "count": 1
        },
        {
            "answer": "не сактивет",
            "count": 1
        },
        {
            "answer": "недостаточно самосохранение",
            "count": 1
        },
        {
            "answer": "необходимость работать",
            "count": 1
        },
        {
            "answer": "неравнодушность",
            "count": 1
        },
        {
            "answer": "низкий контроль",
            "count": 1
        },
        {
            "answer": "отсутствие обмена опытом",
            "count": 1
        },
        {
            "answer": "отсутствие системного подхода",
            "count": 1
        },
        {
            "answer": "отсутствует управление рисками",
            "count": 1
        },
        {
            "answer": "пассивность",
            "count": 2
        },
        {
            "answer": "повышение зарплаты рабочим",
            "count": 1
        },
        {
            "answer": "привычка",
            "count": 1
        },
        {
            "answer": "профилактика",
            "count": 1
        },
        {
            "answer": "размывание ответственности",
            "count": 1
        },
        {
            "answer": "формализм ответственности",
            "count": 1
        },
        {
            "answer": "расслабленность",
            "count": 2
        },
        {
            "answer": "рутина",
            "count": 1
        },
        {
            "answer": "самовоспитание",
            "count": 1
        },
        {
            "answer": "системные недостатки",
            "count": 1
        },
        {
            "answer": "случайности",
            "count": 1
        },
        {
            "answer": "случайность",
            "count": 1
        },
        {
            "answer": "спешка",
            "count": 1
        },
        {
            "answer": "самоуверенность",
            "count": 2
        },
        {
            "answer": "спокойствие",
            "count": 1
        },
        {
            "answer": "сроки и стоимость",
            "count": 1
        },
        {
            "answer": "стабильность",
            "count": 1
        },
        {
            "answer": "старая инфраструктура",
            "count": 1
        },
        {
            "answer": "увеличение количества дилетант",
            "count": 1
        },
        {
            "answer": "умных много",
            "count": 1
        },
        {
            "answer": "человек",
            "count": 12
        },
        {
            "answer": "человеческий фактор",
            "count": 11
        },
        {
            "answer": "честная статистика",
            "count": 3
        }
    ]
}