{
    "id": 22830,
    "question": "Опишите одним словом с чем в вашей организации чаще всего ассоциируется образ волонтера?",
    "answers": [
        {
            "answer": "активист",
            "count": 1
        },
        {
            "answer": "активисты",
            "count": 1
        },
        {
            "answer": "активисты с горящими глазами",
            "count": 1
        },
        {
            "answer": "активный",
            "count": 2
        },
        {
            "answer": "альтруизм",
            "count": 1
        },
        {
            "answer": "бездельник",
            "count": 1
        },
        {
            "answer": "бесплатная рабочая сила",
            "count": 1
        },
        {
            "answer": "делай сам",
            "count": 1
        },
        {
            "answer": "доброволец",
            "count": 2
        },
        {
            "answer": "должны",
            "count": 1
        },
        {
            "answer": "идеалист у кого много времени",
            "count": 1
        },
        {
            "answer": "одинокий волк",
            "count": 1
        },
        {
            "answer": "отзывчивый",
            "count": 1
        },
        {
            "answer": "поддержка",
            "count": 7
        },
        {
            "answer": "помощник",
            "count": 1
        },
        {
            "answer": "помощь",
            "count": 8
        },
        {
            "answer": "приют",
            "count": 1
        },
        {
            "answer": "работа с ветеранами",
            "count": 1
        },
        {
            "answer": "сумашедшая",
            "count": 1
        },
        {
            "answer": "уборка территории",
            "count": 1
        },
        {
            "answer": "чип и дейл",
            "count": 1
        }
    ]
}