{
    "id": 22831,
    "question": "Укажите один самый главный инструмент\\мероприятие: что нужно сделать чтобы количество волонтеров увеличилось?",
    "answers": [
        {
            "answer": "без понятия",
            "count": 1
        },
        {
            "answer": "больше информации",
            "count": 1
        },
        {
            "answer": "больше информации о мероприяти",
            "count": 1
        },
        {
            "answer": "информирование и агитация",
            "count": 1
        },
        {
            "answer": "вводный курс",
            "count": 2
        },
        {
            "answer": "день волонтёра",
            "count": 1
        },
        {
            "answer": "зачёт в счёт рабочего времени",
            "count": 2
        },
        {
            "answer": "использовать плат-му dobro.ru",
            "count": 1
        },
        {
            "answer": "конкретика",
            "count": 1
        },
        {
            "answer": "мотивация",
            "count": 4
        },
        {
            "answer": "мотивация поощрение",
            "count": 1
        },
        {
            "answer": "мотивировать",
            "count": 1
        },
        {
            "answer": "повышение механизмов мотивации",
            "count": 1
        },
        {
            "answer": "поощрение",
            "count": 2
        },
        {
            "answer": "поощрение на уровне отрасли",
            "count": 1
        },
        {
            "answer": "стимулирование",
            "count": 1
        },
        {
            "answer": "одобрение от линейных руков.",
            "count": 1
        },
        {
            "answer": "отменить показатель кпэ",
            "count": 1
        },
        {
            "answer": "очный форум",
            "count": 1
        },
        {
            "answer": "форум с командообразованием",
            "count": 1
        },
        {
            "answer": "поддерживать руководством",
            "count": 1
        },
        {
            "answer": "поддержка",
            "count": 1
        },
        {
            "answer": "поддержка линейных руководител",
            "count": 1
        },
        {
            "answer": "поддержка руководства",
            "count": 7
        },
        {
            "answer": "поднять престиж волонтёров",
            "count": 1
        },
        {
            "answer": "престиж",
            "count": 1
        },
        {
            "answer": "посвящение в волонтеры росатом",
            "count": 1
        },
        {
            "answer": "раскрыть сердце",
            "count": 1
        },
        {
            "answer": "список направлений волонтерств",
            "count": 1
        },
        {
            "answer": "указ от генерального директора",
            "count": 1
        }
    ]
}