{
    "id": 22845,
    "question": "Укажите топ -3 целевые аудитории которым вы  в любом случае планируете продолжить оказывать  помощь",
    "answers": [
        {
            "answer": "ветераны",
            "count": 6
        },
        {
            "answer": "военные",
            "count": 2
        },
        {
            "answer": "дети",
            "count": 6
        },
        {
            "answer": "детские дома",
            "count": 1
        },
        {
            "answer": "детский дом",
            "count": 3
        },
        {
            "answer": "животные",
            "count": 12
        },
        {
            "answer": "животным",
            "count": 1
        },
        {
            "answer": "инклюзивный сфера",
            "count": 1
        },
        {
            "answer": "многодетные",
            "count": 1
        },
        {
            "answer": "молодежь",
            "count": 2
        },
        {
            "answer": "незащищенным слоям населения",
            "count": 1
        },
        {
            "answer": "нко",
            "count": 2
        },
        {
            "answer": "одинокие пенсионеры",
            "count": 1
        },
        {
            "answer": "пенсионеры",
            "count": 5
        },
        {
            "answer": "песионеры",
            "count": 1
        },
        {
            "answer": "приюты",
            "count": 1
        },
        {
            "answer": "семьи мобилизованных",
            "count": 1
        },
        {
            "answer": "семьям мобилизованным",
            "count": 1
        },
        {
            "answer": "экология",
            "count": 1
        }
    ]
}