{
    "id": 22905,
    "question": "Глубинные причины происходящих несчастных случаев.",
    "answers": [
        {
            "answer": "\"авось\"",
            "count": 1
        },
        {
            "answer": "авось",
            "count": 4
        },
        {
            "answer": "русское < авось>",
            "count": 1
        },
        {
            "answer": "1. отсутствие опасности.",
            "count": 1
        },
        {
            "answer": "отсутствие чувства опасности.",
            "count": 1
        },
        {
            "answer": "1. техника безопасности",
            "count": 1
        },
        {
            "answer": "не все меры безопасности",
            "count": 1
        },
        {
            "answer": "невыполнение инструкций по тб",
            "count": 1
        },
        {
            "answer": "невыполнении инструкции",
            "count": 1
        },
        {
            "answer": "неисполнений требований нд",
            "count": 1
        },
        {
            "answer": "несоблюдение инструкции",
            "count": 1
        },
        {
            "answer": "несоблюдение тб",
            "count": 1
        },
        {
            "answer": "несоблюдение требований",
            "count": 1
        },
        {
            "answer": "несоблюдение требований нпа",
            "count": 1
        },
        {
            "answer": "1.план превыше всего",
            "count": 1
        },
        {
            "answer": "выполение плана превыше всего",
            "count": 1
        },
        {
            "answer": "выполнение плана",
            "count": 1
        },
        {
            "answer": "2. низкий контроль",
            "count": 1
        },
        {
            "answer": "не достаточный контроль",
            "count": 1
        },
        {
            "answer": "недостаток контроля",
            "count": 1
        },
        {
            "answer": "нет контроля от руководства",
            "count": 1
        },
        {
            "answer": "низкий контроль",
            "count": 1
        },
        {
            "answer": "низкий контроль со стороны рук",
            "count": 1
        },
        {
            "answer": "низкий уровень контроля",
            "count": 1
        },
        {
            "answer": "отсутствие контроля",
            "count": 4
        },
        {
            "answer": "отсутствие контроля атп",
            "count": 1
        },
        {
            "answer": "слабый контроль",
            "count": 1
        },
        {
            "answer": "отсутствует ко",
            "count": 1
        },
        {
            "answer": "3. нехватка необходимого обуче",
            "count": 1
        },
        {
            "answer": "не достаточная подготовка",
            "count": 1
        },
        {
            "answer": "недостаток обучения",
            "count": 1
        },
        {
            "answer": "аренда так делал",
            "count": 1
        },
        {
            "answer": "мы всегда так делали",
            "count": 1
        },
        {
            "answer": "работал так всегда",
            "count": 1
        },
        {
            "answer": "безотвественность",
            "count": 1
        },
        {
            "answer": "безотвественность работника",
            "count": 1
        },
        {
            "answer": "безответственность",
            "count": 4
        },
        {
            "answer": "беспечность",
            "count": 1
        },
        {
            "answer": "разгилтдяйство",
            "count": 1
        },
        {
            "answer": "разгильдяйство",
            "count": 3
        },
        {
            "answer": "быстрее сделать",
            "count": 1
        },
        {
            "answer": "спешка",
            "count": 4
        },
        {
            "answer": "выполнение несвойственной рабо",
            "count": 1
        },
        {
            "answer": "выполнение работ не по профилю",
            "count": 1
        },
        {
            "answer": "исполнение не саоих функций",
            "count": 1
        },
        {
            "answer": "несоответствие рабочих мест",
            "count": 1
        },
        {
            "answer": "издержки техпроцесса",
            "count": 1
        },
        {
            "answer": "недоработанный техпроцесс",
            "count": 1
        },
        {
            "answer": "недостаток тех процесса",
            "count": 1
        },
        {
            "answer": "ошибка тех процессов",
            "count": 1
        },
        {
            "answer": "старые тех процессы",
            "count": 1
        },
        {
            "answer": "технологический процесс",
            "count": 1
        },
        {
            "answer": "техпроцесс",
            "count": 2
        },
        {
            "answer": "короткая память",
            "count": 1
        },
        {
            "answer": "инструкция",
            "count": 1
        },
        {
            "answer": "нарушение инструкции",
            "count": 1
        },
        {
            "answer": "нарушение инструкций",
            "count": 1
        },
        {
            "answer": "соблюдение инструкций",
            "count": 1
        },
        {
            "answer": "изменение конструкции",
            "count": 1
        },
        {
            "answer": "конструктив оборудования",
            "count": 1
        },
        {
            "answer": "конструктивные недостатки",
            "count": 1
        },
        {
            "answer": "конструкция",
            "count": 2
        },
        {
            "answer": "недостатки конструкции",
            "count": 1
        },
        {
            "answer": "культура",
            "count": 1
        },
        {
            "answer": "культура безопастности",
            "count": 1
        },
        {
            "answer": "недостаточно культура безопасн",
            "count": 1
        },
        {
            "answer": "низкая культура производства",
            "count": 1
        },
        {
            "answer": "отсутствие культуры безопаснос",
            "count": 1
        },
        {
            "answer": "нарушение технологии производс",
            "count": 1
        },
        {
            "answer": "нарушение технологической карт",
            "count": 1
        },
        {
            "answer": "не внимательность.",
            "count": 1
        },
        {
            "answer": "не надлежащая организация рабо",
            "count": 1
        },
        {
            "answer": "неадекватная организация работ",
            "count": 1
        },
        {
            "answer": "небезопасные условия труда",
            "count": 1
        },
        {
            "answer": "некачественная организация раб",
            "count": 1
        },
        {
            "answer": "неудовлетворительная организац",
            "count": 1
        },
        {
            "answer": "организация работ",
            "count": 2
        },
        {
            "answer": "плохая организация",
            "count": 1
        },
        {
            "answer": "плохая организация работ",
            "count": 1
        },
        {
            "answer": "слабая организация труда",
            "count": 1
        },
        {
            "answer": "условия труда не безопасные",
            "count": 1
        },
        {
            "answer": "не опытность работника",
            "count": 1
        },
        {
            "answer": "неверный допуск к работам",
            "count": 1
        },
        {
            "answer": "неготовность персонала",
            "count": 1
        },
        {
            "answer": "недостаточная квалификация",
            "count": 1
        },
        {
            "answer": "некомпетентность",
            "count": 2
        },
        {
            "answer": "отсутствие квалификации",
            "count": 1
        },
        {
            "answer": "отсутствие необходимой квалифи",
            "count": 1
        },
        {
            "answer": "недостаток компетенций руковод",
            "count": 1
        },
        {
            "answer": "низкая квалификация руководите",
            "count": 1
        },
        {
            "answer": "недостаток финансирования",
            "count": 1
        },
        {
            "answer": "недостаточность ресурсов",
            "count": 1
        },
        {
            "answer": "неисправность  техники",
            "count": 1
        },
        {
            "answer": "непредусмотрительность",
            "count": 1
        },
        {
            "answer": "несовершенство проекта",
            "count": 1
        },
        {
            "answer": "ошибки проекта",
            "count": 1
        },
        {
            "answer": "плохой проект",
            "count": 1
        },
        {
            "answer": "нет письменного распоряжения",
            "count": 1
        },
        {
            "answer": "нет прогнозирования рисков",
            "count": 1
        },
        {
            "answer": "отсутствие оценки рисков",
            "count": 2
        },
        {
            "answer": "учёт рисков",
            "count": 1
        },
        {
            "answer": "обратная связь с руководителем",
            "count": 1
        },
        {
            "answer": "общий бардак",
            "count": 1
        },
        {
            "answer": "отсутствие дисциплины",
            "count": 1
        },
        {
            "answer": "отсутствие мотивации",
            "count": 1
        },
        {
            "answer": "отсутствие чувства самосохране",
            "count": 1
        },
        {
            "answer": "потеря чувства самосохранения",
            "count": 1
        },
        {
            "answer": "оценка состояния безопасности",
            "count": 1
        },
        {
            "answer": "привыкание к проблемам",
            "count": 1
        },
        {
            "answer": "проблемы с линейными руководит",
            "count": 1
        },
        {
            "answer": "проектная документация",
            "count": 1
        },
        {
            "answer": "психология",
            "count": 1
        },
        {
            "answer": "расширение зоны работ",
            "count": 1
        },
        {
            "answer": "рейд заданий",
            "count": 1
        },
        {
            "answer": "рутинность",
            "count": 1
        },
        {
            "answer": "самоуверенность",
            "count": 4
        },
        {
            "answer": "система",
            "count": 1
        },
        {
            "answer": "сочетание невозможного",
            "count": 1
        },
        {
            "answer": "старые проекты",
            "count": 1
        },
        {
            "answer": "упрощение тех процесса",
            "count": 1
        },
        {
            "answer": "упрощения",
            "count": 1
        },
        {
            "answer": "формализ",
            "count": 1
        },
        {
            "answer": "формализм при оформлении акта",
            "count": 1
        },
        {
            "answer": "формальность",
            "count": 1
        },
        {
            "answer": "формальный подход",
            "count": 1
        },
        {
            "answer": "халатность",
            "count": 25
        },
        {
            "answer": "халатность мастера",
            "count": 1
        },
        {
            "answer": "халатность руководителя",
            "count": 1
        },
        {
            "answer": "человек",
            "count": 8
        },
        {
            "answer": "человеческий фактор",
            "count": 6
        },
        {
            "answer": "бравада",
            "count": 1
        },
        {
            "answer": "переоценка сил",
            "count": 1
        },
        {
            "answer": "план превыше всего",
            "count": 1
        }
    ]
}