{
    "id": 2293,
    "question": "Как ваше рабочее настроение?",
    "answers": [
        {
            "answer": "пятница",
            "count": 1
        },
        {
            "answer": "боевое",
            "count": 1
        },
        {
            "answer": "боевое",
            "count": 1
        },
        {
            "answer": "волевое",
            "count": 1
        },
        {
            "answer": "быстрее! выше! сильнее!",
            "count": 1
        },
        {
            "answer": "готов к новым вызовам",
            "count": 1
        },
        {
            "answer": "победное",
            "count": 1
        },
        {
            "answer": "очень хорошо",
            "count": 1
        },
        {
            "answer": "побеждать!",
            "count": 1
        },
        {
            "answer": "важное",
            "count": 1
        },
        {
            "answer": "нерабочее",
            "count": 1
        },
        {
            "answer": "отлично боевое",
            "count": 1
        },
        {
            "answer": "достигать!",
            "count": 1
        },
        {
            "answer": "отличное",
            "count": 1
        },
        {
            "answer": "честное",
            "count": 1
        },
        {
            "answer": "отличное",
            "count": 1
        },
        {
            "answer": "прекрасное",
            "count": 1
        },
        {
            "answer": "рабочее",
            "count": 1
        },
        {
            "answer": "покорять новые горизонты",
            "count": 1
        },
        {
            "answer": "отличное",
            "count": 1
        },
        {
            "answer": "стильное",
            "count": 1
        },
        {
            "answer": "убивать",
            "count": 1
        },
        {
            "answer": "отличное",
            "count": 1
        },
        {
            "answer": "боевой",
            "count": 1
        },
        {
            "answer": "продуктивненько",
            "count": 1
        },
        {
            "answer": "отличненько",
            "count": 1
        },
        {
            "answer": "успешное",
            "count": 1
        },
        {
            "answer": "позитивное",
            "count": 1
        },
        {
            "answer": "ориентация на результат",
            "count": 1
        },
        {
            "answer": "позитивное",
            "count": 1
        },
        {
            "answer": "серьёзное",
            "count": 1
        },
        {
            "answer": "развитие",
            "count": 1
        },
        {
            "answer": "стабильное",
            "count": 1
        },
        {
            "answer": "успех",
            "count": 1
        }
    ]
}