{
    "id": 22945,
    "question": "Какие дополнительные предложения от столов необходимо включить в программу?",
    "answers": [
        {
            "answer": "бытовой травматизм",
            "count": 1
        },
        {
            "answer": "внутреннее расследование",
            "count": 1
        },
        {
            "answer": "внутренние  расследования",
            "count": 1
        },
        {
            "answer": "расследование бытовых нс",
            "count": 1
        },
        {
            "answer": "расследование опасных действий",
            "count": 2
        },
        {
            "answer": "входной контроль подрядчиков",
            "count": 1
        },
        {
            "answer": "контроль знаний от подрядчика",
            "count": 1
        },
        {
            "answer": "довести численность от до норм",
            "count": 1
        },
        {
            "answer": "инфо последствий нарушений",
            "count": 1
        },
        {
            "answer": "исключить «сухое» письмо",
            "count": 1
        },
        {
            "answer": "необходима доп проработка",
            "count": 1
        },
        {
            "answer": "нет",
            "count": 1
        },
        {
            "answer": "новые меры после отмены старых",
            "count": 1
        },
        {
            "answer": "обмен опытом",
            "count": 1
        },
        {
            "answer": "обучение комм. навыкам лин. ру",
            "count": 1
        },
        {
            "answer": "обучение линейных руководителе",
            "count": 4
        },
        {
            "answer": "обучить всех руководителей паб",
            "count": 1
        },
        {
            "answer": "проводить обучение линейных ру",
            "count": 1
        },
        {
            "answer": "тотальное обучение линейных",
            "count": 1
        },
        {
            "answer": "отраслевые нормы выдачи сиз",
            "count": 1
        },
        {
            "answer": "оценка подрядчиков по ltifr",
            "count": 1
        },
        {
            "answer": "пересмотр кпэ по безопасности",
            "count": 1
        },
        {
            "answer": "пересмотреть систему кпэ по бе",
            "count": 1
        },
        {
            "answer": "практикоориентированное обучен",
            "count": 1
        },
        {
            "answer": "престиж работы в отрасли упал.",
            "count": 1
        },
        {
            "answer": "работа с подрядными организаци",
            "count": 1
        },
        {
            "answer": "работа с подрядчиками",
            "count": 1
        },
        {
            "answer": "развивать кб у  подрядчиков",
            "count": 1
        },
        {
            "answer": "усилить работу с подрядчиками",
            "count": 1
        },
        {
            "answer": "развитие \"мотивации на жизнь\"",
            "count": 1
        },
        {
            "answer": "усилить мотивационные рычаги",
            "count": 1
        },
        {
            "answer": "развитие агрессивной рекламы",
            "count": 1
        },
        {
            "answer": "разработка единых агитматериал",
            "count": 1
        },
        {
            "answer": "распространить плакаты по от",
            "count": 1
        },
        {
            "answer": "разработка смертельных рисков.",
            "count": 1
        },
        {
            "answer": "слёт рабочих и мастеров",
            "count": 1
        },
        {
            "answer": "создание лаборатоиий",
            "count": 1
        },
        {
            "answer": "упростить документооборот",
            "count": 1
        },
        {
            "answer": "упрощение проц-ры оцен. рисков",
            "count": 1
        },
        {
            "answer": "учёт событий низкого уровня",
            "count": 1
        },
        {
            "answer": "финансирование.",
            "count": 1
        },
        {
            "answer": "формирование пула аттестованны",
            "count": 1
        },
        {
            "answer": "цифровизация",
            "count": 1
        },
        {
            "answer": "эффективность взаимод. с по",
            "count": 1
        }
    ]
}