{
    "id": 22941,
    "question": "Ваши главные выводы по итогам сегодняшней конференции",
    "answers": [
        {
            "answer": "безгатичное пространство",
            "count": 1
        },
        {
            "answer": "больше раскатывать о проектах",
            "count": 1
        },
        {
            "answer": "в росатоме прекрасно организов",
            "count": 1
        },
        {
            "answer": "вдохновение",
            "count": 1
        },
        {
            "answer": "волонтерство мегаактуально",
            "count": 1
        },
        {
            "answer": "волонтёрство развито",
            "count": 1
        },
        {
            "answer": "волонтерству быть!",
            "count": 1
        },
        {
            "answer": "коллеги доброе утро!",
            "count": 1
        },
        {
            "answer": "много добра",
            "count": 1
        },
        {
            "answer": "твори добро",
            "count": 1
        },
        {
            "answer": "много новых идей для реализаци",
            "count": 1
        },
        {
            "answer": "много работы для волонтеров",
            "count": 1
        },
        {
            "answer": "мы готовы делать добрые дела",
            "count": 1
        },
        {
            "answer": "нас много",
            "count": 1
        },
        {
            "answer": "обьединение",
            "count": 1
        },
        {
            "answer": "со всем справимся вместе",
            "count": 1
        },
        {
            "answer": "я вижу единомышленников",
            "count": 1
        },
        {
            "answer": "нас поддержат",
            "count": 1
        },
        {
            "answer": "поддержка",
            "count": 2
        },
        {
            "answer": "радует поддержка руководства",
            "count": 1
        },
        {
            "answer": "нет",
            "count": 1
        },
        {
            "answer": "нужен буклет с практиками",
            "count": 1
        },
        {
            "answer": "нужен выделенный человек",
            "count": 1
        },
        {
            "answer": "нужен один лидер",
            "count": 1
        },
        {
            "answer": "нужно отдельное помещение",
            "count": 1
        },
        {
            "answer": "нужны команды",
            "count": 1
        },
        {
            "answer": "обратная связь",
            "count": 1
        },
        {
            "answer": "работают очень отзывчивые и те",
            "count": 1
        },
        {
            "answer": "росатом всегда на шаг впереди.",
            "count": 1
        },
        {
            "answer": "спасибо за полезную информацию",
            "count": 1
        },
        {
            "answer": "узнала много нового",
            "count": 1
        },
        {
            "answer": "теперь понятно чем можео помо",
            "count": 1
        },
        {
            "answer": "уникальность",
            "count": 1
        }
    ]
}