{
    "id": 22985,
    "question": "Какое у Вас настроение?",
    "answers": [
        {
            "answer": "атомное 🔥🔥🔥🔥🔥",
            "count": 1
        },
        {
            "answer": "волшебное",
            "count": 1
        },
        {
            "answer": "замечательное",
            "count": 4
        },
        {
            "answer": "отлично",
            "count": 4
        },
        {
            "answer": "отличное",
            "count": 30
        },
        {
            "answer": "отличное настроение",
            "count": 1
        },
        {
            "answer": "отличное!",
            "count": 3
        },
        {
            "answer": "отличное-рабочее",
            "count": 1
        },
        {
            "answer": "позитив",
            "count": 1
        },
        {
            "answer": "позитивное",
            "count": 6
        },
        {
            "answer": "светлое",
            "count": 1
        },
        {
            "answer": "супер",
            "count": 7
        },
        {
            "answer": "супер!",
            "count": 2
        },
        {
            "answer": "чудесное",
            "count": 1
        },
        {
            "answer": "шикарное",
            "count": 1
        },
        {
            "answer": "бодрое",
            "count": 6
        },
        {
            "answer": "бодрое 🔥🤟🔥",
            "count": 1
        },
        {
            "answer": "бодрое!",
            "count": 2
        },
        {
            "answer": "боевое",
            "count": 1
        },
        {
            "answer": "боевое)",
            "count": 1
        },
        {
            "answer": "загадочное ) бодрое",
            "count": 1
        },
        {
            "answer": "бывает лучше",
            "count": 1
        },
        {
            "answer": "волнительно",
            "count": 1
        },
        {
            "answer": "заинтрегоаанное",
            "count": 1
        },
        {
            "answer": "предвкушение",
            "count": 1
        },
        {
            "answer": "рабочее",
            "count": 4
        },
        {
            "answer": "творческое",
            "count": 1
        },
        {
            "answer": "уважение подчиненным",
            "count": 1
        },
        {
            "answer": "уверенное",
            "count": 1
        },
        {
            "answer": "усталое",
            "count": 1
        },
        {
            "answer": "хор",
            "count": 1
        },
        {
            "answer": "хорошее",
            "count": 10
        }
    ]
}