{
    "id": 23024,
    "question": "Ваши ассоциации «что такое смена?»",
    "answers": [
        {
            "answer": "группа интересных людей",
            "count": 1
        },
        {
            "answer": "команда",
            "count": 2
        },
        {
            "answer": "крутая команда",
            "count": 1
        },
        {
            "answer": "сообщество единомышленников",
            "count": 1
        },
        {
            "answer": "знания",
            "count": 2
        },
        {
            "answer": "новые знания",
            "count": 1
        },
        {
            "answer": "получение новых знаний",
            "count": 1
        },
        {
            "answer": "массовый движ",
            "count": 1
        },
        {
            "answer": "новые открытия",
            "count": 1
        },
        {
            "answer": "обмен опытом",
            "count": 1
        },
        {
            "answer": "общение",
            "count": 2
        },
        {
            "answer": "опыт",
            "count": 1
        },
        {
            "answer": "отдых",
            "count": 1
        },
        {
            "answer": "период где решается определ.",
            "count": 1
        },
        {
            "answer": "плодотворная работа",
            "count": 1
        },
        {
            "answer": "позитив",
            "count": 1
        },
        {
            "answer": "полезные знакомства",
            "count": 1
        },
        {
            "answer": "прирост",
            "count": 1
        },
        {
            "answer": "рабочий день",
            "count": 1
        },
        {
            "answer": "увлекательное приключение",
            "count": 1
        },
        {
            "answer": "часть непрерывного",
            "count": 1
        },
        {
            "answer": "энергия",
            "count": 1
        },
        {
            "answer": "яркая жизнь!",
            "count": 1
        }
    ]
}