{
    "id": 23023,
    "question": "Напишите ваши ожидания от курса в 2х словах?",
    "answers": [
        {
            "answer": "актуальные практики",
            "count": 1
        },
        {
            "answer": "взаимодействие людей",
            "count": 1
        },
        {
            "answer": "готовые решения",
            "count": 1
        },
        {
            "answer": "друзья",
            "count": 1
        },
        {
            "answer": "заряд энергии",
            "count": 1
        },
        {
            "answer": "знакомства",
            "count": 3
        },
        {
            "answer": "нетворкинг",
            "count": 1
        },
        {
            "answer": "новые знакомства",
            "count": 1
        },
        {
            "answer": "знани",
            "count": 1
        },
        {
            "answer": "новые знания",
            "count": 5
        },
        {
            "answer": "новые навыки",
            "count": 1
        },
        {
            "answer": "познавательно",
            "count": 1
        },
        {
            "answer": "польза",
            "count": 1
        },
        {
            "answer": "развитие",
            "count": 1
        },
        {
            "answer": "узнать новую информацию",
            "count": 1
        },
        {
            "answer": "узнать что то новое",
            "count": 1
        },
        {
            "answer": "знания+общение",
            "count": 1
        },
        {
            "answer": "коммуникация",
            "count": 1
        },
        {
            "answer": "концепция смены",
            "count": 1
        },
        {
            "answer": "мотивация",
            "count": 1
        },
        {
            "answer": "мотивация для новых успехов",
            "count": 1
        },
        {
            "answer": "несомненно крутой опыт",
            "count": 1
        },
        {
            "answer": "опыт",
            "count": 1
        },
        {
            "answer": "новое применение опыта",
            "count": 1
        },
        {
            "answer": "новые возможности",
            "count": 1
        },
        {
            "answer": "новые смыслы образовательных с",
            "count": 1
        },
        {
            "answer": "профильный летний лагерь",
            "count": 1
        },
        {
            "answer": "содержательно",
            "count": 1
        }
    ]
}