{
    "id": 23097,
    "question": "Напишите свою ассоциацию со словом \"бюрократ\"",
    "answers": [
        {
            "answer": "\"а справочка имеется?\" ©️",
            "count": 1
        },
        {
            "answer": "\"буквоед\"",
            "count": 1
        },
        {
            "answer": "буквает",
            "count": 1
        },
        {
            "answer": "буквоед",
            "count": 77
        },
        {
            "answer": "лишнее буквоедство",
            "count": 1
        },
        {
            "answer": "не спешащий буквоед.",
            "count": 1
        },
        {
            "answer": "важный формалист",
            "count": 1
        },
        {
            "answer": "избыточный формалист",
            "count": 1
        },
        {
            "answer": "форма важнее содержания",
            "count": 1
        },
        {
            "answer": "формализация",
            "count": 2
        },
        {
            "answer": "формализист",
            "count": 1
        },
        {
            "answer": "формализм",
            "count": 31
        },
        {
            "answer": "формализованный",
            "count": 1
        },
        {
            "answer": "формалист",
            "count": 206
        },
        {
            "answer": "формалист для которого форма",
            "count": 1
        },
        {
            "answer": "формалист зануда",
            "count": 1
        },
        {
            "answer": "формалист швондер",
            "count": 1
        },
        {
            "answer": "формалист/канцелярская крыса",
            "count": 1
        },
        {
            "answer": "формально",
            "count": 1
        },
        {
            "answer": "формальное выполнение работы",
            "count": 1
        },
        {
            "answer": "формальное затягивание",
            "count": 1
        },
        {
            "answer": "формальности",
            "count": 1
        },
        {
            "answer": "формальность",
            "count": 51
        },
        {
            "answer": "формальные правила",
            "count": 1
        },
        {
            "answer": "формальный",
            "count": 8
        },
        {
            "answer": "формальный подход.",
            "count": 1
        },
        {
            "answer": "формолист",
            "count": 1
        },
        {
            "answer": "канцеляр",
            "count": 1
        },
        {
            "answer": "канцелярия",
            "count": 4
        },
        {
            "answer": "канцелярская власть",
            "count": 1
        },
        {
            "answer": "канцелярская крыса",
            "count": 4
        },
        {
            "answer": "канцелярщик",
            "count": 1
        },
        {
            "answer": "канцелярщина",
            "count": 1
        },
        {
            "answer": "канцелярьщина",
            "count": 1
        },
        {
            "answer": "\"крючкотворец\"",
            "count": 1
        },
        {
            "answer": "бюрократ",
            "count": 1
        },
        {
            "answer": "бюрократ - времякрад",
            "count": 1
        },
        {
            "answer": "бюрократ - куче документов рад",
            "count": 1
        },
        {
            "answer": "бюрократ не человек росатома",
            "count": 1
        },
        {
            "answer": "бюрократия",
            "count": 4
        },
        {
            "answer": "бюрократия канцелярская власть",
            "count": 1
        },
        {
            "answer": "бюрократу важен процесс",
            "count": 1
        },
        {
            "answer": "бюросвалка",
            "count": 1
        },
        {
            "answer": "крючкотвор",
            "count": 32
        },
        {
            "answer": "крючкотворение",
            "count": 1
        },
        {
            "answer": "крючкотворец",
            "count": 8
        },
        {
            "answer": "крючкотворство",
            "count": 3
        },
        {
            "answer": "подменяющий смысл формой",
            "count": 1
        },
        {
            "answer": "\"бумажкодел\"",
            "count": 1
        },
        {
            "answer": "бумага",
            "count": 22
        },
        {
            "answer": "бумаги",
            "count": 22
        },
        {
            "answer": "бумаги волокита формальность",
            "count": 1
        },
        {
            "answer": "бумаговед",
            "count": 2
        },
        {
            "answer": "бумагодел",
            "count": 4
        },
        {
            "answer": "бумагомножитель",
            "count": 1
        },
        {
            "answer": "бумагоплодитель",
            "count": 2
        },
        {
            "answer": "бумаготворец",
            "count": 1
        },
        {
            "answer": "бумаготворитель",
            "count": 1
        },
        {
            "answer": "бумажка",
            "count": 3
        },
        {
            "answer": "бумажка на бумажку",
            "count": 1
        },
        {
            "answer": "бумажка на каждую проблему",
            "count": 1
        },
        {
            "answer": "бумажка ради бумажки",
            "count": 2
        },
        {
            "answer": "бумажки",
            "count": 14
        },
        {
            "answer": "бумажкодел",
            "count": 1
        },
        {
            "answer": "бумажная валокита",
            "count": 1
        },
        {
            "answer": "бумажная волокита",
            "count": 7
        },
        {
            "answer": "бумажная душа",
            "count": 11
        },
        {
            "answer": "бумажная работа",
            "count": 1
        },
        {
            "answer": "бумажная формальность",
            "count": 1
        },
        {
            "answer": "бумажник",
            "count": 2
        },
        {
            "answer": "бумажный",
            "count": 5
        },
        {
            "answer": "бумажный ад",
            "count": 1
        },
        {
            "answer": "бумажный педант",
            "count": 1
        },
        {
            "answer": "бумажный человек",
            "count": 3
        },
        {
            "answer": "бумажный червь",
            "count": 11
        },
        {
            "answer": "бумажный червяк",
            "count": 1
        },
        {
            "answer": "возня с бумагами",
            "count": 1
        },
        {
            "answer": "документ",
            "count": 6
        },
        {
            "answer": "документарный оборот",
            "count": 1
        },
        {
            "answer": "документации",
            "count": 1
        },
        {
            "answer": "документация",
            "count": 6
        },
        {
            "answer": "документоемкость",
            "count": 1
        },
        {
            "answer": "документолюбитель",
            "count": 1
        },
        {
            "answer": "документооборот",
            "count": 3
        },
        {
            "answer": "документопоклонник",
            "count": 1
        },
        {
            "answer": "документосвалка",
            "count": 1
        },
        {
            "answer": "документы",
            "count": 16
        },
        {
            "answer": "король бумажек",
            "count": 1
        },
        {
            "answer": "лишние жокументы",
            "count": 1
        },
        {
            "answer": "лишний документооборот",
            "count": 1
        },
        {
            "answer": "любитель бумаг",
            "count": 1
        },
        {
            "answer": "любитель процессов и бумаг",
            "count": 1
        },
        {
            "answer": "макулатура",
            "count": 2
        },
        {
            "answer": "макулатуроплодитель",
            "count": 1
        },
        {
            "answer": "мастер по бумажкам",
            "count": 1
        },
        {
            "answer": "много бумаги",
            "count": 1
        },
        {
            "answer": "много лишних бумаг",
            "count": 1
        },
        {
            "answer": "многобумаги",
            "count": 1
        },
        {
            "answer": "многобумажник",
            "count": 1
        },
        {
            "answer": "огромная стопка ненужных бумаг",
            "count": 1
        },
        {
            "answer": "перебирать бумаги",
            "count": 1
        },
        {
            "answer": "перекладывающий бумажки",
            "count": 1
        },
        {
            "answer": "повелитель бумаг",
            "count": 1
        },
        {
            "answer": "погрязший в бумагах",
            "count": 1
        },
        {
            "answer": "пожиратель бумаги",
            "count": 1
        },
        {
            "answer": "сборщик макулатуры",
            "count": 1
        },
        {
            "answer": "стопка бумаг",
            "count": 1
        },
        {
            "answer": "человек в бумажках",
            "count": 1
        },
        {
            "answer": "человек который плодит бумаги",
            "count": 1
        },
        {
            "answer": "человек-бумажка",
            "count": 1
        },
        {
            "answer": "\"бумажный червь\"",
            "count": 1
        },
        {
            "answer": "беспощадный бумагомаратель",
            "count": 1
        },
        {
            "answer": "бессмысленная бумажная волокит",
            "count": 2
        },
        {
            "answer": "бумагамаратель",
            "count": 1
        },
        {
            "answer": "бумагоед",
            "count": 2
        },
        {
            "answer": "бумаголюб",
            "count": 2
        },
        {
            "answer": "бумагомарака",
            "count": 4
        },
        {
            "answer": "бумагомарание",
            "count": 2
        },
        {
            "answer": "бумагомаратель",
            "count": 21
        },
        {
            "answer": "бумагомаратель,",
            "count": 1
        },
        {
            "answer": "бумагомарательство",
            "count": 1
        },
        {
            "answer": "бумагопреклонный",
            "count": 1
        },
        {
            "answer": "администрация по бумажкам",
            "count": 1
        },
        {
            "answer": "графоман",
            "count": 1
        },
        {
            "answer": "делопроизводитель",
            "count": 3
        },
        {
            "answer": "делопроизводство",
            "count": 1
        },
        {
            "answer": "бумажный произвол",
            "count": 1
        },
        {
            "answer": "работает для галочки",
            "count": 1
        },
        {
            "answer": "создающий видимость деятельнос",
            "count": 1
        },
        {
            "answer": "фиктивность",
            "count": 1
        },
        {
            "answer": "показуха",
            "count": 1
        },
        {
            "answer": "много лишней отчетности",
            "count": 1
        },
        {
            "answer": "много отчетов",
            "count": 1
        },
        {
            "answer": "ненужные отчеты",
            "count": 1
        },
        {
            "answer": "отчет",
            "count": 1
        },
        {
            "answer": "отчёт ради отчёта",
            "count": 1
        },
        {
            "answer": "отчетность",
            "count": 2
        },
        {
            "answer": "отчеты",
            "count": 2
        },
        {
            "answer": "отчёты и опросы",
            "count": 1
        },
        {
            "answer": "отчёт",
            "count": 1
        },
        {
            "answer": "\"душнила\"",
            "count": 1
        },
        {
            "answer": "«душнила»",
            "count": 1
        },
        {
            "answer": "въедливый",
            "count": 1
        },
        {
            "answer": "дотошность",
            "count": 1
        },
        {
            "answer": "дотошный",
            "count": 13
        },
        {
            "answer": "душная зануда",
            "count": 1
        },
        {
            "answer": "душнила",
            "count": 9
        },
        {
            "answer": "душный",
            "count": 4
        },
        {
            "answer": "зануда",
            "count": 47
        },
        {
            "answer": "занудный",
            "count": 2
        },
        {
            "answer": "занудство",
            "count": 2
        },
        {
            "answer": "мелочный",
            "count": 1
        },
        {
            "answer": "ненужный педантизм",
            "count": 1
        },
        {
            "answer": "педант",
            "count": 7
        },
        {
            "answer": "педант.",
            "count": 1
        },
        {
            "answer": "перфекционист",
            "count": 1
        },
        {
            "answer": "придирки",
            "count": 1
        },
        {
            "answer": "придирки до неважных мелочей",
            "count": 1
        },
        {
            "answer": "придирчивость",
            "count": 2
        },
        {
            "answer": "придирчивый",
            "count": 3
        },
        {
            "answer": "скрупулезность",
            "count": 1
        },
        {
            "answer": "скрупулёзность",
            "count": 1
        },
        {
            "answer": "скурпулезность",
            "count": 1
        },
        {
            "answer": "чересчур правильный",
            "count": 1
        },
        {
            "answer": "педантичный",
            "count": 1
        },
        {
            "answer": "запятуепривержинец",
            "count": 1
        },
        {
            "answer": "зацикленный на ненужных мелоча",
            "count": 1
        },
        {
            "answer": "недовольный жизнью зануда",
            "count": 1
        },
        {
            "answer": "нудила",
            "count": 1
        },
        {
            "answer": "нудно",
            "count": 2
        },
        {
            "answer": "нудный",
            "count": 6
        },
        {
            "answer": "нудный человек",
            "count": 1
        },
        {
            "answer": "\"заевшийся\"",
            "count": 1
        },
        {
            "answer": "толстопуз",
            "count": 1
        },
        {
            "answer": "толстый",
            "count": 1
        },
        {
            "answer": "\"замок\" ф. кафка",
            "count": 1
        },
        {
            "answer": "\"заноза\"",
            "count": 1
        },
        {
            "answer": "\"редиска\"",
            "count": 1
        },
        {
            "answer": "гад",
            "count": 1
        },
        {
            "answer": "заноза",
            "count": 2
        },
        {
            "answer": "зараза",
            "count": 1
        },
        {
            "answer": "негодяй",
            "count": 1
        },
        {
            "answer": "\"каждый суслик - агроном\"",
            "count": 1
        },
        {
            "answer": "«эксперт»",
            "count": 1
        },
        {
            "answer": "каждый суслик агроном",
            "count": 1
        },
        {
            "answer": "псевдопрофи",
            "count": 1
        },
        {
            "answer": "\"паленый\" самогон на поминках",
            "count": 1
        },
        {
            "answer": "\"ручник\" (ручной тормоз)",
            "count": 1
        },
        {
            "answer": "\"тормоз\"",
            "count": 1
        },
        {
            "answer": "задерживающий процесс",
            "count": 1
        },
        {
            "answer": "задержка",
            "count": 4
        },
        {
            "answer": "задержка; круговорот; душнила;",
            "count": 1
        },
        {
            "answer": "замедление",
            "count": 2
        },
        {
            "answer": "замедление времени",
            "count": 1
        },
        {
            "answer": "замедлитель",
            "count": 1
        },
        {
            "answer": "замедлитель работы",
            "count": 1
        },
        {
            "answer": "замедляющий",
            "count": 1
        },
        {
            "answer": "заминка",
            "count": 1
        },
        {
            "answer": "затормаживающий",
            "count": 1
        },
        {
            "answer": "затягивает принятие решений",
            "count": 1
        },
        {
            "answer": "затягивание",
            "count": 6
        },
        {
            "answer": "затягивание дела",
            "count": 1
        },
        {
            "answer": "затягивание процесса",
            "count": 1
        },
        {
            "answer": "затягивание процессов",
            "count": 1
        },
        {
            "answer": "затягиватель",
            "count": 2
        },
        {
            "answer": "затягиватель процессов",
            "count": 1
        },
        {
            "answer": "затягивать",
            "count": 1
        },
        {
            "answer": "затягивающий",
            "count": 3
        },
        {
            "answer": "затягивающий процесс",
            "count": 3
        },
        {
            "answer": "затягивающий процессы",
            "count": 1
        },
        {
            "answer": "затяжной",
            "count": 1
        },
        {
            "answer": "затянувшийся",
            "count": 1
        },
        {
            "answer": "звтягивание",
            "count": 1
        },
        {
            "answer": "идеалист тормозящий процесс",
            "count": 1
        },
        {
            "answer": "канитель",
            "count": 2
        },
        {
            "answer": "затягивание времени",
            "count": 1
        },
        {
            "answer": "останавливающий",
            "count": 1
        },
        {
            "answer": "останавливающий работу",
            "count": 1
        },
        {
            "answer": "торможение",
            "count": 2
        },
        {
            "answer": "тормоз",
            "count": 29
        },
        {
            "answer": "тормоз деятельности",
            "count": 1
        },
        {
            "answer": "тормоз производства",
            "count": 1
        },
        {
            "answer": "тормоз процесса",
            "count": 1
        },
        {
            "answer": "тормозит процесс",
            "count": 1
        },
        {
            "answer": "тормозитель",
            "count": 1
        },
        {
            "answer": "тормозной",
            "count": 1
        },
        {
            "answer": "тормозящий",
            "count": 4
        },
        {
            "answer": "тормозящий процедуру",
            "count": 1
        },
        {
            "answer": "тормозящий процесс",
            "count": 2
        },
        {
            "answer": "тот кто затягивает дело",
            "count": 1
        },
        {
            "answer": "удерживающий процесс",
            "count": 1
        },
        {
            "answer": "производственный тормоз",
            "count": 1
        },
        {
            "answer": "ручник",
            "count": 1
        },
        {
            "answer": "срыв сроков",
            "count": 1
        },
        {
            "answer": "стоп",
            "count": 2
        },
        {
            "answer": "стоп-кран",
            "count": 1
        },
        {
            "answer": "стопор",
            "count": 1
        },
        {
            "answer": "увеличение времени",
            "count": 1
        },
        {
            "answer": "увеличивающий сроки",
            "count": 1
        },
        {
            "answer": "удлинитель",
            "count": 1
        },
        {
            "answer": "удлиняющий",
            "count": 1
        },
        {
            "answer": "человек \"затягивающий\" рабочий",
            "count": 1
        },
        {
            "answer": "задержки",
            "count": 1
        },
        {
            "answer": "\"старовер\"",
            "count": 1
        },
        {
            "answer": "архаичный",
            "count": 1
        },
        {
            "answer": "динозавр",
            "count": 1
        },
        {
            "answer": "закоренелый",
            "count": 1
        },
        {
            "answer": "закостенелость",
            "count": 1
        },
        {
            "answer": "закостенелый",
            "count": 2
        },
        {
            "answer": "заскорузлость",
            "count": 1
        },
        {
            "answer": "застой",
            "count": 3
        },
        {
            "answer": "консервативность",
            "count": 1
        },
        {
            "answer": "консервативный",
            "count": 3
        },
        {
            "answer": "консерватизм",
            "count": 1
        },
        {
            "answer": "консерватор",
            "count": 7
        },
        {
            "answer": "костный",
            "count": 1
        },
        {
            "answer": "мракобес",
            "count": 1
        },
        {
            "answer": "несовременный",
            "count": 2
        },
        {
            "answer": "отсталый",
            "count": 1
        },
        {
            "answer": "регрессивный",
            "count": 1
        },
        {
            "answer": "ретроград",
            "count": 2
        },
        {
            "answer": "рудимент",
            "count": 2
        },
        {
            "answer": "старовер",
            "count": 3
        },
        {
            "answer": "старорежимник",
            "count": 1
        },
        {
            "answer": "устаревший",
            "count": 10
        },
        {
            "answer": "устаревший нудный человек",
            "count": 1
        },
        {
            "answer": "устарелый",
            "count": 2
        },
        {
            "answer": "косность",
            "count": 1
        },
        {
            "answer": "7 кругов ада",
            "count": 1
        },
        {
            "answer": "ад",
            "count": 1
        },
        {
            "answer": "www.buro.ru -\"бюрократ\" мебель",
            "count": 1
        },
        {
            "answer": "австро-венгрия",
            "count": 1
        },
        {
            "answer": "автократ",
            "count": 1
        },
        {
            "answer": "властитель",
            "count": 1
        },
        {
            "answer": "властный",
            "count": 1
        },
        {
            "answer": "власть",
            "count": 23
        },
        {
            "answer": "господство",
            "count": 2
        },
        {
            "answer": "властолюбие",
            "count": 1
        },
        {
            "answer": "администратор",
            "count": 1
        },
        {
            "answer": "администрация",
            "count": 1
        },
        {
            "answer": "администрация ; канцелярия",
            "count": 1
        },
        {
            "answer": "директор по общим вопросам",
            "count": 1
        },
        {
            "answer": "управленец",
            "count": 6
        },
        {
            "answer": "управление",
            "count": 8
        },
        {
            "answer": "управление власть чиновник",
            "count": 1
        },
        {
            "answer": "управление чиновник власть",
            "count": 1
        },
        {
            "answer": "агломерат",
            "count": 1
        },
        {
            "answer": "аккуратный требовательный",
            "count": 1
        },
        {
            "answer": "внимательный",
            "count": 1
        },
        {
            "answer": "алчный",
            "count": 1
        },
        {
            "answer": "жадность",
            "count": 2
        },
        {
            "answer": "жлоб",
            "count": 1
        },
        {
            "answer": "требования",
            "count": 1
        },
        {
            "answer": "требовательность",
            "count": 1
        },
        {
            "answer": "анти-продуктивный",
            "count": 1
        },
        {
            "answer": "антирезультативный",
            "count": 1
        },
        {
            "answer": "аппарат",
            "count": 1
        },
        {
            "answer": "асоциальный",
            "count": 1
        },
        {
            "answer": "балласт",
            "count": 2
        },
        {
            "answer": "атавизм",
            "count": 2
        },
        {
            "answer": "барьер",
            "count": 3
        },
        {
            "answer": "камень преткновения",
            "count": 1
        },
        {
            "answer": "мешает проекту",
            "count": 1
        },
        {
            "answer": "мешает работать",
            "count": 1
        },
        {
            "answer": "мешающий",
            "count": 2
        },
        {
            "answer": "преграда",
            "count": 3
        },
        {
            "answer": "преграда на пути прогресса!",
            "count": 1
        },
        {
            "answer": "препятствие",
            "count": 6
        },
        {
            "answer": "препятствие прогрессу",
            "count": 1
        },
        {
            "answer": "препятствия",
            "count": 1
        },
        {
            "answer": "препятствование",
            "count": 1
        },
        {
            "answer": "препятствующий",
            "count": 1
        },
        {
            "answer": "человек который мешает работе",
            "count": 1
        },
        {
            "answer": "создающий препоны",
            "count": 1
        },
        {
            "answer": "тормоз прогресса",
            "count": 2
        },
        {
            "answer": "бегемот",
            "count": 1
        },
        {
            "answer": "беда",
            "count": 1
        },
        {
            "answer": "без инициативный к работе",
            "count": 1
        },
        {
            "answer": "безынициативный",
            "count": 2
        },
        {
            "answer": "инертность",
            "count": 2
        },
        {
            "answer": "не способен предлагать новое",
            "count": 1
        },
        {
            "answer": "отсутствие инициативы",
            "count": 1
        },
        {
            "answer": "безвыходность",
            "count": 1
        },
        {
            "answer": "неизбежность",
            "count": 1
        },
        {
            "answer": "бездарный",
            "count": 1
        },
        {
            "answer": "бездействие",
            "count": 1
        },
        {
            "answer": "бездельник",
            "count": 8
        },
        {
            "answer": "бездельник с требованиями",
            "count": 1
        },
        {
            "answer": "бездельник.",
            "count": 1
        },
        {
            "answer": "ленивец",
            "count": 1
        },
        {
            "answer": "ленивый",
            "count": 6
        },
        {
            "answer": "лентяй",
            "count": 12
        },
        {
            "answer": "лень",
            "count": 2
        },
        {
            "answer": "лоботряс",
            "count": 1
        },
        {
            "answer": "лодырь",
            "count": 1
        },
        {
            "answer": "трутень",
            "count": 2
        },
        {
            "answer": "бездушный",
            "count": 2
        },
        {
            "answer": "камень",
            "count": 1
        },
        {
            "answer": "сухарь",
            "count": 1
        },
        {
            "answer": "безнаказанность",
            "count": 1
        },
        {
            "answer": "безопасность",
            "count": 3
        },
        {
            "answer": "безответсвенный",
            "count": 1
        },
        {
            "answer": "безответственность",
            "count": 4
        },
        {
            "answer": "безответственный",
            "count": 6
        },
        {
            "answer": "неответственный",
            "count": 1
        },
        {
            "answer": "безответнный",
            "count": 1
        },
        {
            "answer": "безразличный",
            "count": 2
        },
        {
            "answer": "безуспешный",
            "count": 1
        },
        {
            "answer": "бесконечное согласование",
            "count": 1
        },
        {
            "answer": "бесконечность",
            "count": 1
        },
        {
            "answer": "бесконечность - не предел",
            "count": 1
        },
        {
            "answer": "бесконечный",
            "count": 1
        },
        {
            "answer": "большой круг согласований",
            "count": 1
        },
        {
            "answer": "валакита",
            "count": 1
        },
        {
            "answer": "волокита",
            "count": 126
        },
        {
            "answer": "волокита проволочка переделка",
            "count": 1
        },
        {
            "answer": "волокитчик",
            "count": 35
        },
        {
            "answer": "волокта",
            "count": 1
        },
        {
            "answer": "вор времени",
            "count": 1
        },
        {
            "answer": "временной воришка",
            "count": 1
        },
        {
            "answer": "время",
            "count": 9
        },
        {
            "answer": "времязатратный",
            "count": 1
        },
        {
            "answer": "времякрад",
            "count": 3
        },
        {
            "answer": "времяпожиратель",
            "count": 1
        },
        {
            "answer": "времятрат",
            "count": 1
        },
        {
            "answer": "длительное ожидание",
            "count": 1
        },
        {
            "answer": "длительность",
            "count": 2
        },
        {
            "answer": "длительный",
            "count": 2
        },
        {
            "answer": "долгий",
            "count": 12
        },
        {
            "answer": "долго",
            "count": 6
        },
        {
            "answer": "долго и не нужно",
            "count": 1
        },
        {
            "answer": "долго и нудно",
            "count": 1
        },
        {
            "answer": "долго но \"все ходы записаны\"",
            "count": 1
        },
        {
            "answer": "долгое согласование различных",
            "count": 1
        },
        {
            "answer": "долгоиграющий.",
            "count": 1
        },
        {
            "answer": "долгосогласующий)))",
            "count": 1
        },
        {
            "answer": "крадет время",
            "count": 1
        },
        {
            "answer": "медленная работа",
            "count": 1
        },
        {
            "answer": "медленно",
            "count": 3
        },
        {
            "answer": "медленный",
            "count": 6
        },
        {
            "answer": "медлительность",
            "count": 6
        },
        {
            "answer": "медлительный",
            "count": 4
        },
        {
            "answer": "много времени",
            "count": 1
        },
        {
            "answer": "не ценящий чужое время",
            "count": 1
        },
        {
            "answer": "обесценивание времени",
            "count": 1
        },
        {
            "answer": "поглотитель времени",
            "count": 1
        },
        {
            "answer": "пожиратель времени",
            "count": 3
        },
        {
            "answer": "похититель времени",
            "count": 1
        },
        {
            "answer": "прожигатель времени",
            "count": 1
        },
        {
            "answer": "убийца времени",
            "count": 1
        },
        {
            "answer": "украденное время",
            "count": 1
        },
        {
            "answer": "человек крадущий время",
            "count": 1
        },
        {
            "answer": "пробуксовка",
            "count": 3
        },
        {
            "answer": "проволока",
            "count": 1
        },
        {
            "answer": "проволочка",
            "count": 5
        },
        {
            "answer": "проволочки",
            "count": 1
        },
        {
            "answer": "продолжительность",
            "count": 1
        },
        {
            "answer": "создающий волокиту",
            "count": 2
        },
        {
            "answer": "тяжатель волокита отписка",
            "count": 1
        },
        {
            "answer": "промедление",
            "count": 1
        },
        {
            "answer": "резинотянутель",
            "count": 1
        },
        {
            "answer": "таймкиллер",
            "count": 2
        },
        {
            "answer": "топтание на месте",
            "count": 1
        },
        {
            "answer": "тягомот",
            "count": 3
        },
        {
            "answer": "тягомотина",
            "count": 11
        },
        {
            "answer": "тянучка",
            "count": 2
        },
        {
            "answer": "бесполезная работа",
            "count": 1
        },
        {
            "answer": "бесполезно",
            "count": 2
        },
        {
            "answer": "бесполезность",
            "count": 5
        },
        {
            "answer": "бесполезный",
            "count": 15
        },
        {
            "answer": "бесполезный работник",
            "count": 1
        },
        {
            "answer": "бессмысленно",
            "count": 2
        },
        {
            "answer": "бессмысленный",
            "count": 2
        },
        {
            "answer": "бессполезность",
            "count": 1
        },
        {
            "answer": "генератор бесцельной работы",
            "count": 1
        },
        {
            "answer": "кадровый мусор",
            "count": 1
        },
        {
            "answer": "мартышкин труд",
            "count": 1
        },
        {
            "answer": "бессмысленная трата времени",
            "count": 1
        },
        {
            "answer": "потеря времени",
            "count": 3
        },
        {
            "answer": "потерянное время",
            "count": 4
        },
        {
            "answer": "потерянный человек",
            "count": 1
        },
        {
            "answer": "потерять много времени",
            "count": 1
        },
        {
            "answer": "потраченное время",
            "count": 1
        },
        {
            "answer": "трата времени",
            "count": 4
        },
        {
            "answer": "тратить время зря",
            "count": 1
        },
        {
            "answer": "бестолковый",
            "count": 1
        },
        {
            "answer": "блок собственных сил",
            "count": 1
        },
        {
            "answer": "блюститель правил и порядка",
            "count": 1
        },
        {
            "answer": "законник",
            "count": 2
        },
        {
            "answer": "законозависимый",
            "count": 1
        },
        {
            "answer": "заложник инструкций",
            "count": 1
        },
        {
            "answer": "зарегламентированность",
            "count": 1
        },
        {
            "answer": "зарегламентированный",
            "count": 1
        },
        {
            "answer": "излишне регламентированный",
            "count": 1
        },
        {
            "answer": "исключительно по правилам",
            "count": 1
        },
        {
            "answer": "кандовые 100листовый регламент",
            "count": 1
        },
        {
            "answer": "максимально регламентировано",
            "count": 1
        },
        {
            "answer": "мышление в рамках регламентов",
            "count": 1
        },
        {
            "answer": "норма",
            "count": 1
        },
        {
            "answer": "правила",
            "count": 4
        },
        {
            "answer": "правила ради правил",
            "count": 1
        },
        {
            "answer": "правило",
            "count": 3
        },
        {
            "answer": "правильный",
            "count": 1
        },
        {
            "answer": "псевдоправильный",
            "count": 1
        },
        {
            "answer": "следует правилам",
            "count": 1
        },
        {
            "answer": "четкие правила",
            "count": 1
        },
        {
            "answer": "четко соблюдает правила",
            "count": 1
        },
        {
            "answer": "разнаписанозначиттакинадо",
            "count": 1
        },
        {
            "answer": "регламент",
            "count": 7
        },
        {
            "answer": "регламентированный кошмар",
            "count": 1
        },
        {
            "answer": "справочник регламентов",
            "count": 1
        },
        {
            "answer": "строго следовать букве закона",
            "count": 1
        },
        {
            "answer": "так положено",
            "count": 1
        },
        {
            "answer": "устаревающие регламенты",
            "count": 1
        },
        {
            "answer": "человек-инструкция",
            "count": 1
        },
        {
            "answer": "закон",
            "count": 1
        },
        {
            "answer": "инструкция",
            "count": 1
        },
        {
            "answer": "боится ответственности",
            "count": 1
        },
        {
            "answer": "боязнь принятия решений",
            "count": 1
        },
        {
            "answer": "боящийся",
            "count": 1
        },
        {
            "answer": "боящийся ответственности",
            "count": 1
        },
        {
            "answer": "избегание ответственности",
            "count": 1
        },
        {
            "answer": "не берет ответственность",
            "count": 1
        },
        {
            "answer": "не хочет брать ответственность",
            "count": 1
        },
        {
            "answer": "перекинуть ответственность",
            "count": 1
        },
        {
            "answer": "перекладывает ответственность",
            "count": 1
        },
        {
            "answer": "перекладывание ответственности",
            "count": 1
        },
        {
            "answer": "разделим ответственность",
            "count": 1
        },
        {
            "answer": "размытие ответственности",
            "count": 1
        },
        {
            "answer": "уйти от ответственности",
            "count": 1
        },
        {
            "answer": "уход от ответственности",
            "count": 1
        },
        {
            "answer": "уходящий от ответственности",
            "count": 1
        },
        {
            "answer": "стрелочник",
            "count": 5
        },
        {
            "answer": "болото",
            "count": 11
        },
        {
            "answer": "трясина",
            "count": 2
        },
        {
            "answer": "большой начальник,",
            "count": 1
        },
        {
            "answer": "любой вышестоящий руководитель",
            "count": 1
        },
        {
            "answer": "начальник",
            "count": 7
        },
        {
            "answer": "руководитель",
            "count": 2
        },
        {
            "answer": "брюзга",
            "count": 1
        },
        {
            "answer": "бухгалтер",
            "count": 2
        },
        {
            "answer": "бухгалтерия",
            "count": 1
        },
        {
            "answer": "бывалый",
            "count": 1
        },
        {
            "answer": "в ущерб дела",
            "count": 1
        },
        {
            "answer": "в ущерб результату",
            "count": 1
        },
        {
            "answer": "результат бюрократу не важен",
            "count": 1
        },
        {
            "answer": "важнее содержания",
            "count": 1
        },
        {
            "answer": "важность",
            "count": 1
        },
        {
            "answer": "вахтер",
            "count": 1
        },
        {
            "answer": "вахтёр",
            "count": 1
        },
        {
            "answer": "взятка",
            "count": 1
        },
        {
            "answer": "мздоимец",
            "count": 1
        },
        {
            "answer": "военный",
            "count": 2
        },
        {
            "answer": "возрастной человек",
            "count": 1
        },
        {
            "answer": "вредина",
            "count": 1
        },
        {
            "answer": "вредина,",
            "count": 1
        },
        {
            "answer": "вредитель",
            "count": 21
        },
        {
            "answer": "вредительство",
            "count": 1
        },
        {
            "answer": "вредность",
            "count": 1
        },
        {
            "answer": "вредный",
            "count": 3
        },
        {
            "answer": "вредоносные действия",
            "count": 1
        },
        {
            "answer": "вколесапалковтыкатель",
            "count": 1
        },
        {
            "answer": "все усложняющий",
            "count": 1
        },
        {
            "answer": "затруднительный",
            "count": 1
        },
        {
            "answer": "затрудняющий",
            "count": 2
        },
        {
            "answer": "затрудняющий работу сотрудник",
            "count": 1
        },
        {
            "answer": "палка в колесе",
            "count": 1
        },
        {
            "answer": "палки в колеса",
            "count": 1
        },
        {
            "answer": "палки в колёса",
            "count": 1
        },
        {
            "answer": "палковставлятель",
            "count": 1
        },
        {
            "answer": "тот кто усложняет процесс",
            "count": 1
        },
        {
            "answer": "затруднение",
            "count": 1
        },
        {
            "answer": "высокомерный",
            "count": 1
        },
        {
            "answer": "горделивый",
            "count": 1
        },
        {
            "answer": "надменный",
            "count": 1
        },
        {
            "answer": "высший",
            "count": 1
        },
        {
            "answer": "вышестоящий",
            "count": 1
        },
        {
            "answer": "господин",
            "count": 1
        },
        {
            "answer": "хозяин",
            "count": 1
        },
        {
            "answer": "гермес конрад",
            "count": 1
        },
        {
            "answer": "гиперконтроль",
            "count": 1
        },
        {
            "answer": "главное процесс не результат",
            "count": 1
        },
        {
            "answer": "любит процесс а не результат",
            "count": 1
        },
        {
            "answer": "почитатель процедур",
            "count": 1
        },
        {
            "answer": "процедура",
            "count": 1
        },
        {
            "answer": "процесс",
            "count": 6
        },
        {
            "answer": "процесс а не результат",
            "count": 2
        },
        {
            "answer": "процесс без цели",
            "count": 1
        },
        {
            "answer": "процессник (не результатник)",
            "count": 1
        },
        {
            "answer": "процессный",
            "count": 1
        },
        {
            "answer": "фокус на длительности процесса",
            "count": 1
        },
        {
            "answer": "человек процесса",
            "count": 1
        },
        {
            "answer": "человек-процесс",
            "count": 1
        },
        {
            "answer": "глупец",
            "count": 1
        },
        {
            "answer": "дэбил",
            "count": 1
        },
        {
            "answer": "тупой",
            "count": 1
        },
        {
            "answer": "глупый",
            "count": 1
        },
        {
            "answer": "гос.служащий",
            "count": 1
        },
        {
            "answer": "госслужащий",
            "count": 1
        },
        {
            "answer": "госслужбы",
            "count": 1
        },
        {
            "answer": "государственный служащий",
            "count": 3
        },
        {
            "answer": "крупный ченовник",
            "count": 1
        },
        {
            "answer": "чиновник",
            "count": 116
        },
        {
            "answer": "чиновник- служащий",
            "count": 1
        },
        {
            "answer": "чиновничество",
            "count": 1
        },
        {
            "answer": "чинодрал",
            "count": 1
        },
        {
            "answer": "чинуша",
            "count": 6
        },
        {
            "answer": "чинуша,",
            "count": 1
        },
        {
            "answer": "чинушка",
            "count": 1
        },
        {
            "answer": "громоздкость",
            "count": 1
        },
        {
            "answer": "делегат",
            "count": 1
        },
        {
            "answer": "делопут",
            "count": 1
        },
        {
            "answer": "демагог",
            "count": 1
        },
        {
            "answer": "демон",
            "count": 1
        },
        {
            "answer": "дьявол",
            "count": 1
        },
        {
            "answer": "злодей",
            "count": 1
        },
        {
            "answer": "злюка-гадюка",
            "count": 1
        },
        {
            "answer": "деньги",
            "count": 5
        },
        {
            "answer": "дипломат",
            "count": 1
        },
        {
            "answer": "диспропорция",
            "count": 1
        },
        {
            "answer": "диструктор",
            "count": 1
        },
        {
            "answer": "длинное плечо",
            "count": 1
        },
        {
            "answer": "дно",
            "count": 1
        },
        {
            "answer": "доп. ненужные действия",
            "count": 1
        },
        {
            "answer": "ненужные де",
            "count": 1
        },
        {
            "answer": "дубляж",
            "count": 1
        },
        {
            "answer": "задвоение процессов",
            "count": 1
        },
        {
            "answer": "душувыматывающий",
            "count": 1
        },
        {
            "answer": "еосдо",
            "count": 2
        },
        {
            "answer": "есть и плюсы",
            "count": 1
        },
        {
            "answer": "жаба",
            "count": 1
        },
        {
            "answer": "жертва системы",
            "count": 1
        },
        {
            "answer": "жкх",
            "count": 1
        },
        {
            "answer": "комунальщики",
            "count": 1
        },
        {
            "answer": "жук",
            "count": 1
        },
        {
            "answer": "забвение",
            "count": 1
        },
        {
            "answer": "замзам",
            "count": 1
        },
        {
            "answer": "замкнутый круг",
            "count": 2
        },
        {
            "answer": "зацикленность",
            "count": 1
        },
        {
            "answer": "зацикленный",
            "count": 1
        },
        {
            "answer": "круговорот",
            "count": 1
        },
        {
            "answer": "многократный",
            "count": 1
        },
        {
            "answer": "повторнокруговый",
            "count": 1
        },
        {
            "answer": "хождение по кругу",
            "count": 1
        },
        {
            "answer": "повтор",
            "count": 1
        },
        {
            "answer": "заморочки",
            "count": 1
        },
        {
            "answer": "муторно",
            "count": 1
        },
        {
            "answer": "муторный",
            "count": 1
        },
        {
            "answer": "занятость",
            "count": 1
        },
        {
            "answer": "запретить",
            "count": 1
        },
        {
            "answer": "зачемтокомутонужный",
            "count": 1
        },
        {
            "answer": "зашоренность",
            "count": 1
        },
        {
            "answer": "звезда",
            "count": 1
        },
        {
            "answer": "злоупотребление",
            "count": 2
        },
        {
            "answer": "идолопоклонник",
            "count": 1
        },
        {
            "answer": "иерархичность",
            "count": 1
        },
        {
            "answer": "избыточные процедуры",
            "count": 1
        },
        {
            "answer": "избыточный",
            "count": 4
        },
        {
            "answer": "излишество",
            "count": 1
        },
        {
            "answer": "излишки",
            "count": 2
        },
        {
            "answer": "излишние согласования",
            "count": 1
        },
        {
            "answer": "излишний",
            "count": 2
        },
        {
            "answer": "излишняя обработка",
            "count": 1
        },
        {
            "answer": "лишнее",
            "count": 1
        },
        {
            "answer": "лишние действия",
            "count": 1
        },
        {
            "answer": "лишние затраты",
            "count": 1
        },
        {
            "answer": "лишний",
            "count": 6
        },
        {
            "answer": "лишняя работа",
            "count": 2
        },
        {
            "answer": "любитель лишних действий",
            "count": 1
        },
        {
            "answer": "много бесполезных действий",
            "count": 1
        },
        {
            "answer": "много лишнего",
            "count": 1
        },
        {
            "answer": "перебор",
            "count": 1
        },
        {
            "answer": "требующий лишних действий",
            "count": 1
        },
        {
            "answer": "чересчур",
            "count": 1
        },
        {
            "answer": "чересчур качественно",
            "count": 1
        },
        {
            "answer": "чрезмерность",
            "count": 1
        },
        {
            "answer": "чрезмерный",
            "count": 1
        },
        {
            "answer": "чрезмерный прагматизм",
            "count": 1
        },
        {
            "answer": "перебдитель",
            "count": 1
        },
        {
            "answer": "лишнее звено",
            "count": 1
        },
        {
            "answer": "лишнее звено цепочк",
            "count": 1
        },
        {
            "answer": "инструмент управления",
            "count": 1
        },
        {
            "answer": "интриган",
            "count": 1
        },
        {
            "answer": "исполнитель",
            "count": 3
        },
        {
            "answer": "исполнительный",
            "count": 2
        },
        {
            "answer": "исполнительный дотошный",
            "count": 1
        },
        {
            "answer": "исправления",
            "count": 1
        },
        {
            "answer": "кабинетчик",
            "count": 4
        },
        {
            "answer": "кадры",
            "count": 1
        },
        {
            "answer": "карьерист",
            "count": 3
        },
        {
            "answer": "квест",
            "count": 1
        },
        {
            "answer": "киллер идей",
            "count": 1
        },
        {
            "answer": "непривествие  новых идей",
            "count": 1
        },
        {
            "answer": "книжный червь",
            "count": 1
        },
        {
            "answer": "командировки",
            "count": 1
        },
        {
            "answer": "коммуникация в сложной системе",
            "count": 1
        },
        {
            "answer": "компания",
            "count": 1
        },
        {
            "answer": "контора",
            "count": 1
        },
        {
            "answer": "комформист",
            "count": 1
        },
        {
            "answer": "нет своей позиции",
            "count": 1
        },
        {
            "answer": "конформист",
            "count": 1
        },
        {
            "answer": "контроль",
            "count": 1
        },
        {
            "answer": "корпоративный газлайтер",
            "count": 1
        },
        {
            "answer": "корпоративный трус",
            "count": 1
        },
        {
            "answer": "коррупция",
            "count": 2
        },
        {
            "answer": "мурмурпция",
            "count": 1
        },
        {
            "answer": "корупция",
            "count": 1
        },
        {
            "answer": "костоправ",
            "count": 1
        },
        {
            "answer": "кресло",
            "count": 1
        },
        {
            "answer": "крыса",
            "count": 2
        },
        {
            "answer": "лист согласования",
            "count": 1
        },
        {
            "answer": "согласование",
            "count": 9
        },
        {
            "answer": "согласования",
            "count": 1
        },
        {
            "answer": "согласующий",
            "count": 2
        },
        {
            "answer": "пренебрежение",
            "count": 1
        },
        {
            "answer": "малоэффективный",
            "count": 1
        },
        {
            "answer": "непродуктивный",
            "count": 2
        },
        {
            "answer": "непроизводительный",
            "count": 1
        },
        {
            "answer": "нерезультативный",
            "count": 1
        },
        {
            "answer": "неэфективный",
            "count": 1
        },
        {
            "answer": "неэффективность",
            "count": 12
        },
        {
            "answer": "неэффективный",
            "count": 16
        },
        {
            "answer": "слаборезультативный",
            "count": 1
        },
        {
            "answer": "махровый",
            "count": 1
        },
        {
            "answer": "менеджер",
            "count": 2
        },
        {
            "answer": "мозгоклюй",
            "count": 1
        },
        {
            "answer": "минобороны",
            "count": 1
        },
        {
            "answer": "много действий",
            "count": 1
        },
        {
            "answer": "много не кому не нужных действ",
            "count": 1
        },
        {
            "answer": "мфц",
            "count": 1
        },
        {
            "answer": "надоедатель",
            "count": 1
        },
        {
            "answer": "нахлебник",
            "count": 1
        },
        {
            "answer": "паразит",
            "count": 6
        },
        {
            "answer": "паразитизм",
            "count": 1
        },
        {
            "answer": "не вовлеченный",
            "count": 1
        },
        {
            "answer": "не заинтерисованный в результа",
            "count": 1
        },
        {
            "answer": "невовлеченный",
            "count": 1
        },
        {
            "answer": "незаинтересованность в успехе",
            "count": 1
        },
        {
            "answer": "незаинтересованный",
            "count": 1
        },
        {
            "answer": "отсутствие заинтересованности",
            "count": 1
        },
        {
            "answer": "не командный игрок",
            "count": 1
        },
        {
            "answer": "не компетентный",
            "count": 1
        },
        {
            "answer": "некомпетентность",
            "count": 4
        },
        {
            "answer": "некомпетентный",
            "count": 3
        },
        {
            "answer": "не компете",
            "count": 1
        },
        {
            "answer": "непрофессиональный",
            "count": 1
        },
        {
            "answer": "не прозрачные процессы.",
            "count": 1
        },
        {
            "answer": "не уверенный",
            "count": 1
        },
        {
            "answer": "нерешительность",
            "count": 1
        },
        {
            "answer": "нерешительный",
            "count": 1
        },
        {
            "answer": "неуверенность",
            "count": 1
        },
        {
            "answer": "не я",
            "count": 1
        },
        {
            "answer": "неважно",
            "count": 1
        },
        {
            "answer": "невежда",
            "count": 1
        },
        {
            "answer": "невыполнимо",
            "count": 1
        },
        {
            "answer": "негибкий",
            "count": 3
        },
        {
            "answer": "негибкость",
            "count": 2
        },
        {
            "answer": "отсутствие гибкости",
            "count": 1
        },
        {
            "answer": "недальновидный",
            "count": 1
        },
        {
            "answer": "недисциплинированный",
            "count": 1
        },
        {
            "answer": "недоговорной",
            "count": 1
        },
        {
            "answer": "недумающий",
            "count": 1
        },
        {
            "answer": "нежелание",
            "count": 2
        },
        {
            "answer": "неконструктивный",
            "count": 1
        },
        {
            "answer": "ненадежный",
            "count": 1
        },
        {
            "answer": "ненужный",
            "count": 3
        },
        {
            "answer": "пятое колесо",
            "count": 2
        },
        {
            "answer": "необходимое зло",
            "count": 1
        },
        {
            "answer": "такие тоже нужны",
            "count": 1
        },
        {
            "answer": "обязательный",
            "count": 1
        },
        {
            "answer": "необъективный",
            "count": 1
        },
        {
            "answer": "необязательность",
            "count": 1
        },
        {
            "answer": "неоптимальный подход",
            "count": 1
        },
        {
            "answer": "нерациональный",
            "count": 1
        },
        {
            "answer": "неповоротливый",
            "count": 2
        },
        {
            "answer": "непонимание",
            "count": 1
        },
        {
            "answer": "непонимающий",
            "count": 2
        },
        {
            "answer": "неприятный",
            "count": 1
        },
        {
            "answer": "нервы",
            "count": 3
        },
        {
            "answer": "несносный",
            "count": 1
        },
        {
            "answer": "несознательный гражданин",
            "count": 1
        },
        {
            "answer": "нет системного мышления",
            "count": 1
        },
        {
            "answer": "неуважение",
            "count": 1
        },
        {
            "answer": "нецелесообразность",
            "count": 1
        },
        {
            "answer": "нецелесообразный",
            "count": 1
        },
        {
            "answer": "неуступчивый",
            "count": 1
        },
        {
            "answer": "нужно менять подход",
            "count": 1
        },
        {
            "answer": "обломов",
            "count": 1
        },
        {
            "answer": "обманщик",
            "count": 3
        },
        {
            "answer": "обременяющий",
            "count": 1
        },
        {
            "answer": "обслуживание системы",
            "count": 1
        },
        {
            "answer": "обтекатель",
            "count": 1
        },
        {
            "answer": "отмазчик",
            "count": 1
        },
        {
            "answer": "отрицало",
            "count": 1
        },
        {
            "answer": "общество",
            "count": 1
        },
        {
            "answer": "ограничения",
            "count": 1
        },
        {
            "answer": "ограниченный",
            "count": 2
        },
        {
            "answer": "ограничительный",
            "count": 1
        },
        {
            "answer": "одо",
            "count": 1
        },
        {
            "answer": "ожидание",
            "count": 2
        },
        {
            "answer": "организованный",
            "count": 1
        },
        {
            "answer": "порядок",
            "count": 7
        },
        {
            "answer": "ответственность",
            "count": 1
        },
        {
            "answer": "ответственный",
            "count": 1
        },
        {
            "answer": "отлагательство",
            "count": 1
        },
        {
            "answer": "отсрочка выполнения задачи",
            "count": 1
        },
        {
            "answer": "прокрастинатор",
            "count": 2
        },
        {
            "answer": "отщепенец",
            "count": 1
        },
        {
            "answer": "офис",
            "count": 1
        },
        {
            "answer": "офисный планктон",
            "count": 1
        },
        {
            "answer": "офисный работник",
            "count": 2
        },
        {
            "answer": "официал",
            "count": 1
        },
        {
            "answer": "оформление",
            "count": 2
        },
        {
            "answer": "оформл",
            "count": 1
        },
        {
            "answer": "очередь",
            "count": 1
        },
        {
            "answer": "парадокс",
            "count": 1
        },
        {
            "answer": "паспортный стол",
            "count": 1
        },
        {
            "answer": "паук",
            "count": 2
        },
        {
            "answer": "тенётник",
            "count": 1
        },
        {
            "answer": "тенето",
            "count": 1
        },
        {
            "answer": "пенсионер",
            "count": 1
        },
        {
            "answer": "старость",
            "count": 1
        },
        {
            "answer": "перекидывание отвественности",
            "count": 1
        },
        {
            "answer": "переоформление орд",
            "count": 1
        },
        {
            "answer": "перепоручить порученное",
            "count": 1
        },
        {
            "answer": "перепроизводство",
            "count": 3
        },
        {
            "answer": "перерыв",
            "count": 1
        },
        {
            "answer": "перестраховка",
            "count": 1
        },
        {
            "answer": "перестраховщик",
            "count": 12
        },
        {
            "answer": "перестраховщик.",
            "count": 1
        },
        {
            "answer": "перестраховываемость",
            "count": 1
        },
        {
            "answer": "подстаховщих безответственный",
            "count": 1
        },
        {
            "answer": "подстраховщик",
            "count": 1
        },
        {
            "answer": "попоприкрыватель",
            "count": 1
        },
        {
            "answer": "прикрытие 5й точки",
            "count": 1
        },
        {
            "answer": "сторонник безопасного подхода",
            "count": 1
        },
        {
            "answer": "печать и подпись",
            "count": 1
        },
        {
            "answer": "подписи",
            "count": 2
        },
        {
            "answer": "подпись",
            "count": 5
        },
        {
            "answer": "пирамида",
            "count": 1
        },
        {
            "answer": "писарь",
            "count": 1
        },
        {
            "answer": "писатель",
            "count": 2
        },
        {
            "answer": "писать",
            "count": 1
        },
        {
            "answer": "письмоводитель",
            "count": 2
        },
        {
            "answer": "план",
            "count": 1
        },
        {
            "answer": "плохой управленец",
            "count": 1
        },
        {
            "answer": "подножка",
            "count": 1
        },
        {
            "answer": "подчинение",
            "count": 1
        },
        {
            "answer": "политик",
            "count": 5
        },
        {
            "answer": "политика",
            "count": 3
        },
        {
            "answer": "помогатель",
            "count": 1
        },
        {
            "answer": "попрошайка",
            "count": 1
        },
        {
            "answer": "потери",
            "count": 8
        },
        {
            "answer": "потеря",
            "count": 5
        },
        {
            "answer": "пофигист",
            "count": 1
        },
        {
            "answer": "преувеличивающий",
            "count": 1
        },
        {
            "answer": "привилегия",
            "count": 1
        },
        {
            "answer": "принципиальность",
            "count": 1
        },
        {
            "answer": "принципиальный",
            "count": 3
        },
        {
            "answer": "принципиальный управленец",
            "count": 1
        },
        {
            "answer": "приспособленец",
            "count": 1
        },
        {
            "answer": "проблемность",
            "count": 1
        },
        {
            "answer": "проблемы",
            "count": 1
        },
        {
            "answer": "прозасидавшийся",
            "count": 1
        },
        {
            "answer": "произвол",
            "count": 1
        },
        {
            "answer": "промин",
            "count": 1
        },
        {
            "answer": "противник",
            "count": 1
        },
        {
            "answer": "противодействие",
            "count": 1
        },
        {
            "answer": "противоречивый",
            "count": 1
        },
        {
            "answer": "протокол",
            "count": 2
        },
        {
            "answer": "профессионал",
            "count": 1
        },
        {
            "answer": "птошник",
            "count": 1
        },
        {
            "answer": "пустодел",
            "count": 1
        },
        {
            "answer": "пустота",
            "count": 1
        },
        {
            "answer": "работа",
            "count": 2
        },
        {
            "answer": "работа ради работы",
            "count": 3
        },
        {
            "answer": "работник центрального аппарата",
            "count": 1
        },
        {
            "answer": "работничег",
            "count": 1
        },
        {
            "answer": "раздражающий",
            "count": 1
        },
        {
            "answer": "раздражение",
            "count": 5
        },
        {
            "answer": "раковая опухоль",
            "count": 1
        },
        {
            "answer": "рамки",
            "count": 1
        },
        {
            "answer": "резиновый.",
            "count": 1
        },
        {
            "answer": "резинщик",
            "count": 2
        },
        {
            "answer": "решение",
            "count": 1
        },
        {
            "answer": "робот",
            "count": 1
        },
        {
            "answer": "рутина",
            "count": 4
        },
        {
            "answer": "саботаж",
            "count": 2
        },
        {
            "answer": "саботажник",
            "count": 3
        },
        {
            "answer": "самодур",
            "count": 1
        },
        {
            "answer": "сги",
            "count": 2
        },
        {
            "answer": "секретарь",
            "count": 1
        },
        {
            "answer": "серый",
            "count": 1
        },
        {
            "answer": "сила",
            "count": 1
        },
        {
            "answer": "система",
            "count": 4
        },
        {
            "answer": "система управления",
            "count": 3
        },
        {
            "answer": "систематизация",
            "count": 1
        },
        {
            "answer": "системность",
            "count": 2
        },
        {
            "answer": "системщик",
            "count": 1
        },
        {
            "answer": "структура",
            "count": 2
        },
        {
            "answer": "скучный",
            "count": 1
        },
        {
            "answer": "словоблуд",
            "count": 2
        },
        {
            "answer": "сложность",
            "count": 6
        },
        {
            "answer": "сложный",
            "count": 2
        },
        {
            "answer": "трудное взаимодействие",
            "count": 1
        },
        {
            "answer": "трудный",
            "count": 1
        },
        {
            "answer": "тяжёлый",
            "count": 1
        },
        {
            "answer": "служащий",
            "count": 1
        },
        {
            "answer": "служебочник",
            "count": 1
        },
        {
            "answer": "службист",
            "count": 8
        },
        {
            "answer": "служебка",
            "count": 1
        },
        {
            "answer": "человек служебка",
            "count": 1
        },
        {
            "answer": "собака на сене",
            "count": 1
        },
        {
            "answer": "совещания",
            "count": 1
        },
        {
            "answer": "совок",
            "count": 1
        },
        {
            "answer": "соответствие превыше ценности",
            "count": 1
        },
        {
            "answer": "сотрудник росатома",
            "count": 1
        },
        {
            "answer": "сперва служебная потом работа",
            "count": 1
        },
        {
            "answer": "спертость",
            "count": 1
        },
        {
            "answer": "спрут",
            "count": 1
        },
        {
            "answer": "сразунеподписывающий",
            "count": 1
        },
        {
            "answer": "срок",
            "count": 1
        },
        {
            "answer": "сроки",
            "count": 1
        },
        {
            "answer": "стабильный",
            "count": 1
        },
        {
            "answer": "стандарт",
            "count": 1
        },
        {
            "answer": "стандартизация",
            "count": 1
        },
        {
            "answer": "стена",
            "count": 1
        },
        {
            "answer": "стиль жизни",
            "count": 1
        },
        {
            "answer": "стол",
            "count": 1
        },
        {
            "answer": "столодержатель",
            "count": 3
        },
        {
            "answer": "страх",
            "count": 3
        },
        {
            "answer": "трус",
            "count": 3
        },
        {
            "answer": "трусость",
            "count": 1
        },
        {
            "answer": "трусишка",
            "count": 1
        },
        {
            "answer": "суета",
            "count": 2
        },
        {
            "answer": "тугодум",
            "count": 2
        },
        {
            "answer": "существование",
            "count": 1
        },
        {
            "answer": "тщетный",
            "count": 1
        },
        {
            "answer": "табличка",
            "count": 1
        },
        {
            "answer": "удовлетворение своих желаний",
            "count": 1
        },
        {
            "answer": "типичный",
            "count": 1
        },
        {
            "answer": "узколобость",
            "count": 1
        },
        {
            "answer": "узколобый",
            "count": 1
        },
        {
            "answer": "тиран",
            "count": 1
        },
        {
            "answer": "узп",
            "count": 1
        },
        {
            "answer": "товарищ дынин (из фильма)",
            "count": 1
        },
        {
            "answer": "уклонист",
            "count": 1
        },
        {
            "answer": "толстолобый",
            "count": 1
        },
        {
            "answer": "умник",
            "count": 1
        },
        {
            "answer": "топ-менеджмент",
            "count": 1
        },
        {
            "answer": "усложнение",
            "count": 10
        },
        {
            "answer": "усложнение своей работы и друг",
            "count": 1
        },
        {
            "answer": "усложнитель",
            "count": 4
        },
        {
            "answer": "усложняющий",
            "count": 3
        },
        {
            "answer": "усложняющий простые процессы",
            "count": 1
        },
        {
            "answer": "человек усложняющий всем жизнь",
            "count": 1
        },
        {
            "answer": "трудозатратный",
            "count": 1
        },
        {
            "answer": "трудозатраты",
            "count": 1
        },
        {
            "answer": "усталость",
            "count": 1
        },
        {
            "answer": "утомительный",
            "count": 2
        },
        {
            "answer": "чрезмерные трудозатраты",
            "count": 1
        },
        {
            "answer": "энергозатратность",
            "count": 1
        },
        {
            "answer": "утопия",
            "count": 1
        },
        {
            "answer": "утративший цель",
            "count": 1
        },
        {
            "answer": "ущерб",
            "count": 1
        },
        {
            "answer": "ущерб дела",
            "count": 1
        },
        {
            "answer": "фаервол",
            "count": 1
        },
        {
            "answer": "фарфуркис - сказка о тройке",
            "count": 1
        },
        {
            "answer": "фильтр",
            "count": 1
        },
        {
            "answer": "функция",
            "count": 1
        },
        {
            "answer": "функционер",
            "count": 3
        },
        {
            "answer": "футболист",
            "count": 1
        },
        {
            "answer": "ханжество",
            "count": 1
        },
        {
            "answer": "цепкий",
            "count": 1
        },
        {
            "answer": "человек",
            "count": 7
        },
        {
            "answer": "человек в футляре",
            "count": 1
        },
        {
            "answer": "человек с раздутым эго",
            "count": 1
        },
        {
            "answer": "эгоист",
            "count": 1
        },
        {
            "answer": "червь",
            "count": 1
        },
        {
            "answer": "чин",
            "count": 1
        },
        {
            "answer": "чинопочитание",
            "count": 1
        },
        {
            "answer": "чопорный",
            "count": 2
        },
        {
            "answer": "швондер",
            "count": 4
        },
        {
            "answer": "щелкопер",
            "count": 1
        },
        {
            "answer": "энергосос",
            "count": 1
        },
        {
            "answer": "энтропия",
            "count": 1
        },
        {
            "answer": "юридическая безопасность",
            "count": 1
        },
        {
            "answer": "юристы",
            "count": 1
        },
        {
            "answer": "якорь",
            "count": 5
        },
        {
            "answer": "бурная деятельность",
            "count": 1
        },
        {
            "answer": "бракодел",
            "count": 1
        },
        {
            "answer": "бредятинан",
            "count": 1
        },
        {
            "answer": "графики",
            "count": 1
        },
        {
            "answer": "москва",
            "count": 1
        },
        {
            "answer": "муниципалы",
            "count": 1
        },
        {
            "answer": "осторожность",
            "count": 1
        },
        {
            "answer": "смысл",
            "count": 1
        },
        {
            "answer": "тщательность",
            "count": 1
        }
    ]
}