{
    "id": 23239,
    "question": "Напишите 3 (три) ваши ассоциации с Китаем",
    "answers": [
        {
            "answer": "буддизм",
            "count": 1
        },
        {
            "answer": "великая история",
            "count": 1
        },
        {
            "answer": "история",
            "count": 3
        },
        {
            "answer": "великая китайская стена",
            "count": 1
        },
        {
            "answer": "китайская стена",
            "count": 1
        },
        {
            "answer": "стена",
            "count": 1
        },
        {
            "answer": "великий восточный сосед",
            "count": 1
        },
        {
            "answer": "дешёвая рабочая сила",
            "count": 1
        },
        {
            "answer": "джуан дзы",
            "count": 1
        },
        {
            "answer": "древность",
            "count": 1
        },
        {
            "answer": "жесткие переговорщики",
            "count": 1
        },
        {
            "answer": "жестокий",
            "count": 1
        },
        {
            "answer": "закрытость",
            "count": 1
        },
        {
            "answer": "запах китайской кухни",
            "count": 1
        },
        {
            "answer": "зеленый чай",
            "count": 1
        },
        {
            "answer": "чай",
            "count": 1
        },
        {
            "answer": "иероглифы",
            "count": 3
        },
        {
            "answer": "китай союзник только китаю",
            "count": 1
        },
        {
            "answer": "китайская медицина",
            "count": 1
        },
        {
            "answer": "компартия",
            "count": 1
        },
        {
            "answer": "конкурент",
            "count": 1
        },
        {
            "answer": "лапша",
            "count": 1
        },
        {
            "answer": "лиса",
            "count": 1
        },
        {
            "answer": "мао",
            "count": 1
        },
        {
            "answer": "миллиард",
            "count": 1
        },
        {
            "answer": "одна страна-две системы",
            "count": 1
        },
        {
            "answer": "опыт",
            "count": 1
        },
        {
            "answer": "острый",
            "count": 1
        },
        {
            "answer": "пайлан",
            "count": 1
        },
        {
            "answer": "панда",
            "count": 1
        },
        {
            "answer": "пиньинь,",
            "count": 1
        },
        {
            "answer": "прогресс",
            "count": 1
        },
        {
            "answer": "развивающийся",
            "count": 1
        },
        {
            "answer": "стремительное развитие",
            "count": 1
        },
        {
            "answer": "разнообразие",
            "count": 1
        },
        {
            "answer": "разнообразный",
            "count": 1
        },
        {
            "answer": "руководство",
            "count": 1
        },
        {
            "answer": "си",
            "count": 1
        },
        {
            "answer": "товарищ си",
            "count": 1
        },
        {
            "answer": "склизкий",
            "count": 1
        },
        {
            "answer": "хитрость",
            "count": 3
        },
        {
            "answer": "хитрые",
            "count": 1
        },
        {
            "answer": "хитрый",
            "count": 1
        },
        {
            "answer": "сложность",
            "count": 1
        },
        {
            "answer": "тайвань",
            "count": 1
        },
        {
            "answer": "терпение",
            "count": 1
        },
        {
            "answer": "тонкости",
            "count": 1
        },
        {
            "answer": "традиции",
            "count": 1
        },
        {
            "answer": "трудолюбие  китайская стена",
            "count": 1
        },
        {
            "answer": "украсть технологии задешево",
            "count": 1
        },
        {
            "answer": "четко знают свою выгоду",
            "count": 1
        },
        {
            "answer": "шанхай",
            "count": 1
        },
        {
            "answer": "шаолинь",
            "count": 1
        },
        {
            "answer": "экономика",
            "count": 1
        }
    ]
}