{
    "id": 23379,
    "question": "Как настроение?",
    "answers": [
        {
            "answer": "бодрое морозное",
            "count": 1
        },
        {
            "answer": "всё клубнично как обычно",
            "count": 1
        },
        {
            "answer": "замечательно",
            "count": 1
        },
        {
            "answer": "замечательное",
            "count": 1
        },
        {
            "answer": "круто",
            "count": 1
        },
        {
            "answer": "кул",
            "count": 1
        },
        {
            "answer": "лучше всех!",
            "count": 1
        },
        {
            "answer": "огонь",
            "count": 1
        },
        {
            "answer": "огонь🔥",
            "count": 1
        },
        {
            "answer": "отлично",
            "count": 2
        },
        {
            "answer": "отличное",
            "count": 9
        },
        {
            "answer": "прекрасно",
            "count": 1
        },
        {
            "answer": "радостное",
            "count": 1
        },
        {
            "answer": "супер",
            "count": 4
        },
        {
            "answer": "до объявления пароля не очень",
            "count": 1
        },
        {
            "answer": "норм",
            "count": 2
        },
        {
            "answer": "нормально",
            "count": 2
        },
        {
            "answer": "хороше",
            "count": 1
        },
        {
            "answer": "хорошее",
            "count": 7
        },
        {
            "answer": "хорошо",
            "count": 2
        },
        {
            "answer": "хочется кушать и спать",
            "count": 1
        }
    ]
}