{
    "id": 23380,
    "question": "Готовы поработать?",
    "answers": [
        {
            "answer": "а вы сомневаетесь во мне?)",
            "count": 1
        },
        {
            "answer": "в отпуске",
            "count": 1
        },
        {
            "answer": "всегда",
            "count": 1
        },
        {
            "answer": "всегда готов",
            "count": 1
        },
        {
            "answer": "всегда готов!",
            "count": 1
        },
        {
            "answer": "всегда готов)))",
            "count": 1
        },
        {
            "answer": "всегда готовы",
            "count": 1
        },
        {
            "answer": "готов",
            "count": 3
        },
        {
            "answer": "готова💪",
            "count": 1
        },
        {
            "answer": "да",
            "count": 19
        },
        {
            "answer": "да солнце уже высоко",
            "count": 1
        },
        {
            "answer": "дааа",
            "count": 1
        },
        {
            "answer": "ейс оф кос",
            "count": 1
        },
        {
            "answer": "естественно",
            "count": 1
        },
        {
            "answer": "конечно",
            "count": 2
        },
        {
            "answer": "с радостью",
            "count": 1
        },
        {
            "answer": "скорее да чем нет☺",
            "count": 1
        },
        {
            "answer": "так точно!",
            "count": 1
        },
        {
            "answer": "готов отдыхать",
            "count": 1
        },
        {
            "answer": "готов поспать",
            "count": 1
        },
        {
            "answer": "завтра?",
            "count": 1
        },
        {
            "answer": "может не сегодня?",
            "count": 1
        },
        {
            "answer": "можно не надо?",
            "count": 1
        },
        {
            "answer": "не совсем",
            "count": 1
        },
        {
            "answer": "нет",
            "count": 2
        },
        {
            "answer": "я пришел не сюда не для этого)",
            "count": 1
        },
        {
            "answer": "но ради чего?",
            "count": 1
        },
        {
            "answer": "опять работа?",
            "count": 1
        },
        {
            "answer": "посмотрим",
            "count": 1
        },
        {
            "answer": "смотря над чем",
            "count": 1
        },
        {
            "answer": "смотря что делать",
            "count": 1
        }
    ]
}