{
    "id": 23552,
    "question": "Какие выводы Вы сделали после мастер-класса по применению инструмента \"каракури\" для оптимизации процессов?",
    "answers": [
        {
            "answer": "будем нести в массы",
            "count": 1
        },
        {
            "answer": "вдохновляет!",
            "count": 1
        },
        {
            "answer": "ещё один угол зрения на процес",
            "count": 1
        },
        {
            "answer": "инженером может стать каждый ☺",
            "count": 1
        },
        {
            "answer": "интересно и полезно",
            "count": 1
        },
        {
            "answer": "полезно",
            "count": 2
        },
        {
            "answer": "практика очень интересная",
            "count": 1
        },
        {
            "answer": "классно!",
            "count": 1
        },
        {
            "answer": "мозг разминает",
            "count": 1
        },
        {
            "answer": "нужно применять.",
            "count": 1
        },
        {
            "answer": "пора и нам начинать!",
            "count": 1
        },
        {
            "answer": "применимо",
            "count": 1
        },
        {
            "answer": "применять для",
            "count": 1
        },
        {
            "answer": "нужно развивать",
            "count": 1
        },
        {
            "answer": "офисных процессов",
            "count": 1
        },
        {
            "answer": "подходит",
            "count": 1
        },
        {
            "answer": "хотелось бы",
            "count": 1
        },
        {
            "answer": "чётко продумать концепцию",
            "count": 1
        },
        {
            "answer": "это развитие для производства",
            "count": 1
        }
    ]
}