{
    "id": 2369,
    "question": "Главное слово первых 29 рабочих дней 2022 года?",
    "answers": [
        {
            "answer": "ковид(",
            "count": 1
        },
        {
            "answer": "разработка программы",
            "count": 1
        },
        {
            "answer": "динамично🔥",
            "count": 1
        },
        {
            "answer": "не переживать",
            "count": 1
        },
        {
            "answer": "пожар",
            "count": 1
        },
        {
            "answer": "насыщенно",
            "count": 1
        },
        {
            "answer": "новая коллега",
            "count": 1
        },
        {
            "answer": "омикрон",
            "count": 1
        },
        {
            "answer": "омикрон",
            "count": 1
        },
        {
            "answer": "дисциплина",
            "count": 1
        },
        {
            "answer": "новые проекты",
            "count": 1
        },
        {
            "answer": "изоляция",
            "count": 1
        },
        {
            "answer": "суета",
            "count": 1
        },
        {
            "answer": "здоровье",
            "count": 1
        },
        {
            "answer": "пандемия",
            "count": 1
        },
        {
            "answer": "гонка",
            "count": 1
        },
        {
            "answer": "план",
            "count": 1
        },
        {
            "answer": "драйв",
            "count": 1
        },
        {
            "answer": "огонь",
            "count": 1
        },
        {
            "answer": "изменения",
            "count": 1
        },
        {
            "answer": "бодро",
            "count": 1
        },
        {
            "answer": "проекты",
            "count": 1
        },
        {
            "answer": "доделала!",
            "count": 1
        },
        {
            "answer": "жара",
            "count": 1
        },
        {
            "answer": "терпение",
            "count": 1
        },
        {
            "answer": "где спокойный январь?",
            "count": 1
        },
        {
            "answer": "не успеваю",
            "count": 1
        },
        {
            "answer": "сила",
            "count": 1
        },
        {
            "answer": "тяжело",
            "count": 1
        },
        {
            "answer": "насыщенно",
            "count": 1
        }
    ]
}