{
    "id": 23769,
    "question": "Для меня самое важное до конца года...",
    "answers": [
        {
            "answer": "безопасносиь",
            "count": 1
        },
        {
            "answer": "быть нужным компании",
            "count": 1
        },
        {
            "answer": "бюджет",
            "count": 1
        },
        {
            "answer": "для дит - сбаланс-анный бюд",
            "count": 1
        },
        {
            "answer": "закрыть бюджет текущего года",
            "count": 1
        },
        {
            "answer": "исполнение бюджета",
            "count": 1
        },
        {
            "answer": "свести финансы по отделу",
            "count": 1
        },
        {
            "answer": "бюджет-ок закупки - старт.",
            "count": 1
        },
        {
            "answer": "всё успеть",
            "count": 1
        },
        {
            "answer": "выжить бы",
            "count": 1
        },
        {
            "answer": "дожить",
            "count": 4
        },
        {
            "answer": "жизнь",
            "count": 1
        },
        {
            "answer": "жить",
            "count": 1
        },
        {
            "answer": "не погибнуть))",
            "count": 1
        },
        {
            "answer": "выполнить план",
            "count": 1
        },
        {
            "answer": "выполнить поставленные задачи",
            "count": 1
        },
        {
            "answer": "выполнить поставленные цели",
            "count": 1
        },
        {
            "answer": "закрыть важные задачи",
            "count": 1
        },
        {
            "answer": "закрыть все задачи",
            "count": 1
        },
        {
            "answer": "закрыть задачи",
            "count": 3
        },
        {
            "answer": "выполнить проект",
            "count": 1
        },
        {
            "answer": "реализация проектов",
            "count": 1
        },
        {
            "answer": "успешно сдать проекты",
            "count": 1
        },
        {
            "answer": "успешное завершение проектов",
            "count": 1
        },
        {
            "answer": "выполнить работу",
            "count": 1
        },
        {
            "answer": "глобально - мир на украине",
            "count": 1
        },
        {
            "answer": "закончилась сво",
            "count": 1
        },
        {
            "answer": "конец войне",
            "count": 2
        },
        {
            "answer": "завершить цзп текущего года",
            "count": 1
        },
        {
            "answer": "закончить год позитивно",
            "count": 1
        },
        {
            "answer": "закрепить результаты",
            "count": 1
        },
        {
            "answer": "закрытие гпр",
            "count": 1
        },
        {
            "answer": "закрыть все закупки",
            "count": 1
        },
        {
            "answer": "закрыть долги по кпэ",
            "count": 1
        },
        {
            "answer": "кпэ",
            "count": 2
        },
        {
            "answer": "закрыть хвосты",
            "count": 1
        },
        {
            "answer": "подбить хвосты по направлениям",
            "count": 1
        },
        {
            "answer": "импортозамещение",
            "count": 1
        },
        {
            "answer": "коллектив!",
            "count": 1
        },
        {
            "answer": "остаться командой",
            "count": 1
        },
        {
            "answer": "курс 2.0",
            "count": 2
        },
        {
            "answer": "не перегореть",
            "count": 1
        },
        {
            "answer": "не порваться",
            "count": 1
        },
        {
            "answer": "не переругаться",
            "count": 1
        },
        {
            "answer": "не подвести коллег",
            "count": 2
        },
        {
            "answer": "не призываться",
            "count": 1
        },
        {
            "answer": "чтобы не мобилизовали",
            "count": 2
        },
        {
            "answer": "не слечь с нервным срывов",
            "count": 1
        },
        {
            "answer": "психологическое здоровье",
            "count": 1
        },
        {
            "answer": "переход на вкс iva",
            "count": 1
        },
        {
            "answer": "равновесие обрести",
            "count": 1
        },
        {
            "answer": "сохранить баланс",
            "count": 1
        },
        {
            "answer": "сохранить спокойствие",
            "count": 1
        },
        {
            "answer": "спокойствие",
            "count": 2
        },
        {
            "answer": "сохранить темп",
            "count": 1
        },
        {
            "answer": "стабильность",
            "count": 1
        },
        {
            "answer": "тз сапэд",
            "count": 1
        }
    ]
}