{
    "id": 23831,
    "question": "Ваши ассоциации со словом КАЧЕСТВО?",
    "answers": [
        {
            "answer": "бездефектность",
            "count": 1
        },
        {
            "answer": "безопасность",
            "count": 3
        },
        {
            "answer": "безотказность",
            "count": 2
        },
        {
            "answer": "безупречное",
            "count": 1
        },
        {
            "answer": "благополучие",
            "count": 1
        },
        {
            "answer": "борода бухвалова",
            "count": 1
        },
        {
            "answer": "брак",
            "count": 3
        },
        {
            "answer": "важнее только безопасность",
            "count": 1
        },
        {
            "answer": "важно",
            "count": 1
        },
        {
            "answer": "всё хорошо",
            "count": 1
        },
        {
            "answer": "хорошо",
            "count": 1
        },
        {
            "answer": "выручка",
            "count": 1
        },
        {
            "answer": "гарантия",
            "count": 1
        },
        {
            "answer": "гордость",
            "count": 1
        },
        {
            "answer": "дисциплина",
            "count": 1
        },
        {
            "answer": "добавленная стоимость",
            "count": 1
        },
        {
            "answer": "затраты",
            "count": 1
        },
        {
            "answer": "интегральный компонент",
            "count": 1
        },
        {
            "answer": "клиенты",
            "count": 1
        },
        {
            "answer": "ключ ко всему",
            "count": 1
        },
        {
            "answer": "конкурентное преимущество",
            "count": 1
        },
        {
            "answer": "конкурентоспособность",
            "count": 1
        },
        {
            "answer": "конкуретный бизнес",
            "count": 1
        },
        {
            "answer": "лучшее",
            "count": 1
        },
        {
            "answer": "люди",
            "count": 2
        },
        {
            "answer": "надежность",
            "count": 15
        },
        {
            "answer": "надёжность",
            "count": 2
        },
        {
            "answer": "надежность компании",
            "count": 1
        },
        {
            "answer": "ответственность",
            "count": 5
        },
        {
            "answer": "порядок",
            "count": 1
        },
        {
            "answer": "потребность",
            "count": 1
        },
        {
            "answer": "продукция",
            "count": 1
        },
        {
            "answer": "прозрачность",
            "count": 1
        },
        {
            "answer": "развитие",
            "count": 1
        },
        {
            "answer": "разумность",
            "count": 1
        },
        {
            "answer": "репутация",
            "count": 2
        },
        {
            "answer": "решает",
            "count": 1
        },
        {
            "answer": "себ-сть зрелость стабильность",
            "count": 1
        },
        {
            "answer": "сила",
            "count": 1
        },
        {
            "answer": "соответствие",
            "count": 1
        },
        {
            "answer": "соответствие требованиям",
            "count": 2
        },
        {
            "answer": "стабильность",
            "count": 1
        },
        {
            "answer": "технологии",
            "count": 1
        },
        {
            "answer": "требования",
            "count": 1
        },
        {
            "answer": "уверенность",
            "count": 1
        },
        {
            "answer": "удовлетворенность",
            "count": 4
        },
        {
            "answer": "удовлетворенность потребителя",
            "count": 1
        },
        {
            "answer": "удовлетворённость потребителя",
            "count": 1
        },
        {
            "answer": "уровень",
            "count": 1
        },
        {
            "answer": "усо",
            "count": 1
        },
        {
            "answer": "успех",
            "count": 1
        },
        {
            "answer": "устойчивость",
            "count": 1
        },
        {
            "answer": "ценность",
            "count": 2
        },
        {
            "answer": "эффективность",
            "count": 1
        }
    ]
}