{
    "id": 24032,
    "question": "Мой город/город, где я живу",
    "answers": [
        {
            "answer": "балаково",
            "count": 1
        },
        {
            "answer": "волгодонск",
            "count": 1
        },
        {
            "answer": "глазов",
            "count": 1
        },
        {
            "answer": "зеленогорск",
            "count": 2
        },
        {
            "answer": "ижевск",
            "count": 1
        },
        {
            "answer": "костомукша",
            "count": 1
        },
        {
            "answer": "красногорск",
            "count": 1
        },
        {
            "answer": "липецк",
            "count": 1
        },
        {
            "answer": "мегион",
            "count": 1
        },
        {
            "answer": "москва",
            "count": 5
        },
        {
            "answer": "нерюнгри рс (я)",
            "count": 1
        },
        {
            "answer": "новосибирск",
            "count": 1
        },
        {
            "answer": "новый урал",
            "count": 1
        },
        {
            "answer": "озерск",
            "count": 1
        },
        {
            "answer": "петропавловск-камчатский",
            "count": 1
        },
        {
            "answer": "полярные зори",
            "count": 1
        },
        {
            "answer": "семёнов нижегородская область",
            "count": 1
        },
        {
            "answer": "томск",
            "count": 1
        },
        {
            "answer": "усолье-сибирское",
            "count": 2
        },
        {
            "answer": "усолье-ясибирское",
            "count": 1
        }
    ]
}