{
    "id": 2425,
    "question": "Дайте ответы",
    "answers": [
        {
            "answer": "не знаю",
            "count": 1
        },
        {
            "answer": "разрозненность элит",
            "count": 1
        },
        {
            "answer": "не знаю, все круто",
            "count": 1
        },
        {
            "answer": "информация скучно подается",
            "count": 1
        },
        {
            "answer": "сделай ее подлиннее",
            "count": 1
        },
        {
            "answer": "увеличить кол-во дней, очно",
            "count": 1
        },
        {
            "answer": "более подробно",
            "count": 1
        },
        {
            "answer": "честность",
            "count": 1
        },
        {
            "answer": "активность 1 категории критик",
            "count": 1
        },
        {
            "answer": "провести новые soft skills",
            "count": 1
        },
        {
            "answer": "малый охват",
            "count": 1
        },
        {
            "answer": "подкорректировать расписание",
            "count": 1
        },
        {
            "answer": "разные мотивации",
            "count": 1
        },
        {
            "answer": "не достаточно верной информац",
            "count": 1
        },
        {
            "answer": "давать немного больше времени",
            "count": 1
        },
        {
            "answer": "разделить на уровни студентов",
            "count": 1
        },
        {
            "answer": "большего взаимод со студентам",
            "count": 1
        },
        {
            "answer": "разделить хим направление",
            "count": 1
        },
        {
            "answer": "увеличить количество сессий",
            "count": 1
        },
        {
            "answer": "доступность сми",
            "count": 1
        },
        {
            "answer": "больше интересных гостей",
            "count": 1
        },
        {
            "answer": "мотивировать преподов",
            "count": 1
        },
        {
            "answer": "распределять по уровню знаний",
            "count": 1
        },
        {
            "answer": "не желание действовать",
            "count": 1
        },
        {
            "answer": "разрозненность площадок",
            "count": 1
        },
        {
            "answer": "добавить интерактив",
            "count": 1
        },
        {
            "answer": "сделать очно",
            "count": 1
        },
        {
            "answer": "побольше практики",
            "count": 1
        },
        {
            "answer": "верна только своя точка зрени",
            "count": 1
        },
        {
            "answer": "программа впринципе неплохая",
            "count": 1
        },
        {
            "answer": "и колледжей должна отличатьс",
            "count": 1
        },
        {
            "answer": "добавить реальных кейсов",
            "count": 1
        },
        {
            "answer": "убрать определение победителе",
            "count": 1
        },
        {
            "answer": "увеличить время на выполнение",
            "count": 1
        },
        {
            "answer": "данный интенсив был очный",
            "count": 1
        },
        {
            "answer": "увеличить время обучения",
            "count": 1
        },
        {
            "answer": "надо",
            "count": 1
        },
        {
            "answer": "взаимослышание",
            "count": 1
        },
        {
            "answer": "добавить ядерную физику",
            "count": 1
        },
        {
            "answer": "удлинить",
            "count": 1
        },
        {
            "answer": "добавить больше практики",
            "count": 1
        },
        {
            "answer": "увеличить время на дз",
            "count": 1
        },
        {
            "answer": "напр,1-3 курс, 4-магис, аспир",
            "count": 1
        },
        {
            "answer": "да всё устраивает",
            "count": 1
        },
        {
            "answer": "побольше занятий по электрони",
            "count": 1
        },
        {
            "answer": "слушатели",
            "count": 1
        },
        {
            "answer": "мало молодежи",
            "count": 1
        },
        {
            "answer": "люди",
            "count": 1
        },
        {
            "answer": "проводить не во время сессии",
            "count": 1
        },
        {
            "answer": "недоверие и вранье",
            "count": 1
        },
        {
            "answer": "видно, что некоторым это не",
            "count": 1
        },
        {
            "answer": "местечковость мышления",
            "count": 1
        },
        {
            "answer": "отсутствие связи с аудиторией",
            "count": 1
        },
        {
            "answer": "ввести тесты после занятий",
            "count": 1
        },
        {
            "answer": "рамки,неискренность",
            "count": 1
        },
        {
            "answer": "занятость власти",
            "count": 1
        },
        {
            "answer": "выделить побольше дней",
            "count": 1
        },
        {
            "answer": "подача материала, материалы",
            "count": 1
        },
        {
            "answer": "все идеально",
            "count": 1
        }
    ]
}