{
    "id": 24267,
    "question": "Ваше настроение - с какими эмоциями пришли на конференцию. Одним-двумя словами",
    "answers": [
        {
            "answer": "айтишное",
            "count": 1
        },
        {
            "answer": "атомное",
            "count": 2
        },
        {
            "answer": "атомным",
            "count": 2
        },
        {
            "answer": "бодро",
            "count": 1
        },
        {
            "answer": "бодрое",
            "count": 3
        },
        {
            "answer": "бодрость",
            "count": 1
        },
        {
            "answer": "проактивное",
            "count": 2
        },
        {
            "answer": "боевое",
            "count": 4
        },
        {
            "answer": "боевой настрой",
            "count": 1
        },
        {
            "answer": "боевым",
            "count": 1
        },
        {
            "answer": "боевыми",
            "count": 4
        },
        {
            "answer": "в предвкушении",
            "count": 2
        },
        {
            "answer": "в предвкушении интересного",
            "count": 1
        },
        {
            "answer": "жду чуда",
            "count": 1
        },
        {
            "answer": "предвкушение,",
            "count": 1
        },
        {
            "answer": "вдохновение",
            "count": 2
        },
        {
            "answer": "вдохновленное",
            "count": 1
        },
        {
            "answer": "вдохновлённый",
            "count": 1
        },
        {
            "answer": "вдохновляться",
            "count": 1
        },
        {
            "answer": "воодушевление",
            "count": 3
        },
        {
            "answer": "воодушевленное",
            "count": 1
        },
        {
            "answer": "внимательность",
            "count": 1
        },
        {
            "answer": "воплощать",
            "count": 1
        },
        {
            "answer": "действовать",
            "count": 1
        },
        {
            "answer": "работать",
            "count": 1
        },
        {
            "answer": "работун",
            "count": 1
        },
        {
            "answer": "рабочее",
            "count": 3
        },
        {
            "answer": "реализовывать",
            "count": 1
        },
        {
            "answer": "восхищение",
            "count": 1
        },
        {
            "answer": "все нормалдончик",
            "count": 1
        },
        {
            "answer": "хорошее",
            "count": 7
        },
        {
            "answer": "хорошим",
            "count": 1
        },
        {
            "answer": "всё чики-пуки",
            "count": 1
        },
        {
            "answer": "замечательно",
            "count": 3
        },
        {
            "answer": "замечательными",
            "count": 1
        },
        {
            "answer": "запупенное",
            "count": 1
        },
        {
            "answer": "кайфовыми",
            "count": 1
        },
        {
            "answer": "лучше всех",
            "count": 1
        },
        {
            "answer": "на отл.",
            "count": 1
        },
        {
            "answer": "настроение 100/10.",
            "count": 1
        },
        {
            "answer": "настроение отличное",
            "count": 2
        },
        {
            "answer": "отлично",
            "count": 3
        },
        {
            "answer": "отлично!",
            "count": 1
        },
        {
            "answer": "отлично!!!!!!!!!!!!!!!!!!!!!!!",
            "count": 1
        },
        {
            "answer": "отличное",
            "count": 13
        },
        {
            "answer": "отличное настроение",
            "count": 2
        },
        {
            "answer": "отличным",
            "count": 1
        },
        {
            "answer": "очень классное",
            "count": 1
        },
        {
            "answer": "прекрасно",
            "count": 1
        },
        {
            "answer": "прекрасное",
            "count": 4
        },
        {
            "answer": "прекрасное настроение)",
            "count": 1
        },
        {
            "answer": "приподнятое",
            "count": 1
        },
        {
            "answer": "супер",
            "count": 4
        },
        {
            "answer": "счастливым",
            "count": 1
        },
        {
            "answer": "доброе",
            "count": 1
        },
        {
            "answer": "драйв",
            "count": 1
        },
        {
            "answer": "позитив",
            "count": 2
        },
        {
            "answer": "позитивное",
            "count": 8
        },
        {
            "answer": "позитивные ожидания",
            "count": 1
        },
        {
            "answer": "позитивный",
            "count": 1
        },
        {
            "answer": "позитивными",
            "count": 1
        },
        {
            "answer": "радостное",
            "count": 1
        },
        {
            "answer": "радость",
            "count": 2
        },
        {
            "answer": "с позитивным!)",
            "count": 1
        },
        {
            "answer": "с положительными и хорошими",
            "count": 1
        },
        {
            "answer": "дружелюбное",
            "count": 1
        },
        {
            "answer": "заинтересованное",
            "count": 1
        },
        {
            "answer": "заинтересованность",
            "count": 1
        },
        {
            "answer": "заинтересованный",
            "count": 1
        },
        {
            "answer": "интерес",
            "count": 4
        },
        {
            "answer": "интересно",
            "count": 2
        },
        {
            "answer": "любопытство",
            "count": 1
        },
        {
            "answer": "с любопытством",
            "count": 1
        },
        {
            "answer": "знакомства",
            "count": 1
        },
        {
            "answer": "знакомство",
            "count": 1
        },
        {
            "answer": "куда ни шло",
            "count": 1
        },
        {
            "answer": "легкости нет",
            "count": 1
        },
        {
            "answer": "максимально положительным",
            "count": 1
        },
        {
            "answer": "положительное",
            "count": 1
        },
        {
            "answer": "положительные",
            "count": 1
        },
        {
            "answer": "положительными",
            "count": 1
        },
        {
            "answer": "положительными 😀",
            "count": 1
        },
        {
            "answer": "мифическим",
            "count": 1
        },
        {
            "answer": "недосып",
            "count": 1
        },
        {
            "answer": "сонное",
            "count": 2
        },
        {
            "answer": "новые познания",
            "count": 1
        },
        {
            "answer": "обмен опытом",
            "count": 1
        },
        {
            "answer": "обычное",
            "count": 1
        },
        {
            "answer": "ожидание",
            "count": 3
        },
        {
            "answer": "озадаченное",
            "count": 1
        },
        {
            "answer": "оптимистичное",
            "count": 1
        },
        {
            "answer": "перспективными",
            "count": 1
        },
        {
            "answer": "пожеланиедобра",
            "count": 1
        },
        {
            "answer": "предчувствие инсайтов",
            "count": 1
        },
        {
            "answer": "продуктивное",
            "count": 2
        },
        {
            "answer": "радость от встречи",
            "count": 1
        },
        {
            "answer": "свежесть",
            "count": 1
        },
        {
            "answer": "сднем сибири!",
            "count": 1
        },
        {
            "answer": "сибирское",
            "count": 1
        },
        {
            "answer": "уральским",
            "count": 1
        },
        {
            "answer": "теперь меня не остановить.",
            "count": 1
        },
        {
            "answer": "трепет",
            "count": 1
        },
        {
            "answer": "узнавать",
            "count": 1
        },
        {
            "answer": "ура нижний",
            "count": 1
        },
        {
            "answer": "утреннее",
            "count": 1
        },
        {
            "answer": "цифровое",
            "count": 1
        },
        {
            "answer": "экшн",
            "count": 1
        }
    ]
}