{
    "id": 24268,
    "question": "Что ожидаете от сегодняшнего дня",
    "answers": [
        {
            "answer": "бодрое",
            "count": 1
        },
        {
            "answer": "больше знакомств!",
            "count": 1
        },
        {
            "answer": "знакомства",
            "count": 3
        },
        {
            "answer": "знакомство с интересными людьм",
            "count": 1
        },
        {
            "answer": "интересных знакомств",
            "count": 1
        },
        {
            "answer": "контакты",
            "count": 1
        },
        {
            "answer": "личное знакомство",
            "count": 1
        },
        {
            "answer": "нетворкинг",
            "count": 3
        },
        {
            "answer": "новые деловые контакты",
            "count": 1
        },
        {
            "answer": "новые знакомства",
            "count": 8
        },
        {
            "answer": "новые контакты",
            "count": 1
        },
        {
            "answer": "новые контакты и знакомства",
            "count": 1
        },
        {
            "answer": "новые отношения",
            "count": 1
        },
        {
            "answer": "новые связи",
            "count": 1
        },
        {
            "answer": "новых друзей",
            "count": 1
        },
        {
            "answer": "новых знакомств",
            "count": 1
        },
        {
            "answer": "познакомиться",
            "count": 1
        },
        {
            "answer": "познакомиться с",
            "count": 1
        },
        {
            "answer": "полезные контакты",
            "count": 1
        },
        {
            "answer": "полезных знакомств",
            "count": 1
        },
        {
            "answer": "установка контактов",
            "count": 1
        },
        {
            "answer": "вакансию",
            "count": 1
        },
        {
            "answer": "вдохновение",
            "count": 1
        },
        {
            "answer": "веселье",
            "count": 1
        },
        {
            "answer": "хорошо провести время",
            "count": 1
        },
        {
            "answer": "вкусняшек:*",
            "count": 1
        },
        {
            "answer": "еда",
            "count": 1
        },
        {
            "answer": "еду",
            "count": 1
        },
        {
            "answer": "встречи с друзьями",
            "count": 4
        },
        {
            "answer": "знакомства обменяться опытом",
            "count": 1
        },
        {
            "answer": "знаний",
            "count": 3
        },
        {
            "answer": "знания",
            "count": 5
        },
        {
            "answer": "знания",
            "count": 1
        },
        {
            "answer": "информацию",
            "count": 1
        },
        {
            "answer": "информация",
            "count": 2
        },
        {
            "answer": "новые актуальные знания",
            "count": 1
        },
        {
            "answer": "новые знания",
            "count": 5
        },
        {
            "answer": "новые знания и возможности",
            "count": 1
        },
        {
            "answer": "новых знаний",
            "count": 4
        },
        {
            "answer": "познавательную информацию",
            "count": 1
        },
        {
            "answer": "полезная информация",
            "count": 2
        },
        {
            "answer": "полезного",
            "count": 1
        },
        {
            "answer": "узнать новое",
            "count": 3
        },
        {
            "answer": "знания и знакомства",
            "count": 1
        },
        {
            "answer": "изменения",
            "count": 1
        },
        {
            "answer": "иной взгляд",
            "count": 1
        },
        {
            "answer": "инсайт",
            "count": 1
        },
        {
            "answer": "инсайты",
            "count": 1
        },
        {
            "answer": "много инсайтов",
            "count": 1
        },
        {
            "answer": "интересной информации",
            "count": 1
        },
        {
            "answer": "интересности",
            "count": 1
        },
        {
            "answer": "интересные идеи",
            "count": 1
        },
        {
            "answer": "интересных идей",
            "count": 1
        },
        {
            "answer": "новые идеи",
            "count": 1
        },
        {
            "answer": "новых идей",
            "count": 1
        },
        {
            "answer": "интересные коммуникации",
            "count": 1
        },
        {
            "answer": "интересных впечатлений",
            "count": 1
        },
        {
            "answer": "кайф",
            "count": 1
        },
        {
            "answer": "карьерное развитие",
            "count": 1
        },
        {
            "answer": "левел ап",
            "count": 1
        },
        {
            "answer": "касперская",
            "count": 1
        },
        {
            "answer": "конкретики",
            "count": 1
        },
        {
            "answer": "конструктив",
            "count": 1
        },
        {
            "answer": "конструктива",
            "count": 1
        },
        {
            "answer": "легочела (кто понял тот понял)",
            "count": 1
        },
        {
            "answer": "мерч",
            "count": 2
        },
        {
            "answer": "толстовку",
            "count": 2
        },
        {
            "answer": "футболку хочу",
            "count": 1
        },
        {
            "answer": "мерч и еда и поспать",
            "count": 1
        },
        {
            "answer": "мотивация",
            "count": 3
        },
        {
            "answer": "навыки",
            "count": 1
        },
        {
            "answer": "найти себя",
            "count": 1
        },
        {
            "answer": "найти сотрудников",
            "count": 1
        },
        {
            "answer": "направление развития",
            "count": 1
        },
        {
            "answer": "направления для развития",
            "count": 1
        },
        {
            "answer": "научиться чему-нибудь новому",
            "count": 1
        },
        {
            "answer": "новые навыки",
            "count": 2
        },
        {
            "answer": "не знаю",
            "count": 1
        },
        {
            "answer": "новые тенденции",
            "count": 1
        },
        {
            "answer": "новых трендов",
            "count": 1
        },
        {
            "answer": "список ит- трендов",
            "count": 1
        },
        {
            "answer": "тренды",
            "count": 1
        },
        {
            "answer": "нового",
            "count": 1
        },
        {
            "answer": "новое",
            "count": 1
        },
        {
            "answer": "новые технологии",
            "count": 1
        },
        {
            "answer": "что-то новое",
            "count": 1
        },
        {
            "answer": "новые возможности",
            "count": 2
        },
        {
            "answer": "новые возможности и участие",
            "count": 1
        },
        {
            "answer": "новых возможностей",
            "count": 1
        },
        {
            "answer": "новых встреч",
            "count": 2
        },
        {
            "answer": "новых открытий",
            "count": 1
        },
        {
            "answer": "обмен опытом",
            "count": 1
        },
        {
            "answer": "общение",
            "count": 6
        },
        {
            "answer": "общение в живую",
            "count": 1
        },
        {
            "answer": "общения",
            "count": 1
        },
        {
            "answer": "общения с професионалами",
            "count": 1
        },
        {
            "answer": "опыт",
            "count": 3
        },
        {
            "answer": "получение опыта",
            "count": 1
        },
        {
            "answer": "переосмысление",
            "count": 1
        },
        {
            "answer": "перспективу",
            "count": 1
        },
        {
            "answer": "позитивное настроение",
            "count": 1
        },
        {
            "answer": "с позитивным настроением",
            "count": 1
        },
        {
            "answer": "хорошее настроение",
            "count": 1
        },
        {
            "answer": "полезные кейсы",
            "count": 2
        },
        {
            "answer": "преисполниться",
            "count": 1
        },
        {
            "answer": "премия",
            "count": 1
        },
        {
            "answer": "призов",
            "count": 1
        },
        {
            "answer": "просветления",
            "count": 1
        },
        {
            "answer": "работа",
            "count": 1
        },
        {
            "answer": "расширение кругозора",
            "count": 1
        },
        {
            "answer": "революцию",
            "count": 1
        },
        {
            "answer": "самые лучшие эмоции",
            "count": 1
        },
        {
            "answer": "сил и уверенности",
            "count": 1
        },
        {
            "answer": "сотрудничество",
            "count": 1
        },
        {
            "answer": "старые навыки",
            "count": 1
        },
        {
            "answer": "студентов",
            "count": 1
        },
        {
            "answer": "счастье",
            "count": 1
        },
        {
            "answer": "счастья знаний",
            "count": 1
        },
        {
            "answer": "чёрную икру",
            "count": 1
        },
        {
            "answer": "чуда",
            "count": 1
        },
        {
            "answer": "эмоций!!!!!!!!!!!!!!!!!!!!!!!!",
            "count": 1
        },
        {
            "answer": "яркие эмоции",
            "count": 1
        },
        {
            "answer": "я хочу больше узнать об it",
            "count": 1
        }
    ]
}