{
    "id": 24270,
    "question": "Основной тренд ИТ в будущем. Опишите 1-2 словами.",
    "answers": [
        {
            "answer": "1. кроссплатформенность",
            "count": 1
        },
        {
            "answer": "big data",
            "count": 2
        },
        {
            "answer": "embedded",
            "count": 1
        },
        {
            "answer": "no code",
            "count": 1
        },
        {
            "answer": "адаптивность и безопасность",
            "count": 1
        },
        {
            "answer": "безопасное импортонезависимое",
            "count": 1
        },
        {
            "answer": "безопасность",
            "count": 1
        },
        {
            "answer": "бесчеловечный интеллект",
            "count": 1
        },
        {
            "answer": "ии",
            "count": 7
        },
        {
            "answer": "искусственный интеллект",
            "count": 3
        },
        {
            "answer": "больше работы",
            "count": 1
        },
        {
            "answer": "бренд",
            "count": 1
        },
        {
            "answer": "будет интересно",
            "count": 1
        },
        {
            "answer": "быстрая разработка",
            "count": 1
        },
        {
            "answer": "в ит со школы",
            "count": 1
        },
        {
            "answer": "все в одном",
            "count": 1
        },
        {
            "answer": "встроенные устройства",
            "count": 2
        },
        {
            "answer": "глобализация",
            "count": 1
        },
        {
            "answer": "госиткорпорация",
            "count": 1
        },
        {
            "answer": "демонополизация",
            "count": 1
        },
        {
            "answer": "дополненная реальность",
            "count": 1
        },
        {
            "answer": "единая экосистема",
            "count": 1
        },
        {
            "answer": "замена человека в экономике",
            "count": 1
        },
        {
            "answer": "зона возможностей максимальна",
            "count": 1
        },
        {
            "answer": "избегание цифры",
            "count": 1
        },
        {
            "answer": "изменение концепции рабочего м",
            "count": 1
        },
        {
            "answer": "импортзамещение",
            "count": 1
        },
        {
            "answer": "импортонезависимость прорыв",
            "count": 1
        },
        {
            "answer": "инновации- управление вызовами",
            "count": 1
        },
        {
            "answer": "интеграция",
            "count": 1
        },
        {
            "answer": "исключить трайбализм",
            "count": 1
        },
        {
            "answer": "ит суверенитет путь на 10 лет",
            "count": 1
        },
        {
            "answer": "ит-курсы заменят университет",
            "count": 1
        },
        {
            "answer": "квантовые технологии",
            "count": 1
        },
        {
            "answer": "кибербезопасность и ии",
            "count": 1
        },
        {
            "answer": "кибервойны",
            "count": 1
        },
        {
            "answer": "конкурентные it-продукты",
            "count": 1
        },
        {
            "answer": "метавселенная",
            "count": 1
        },
        {
            "answer": "независимость",
            "count": 4
        },
        {
            "answer": "новые технологии",
            "count": 1
        },
        {
            "answer": "облачные решения",
            "count": 1
        },
        {
            "answer": "облачные технологии",
            "count": 1
        },
        {
            "answer": "обогнать",
            "count": 1
        },
        {
            "answer": "образование",
            "count": 1
        },
        {
            "answer": "обучение",
            "count": 1
        },
        {
            "answer": "обучение в виртуальном простр.",
            "count": 1
        },
        {
            "answer": "объединение усилий",
            "count": 1
        },
        {
            "answer": "окно возможностей",
            "count": 1
        },
        {
            "answer": "осознание",
            "count": 1
        },
        {
            "answer": "осознанность и многофункцион-т",
            "count": 1
        },
        {
            "answer": "поддержка ит-предпринимателей",
            "count": 1
        },
        {
            "answer": "полный удаленный рабочий день",
            "count": 1
        },
        {
            "answer": "удаленка",
            "count": 1
        },
        {
            "answer": "приспособляемость к изменениям",
            "count": 1
        },
        {
            "answer": "прорыв?",
            "count": 1
        },
        {
            "answer": "радиоэлектроника",
            "count": 1
        },
        {
            "answer": "развитие",
            "count": 1
        },
        {
            "answer": "развитие в тишине!",
            "count": 1
        },
        {
            "answer": "развитие по спирали",
            "count": 1
        },
        {
            "answer": "форсированное развитие",
            "count": 1
        },
        {
            "answer": "ренессанс",
            "count": 1
        },
        {
            "answer": "роботизация",
            "count": 1
        },
        {
            "answer": "российские продукты",
            "count": 1
        },
        {
            "answer": "своя продукция",
            "count": 1
        },
        {
            "answer": "российский магазин по",
            "count": 1
        },
        {
            "answer": "рост скорости изменений",
            "count": 1
        },
        {
            "answer": "самый умный",
            "count": 1
        },
        {
            "answer": "сегодня 20 лет назад",
            "count": 1
        },
        {
            "answer": "создание новых продуктов",
            "count": 1
        },
        {
            "answer": "создать российский бренд  ит",
            "count": 1
        },
        {
            "answer": "стагнация",
            "count": 1
        },
        {
            "answer": "стартапы",
            "count": 1
        },
        {
            "answer": "технологический суверинитет",
            "count": 1
        },
        {
            "answer": "трайбализм (",
            "count": 1
        },
        {
            "answer": "трудно но интересно",
            "count": 1
        },
        {
            "answer": "улучшение условий труда",
            "count": 1
        },
        {
            "answer": "умение учиться",
            "count": 1
        },
        {
            "answer": "успех",
            "count": 1
        },
        {
            "answer": "цифровая безопасность",
            "count": 1
        },
        {
            "answer": "цифровизация всех возможных пр",
            "count": 1
        },
        {
            "answer": "цифровизация процессов",
            "count": 1
        },
        {
            "answer": "цифровизация обучения",
            "count": 1
        },
        {
            "answer": "цифровое производство",
            "count": 5
        },
        {
            "answer": "цифровые платформы",
            "count": 1
        },
        {
            "answer": "цод дома",
            "count": 1
        },
        {
            "answer": "экосистема. нейроморфные ит",
            "count": 1
        },
        {
            "answer": "экспорт it-продуктов",
            "count": 1
        }
    ]
}