{
    "id": 24333,
    "question": "Что бизнес (компании участники) сейчас получают от чемпионатов?",
    "answers": [
        {
            "answer": "pr",
            "count": 1
        },
        {
            "answer": "пиар",
            "count": 1
        },
        {
            "answer": "свою рекламу",
            "count": 1
        },
        {
            "answer": "баллы на конкурсе \"лучшая аэс\"",
            "count": 1
        },
        {
            "answer": "вовлеченность персонала",
            "count": 1
        },
        {
            "answer": "вовлечённость персонала",
            "count": 1
        },
        {
            "answer": "использование стандарта",
            "count": 1
        },
        {
            "answer": "кадры",
            "count": 2
        },
        {
            "answer": "новые коммуникации",
            "count": 1
        },
        {
            "answer": "обновление стандартов",
            "count": 1
        },
        {
            "answer": "квалификацию",
            "count": 1
        },
        {
            "answer": "повыш. профф-ма сотрудников",
            "count": 1
        },
        {
            "answer": "повышение квалификации",
            "count": 1
        },
        {
            "answer": "развитие навыков",
            "count": 1
        },
        {
            "answer": "развитие персонала,",
            "count": 1
        },
        {
            "answer": "рост квалификации сотрудников",
            "count": 1
        },
        {
            "answer": "престиж",
            "count": 1
        },
        {
            "answer": "расходы",
            "count": 1
        },
        {
            "answer": "ресурс",
            "count": 1
        },
        {
            "answer": "технологии",
            "count": 1
        }
    ]
}