{
    "id": 24362,
    "question": "Опишите своё эмоциональное состояние в данный момент (одним словом)",
    "answers": [
        {
            "answer": "боевое",
            "count": 3
        },
        {
            "answer": "готова к приключениям",
            "count": 1
        },
        {
            "answer": "в радостном предвкушении",
            "count": 1
        },
        {
            "answer": "предвкушение",
            "count": 4
        },
        {
            "answer": "веселое",
            "count": 1
        },
        {
            "answer": "настроение на позитиве",
            "count": 1
        },
        {
            "answer": "позитив",
            "count": 1
        },
        {
            "answer": "позитивный настрой",
            "count": 1
        },
        {
            "answer": "радость",
            "count": 1
        },
        {
            "answer": "волнение",
            "count": 1
        },
        {
            "answer": "волнительное",
            "count": 1
        },
        {
            "answer": "приятное волнение",
            "count": 1
        },
        {
            "answer": "воодушевлена",
            "count": 1
        },
        {
            "answer": "заинтригован",
            "count": 1
        },
        {
            "answer": "заряжен",
            "count": 1
        },
        {
            "answer": "заряженное",
            "count": 1
        },
        {
            "answer": "мирное",
            "count": 1
        },
        {
            "answer": "неопределённость",
            "count": 1
        },
        {
            "answer": "нормальное",
            "count": 1
        },
        {
            "answer": "спокойное",
            "count": 1
        },
        {
            "answer": "огонь",
            "count": 1
        },
        {
            "answer": "отлично",
            "count": 1
        },
        {
            "answer": "приподнятое",
            "count": 1
        },
        {
            "answer": "супер-пупер-отличное)",
            "count": 1
        },
        {
            "answer": "просыпаюсь)",
            "count": 1
        },
        {
            "answer": "сонливость",
            "count": 1
        },
        {
            "answer": "сосредоточен",
            "count": 1
        }
    ]
}