{
    "id": 24376,
    "question": "Напишите ощущения от последних переговорах с Заказчиком, в которых вы участвовали?",
    "answers": [
        {
            "answer": "вина",
            "count": 1
        },
        {
            "answer": "все получилось!",
            "count": 1
        },
        {
            "answer": "успешный успех",
            "count": 1
        },
        {
            "answer": "эффективно",
            "count": 1
        },
        {
            "answer": "драйв",
            "count": 1
        },
        {
            "answer": "напряжение",
            "count": 1
        },
        {
            "answer": "напряжённые",
            "count": 1
        },
        {
            "answer": "не было таких",
            "count": 1
        },
        {
            "answer": "не мытьем так катанием",
            "count": 1
        },
        {
            "answer": "недоумение",
            "count": 1
        },
        {
            "answer": "партнерство",
            "count": 1
        },
        {
            "answer": "плодотворные",
            "count": 1
        },
        {
            "answer": "работа на вин-вин",
            "count": 1
        },
        {
            "answer": "раздражение и усталость",
            "count": 1
        },
        {
            "answer": "раздражительность",
            "count": 1
        },
        {
            "answer": "раскалывают структуру",
            "count": 1
        },
        {
            "answer": "странная оценка",
            "count": 1
        },
        {
            "answer": "уверенность",
            "count": 1
        },
        {
            "answer": "удивление",
            "count": 1
        },
        {
            "answer": "удовлетворение",
            "count": 1
        },
        {
            "answer": "удовлетворение и усталость",
            "count": 1
        },
        {
            "answer": "удовлетворительное",
            "count": 1
        },
        {
            "answer": "упрямось терпение настойчивост",
            "count": 1
        },
        {
            "answer": "упрямый заказчик",
            "count": 1
        },
        {
            "answer": "усталость",
            "count": 1
        },
        {
            "answer": "хорошие",
            "count": 1
        },
        {
            "answer": "я играл на них мебель",
            "count": 1
        }
    ]
}