{
    "id": 24378,
    "question": "Напишите сильные стороны переговорщиков в Росатоме",
    "answers": [
        {
            "answer": "авторитет",
            "count": 1
        },
        {
            "answer": "административный ресурс",
            "count": 1
        },
        {
            "answer": "бренд",
            "count": 2
        },
        {
            "answer": "гибкость",
            "count": 1
        },
        {
            "answer": "грамотные технические спецы",
            "count": 1
        },
        {
            "answer": "духом",
            "count": 1
        },
        {
            "answer": "заёмными средствами",
            "count": 1
        },
        {
            "answer": "знание",
            "count": 1
        },
        {
            "answer": "знания",
            "count": 1
        },
        {
            "answer": "знания и опыт",
            "count": 1
        },
        {
            "answer": "имидж",
            "count": 1
        },
        {
            "answer": "компетентность уважение",
            "count": 1
        },
        {
            "answer": "компетентностью и квалифик",
            "count": 1
        },
        {
            "answer": "компетенции",
            "count": 1
        },
        {
            "answer": "лидеры в отрасли",
            "count": 1
        },
        {
            "answer": "опыт",
            "count": 3
        },
        {
            "answer": "опытом",
            "count": 1
        },
        {
            "answer": "опыт строительства",
            "count": 1
        },
        {
            "answer": "отстаивание позиции",
            "count": 1
        },
        {
            "answer": "подготовка",
            "count": 2
        },
        {
            "answer": "продукты сильнее на рынке",
            "count": 1
        },
        {
            "answer": "репутация",
            "count": 3
        },
        {
            "answer": "сильная стартовая позиция",
            "count": 2
        },
        {
            "answer": "референции",
            "count": 1
        },
        {
            "answer": "стратегия",
            "count": 1
        },
        {
            "answer": "упрямость",
            "count": 1
        },
        {
            "answer": "харизма",
            "count": 1
        }
    ]
}