{
    "id": 24379,
    "question": "Какие зоны роста в переговорах вы видите?",
    "answers": [
        {
            "answer": "английский язык",
            "count": 1
        },
        {
            "answer": "аргументация",
            "count": 1
        },
        {
            "answer": "аргументированность",
            "count": 1
        },
        {
            "answer": "аргументы",
            "count": 1
        },
        {
            "answer": "более жесткая позиция",
            "count": 1
        },
        {
            "answer": "больше опыта",
            "count": 1
        },
        {
            "answer": "брать на себя роль лидера",
            "count": 1
        },
        {
            "answer": "взаимные интересы",
            "count": 1
        },
        {
            "answer": "гибкость",
            "count": 1
        },
        {
            "answer": "жесткость",
            "count": 1
        },
        {
            "answer": "инициативность",
            "count": 2
        },
        {
            "answer": "коммуникативность",
            "count": 1
        },
        {
            "answer": "культурные тонкости",
            "count": 1
        },
        {
            "answer": "лучше торговаться",
            "count": 1
        },
        {
            "answer": "международная специфика",
            "count": 1
        },
        {
            "answer": "не лидера но ближе к этому",
            "count": 1
        },
        {
            "answer": "нлп",
            "count": 1
        },
        {
            "answer": "обширные возможности",
            "count": 1
        },
        {
            "answer": "предпринимательский подход",
            "count": 1
        },
        {
            "answer": "прокачка эмоц интеллекта",
            "count": 1
        },
        {
            "answer": "эмоциональный интеллект",
            "count": 1
        },
        {
            "answer": "развивать компетенции",
            "count": 1
        },
        {
            "answer": "слушать",
            "count": 1
        },
        {
            "answer": "слышать партнёров",
            "count": 1
        },
        {
            "answer": "уверенность",
            "count": 1
        },
        {
            "answer": "управление эмоциями",
            "count": 1
        },
        {
            "answer": "эмоции",
            "count": 1
        },
        {
            "answer": "устойчивые",
            "count": 1
        },
        {
            "answer": "харизма",
            "count": 1
        },
        {
            "answer": "четкость позиции",
            "count": 1
        },
        {
            "answer": "чтобы заметили и подняли зп!!!",
            "count": 1
        },
        {
            "answer": "эмпатия",
            "count": 1
        }
    ]
}