{
    "id": 24377,
    "question": "Чего не хватает в проведении переговоров с Заказчиками?",
    "answers": [
        {
            "answer": "взаимопонимания",
            "count": 2
        },
        {
            "answer": "времени",
            "count": 2
        },
        {
            "answer": "времени!",
            "count": 1
        },
        {
            "answer": "гибкости",
            "count": 1
        },
        {
            "answer": "граммотного перевода",
            "count": 1
        },
        {
            "answer": "документов",
            "count": 1
        },
        {
            "answer": "дополнительной информации",
            "count": 1
        },
        {
            "answer": "заказчиков (нужно больше)",
            "count": 1
        },
        {
            "answer": "квалификации заказчика",
            "count": 1
        },
        {
            "answer": "компетенциий",
            "count": 1
        },
        {
            "answer": "компетенций заказчика",
            "count": 1
        },
        {
            "answer": "культурная программа",
            "count": 1
        },
        {
            "answer": "личного общения",
            "count": 1
        },
        {
            "answer": "навыков ведения переговоров",
            "count": 1
        },
        {
            "answer": "опыта",
            "count": 3
        },
        {
            "answer": "подготовки",
            "count": 2
        },
        {
            "answer": "понимания желания заказчика",
            "count": 1
        },
        {
            "answer": "понимания процесса переговоров",
            "count": 1
        },
        {
            "answer": "стремления договориться",
            "count": 1
        },
        {
            "answer": "терпения",
            "count": 1
        },
        {
            "answer": "уверенности",
            "count": 2
        },
        {
            "answer": "уверенности в себе",
            "count": 1
        },
        {
            "answer": "четкости позиции команды",
            "count": 1
        }
    ]
}