{
    "id": 24397,
    "question": "Какое самое яркое карьерное событие событие вы посещали?",
    "answers": [
        {
            "answer": "atomskills",
            "count": 1
        },
        {
            "answer": "атомскиллс",
            "count": 2
        },
        {
            "answer": "it core",
            "count": 8
        },
        {
            "answer": "it-core",
            "count": 1
        },
        {
            "answer": "it марафон от ростатома",
            "count": 1
        },
        {
            "answer": "ит-марафон",
            "count": 1
        },
        {
            "answer": "вот сегодня посетил. пока ярко",
            "count": 1
        },
        {
            "answer": "вы яркое солнышко",
            "count": 1
        },
        {
            "answer": "сегодня",
            "count": 1
        },
        {
            "answer": "впервые в жизни",
            "count": 1
        },
        {
            "answer": "время карьеры",
            "count": 1
        },
        {
            "answer": "данное событие",
            "count": 1
        },
        {
            "answer": "да",
            "count": 1
        },
        {
            "answer": "день samsung в рту мирэа",
            "count": 1
        },
        {
            "answer": "день карьеры",
            "count": 1
        },
        {
            "answer": "день открытых дверей в мирэа",
            "count": 1
        },
        {
            "answer": "день росатома в рту мирэа",
            "count": 1
        },
        {
            "answer": "день сибинтек в рту мирэа",
            "count": 1
        },
        {
            "answer": "дни карьеры в тпу",
            "count": 1
        },
        {
            "answer": "здесь первый раз",
            "count": 1
        },
        {
            "answer": "это",
            "count": 1
        },
        {
            "answer": "карьерная гостиная breakpoint",
            "count": 2
        },
        {
            "answer": "конференция",
            "count": 1
        },
        {
            "answer": "метавселенная ирит-ртф",
            "count": 1
        },
        {
            "answer": "не помню",
            "count": 1
        },
        {
            "answer": "неделя vk в рту мирэа",
            "count": 1
        },
        {
            "answer": "неделя крок в рту мирэа",
            "count": 1
        },
        {
            "answer": "ни какое",
            "count": 1
        },
        {
            "answer": "никакое",
            "count": 1
        },
        {
            "answer": "оффер дей гринатом",
            "count": 1
        },
        {
            "answer": "росатом",
            "count": 1
        },
        {
            "answer": "студенческий цех",
            "count": 1
        },
        {
            "answer": "трудоустройство в росатом",
            "count": 1
        },
        {
            "answer": "трудоустройство)",
            "count": 1
        },
        {
            "answer": "фестиваль brainfest",
            "count": 1
        },
        {
            "answer": "фестиваль breanfest",
            "count": 1
        },
        {
            "answer": "школа комсоставов ссо росатома",
            "count": 1
        },
        {
            "answer": "ярмарка вакансий росатома",
            "count": 1
        },
        {
            "answer": "ярмарка карьер от ннгу",
            "count": 1
        }
    ]
}