{
    "id": 24519,
    "question": "Каким словом можно описать состояние молодежи Росатома сегодня?",
    "answers": [
        {
            "answer": "активная",
            "count": 1
        },
        {
            "answer": "активное",
            "count": 1
        },
        {
            "answer": "активность",
            "count": 2
        },
        {
            "answer": "активные",
            "count": 2
        },
        {
            "answer": "амбициозность",
            "count": 1
        },
        {
            "answer": "в ресурсе",
            "count": 1
        },
        {
            "answer": "рабочее",
            "count": 1
        },
        {
            "answer": "в шоколаде",
            "count": 1
        },
        {
            "answer": "вовлеченная",
            "count": 1
        },
        {
            "answer": "вовлеченное",
            "count": 2
        },
        {
            "answer": "вовлеченость",
            "count": 1
        },
        {
            "answer": "впереди",
            "count": 1
        },
        {
            "answer": "вялая",
            "count": 1
        },
        {
            "answer": "готовность",
            "count": 1
        },
        {
            "answer": "готовность к изменениям",
            "count": 1
        },
        {
            "answer": "деградация",
            "count": 1
        },
        {
            "answer": "дружба",
            "count": 1
        },
        {
            "answer": "дружные",
            "count": 1
        },
        {
            "answer": "единение",
            "count": 5
        },
        {
            "answer": "единое",
            "count": 1
        },
        {
            "answer": "загруженность",
            "count": 1
        },
        {
            "answer": "интерес",
            "count": 1
        },
        {
            "answer": "компетентная",
            "count": 1
        },
        {
            "answer": "мало",
            "count": 1
        },
        {
            "answer": "мало вовлеченная",
            "count": 1
        },
        {
            "answer": "надежда",
            "count": 1
        },
        {
            "answer": "негатив",
            "count": 1
        },
        {
            "answer": "нейтроально",
            "count": 1
        },
        {
            "answer": "неоднозначное",
            "count": 1
        },
        {
            "answer": "неясность",
            "count": 1
        },
        {
            "answer": "нормальное",
            "count": 1
        },
        {
            "answer": "удовлетворительное",
            "count": 1
        },
        {
            "answer": "ожидание",
            "count": 1
        },
        {
            "answer": "озабоченность",
            "count": 1
        },
        {
            "answer": "ответственная",
            "count": 1
        },
        {
            "answer": "ответственные",
            "count": 1
        },
        {
            "answer": "печальное",
            "count": 1
        },
        {
            "answer": "позитив",
            "count": 1
        },
        {
            "answer": "позитивное",
            "count": 1
        },
        {
            "answer": "принятие",
            "count": 1
        },
        {
            "answer": "прогрессивная",
            "count": 1
        },
        {
            "answer": "развитие",
            "count": 1
        },
        {
            "answer": "разрозненные",
            "count": 1
        },
        {
            "answer": "растерянность",
            "count": 1
        },
        {
            "answer": "рвёмся в работу",
            "count": 1
        },
        {
            "answer": "революция",
            "count": 1
        },
        {
            "answer": "собранность",
            "count": 2
        },
        {
            "answer": "современные технологии",
            "count": 1
        },
        {
            "answer": "спит",
            "count": 1
        },
        {
            "answer": "спокойное",
            "count": 1
        },
        {
            "answer": "спокойствие",
            "count": 3
        },
        {
            "answer": "стабильное",
            "count": 1
        },
        {
            "answer": "стабильность",
            "count": 1
        },
        {
            "answer": "стремление",
            "count": 1
        },
        {
            "answer": "творческая",
            "count": 1
        },
        {
            "answer": "тревого",
            "count": 1
        },
        {
            "answer": "тревожно",
            "count": 1
        },
        {
            "answer": "тревожность",
            "count": 1
        },
        {
            "answer": "трудолюбивое",
            "count": 1
        },
        {
            "answer": "трудолюбивые",
            "count": 1
        },
        {
            "answer": "тунеядцы",
            "count": 1
        },
        {
            "answer": "уверенность",
            "count": 2
        },
        {
            "answer": "умеренное волнение и стресс",
            "count": 1
        },
        {
            "answer": "усердное",
            "count": 1
        },
        {
            "answer": "уставшее",
            "count": 1
        },
        {
            "answer": "хорошее",
            "count": 1
        },
        {
            "answer": "яркая",
            "count": 1
        }
    ]
}