{
    "id": 24521,
    "question": "Какие проекты за рамками обозначенных направлений сейчас актуальны для молодежи?",
    "answers": [
        {
            "answer": "адаптация",
            "count": 2
        },
        {
            "answer": "баланс работы и личной жизни",
            "count": 1
        },
        {
            "answer": "безопасность",
            "count": 3
        },
        {
            "answer": "безопасность нам её развивать",
            "count": 1
        },
        {
            "answer": "культура безопасности",
            "count": 1
        },
        {
            "answer": "бренд работодателя",
            "count": 1
        },
        {
            "answer": "в связи с утечкой мозгов",
            "count": 1
        },
        {
            "answer": "вовлечение в спорт",
            "count": 1
        },
        {
            "answer": "корпоративный спорт",
            "count": 1
        },
        {
            "answer": "спорт",
            "count": 4
        },
        {
            "answer": "вовлеченность",
            "count": 1
        },
        {
            "answer": "волонтёрстао",
            "count": 1
        },
        {
            "answer": "волонтерство",
            "count": 4
        },
        {
            "answer": "волонтёрство",
            "count": 1
        },
        {
            "answer": "дебюрократизация",
            "count": 1
        },
        {
            "answer": "длительный туризм",
            "count": 1
        },
        {
            "answer": "донорство",
            "count": 1
        },
        {
            "answer": "изучение иностранных языков",
            "count": 1
        },
        {
            "answer": "информирование",
            "count": 4
        },
        {
            "answer": "карьерный рост",
            "count": 2
        },
        {
            "answer": "кейс развития компетенций",
            "count": 1
        },
        {
            "answer": "киберспорт",
            "count": 1
        },
        {
            "answer": "криптовал",
            "count": 1
        },
        {
            "answer": "лидерство",
            "count": 1
        },
        {
            "answer": "личностное развитие",
            "count": 1
        },
        {
            "answer": "логистика в отрасли",
            "count": 1
        },
        {
            "answer": "люди и города",
            "count": 1
        },
        {
            "answer": "медицина",
            "count": 2
        },
        {
            "answer": "не знаю",
            "count": 1
        },
        {
            "answer": "нет",
            "count": 1
        },
        {
            "answer": "новые продукты",
            "count": 1
        },
        {
            "answer": "обучение навыкам вп",
            "count": 1
        },
        {
            "answer": "оказание первой помощи",
            "count": 1
        },
        {
            "answer": "охрана труда и тб",
            "count": 1
        },
        {
            "answer": "поиск новых сотрудников",
            "count": 1
        },
        {
            "answer": "помощь",
            "count": 1
        },
        {
            "answer": "приоритет семьи",
            "count": 1
        },
        {
            "answer": "профессиональное развитие",
            "count": 1
        },
        {
            "answer": "профориентация",
            "count": 1
        },
        {
            "answer": "психологическая поддержка",
            "count": 1
        },
        {
            "answer": "психологическая устойчивость",
            "count": 1
        },
        {
            "answer": "психология управления",
            "count": 1
        },
        {
            "answer": "раскрытие потенциала",
            "count": 2
        },
        {
            "answer": "с людьми нужно больше говорить",
            "count": 1
        },
        {
            "answer": "смена гражданства",
            "count": 1
        },
        {
            "answer": "снижение переработки",
            "count": 1
        },
        {
            "answer": "тематические конференции",
            "count": 1
        },
        {
            "answer": "технологический суверенитет",
            "count": 1
        },
        {
            "answer": "устойчивое развитие",
            "count": 1
        },
        {
            "answer": "финансы",
            "count": 1
        },
        {
            "answer": "форум энергия",
            "count": 1
        },
        {
            "answer": "цифровизация",
            "count": 1
        },
        {
            "answer": "экологичные",
            "count": 1
        },
        {
            "answer": "экология",
            "count": 2
        }
    ]
}