{
    "id": 24599,
    "question": "Как вы понимаете определение корпоративная культура?",
    "answers": [
        {
            "answer": "баланс",
            "count": 1
        },
        {
            "answer": "бережное отношение",
            "count": 1
        },
        {
            "answer": "взаимовежливость",
            "count": 1
        },
        {
            "answer": "взаимоуважение",
            "count": 1
        },
        {
            "answer": "уважение",
            "count": 2
        },
        {
            "answer": "грамотная речь",
            "count": 1
        },
        {
            "answer": "грамотное общение",
            "count": 1
        },
        {
            "answer": "умение культурно общаться",
            "count": 1
        },
        {
            "answer": "дисциплин",
            "count": 1
        },
        {
            "answer": "единая миссия",
            "count": 1
        },
        {
            "answer": "компания и сотрудники",
            "count": 1
        },
        {
            "answer": "культура в общение сотрудников",
            "count": 1
        },
        {
            "answer": "культура общения",
            "count": 1
        },
        {
            "answer": "отношения сотрудников",
            "count": 1
        },
        {
            "answer": "культура отношения в едином ст",
            "count": 1
        },
        {
            "answer": "культурное поведение в обще",
            "count": 1
        },
        {
            "answer": "правила поведения в обществе",
            "count": 1
        },
        {
            "answer": "культурные особенности орг-ии",
            "count": 1
        },
        {
            "answer": "модели взаимодействия",
            "count": 1
        },
        {
            "answer": "настроенность на результат",
            "count": 1
        },
        {
            "answer": "норма поведения в организации",
            "count": 1
        },
        {
            "answer": "нормы и образцы поведения",
            "count": 1
        },
        {
            "answer": "нормы поведения",
            "count": 1
        },
        {
            "answer": "поведение в коллектив",
            "count": 1
        },
        {
            "answer": "поведение в коллективе",
            "count": 1
        },
        {
            "answer": "правила",
            "count": 1
        },
        {
            "answer": "свои правила",
            "count": 1
        },
        {
            "answer": "общая идея",
            "count": 1
        },
        {
            "answer": "общая цель",
            "count": 1
        },
        {
            "answer": "общение",
            "count": 1
        },
        {
            "answer": "объединение",
            "count": 1
        },
        {
            "answer": "сплоченность",
            "count": 3
        },
        {
            "answer": "поведение компании",
            "count": 1
        },
        {
            "answer": "понимание",
            "count": 1
        },
        {
            "answer": "распорядок",
            "count": 1
        },
        {
            "answer": "слаженность",
            "count": 1
        },
        {
            "answer": "умение общаться в коллективом",
            "count": 1
        },
        {
            "answer": "уметь слушать",
            "count": 1
        },
        {
            "answer": "это потенциал его раскрытие",
            "count": 1
        },
        {
            "answer": "это семья",
            "count": 1
        }
    ]
}