{
    "id": 24600,
    "question": "Какая мысль вызвала наибольший интерес?",
    "answers": [
        {
            "answer": "4 триллиона ₽",
            "count": 1
        },
        {
            "answer": "4 трл рублей",
            "count": 1
        },
        {
            "answer": "бережное отношение к друг друг",
            "count": 1
        },
        {
            "answer": "быть целеустремлённым",
            "count": 1
        },
        {
            "answer": "видение 2030",
            "count": 1
        },
        {
            "answer": "заглянуть за горизонт 🌄",
            "count": 1
        },
        {
            "answer": "кадровый рост молодёжи",
            "count": 1
        },
        {
            "answer": "категория работника",
            "count": 1
        },
        {
            "answer": "кба",
            "count": 2
        },
        {
            "answer": "клиентоцентричность",
            "count": 1
        },
        {
            "answer": "клиенты платят нам зарплату",
            "count": 1
        },
        {
            "answer": "корпоративная культура",
            "count": 1
        },
        {
            "answer": "лидер 5:0",
            "count": 1
        },
        {
            "answer": "лидер ищет возможности",
            "count": 1
        },
        {
            "answer": "лучше чем вчера",
            "count": 1
        },
        {
            "answer": "люди бизнес технологии",
            "count": 2
        },
        {
            "answer": "молодежка",
            "count": 1
        },
        {
            "answer": "молодежное движение",
            "count": 1
        },
        {
            "answer": "о молодежном движении",
            "count": 1
        },
        {
            "answer": "мы❤️клиентов",
            "count": 1
        },
        {
            "answer": "на шаг впереди",
            "count": 1
        },
        {
            "answer": "носители культуры-люди",
            "count": 1
        },
        {
            "answer": "поддержка в коллективе",
            "count": 1
        },
        {
            "answer": "позитив",
            "count": 1
        },
        {
            "answer": "получение новых знаний",
            "count": 1
        },
        {
            "answer": "работа - вторая семья",
            "count": 1
        },
        {
            "answer": "работа-это семья",
            "count": 1
        },
        {
            "answer": "развитие",
            "count": 2
        },
        {
            "answer": "развитие компании",
            "count": 2
        },
        {
            "answer": "развитие личности",
            "count": 1
        },
        {
            "answer": "росатом лидер лидеров",
            "count": 1
        },
        {
            "answer": "цель-куда идём?",
            "count": 1
        },
        {
            "answer": "ценности",
            "count": 1
        },
        {
            "answer": "энергетика лидеров 5.0",
            "count": 1
        }
    ]
}