{
    "id": 24618,
    "question": "Что отличает молодежь Урала?",
    "answers": [
        {
            "answer": "активная позиция",
            "count": 1
        },
        {
            "answer": "активность в работе",
            "count": 2
        },
        {
            "answer": "гостеприимство",
            "count": 1
        },
        {
            "answer": "она гостеприимная",
            "count": 1
        },
        {
            "answer": "дисциплин",
            "count": 1
        },
        {
            "answer": "доброжелательность",
            "count": 1
        },
        {
            "answer": "единая команда",
            "count": 1
        },
        {
            "answer": "единство",
            "count": 4
        },
        {
            "answer": "сплоченность",
            "count": 1
        },
        {
            "answer": "сплочённость",
            "count": 1
        },
        {
            "answer": "жаждой нового",
            "count": 1
        },
        {
            "answer": "стремление к новому",
            "count": 1
        },
        {
            "answer": "инакомыслием",
            "count": 1
        },
        {
            "answer": "история",
            "count": 1
        },
        {
            "answer": "красота",
            "count": 1
        },
        {
            "answer": "мужики!!!",
            "count": 1
        },
        {
            "answer": "настойчивость",
            "count": 1
        },
        {
            "answer": "нацеленность на результат",
            "count": 1
        },
        {
            "answer": "прорывные идеи",
            "count": 1
        },
        {
            "answer": "революционностью",
            "count": 1
        },
        {
            "answer": "работоспособность",
            "count": 1
        },
        {
            "answer": "сила духа💪",
            "count": 1
        },
        {
            "answer": "твердость зарактера",
            "count": 1
        },
        {
            "answer": "твердость характера",
            "count": 1
        },
        {
            "answer": "терпимость",
            "count": 1
        },
        {
            "answer": "уверенность в себе",
            "count": 1
        },
        {
            "answer": "ум",
            "count": 1
        },
        {
            "answer": "целеустремлённость",
            "count": 1
        },
        {
            "answer": "целеустремлённость,",
            "count": 1
        },
        {
            "answer": "энергичность",
            "count": 1
        },
        {
            "answer": "энергия",
            "count": 1
        },
        {
            "answer": "яок",
            "count": 1
        }
    ]
}