{
    "id": 24627,
    "question": "Какие главные посылы, актуальные для молодежи, вы услышали на Дне информировании?",
    "answers": [
        {
            "answer": "\"все лучше, чем мы ожидали\"",
            "count": 1
        },
        {
            "answer": "1- строительство бн1200",
            "count": 1
        },
        {
            "answer": "бн1200",
            "count": 1
        },
        {
            "answer": "бн-1200",
            "count": 2
        },
        {
            "answer": "строительство бн-1200",
            "count": 1
        },
        {
            "answer": "2- присоединение зап.аэс",
            "count": 1
        },
        {
            "answer": "3- развитие потен-ла молодежи",
            "count": 1
        },
        {
            "answer": "раскрытие потенциала человека",
            "count": 2
        },
        {
            "answer": "баэс",
            "count": 1
        },
        {
            "answer": "безопасность",
            "count": 9
        },
        {
            "answer": "безопасность,",
            "count": 1
        },
        {
            "answer": "видение 2030",
            "count": 1
        },
        {
            "answer": "достижение видения 2030",
            "count": 1
        },
        {
            "answer": "внимание к молодежи",
            "count": 1
        },
        {
            "answer": "выполнение планов",
            "count": 1
        },
        {
            "answer": "единство",
            "count": 1
        },
        {
            "answer": "объединение",
            "count": 1
        },
        {
            "answer": "заинтересованность в каждом",
            "count": 1
        },
        {
            "answer": "запорожская аэс",
            "count": 1
        },
        {
            "answer": "зил под",
            "count": 1
        },
        {
            "answer": "кбп",
            "count": 1
        },
        {
            "answer": "команда",
            "count": 1
        },
        {
            "answer": "культура безопасности",
            "count": 7
        },
        {
            "answer": "причастность к безопасности",
            "count": 1
        },
        {
            "answer": "лидерство в стране и мире",
            "count": 1
        },
        {
            "answer": "лидер изменений",
            "count": 1
        },
        {
            "answer": "люди и города",
            "count": 3
        },
        {
            "answer": "мобилизация",
            "count": 2
        },
        {
            "answer": "новые возможности",
            "count": 1
        },
        {
            "answer": "охрана труда",
            "count": 1
        },
        {
            "answer": "подорожание жилья",
            "count": 1
        },
        {
            "answer": "помощь",
            "count": 1
        },
        {
            "answer": "потенциал - человек",
            "count": 1
        },
        {
            "answer": "развитие",
            "count": 2
        },
        {
            "answer": "развитие иработа над проектами",
            "count": 1
        },
        {
            "answer": "расширение кадров",
            "count": 1
        },
        {
            "answer": "реализация себя",
            "count": 1
        },
        {
            "answer": "севморпуть",
            "count": 1
        },
        {
            "answer": "семья",
            "count": 1
        },
        {
            "answer": "стратегия",
            "count": 1
        },
        {
            "answer": "строительство 5 блока",
            "count": 1
        },
        {
            "answer": "уверенность в завтрашнем дне",
            "count": 1
        }
    ]
}