{
    "id": 24621,
    "question": "Каким словом можно описать состояние молодежи вашего предприятия сегодня?",
    "answers": [
        {
            "answer": "бессилие",
            "count": 1
        },
        {
            "answer": "волнение",
            "count": 1
        },
        {
            "answer": "вялое",
            "count": 2
        },
        {
            "answer": "усталость",
            "count": 1
        },
        {
            "answer": "готовность к новому",
            "count": 1
        },
        {
            "answer": "дружба",
            "count": 1
        },
        {
            "answer": "единая",
            "count": 1
        },
        {
            "answer": "единение",
            "count": 1
        },
        {
            "answer": "объединение",
            "count": 1
        },
        {
            "answer": "желание стабильности",
            "count": 1
        },
        {
            "answer": "инициатива",
            "count": 1
        },
        {
            "answer": "компетентная",
            "count": 1
        },
        {
            "answer": "невключенная",
            "count": 1
        },
        {
            "answer": "неопределённость",
            "count": 2
        },
        {
            "answer": "образованная",
            "count": 1
        },
        {
            "answer": "перестройка",
            "count": 1
        },
        {
            "answer": "пофиг пляшем",
            "count": 1
        },
        {
            "answer": "растерянность",
            "count": 1
        },
        {
            "answer": "реалисты",
            "count": 1
        },
        {
            "answer": "революционность",
            "count": 1
        },
        {
            "answer": "социальная проблема",
            "count": 1
        },
        {
            "answer": "стабильное",
            "count": 1
        },
        {
            "answer": "целеустремлённость",
            "count": 1
        },
        {
            "answer": "яркость",
            "count": 1
        }
    ]
}