{
    "id": 24689,
    "question": "Чему бы вы хотели научиться?",
    "answers": [
        {
            "answer": "3d графика",
            "count": 1
        },
        {
            "answer": "3d графике",
            "count": 1
        },
        {
            "answer": "3d моделирование",
            "count": 1
        },
        {
            "answer": "ar",
            "count": 1
        },
        {
            "answer": "it",
            "count": 1
        },
        {
            "answer": "js",
            "count": 1
        },
        {
            "answer": "metaverse",
            "count": 1
        },
        {
            "answer": "pr",
            "count": 1
        },
        {
            "answer": "анализировать людей",
            "count": 1
        },
        {
            "answer": "анализировать тренды",
            "count": 1
        },
        {
            "answer": "английский язык",
            "count": 1
        },
        {
            "answer": "владеть несколькими свободно",
            "count": 1
        },
        {
            "answer": "новому языку",
            "count": 1
        },
        {
            "answer": "свободный английский",
            "count": 1
        },
        {
            "answer": "анимировать",
            "count": 1
        },
        {
            "answer": "антиперфекционизму",
            "count": 1
        },
        {
            "answer": "бизнес-анализу",
            "count": 1
        },
        {
            "answer": "большей работоспособности",
            "count": 1
        },
        {
            "answer": "быстрее усваивать информацию",
            "count": 1
        },
        {
            "answer": "ведение бизнеса",
            "count": 1
        },
        {
            "answer": "управлять бизнесом",
            "count": 1
        },
        {
            "answer": "видеомонтаж",
            "count": 1
        },
        {
            "answer": "выступления",
            "count": 1
        },
        {
            "answer": "вязание спицами",
            "count": 1
        },
        {
            "answer": "вязанию спицами",
            "count": 2
        },
        {
            "answer": "готовить",
            "count": 1
        },
        {
            "answer": "готовить как боженька",
            "count": 1
        },
        {
            "answer": "готовить и танцевать",
            "count": 1
        },
        {
            "answer": "графический web дизайн",
            "count": 1
        },
        {
            "answer": "делать документальное кино",
            "count": 1
        },
        {
            "answer": "делать крутые презы",
            "count": 1
        },
        {
            "answer": "дизайну",
            "count": 2
        },
        {
            "answer": "договариваться",
            "count": 1
        },
        {
            "answer": "играть на гитаре",
            "count": 1
        },
        {
            "answer": "ии в образовании",
            "count": 1
        },
        {
            "answer": "как открыть свой бизнес",
            "count": 1
        },
        {
            "answer": "кататься на велосипеде",
            "count": 1
        },
        {
            "answer": "качествам будущего",
            "count": 1
        },
        {
            "answer": "командной работе",
            "count": 1
        },
        {
            "answer": "критическое мышление",
            "count": 1
        },
        {
            "answer": "ложиться спать в 22.00",
            "count": 1
        },
        {
            "answer": "менеджменту",
            "count": 1
        },
        {
            "answer": "научиться учиться",
            "count": 2
        },
        {
            "answer": "не нервничать",
            "count": 1
        },
        {
            "answer": "спокойствию",
            "count": 1
        },
        {
            "answer": "нетворкинг",
            "count": 1
        },
        {
            "answer": "нетворкингу",
            "count": 1
        },
        {
            "answer": "нетворкингу\nплаванью\nс",
            "count": 1
        },
        {
            "answer": "общаться",
            "count": 1
        },
        {
            "answer": "ораторство",
            "count": 1
        },
        {
            "answer": "ораторству",
            "count": 2
        },
        {
            "answer": "организация пространства",
            "count": 1
        },
        {
            "answer": "петь",
            "count": 3
        },
        {
            "answer": "писать сценарии",
            "count": 1
        },
        {
            "answer": "плаванье",
            "count": 1
        },
        {
            "answer": "плаванью",
            "count": 2
        },
        {
            "answer": "плавать",
            "count": 1
        },
        {
            "answer": "принятию других мнений",
            "count": 1
        },
        {
            "answer": "прогнозированию будущего",
            "count": 1
        },
        {
            "answer": "прогнозировать будущее",
            "count": 1
        },
        {
            "answer": "футорологии",
            "count": 1
        },
        {
            "answer": "продажи",
            "count": 1
        },
        {
            "answer": "работе с аудио",
            "count": 1
        },
        {
            "answer": "расслабляться",
            "count": 1
        },
        {
            "answer": "рендерить показы в clo3d",
            "count": 1
        },
        {
            "answer": "рисовать",
            "count": 2
        },
        {
            "answer": "самооборона",
            "count": 1
        },
        {
            "answer": "самообороне",
            "count": 2
        },
        {
            "answer": "самопрезентации",
            "count": 1
        },
        {
            "answer": "скетчить на экране эскизы одеж",
            "count": 1
        },
        {
            "answer": "софт скиллам",
            "count": 2
        },
        {
            "answer": "способности учиться",
            "count": 1
        },
        {
            "answer": "учиться",
            "count": 2
        },
        {
            "answer": "стоять на руках",
            "count": 1
        },
        {
            "answer": "тайм-менеджмент",
            "count": 1
        },
        {
            "answer": "танцевать профессионально",
            "count": 1
        },
        {
            "answer": "управление персоналом",
            "count": 1
        },
        {
            "answer": "управление проектами",
            "count": 1
        },
        {
            "answer": "управлению вниманием",
            "count": 1
        },
        {
            "answer": "четко делегировать задачи",
            "count": 1
        },
        {
            "answer": "читать мысли на расстоянии",
            "count": 1
        }
    ]
}