{
    "id": 24682,
    "question": "Ключевое слово вчерашнего дня",
    "answers": [
        {
            "answer": "sas",
            "count": 1
        },
        {
            "answer": "все о sas",
            "count": 1
        },
        {
            "answer": "wow-эффект",
            "count": 1
        },
        {
            "answer": "акселератор ? а какой продукт?",
            "count": 1
        },
        {
            "answer": "введение",
            "count": 1
        },
        {
            "answer": "вопросов больше чем ответов",
            "count": 1
        },
        {
            "answer": "вопросы",
            "count": 1
        },
        {
            "answer": "встречи",
            "count": 1
        },
        {
            "answer": "границы",
            "count": 1
        },
        {
            "answer": "знакомство",
            "count": 1
        },
        {
            "answer": "новые контакты",
            "count": 1
        },
        {
            "answer": "интенсивность",
            "count": 1
        },
        {
            "answer": "интерес",
            "count": 1
        },
        {
            "answer": "команда",
            "count": 1
        },
        {
            "answer": "командная работа",
            "count": 1
        },
        {
            "answer": "кто ты?",
            "count": 1
        },
        {
            "answer": "много",
            "count": 1
        },
        {
            "answer": "неожиданность",
            "count": 2
        },
        {
            "answer": "неопределённость",
            "count": 1
        },
        {
            "answer": "озадаченность",
            "count": 1
        },
        {
            "answer": "осознанность",
            "count": 2
        },
        {
            "answer": "плюрализм мнений",
            "count": 1
        },
        {
            "answer": "погружение",
            "count": 1
        },
        {
            "answer": "проблема",
            "count": 1
        },
        {
            "answer": "радость",
            "count": 1
        },
        {
            "answer": "развитие",
            "count": 2
        },
        {
            "answer": "размышление",
            "count": 1
        },
        {
            "answer": "ребёнок",
            "count": 1
        },
        {
            "answer": "свобода",
            "count": 1
        },
        {
            "answer": "субъект субъектность",
            "count": 1
        },
        {
            "answer": "субъектностб",
            "count": 1
        },
        {
            "answer": "субъектность",
            "count": 8
        },
        {
            "answer": "усталость",
            "count": 1
        },
        {
            "answer": "ученика",
            "count": 1
        },
        {
            "answer": "учителя",
            "count": 1
        }
    ]
}