{
    "id": 24693,
    "question": "Какими качествами должен обладать человек в мире будущего?",
    "answers": [
        {
            "answer": "it навыки",
            "count": 1
        },
        {
            "answer": "авантюризм",
            "count": 1
        },
        {
            "answer": "адама",
            "count": 1
        },
        {
            "answer": "адаптивность",
            "count": 8
        },
        {
            "answer": "адаптивность к изменениям",
            "count": 1
        },
        {
            "answer": "адаптивностью",
            "count": 1
        },
        {
            "answer": "адаптирующийся",
            "count": 1
        },
        {
            "answer": "быстрая адаптация",
            "count": 1
        },
        {
            "answer": "быстро адаптироваться",
            "count": 1
        },
        {
            "answer": "быстро в новых условиях",
            "count": 1
        },
        {
            "answer": "гибкость",
            "count": 10
        },
        {
            "answer": "гибкость ума",
            "count": 1
        },
        {
            "answer": "гибкостью",
            "count": 2
        },
        {
            "answer": "мгновенной адаптивностью",
            "count": 1
        },
        {
            "answer": "адекватность",
            "count": 1
        },
        {
            "answer": "активный",
            "count": 2
        },
        {
            "answer": "проактивность",
            "count": 1
        },
        {
            "answer": "аналитика",
            "count": 1
        },
        {
            "answer": "ассертивность",
            "count": 1
        },
        {
            "answer": "безмятежность",
            "count": 1
        },
        {
            "answer": "бережное отношение к ресурсам",
            "count": 1
        },
        {
            "answer": "бережным к планете",
            "count": 1
        },
        {
            "answer": "забота о природе",
            "count": 1
        },
        {
            "answer": "экологическое мышление",
            "count": 1
        },
        {
            "answer": "экологичность",
            "count": 1
        },
        {
            "answer": "быстро принимать решения",
            "count": 1
        },
        {
            "answer": "быстрое принятия решений",
            "count": 1
        },
        {
            "answer": "уметь быстро принимать решения",
            "count": 1
        },
        {
            "answer": "быть трендвотчером",
            "count": 1
        },
        {
            "answer": "быть цифровым",
            "count": 1
        },
        {
            "answer": "вдумчивость",
            "count": 1
        },
        {
            "answer": "взаимозависимость",
            "count": 1
        },
        {
            "answer": "видением",
            "count": 1
        },
        {
            "answer": "всесторонним развитием",
            "count": 1
        },
        {
            "answer": "выжиаемость",
            "count": 1
        },
        {
            "answer": "высокая самомотивация",
            "count": 1
        },
        {
            "answer": "высокий интеллект",
            "count": 1
        },
        {
            "answer": "высоким интеллектом",
            "count": 2
        },
        {
            "answer": "интеллект",
            "count": 1
        },
        {
            "answer": "сообразительность",
            "count": 1
        },
        {
            "answer": "ум",
            "count": 1
        },
        {
            "answer": "умный",
            "count": 3
        },
        {
            "answer": "умом",
            "count": 1
        },
        {
            "answer": "глобальное мышление",
            "count": 1
        },
        {
            "answer": "гуманизм",
            "count": 2
        },
        {
            "answer": "гуманизмом",
            "count": 3
        },
        {
            "answer": "человеколюбие",
            "count": 1
        },
        {
            "answer": "человечность",
            "count": 2
        },
        {
            "answer": "человечностью",
            "count": 1
        },
        {
            "answer": "дисциплина",
            "count": 1
        },
        {
            "answer": "добро",
            "count": 2
        },
        {
            "answer": "доброжелательность",
            "count": 1
        },
        {
            "answer": "доброта",
            "count": 4
        },
        {
            "answer": "добрый",
            "count": 1
        },
        {
            "answer": "добрым",
            "count": 2
        },
        {
            "answer": "достигатор",
            "count": 1
        },
        {
            "answer": "достигать результат",
            "count": 1
        },
        {
            "answer": "духховность.",
            "count": 1
        },
        {
            "answer": "желающим перенести стресс",
            "count": 1
        },
        {
            "answer": "жизнерадостность",
            "count": 1
        },
        {
            "answer": "жизнестойкость",
            "count": 2
        },
        {
            "answer": "здоровый образ жизни",
            "count": 1
        },
        {
            "answer": "здоровым",
            "count": 1
        },
        {
            "answer": "физическое здоровье",
            "count": 1
        },
        {
            "answer": "инициативность",
            "count": 1
        },
        {
            "answer": "инициативным",
            "count": 1
        },
        {
            "answer": "инновационным мышлением",
            "count": 1
        },
        {
            "answer": "интуицией",
            "count": 1
        },
        {
            "answer": "интуиция",
            "count": 2
        },
        {
            "answer": "искрееность",
            "count": 1
        },
        {
            "answer": "искренность",
            "count": 1
        },
        {
            "answer": "качеством первого человека",
            "count": 1
        },
        {
            "answer": "коллективное мышление",
            "count": 1
        },
        {
            "answer": "командное взаимодействие",
            "count": 1
        },
        {
            "answer": "коммуникабелен",
            "count": 1
        },
        {
            "answer": "коммуникабельност",
            "count": 1
        },
        {
            "answer": "коммуникабельность",
            "count": 2
        },
        {
            "answer": "коммуникабеьность",
            "count": 1
        },
        {
            "answer": "комплексное решение",
            "count": 1
        },
        {
            "answer": "контроль времени",
            "count": 1
        },
        {
            "answer": "креативность",
            "count": 10
        },
        {
            "answer": "креативностью",
            "count": 1
        },
        {
            "answer": "креативным",
            "count": 1
        },
        {
            "answer": "способность к творчеству",
            "count": 1
        },
        {
            "answer": "творческим",
            "count": 1
        },
        {
            "answer": "критически мыслящий",
            "count": 1
        },
        {
            "answer": "критическое мышление",
            "count": 10
        },
        {
            "answer": "критичесткое мышление",
            "count": 1
        },
        {
            "answer": "лайф лонг лёрнингизмом",
            "count": 1
        },
        {
            "answer": "постоянно развивать себя",
            "count": 1
        },
        {
            "answer": "постоянное обучение",
            "count": 1
        },
        {
            "answer": "саморазвитие",
            "count": 1
        },
        {
            "answer": "способность постоянно учиться",
            "count": 2
        },
        {
            "answer": "логическим мышлением",
            "count": 1
        },
        {
            "answer": "любознательность",
            "count": 2
        },
        {
            "answer": "любознательностью",
            "count": 1
        },
        {
            "answer": "любознательный",
            "count": 1
        },
        {
            "answer": "метанавыки",
            "count": 1
        },
        {
            "answer": "милосердие",
            "count": 1
        },
        {
            "answer": "многозадачность",
            "count": 2
        },
        {
            "answer": "многозаченость",
            "count": 1
        },
        {
            "answer": "мобильность",
            "count": 2
        },
        {
            "answer": "недискриминация",
            "count": 1
        },
        {
            "answer": "образованность",
            "count": 1
        },
        {
            "answer": "образованный",
            "count": 1
        },
        {
            "answer": "образованным",
            "count": 2
        },
        {
            "answer": "обучаемость",
            "count": 1
        },
        {
            "answer": "объективным анализом",
            "count": 1
        },
        {
            "answer": "умение анализировать",
            "count": 1
        },
        {
            "answer": "осознанность",
            "count": 2
        },
        {
            "answer": "осознанностью",
            "count": 1
        },
        {
            "answer": "ответственность",
            "count": 7
        },
        {
            "answer": "ответственностью",
            "count": 1
        },
        {
            "answer": "ответственный",
            "count": 1
        },
        {
            "answer": "ответственным",
            "count": 1
        },
        {
            "answer": "отзывчивость",
            "count": 2
        },
        {
            "answer": "отзывчивым",
            "count": 1
        },
        {
            "answer": "открытость",
            "count": 1
        },
        {
            "answer": "открытость ко всему новому",
            "count": 1
        },
        {
            "answer": "открытость новому",
            "count": 1
        },
        {
            "answer": "позит",
            "count": 1
        },
        {
            "answer": "позитивное мышление",
            "count": 1
        },
        {
            "answer": "позитивный",
            "count": 2
        },
        {
            "answer": "преданность",
            "count": 1
        },
        {
            "answer": "прозорливость",
            "count": 1
        },
        {
            "answer": "пытливый ум",
            "count": 1
        },
        {
            "answer": "разумность",
            "count": 1
        },
        {
            "answer": "рассудительность",
            "count": 1
        },
        {
            "answer": "решительность",
            "count": 1
        },
        {
            "answer": "самообладание",
            "count": 1
        },
        {
            "answer": "самоорганизация",
            "count": 1
        },
        {
            "answer": "самоорганизованность",
            "count": 1
        },
        {
            "answer": "самоуправляемость",
            "count": 1
        },
        {
            "answer": "сила воли",
            "count": 1
        },
        {
            "answer": "синтетическое мышление",
            "count": 1
        },
        {
            "answer": "системное мышление",
            "count": 1
        },
        {
            "answer": "системность",
            "count": 1
        },
        {
            "answer": "скорость восприятия",
            "count": 1
        },
        {
            "answer": "скорость и критичность мышлени",
            "count": 1
        },
        {
            "answer": "слышать себя",
            "count": 1
        },
        {
            "answer": "смыслоориентированностью",
            "count": 1
        },
        {
            "answer": "созидание",
            "count": 1
        },
        {
            "answer": "уважение к ресурсам(любым)",
            "count": 1
        },
        {
            "answer": "сострадание",
            "count": 1
        },
        {
            "answer": "софтскилс",
            "count": 1
        },
        {
            "answer": "способность думать",
            "count": 1
        },
        {
            "answer": "способность мечтать",
            "count": 1
        },
        {
            "answer": "стойкость",
            "count": 1
        },
        {
            "answer": "стратег",
            "count": 1
        },
        {
            "answer": "стрессоустойчивость",
            "count": 4
        },
        {
            "answer": "терпение",
            "count": 1
        },
        {
            "answer": "толерантность",
            "count": 2
        },
        {
            "answer": "трудолюбивый",
            "count": 1
        },
        {
            "answer": "умение начинать с нуля",
            "count": 1
        },
        {
            "answer": "уметь слушать и слышать",
            "count": 1
        },
        {
            "answer": "успешный",
            "count": 1
        },
        {
            "answer": "целеустремленность",
            "count": 3
        },
        {
            "answer": "целостность",
            "count": 2
        },
        {
            "answer": "центрированность",
            "count": 1
        },
        {
            "answer": "честность и порядочно",
            "count": 1
        },
        {
            "answer": "честный",
            "count": 1
        },
        {
            "answer": "чисплотен в помыслах и действ",
            "count": 1
        },
        {
            "answer": "чувство юмора",
            "count": 1
        },
        {
            "answer": "широким кругозором",
            "count": 1
        },
        {
            "answer": "эрудирован",
            "count": 1
        },
        {
            "answer": "широта взглядов",
            "count": 1
        },
        {
            "answer": "экономность",
            "count": 1
        },
        {
            "answer": "эмоциональная зрелость",
            "count": 1
        },
        {
            "answer": "эмоциональный интеллект",
            "count": 2
        },
        {
            "answer": "эмоциональным интеллектом",
            "count": 1
        },
        {
            "answer": "эмпатией",
            "count": 1
        },
        {
            "answer": "эмпатичность",
            "count": 1
        },
        {
            "answer": "эмпатия",
            "count": 5
        },
        {
            "answer": "эмпатия по отношению к людям",
            "count": 1
        },
        {
            "answer": "энергоемкость",
            "count": 1
        },
        {
            "answer": "ясность",
            "count": 1
        }
    ]
}