{
    "id": 24692,
    "question": "За что вы любите REFORUM?",
    "answers": [
        {
            "answer": "актуалгибкостьиинтересныхлюдей",
            "count": 1
        },
        {
            "answer": "актуальные темы",
            "count": 1
        },
        {
            "answer": "темы",
            "count": 1
        },
        {
            "answer": "темы будущего.",
            "count": 1
        },
        {
            "answer": "аудитория",
            "count": 1
        },
        {
            "answer": "будущее",
            "count": 1
        },
        {
            "answer": "впервые вижу",
            "count": 1
        },
        {
            "answer": "глубокое погружение в темы",
            "count": 1
        },
        {
            "answer": "за вдохновение",
            "count": 1
        },
        {
            "answer": "за всё",
            "count": 1
        },
        {
            "answer": "за динамику",
            "count": 1
        },
        {
            "answer": "за команду",
            "count": 1
        },
        {
            "answer": "за комьюнити",
            "count": 1
        },
        {
            "answer": "комьюнити",
            "count": 1
        },
        {
            "answer": "за крутых спикеров",
            "count": 1
        },
        {
            "answer": "интересные спикеры",
            "count": 1
        },
        {
            "answer": "классные трендовые спикеры",
            "count": 1
        },
        {
            "answer": "крутые спикеры",
            "count": 1
        },
        {
            "answer": "много спикеров",
            "count": 1
        },
        {
            "answer": "профспикеры",
            "count": 1
        },
        {
            "answer": "за мой голос",
            "count": 1
        },
        {
            "answer": "за организацию мероприятия",
            "count": 1
        },
        {
            "answer": "классно организовано",
            "count": 1
        },
        {
            "answer": "за постоянство во всём",
            "count": 1
        },
        {
            "answer": "за суперполезные подарки",
            "count": 1
        },
        {
            "answer": "много подарков",
            "count": 1
        },
        {
            "answer": "за честность",
            "count": 1
        },
        {
            "answer": "идеи",
            "count": 1
        },
        {
            "answer": "концентрированные идеи",
            "count": 1
        },
        {
            "answer": "интересное",
            "count": 1
        },
        {
            "answer": "много интересного",
            "count": 1
        },
        {
            "answer": "интересные лекции",
            "count": 1
        },
        {
            "answer": "классные ведущие",
            "count": 1
        },
        {
            "answer": "классный дизайн :)",
            "count": 1
        },
        {
            "answer": "классный дизайн:)",
            "count": 1
        },
        {
            "answer": "лаконичность и актуальность",
            "count": 1
        },
        {
            "answer": "легко узнать о трендах",
            "count": 1
        },
        {
            "answer": "тренды",
            "count": 1
        },
        {
            "answer": "узнаю о трендах",
            "count": 1
        },
        {
            "answer": "маиндфулнес",
            "count": 1
        },
        {
            "answer": "много интересной информации",
            "count": 1
        },
        {
            "answer": "многогранность тем",
            "count": 1
        },
        {
            "answer": "научое",
            "count": 1
        },
        {
            "answer": "новое",
            "count": 1
        },
        {
            "answer": "пока не знаю",
            "count": 1
        },
        {
            "answer": "полезно",
            "count": 1
        },
        {
            "answer": "постоянны и актуальны",
            "count": 1
        },
        {
            "answer": "расширяет границы",
            "count": 1
        },
        {
            "answer": "что это ?",
            "count": 1
        },
        {
            "answer": "эстетика во всём",
            "count": 1
        }
    ]
}