{
    "id": 24747,
    "question": "Что у проектной команды получается хорошо?",
    "answers": [
        {
            "answer": "вести проект",
            "count": 1
        },
        {
            "answer": "взаимодействие с пользователям",
            "count": 1
        },
        {
            "answer": "взвешенные решения",
            "count": 1
        },
        {
            "answer": "догонять",
            "count": 1
        },
        {
            "answer": "клиентоориентированность",
            "count": 1
        },
        {
            "answer": "коммуникации",
            "count": 1
        },
        {
            "answer": "коммуницировать с заказчиком",
            "count": 1
        },
        {
            "answer": "назначать совещания!",
            "count": 1
        },
        {
            "answer": "собиратьсовещания",
            "count": 1
        },
        {
            "answer": "настраивать компьютер",
            "count": 1
        },
        {
            "answer": "находить причины - чтобы обосн",
            "count": 1
        },
        {
            "answer": "не укладываться в срок",
            "count": 1
        },
        {
            "answer": "переносить сроки",
            "count": 1
        },
        {
            "answer": "переносить сроки вправо",
            "count": 1
        },
        {
            "answer": "обратная связь",
            "count": 1
        },
        {
            "answer": "описывать подходы к разработке",
            "count": 1
        },
        {
            "answer": "повторять«этодоптребование»",
            "count": 1
        },
        {
            "answer": "помогать",
            "count": 1
        },
        {
            "answer": "принять правильное решение",
            "count": 1
        },
        {
            "answer": "работа в команде",
            "count": 1
        },
        {
            "answer": "совместная работа над проектом",
            "count": 1
        },
        {
            "answer": "разработки",
            "count": 1
        },
        {
            "answer": "средне",
            "count": 1
        },
        {
            "answer": "обр-ка обращ.",
            "count": 1
        },
        {
            "answer": "устр. Замечаний",
            "count": 1
        },
        {
            "answer": "формулировать задачи",
            "count": 1
        }
    ]
}