{
    "id": 24748,
    "question": "Что надо улучшить на стороне проектной команды?",
    "answers": [
        {
            "answer": "быстродействие",
            "count": 1
        },
        {
            "answer": "взаимодействие внутри га",
            "count": 1
        },
        {
            "answer": "взаимодействие каждого члена",
            "count": 1
        },
        {
            "answer": "качество",
            "count": 1
        },
        {
            "answer": "качество работы",
            "count": 1
        },
        {
            "answer": "клиентоориентированность",
            "count": 1
        },
        {
            "answer": "коммуникации",
            "count": 1
        },
        {
            "answer": "контроль исполнения замечаний,",
            "count": 1
        },
        {
            "answer": "нанять больше персонала",
            "count": 1
        },
        {
            "answer": "увеличить число участников",
            "count": 1
        },
        {
            "answer": "не знаю",
            "count": 1
        },
        {
            "answer": "ничего",
            "count": 1
        },
        {
            "answer": "планирование",
            "count": 1
        },
        {
            "answer": "планирование и исполнение",
            "count": 1
        },
        {
            "answer": "подготовку к показом",
            "count": 1
        },
        {
            "answer": "понимание процесса",
            "count": 1
        },
        {
            "answer": "пси",
            "count": 1
        },
        {
            "answer": "рассмотрение всех вариантов",
            "count": 1
        },
        {
            "answer": "реакция на обращения в тп",
            "count": 1
        },
        {
            "answer": "роль связующего звена",
            "count": 1
        },
        {
            "answer": "слаженность работы",
            "count": 1
        },
        {
            "answer": "тестирование разработки",
            "count": 1
        },
        {
            "answer": "тех.специалистов",
            "count": 1
        },
        {
            "answer": "управление проектной командой",
            "count": 1
        },
        {
            "answer": "учиться генерировать предложен",
            "count": 1
        }
    ]
}