{
    "id": 24744,
    "question": "От чего надо отказаться на стороне Заказчика?",
    "answers": [
        {
            "answer": "\"всё и сразу\"",
            "count": 1
        },
        {
            "answer": "асинхронности",
            "count": 1
        },
        {
            "answer": "бюрократия",
            "count": 1
        },
        {
            "answer": "все хорошо",
            "count": 1
        },
        {
            "answer": "нет",
            "count": 1
        },
        {
            "answer": "нет такого",
            "count": 1
        },
        {
            "answer": "детал-ции не приорит-х задач",
            "count": 1
        },
        {
            "answer": "закрытости",
            "count": 1
        },
        {
            "answer": "затрудняюсь ответить",
            "count": 1
        },
        {
            "answer": "не знаю",
            "count": 3
        },
        {
            "answer": "не известно",
            "count": 1
        },
        {
            "answer": "не могу знать",
            "count": 1
        },
        {
            "answer": "игнорировать режим оэ",
            "count": 1
        },
        {
            "answer": "лишних идей в дизайне",
            "count": 1
        },
        {
            "answer": "не понятен вопрос",
            "count": 1
        },
        {
            "answer": "невыполнимые сроки",
            "count": 1
        },
        {
            "answer": "нестабильности решений",
            "count": 1
        },
        {
            "answer": "обсуждение решений",
            "count": 1
        },
        {
            "answer": "от излишеств",
            "count": 1
        },
        {
            "answer": "от лишних согласований",
            "count": 1
        },
        {
            "answer": "от лишних статусов",
            "count": 1
        },
        {
            "answer": "от незн предлож др пользовател",
            "count": 1
        },
        {
            "answer": "от непродуманных требований",
            "count": 1
        },
        {
            "answer": "от очень эмоциальной критики",
            "count": 1
        },
        {
            "answer": "от переделок реализованного фу",
            "count": 1
        },
        {
            "answer": "от постановки делайте как было",
            "count": 1
        },
        {
            "answer": "от пустой траты времени",
            "count": 1
        },
        {
            "answer": "от советов по реализации",
            "count": 1
        },
        {
            "answer": "от сокрытия проблем от рук-ва",
            "count": 1
        },
        {
            "answer": "отклоняться от изначального тз",
            "count": 1
        },
        {
            "answer": "реалистичное определение приор",
            "count": 1
        },
        {
            "answer": "увеличение требований",
            "count": 1
        },
        {
            "answer": "формирование новых требований",
            "count": 1
        },
        {
            "answer": "формирования новых требований",
            "count": 1
        },
        {
            "answer": "чрезмерного кол-ва улучшений",
            "count": 1
        }
    ]
}