{
    "id": 24743,
    "question": "Что надо улучшить на стороне Заказчика?",
    "answers": [
        {
            "answer": "алгоритмы получения информации",
            "count": 1
        },
        {
            "answer": "инф систему",
            "count": 1
        },
        {
            "answer": "более взвешанно предлагать изм",
            "count": 1
        },
        {
            "answer": "не просить изменять по 100 раз",
            "count": 1
        },
        {
            "answer": "быстроту принятия решения",
            "count": 1
        },
        {
            "answer": "взаимодействие с проектом",
            "count": 1
        },
        {
            "answer": "внутренние коммуникации",
            "count": 1
        },
        {
            "answer": "все хорошо",
            "count": 2
        },
        {
            "answer": "выстраивание приоритетов",
            "count": 1
        },
        {
            "answer": "глубину проработки тз",
            "count": 1
        },
        {
            "answer": "здравыйсмыслприустановкесроков",
            "count": 1
        },
        {
            "answer": "объективную оценку сроков",
            "count": 1
        },
        {
            "answer": "знание новых бизнес-процессов",
            "count": 1
        },
        {
            "answer": "картирование",
            "count": 1
        },
        {
            "answer": "качество методологии",
            "count": 1
        },
        {
            "answer": "клиент всегда прав",
            "count": 1
        },
        {
            "answer": "меньше требовать отчетов",
            "count": 1
        },
        {
            "answer": "не знаю",
            "count": 2
        },
        {
            "answer": "не менять требования",
            "count": 1
        },
        {
            "answer": "нехватку сотрудников",
            "count": 1
        },
        {
            "answer": "обратную связь",
            "count": 2
        },
        {
            "answer": "обратную связь и участие",
            "count": 1
        },
        {
            "answer": "обучение в закупки 2.0",
            "count": 1
        },
        {
            "answer": "оперативность взаимодействия",
            "count": 1
        },
        {
            "answer": "определенные люди",
            "count": 1
        },
        {
            "answer": "повысить доверие к it спец-ам",
            "count": 1
        },
        {
            "answer": "полное формирование задачи",
            "count": 1
        },
        {
            "answer": "понимание требований к системе",
            "count": 1
        },
        {
            "answer": "правильность формулировки зада",
            "count": 1
        },
        {
            "answer": "принятие решений",
            "count": 1
        },
        {
            "answer": "ускорить согласование решений",
            "count": 1
        },
        {
            "answer": "проработку метод. требований",
            "count": 1
        },
        {
            "answer": "проработку процессов",
            "count": 1
        },
        {
            "answer": "скорость работы программы.",
            "count": 1
        },
        {
            "answer": "скорость согласования документ",
            "count": 1
        },
        {
            "answer": "сменить рук-во",
            "count": 1
        },
        {
            "answer": "увеличить кол-во тест. показов",
            "count": 1
        },
        {
            "answer": "уделять больше времени",
            "count": 1
        },
        {
            "answer": "уровень проектной зрелости",
            "count": 1
        },
        {
            "answer": "участие во встречах/обсуждения",
            "count": 1
        },
        {
            "answer": "учитывать взаимосвязь процессо",
            "count": 1
        },
        {
            "answer": "формализацию постановки задач",
            "count": 1
        },
        {
            "answer": "целостное представление инф-ии",
            "count": 1
        },
        {
            "answer": "четкие треб",
            "count": 1
        }
    ]
}