{
    "id": 24742,
    "question": "Что у Заказчика получается хорошо?",
    "answers": [
        {
            "answer": "fdv",
            "count": 1
        },
        {
            "answer": "быть всем недовольным",
            "count": 1
        },
        {
            "answer": "вносить закупки",
            "count": 1
        },
        {
            "answer": "все хорошо",
            "count": 1
        },
        {
            "answer": "выявлять недостатки.",
            "count": 1
        },
        {
            "answer": "заметания к уже реализованному",
            "count": 1
        },
        {
            "answer": "находить ошибки в функционале",
            "count": 1
        },
        {
            "answer": "генерировать новые идеи",
            "count": 1
        },
        {
            "answer": "предлагать новое",
            "count": 1
        },
        {
            "answer": "гибкость в приемке (не всегда)",
            "count": 1
        },
        {
            "answer": "давайть комментарии",
            "count": 1
        },
        {
            "answer": "давать предложения",
            "count": 1
        },
        {
            "answer": "демотивировать команду",
            "count": 1
        },
        {
            "answer": "достигать поставленных целей",
            "count": 1
        },
        {
            "answer": "доступен для совещаний",
            "count": 1
        },
        {
            "answer": "заказывать",
            "count": 1
        },
        {
            "answer": "запутывать аналитиков",
            "count": 1
        },
        {
            "answer": "изменять требования на ходу",
            "count": 1
        },
        {
            "answer": "переобуватся на ходу",
            "count": 1
        },
        {
            "answer": "констр",
            "count": 1
        },
        {
            "answer": "контролировать процесс",
            "count": 1
        },
        {
            "answer": "напрягать подрядчика",
            "count": 1
        },
        {
            "answer": "не знаю",
            "count": 1
        },
        {
            "answer": "не известно",
            "count": 1
        },
        {
            "answer": "не работаю с заказчиком",
            "count": 1
        },
        {
            "answer": "нет контактов с заказчиком",
            "count": 1
        },
        {
            "answer": "с заказчиком не работала",
            "count": 1
        },
        {
            "answer": "ничего",
            "count": 2
        },
        {
            "answer": "обещать",
            "count": 1
        },
        {
            "answer": "облегчать функционал программы",
            "count": 1
        },
        {
            "answer": "общение с командой проекта",
            "count": 1
        },
        {
            "answer": "определять критичность правок",
            "count": 1
        },
        {
            "answer": "отвечать на вопросы",
            "count": 1
        },
        {
            "answer": "помогать с открытыми вопросами",
            "count": 1
        },
        {
            "answer": "помощь на вебинаре для отрасли",
            "count": 1
        },
        {
            "answer": "придумывать новые \"фишки\"",
            "count": 1
        },
        {
            "answer": "принимать функционал на пси",
            "count": 1
        },
        {
            "answer": "проверять работу системы",
            "count": 1
        },
        {
            "answer": "проверять функционал",
            "count": 1
        },
        {
            "answer": "путать бриф и закупки 2.0",
            "count": 1
        },
        {
            "answer": "работать с исполнителем",
            "count": 1
        },
        {
            "answer": "расширять состав утвержд релиз",
            "count": 1
        },
        {
            "answer": "создавать ошибки",
            "count": 1
        },
        {
            "answer": "создать позицию гпз",
            "count": 1
        },
        {
            "answer": "требовать",
            "count": 2
        },
        {
            "answer": "требуется уточнение вопроса",
            "count": 1
        },
        {
            "answer": "ускорить бизнес процессы",
            "count": 1
        },
        {
            "answer": "уточнять требования",
            "count": 1
        },
        {
            "answer": "формулировать бизнес цели",
            "count": 1
        },
        {
            "answer": "формулировать задачи",
            "count": 1
        },
        {
            "answer": "эскалировать вопросы",
            "count": 1
        },
        {
            "answer": "я не знаю кто есть \"заказчик\"",
            "count": 1
        }
    ]
}