{
    "id": 24749,
    "question": "От чего надо отказаться на стороне проектной команды?",
    "answers": [
        {
            "answer": "вопрос не ясен",
            "count": 1
        },
        {
            "answer": "все корректно",
            "count": 1
        },
        {
            "answer": "ни от чего",
            "count": 2
        },
        {
            "answer": "ничего",
            "count": 1
        },
        {
            "answer": "долгих обсуждений",
            "count": 1
        },
        {
            "answer": "долгого согласования",
            "count": 1
        },
        {
            "answer": "искл. несоотв-я теста проду",
            "count": 1
        },
        {
            "answer": "лишних совещаний",
            "count": 1
        },
        {
            "answer": "пустых совещаний",
            "count": 1
        },
        {
            "answer": "много человек",
            "count": 1
        },
        {
            "answer": "настаивать на своём иногда",
            "count": 1
        },
        {
            "answer": "не знаю",
            "count": 1
        },
        {
            "answer": "нет ответа",
            "count": 1
        },
        {
            "answer": "ожид-й что всё сделае заказчик",
            "count": 1
        },
        {
            "answer": "от ненужных документов",
            "count": 1
        },
        {
            "answer": "от сдвига сроков",
            "count": 1
        },
        {
            "answer": "переноса сроков",
            "count": 1
        },
        {
            "answer": "систематический перенос срок",
            "count": 1
        },
        {
            "answer": "от формализма",
            "count": 2
        },
        {
            "answer": "ошибок",
            "count": 1
        },
        {
            "answer": "продуктовый архитектор",
            "count": 1
        }
    ]
}