{
    "id": 24829,
    "question": "На каких еще языках кроме английского вы бы хотели учиться?",
    "answers": [
        {
            "answer": "deutsch",
            "count": 2
        },
        {
            "answer": "на немецком языке",
            "count": 1
        },
        {
            "answer": "немецкий",
            "count": 22
        },
        {
            "answer": "немецком",
            "count": 2
        },
        {
            "answer": "немецский",
            "count": 1
        },
        {
            "answer": "español",
            "count": 2
        },
        {
            "answer": "испанский",
            "count": 32
        },
        {
            "answer": "испанском",
            "count": 1
        },
        {
            "answer": "francais",
            "count": 1
        },
        {
            "answer": "franch",
            "count": 1
        },
        {
            "answer": "французский",
            "count": 21
        },
        {
            "answer": "французского",
            "count": 1
        },
        {
            "answer": "францусзкий",
            "count": 1
        },
        {
            "answer": "no",
            "count": 1
        },
        {
            "answer": "none",
            "count": 1
        },
        {
            "answer": "достаточно английского",
            "count": 1
        },
        {
            "answer": "достаточно русского и английск",
            "count": 1
        },
        {
            "answer": "нет",
            "count": 2
        },
        {
            "answer": "нет таких",
            "count": 1
        },
        {
            "answer": "ни на каких",
            "count": 2
        },
        {
            "answer": "никакие",
            "count": 1
        },
        {
            "answer": "никаких",
            "count": 3
        },
        {
            "answer": "русский и английский",
            "count": 1
        },
        {
            "answer": "только английский",
            "count": 3
        },
        {
            "answer": "только английский спасибо",
            "count": 1
        },
        {
            "answer": "только на английском",
            "count": 1
        },
        {
            "answer": "английский язык",
            "count": 1
        },
        {
            "answer": "арабский",
            "count": 3
        },
        {
            "answer": "болгарский",
            "count": 1
        },
        {
            "answer": "венгерский",
            "count": 2
        },
        {
            "answer": "все равно",
            "count": 1
        },
        {
            "answer": "других языков я не знаю.",
            "count": 1
        },
        {
            "answer": "ирландский",
            "count": 1
        },
        {
            "answer": "итальянский",
            "count": 17
        },
        {
            "answer": "хочу учить итальянский язык",
            "count": 1
        },
        {
            "answer": "итальянский и французский",
            "count": 1
        },
        {
            "answer": "китайский",
            "count": 28
        },
        {
            "answer": "китайскиц",
            "count": 1
        },
        {
            "answer": "китайский и немецкий",
            "count": 1
        },
        {
            "answer": "немецком и китайском",
            "count": 1
        },
        {
            "answer": "корейский",
            "count": 1
        },
        {
            "answer": "латинский",
            "count": 1
        },
        {
            "answer": "латынь",
            "count": 1
        },
        {
            "answer": "монгольский",
            "count": 1
        },
        {
            "answer": "на любых если есть англ сабы",
            "count": 1
        },
        {
            "answer": "на русском",
            "count": 2
        },
        {
            "answer": "русский",
            "count": 7
        },
        {
            "answer": "польский",
            "count": 2
        },
        {
            "answer": "португальский",
            "count": 2
        },
        {
            "answer": "санскрит",
            "count": 1
        },
        {
            "answer": "турецкий",
            "count": 10
        },
        {
            "answer": "узбекский",
            "count": 1
        },
        {
            "answer": "финский",
            "count": 2
        },
        {
            "answer": "чешский",
            "count": 3
        },
        {
            "answer": "эсперанто",
            "count": 1
        },
        {
            "answer": "японский",
            "count": 4
        }
    ]
}