{
    "id": 25004,
    "question": "Как ваше настроение?",
    "answers": [
        {
            "answer": "«я умер»- гайто газданов",
            "count": 1
        },
        {
            "answer": "polar fox",
            "count": 1
        },
        {
            "answer": "агонь",
            "count": 1
        },
        {
            "answer": "атомно",
            "count": 1
        },
        {
            "answer": "блестящее!!!",
            "count": 1
        },
        {
            "answer": "великолепно",
            "count": 1
        },
        {
            "answer": "великолепно неожиданно",
            "count": 1
        },
        {
            "answer": "волшебное",
            "count": 2
        },
        {
            "answer": "збс",
            "count": 1
        },
        {
            "answer": "космос",
            "count": 2
        },
        {
            "answer": "лапота",
            "count": 1
        },
        {
            "answer": "лучше всех",
            "count": 1
        },
        {
            "answer": "лучший в мире",
            "count": 1
        },
        {
            "answer": "огонь",
            "count": 4
        },
        {
            "answer": "отлично",
            "count": 3
        },
        {
            "answer": "отличное",
            "count": 3
        },
        {
            "answer": "прекрасное",
            "count": 1
        },
        {
            "answer": "супер",
            "count": 1
        },
        {
            "answer": "шикарное",
            "count": 1
        },
        {
            "answer": "апельсин",
            "count": 1
        },
        {
            "answer": "белка в колесе",
            "count": 1
        },
        {
            "answer": "бодро ледяное",
            "count": 1
        },
        {
            "answer": "бодрое и скользкое утро",
            "count": 1
        },
        {
            "answer": "бодряще морозное",
            "count": 1
        },
        {
            "answer": "морозно-бодрое",
            "count": 1
        },
        {
            "answer": "бодр и весел",
            "count": 1
        },
        {
            "answer": "бодрое",
            "count": 7
        },
        {
            "answer": "бодрость",
            "count": 2
        },
        {
            "answer": "бодрячок",
            "count": 1
        },
        {
            "answer": "заряжен",
            "count": 1
        },
        {
            "answer": "энергия",
            "count": 1
        },
        {
            "answer": "боевое",
            "count": 3
        },
        {
            "answer": "большие ожидания",
            "count": 2
        },
        {
            "answer": "в ожидании",
            "count": 1
        },
        {
            "answer": "вдохновение",
            "count": 2
        },
        {
            "answer": "вдохновительная неизвестность",
            "count": 1
        },
        {
            "answer": "вдохновлён",
            "count": 1
        },
        {
            "answer": "взбудораженное",
            "count": 1
        },
        {
            "answer": "возвышенное",
            "count": 1
        },
        {
            "answer": "волнительно-восхищенное",
            "count": 1
        },
        {
            "answer": "группа",
            "count": 1
        },
        {
            "answer": "дождливо",
            "count": 1
        },
        {
            "answer": "плачут небеса",
            "count": 1
        },
        {
            "answer": "дождливо-снежное",
            "count": 1
        },
        {
            "answer": "достаточное",
            "count": 1
        },
        {
            "answer": "жизненная энергия",
            "count": 1
        },
        {
            "answer": "жизнь прекрасна",
            "count": 1
        },
        {
            "answer": "воодушевление",
            "count": 1
        },
        {
            "answer": "воодушевлённо",
            "count": 1
        },
        {
            "answer": "воодушевлённое",
            "count": 1
        },
        {
            "answer": "окрылённое",
            "count": 1
        },
        {
            "answer": "заинтересованное",
            "count": 2
        },
        {
            "answer": "интерес",
            "count": 2
        },
        {
            "answer": "интересно",
            "count": 2
        },
        {
            "answer": "осенний интерес",
            "count": 1
        },
        {
            "answer": "заряженный ленивец",
            "count": 1
        },
        {
            "answer": "игривое",
            "count": 1
        },
        {
            "answer": "интригующе",
            "count": 1
        },
        {
            "answer": "как пассажир маршрутки",
            "count": 1
        },
        {
            "answer": "как ясный день",
            "count": 1
        },
        {
            "answer": "солнечное",
            "count": 1
        },
        {
            "answer": "классическое",
            "count": 1
        },
        {
            "answer": "крыло самолета",
            "count": 1
        },
        {
            "answer": "легкость",
            "count": 1
        },
        {
            "answer": "ледовое",
            "count": 1
        },
        {
            "answer": "морозное",
            "count": 1
        },
        {
            "answer": "надежда",
            "count": 1
        },
        {
            "answer": "напряженное",
            "count": 1
        },
        {
            "answer": "недосыпание",
            "count": 1
        },
        {
            "answer": "сонное",
            "count": 5
        },
        {
            "answer": "сонно-кошачий",
            "count": 1
        },
        {
            "answer": "экстримально сонное",
            "count": 1
        },
        {
            "answer": "необычно рабочее",
            "count": 1
        },
        {
            "answer": "рабочее",
            "count": 7
        },
        {
            "answer": "неожиданное",
            "count": 1
        },
        {
            "answer": "ожидание",
            "count": 4
        },
        {
            "answer": "ожидательное",
            "count": 1
        },
        {
            "answer": "оладушек",
            "count": 1
        },
        {
            "answer": "оптимальное",
            "count": 1
        },
        {
            "answer": "оттаивание",
            "count": 1
        },
        {
            "answer": "оттепель",
            "count": 1
        },
        {
            "answer": "потепление",
            "count": 1
        },
        {
            "answer": "размораживание",
            "count": 1
        },
        {
            "answer": "пасмурное",
            "count": 1
        },
        {
            "answer": "серенькое",
            "count": 1
        },
        {
            "answer": "перспектива",
            "count": 1
        },
        {
            "answer": "подъем",
            "count": 1
        },
        {
            "answer": "полет",
            "count": 1
        },
        {
            "answer": "полёт",
            "count": 1
        },
        {
            "answer": "предвкушаю",
            "count": 1
        },
        {
            "answer": "предвкушающее",
            "count": 1
        },
        {
            "answer": "предвкушение",
            "count": 1
        },
        {
            "answer": "приключенец",
            "count": 1
        },
        {
            "answer": "прилив эмоций",
            "count": 1
        },
        {
            "answer": "приподнятое",
            "count": 1
        },
        {
            "answer": "радостное",
            "count": 1
        },
        {
            "answer": "радость",
            "count": 1
        },
        {
            "answer": "продуктивный день",
            "count": 1
        },
        {
            "answer": "прорвемся",
            "count": 1
        },
        {
            "answer": "просветленное",
            "count": 1
        },
        {
            "answer": "просвещение",
            "count": 1
        },
        {
            "answer": "рассвет",
            "count": 1
        },
        {
            "answer": "ровно",
            "count": 1
        },
        {
            "answer": "сильное",
            "count": 1
        },
        {
            "answer": "скипидар",
            "count": 1
        },
        {
            "answer": "скользко",
            "count": 1
        },
        {
            "answer": "шикарно скользко",
            "count": 1
        },
        {
            "answer": "скользская усталость",
            "count": 1
        },
        {
            "answer": "слякоть",
            "count": 1
        },
        {
            "answer": "снежное",
            "count": 1
        },
        {
            "answer": "сосредоточенное",
            "count": 1
        },
        {
            "answer": "творческое",
            "count": 1
        },
        {
            "answer": "теплое",
            "count": 1
        },
        {
            "answer": "торжественно-приподнятое 😂",
            "count": 1
        },
        {
            "answer": "тревожность",
            "count": 1
        },
        {
            "answer": "туманное",
            "count": 1
        },
        {
            "answer": "тюлень",
            "count": 1
        },
        {
            "answer": "тяжело-тяжело",
            "count": 1
        },
        {
            "answer": "уважение",
            "count": 1
        },
        {
            "answer": "уверенность",
            "count": 1
        },
        {
            "answer": "увлекательно",
            "count": 1
        },
        {
            "answer": "увлекательное",
            "count": 1
        },
        {
            "answer": "увлекательно потрясное",
            "count": 1
        },
        {
            "answer": "удивление от состояния машины",
            "count": 1
        },
        {
            "answer": "хорошее",
            "count": 1
        },
        {
            "answer": "шанс",
            "count": 1
        },
        {
            "answer": "экше",
            "count": 1
        }
    ]
}