{
    "id": 25005,
    "question": "Из какого вы города?",
    "answers": [
        {
            "answer": "msk",
            "count": 1
        },
        {
            "answer": "город герой москва",
            "count": 1
        },
        {
            "answer": "москва",
            "count": 81
        },
        {
            "answer": "балаково",
            "count": 3
        },
        {
            "answer": "безысходное",
            "count": 1
        },
        {
            "answer": "видное",
            "count": 1
        },
        {
            "answer": "владикавказ",
            "count": 1
        },
        {
            "answer": "волгодонск",
            "count": 4
        },
        {
            "answer": "воодушевляюще безмятежное",
            "count": 1
        },
        {
            "answer": "глазов",
            "count": 1
        },
        {
            "answer": "десногорск",
            "count": 1
        },
        {
            "answer": "екатеринбург",
            "count": 3
        },
        {
            "answer": "железногорск",
            "count": 1
        },
        {
            "answer": "железногорск красноярский край",
            "count": 1
        },
        {
            "answer": "заречный",
            "count": 4
        },
        {
            "answer": "заречный свердловская область",
            "count": 1
        },
        {
            "answer": "зеленогорск",
            "count": 2
        },
        {
            "answer": "ковров",
            "count": 1
        },
        {
            "answer": "королёв",
            "count": 1
        },
        {
            "answer": "краснокаменск",
            "count": 4
        },
        {
            "answer": "курганская область",
            "count": 1
        },
        {
            "answer": "курск",
            "count": 4
        },
        {
            "answer": "курчатов",
            "count": 6
        },
        {
            "answer": "курчатов курская область",
            "count": 1
        },
        {
            "answer": "лесной",
            "count": 4
        },
        {
            "answer": "минск",
            "count": 1
        },
        {
            "answer": "мурманск",
            "count": 1
        },
        {
            "answer": "нижний новгород",
            "count": 9
        },
        {
            "answer": "нововоронеж",
            "count": 4
        },
        {
            "answer": "новосибирск",
            "count": 1
        },
        {
            "answer": "обнинск",
            "count": 2
        },
        {
            "answer": "озерск",
            "count": 3
        },
        {
            "answer": "озёрск",
            "count": 2
        },
        {
            "answer": "островец",
            "count": 2
        },
        {
            "answer": "петрозаводск",
            "count": 2
        },
        {
            "answer": "питеееер, ураааааа!!",
            "count": 1
        },
        {
            "answer": "санкт-петербург",
            "count": 7
        },
        {
            "answer": "спб",
            "count": 1
        },
        {
            "answer": "подольск",
            "count": 4
        },
        {
            "answer": "полярные зори",
            "count": 3
        },
        {
            "answer": "саратов",
            "count": 2
        },
        {
            "answer": "саров",
            "count": 10
        },
        {
            "answer": "сергиев посад",
            "count": 1
        },
        {
            "answer": "снежинск",
            "count": 2
        },
        {
            "answer": "солнечное",
            "count": 1
        },
        {
            "answer": "сосновый бор",
            "count": 3
        },
        {
            "answer": "сосновый бор северск",
            "count": 1
        },
        {
            "answer": "трехгорный",
            "count": 3
        },
        {
            "answer": "трёхгорный",
            "count": 2
        },
        {
            "answer": "турция",
            "count": 1
        },
        {
            "answer": "турция мерсин",
            "count": 1
        },
        {
            "answer": "удомля",
            "count": 4
        },
        {
            "answer": "удомля тверская обл",
            "count": 1
        },
        {
            "answer": "чита",
            "count": 1
        },
        {
            "answer": "электросталь - лучший город",
            "count": 1
        },
        {
            "answer": "электросталь мо",
            "count": 1
        }
    ]
}