{
    "id": 2518,
    "question": "Кем вы работаете?",
    "answers": [
        {
            "answer": "прогроммист",
            "count": 1
        },
        {
            "answer": "ведущий специалист",
            "count": 1
        },
        {
            "answer": "прекрасно",
            "count": 1
        },
        {
            "answer": "я гастырбайтор",
            "count": 1
        },
        {
            "answer": "бэкенд разработчик",
            "count": 1
        },
        {
            "answer": "погромист",
            "count": 1
        },
        {
            "answer": "програмист",
            "count": 1
        },
        {
            "answer": "отлино",
            "count": 1
        },
        {
            "answer": "разроботчикам",
            "count": 1
        },
        {
            "answer": "работаю программистом",
            "count": 1
        },
        {
            "answer": "руководитель",
            "count": 1
        },
        {
            "answer": "отличненько",
            "count": 1
        },
        {
            "answer": "специалист",
            "count": 1
        },
        {
            "answer": "тестировщиком",
            "count": 1
        },
        {
            "answer": "программист",
            "count": 1
        },
        {
            "answer": "абсолютно",
            "count": 1
        },
        {
            "answer": "банкир",
            "count": 1
        },
        {
            "answer": "дезайнер",
            "count": 1
        },
        {
            "answer": "архитектор",
            "count": 1
        },
        {
            "answer": "дизайнер",
            "count": 1
        },
        {
            "answer": "программистом",
            "count": 1
        },
        {
            "answer": "отлично",
            "count": 1
        },
        {
            "answer": "прекрастно",
            "count": 1
        },
        {
            "answer": "обсалютно",
            "count": 1
        },
        {
            "answer": "программистом",
            "count": 1
        },
        {
            "answer": "тестиповщик",
            "count": 1
        },
        {
            "answer": "продуктовый дизайнер",
            "count": 1
        },
        {
            "answer": "богом",
            "count": 1
        },
        {
            "answer": "разраб",
            "count": 1
        },
        {
            "answer": "программист",
            "count": 1
        },
        {
            "answer": "прогамист",
            "count": 1
        },
        {
            "answer": "специалистом",
            "count": 1
        },
        {
            "answer": "разработчик",
            "count": 1
        },
        {
            "answer": "школьник",
            "count": 1
        },
        {
            "answer": "программист",
            "count": 1
        },
        {
            "answer": "разорботчиком",
            "count": 1
        },
        {
            "answer": "школьник",
            "count": 1
        },
        {
            "answer": "архитектором",
            "count": 1
        },
        {
            "answer": "клоуном",
            "count": 1
        },
        {
            "answer": "тестироущик",
            "count": 1
        },
        {
            "answer": "экспертом",
            "count": 1
        },
        {
            "answer": "руководитель",
            "count": 1
        },
        {
            "answer": "кукушкой",
            "count": 1
        },
        {
            "answer": "начальником",
            "count": 1
        },
        {
            "answer": "разраб",
            "count": 1
        },
        {
            "answer": "работником",
            "count": 1
        },
        {
            "answer": "волшебник",
            "count": 1
        },
        {
            "answer": "програмистом",
            "count": 1
        },
        {
            "answer": "прогер",
            "count": 1
        },
        {
            "answer": "проггер",
            "count": 1
        },
        {
            "answer": "сотрудником",
            "count": 1
        },
        {
            "answer": "арт-директор",
            "count": 1
        },
        {
            "answer": "уборщицей",
            "count": 1
        },
        {
            "answer": "тестиповик",
            "count": 1
        },
        {
            "answer": "архитектором",
            "count": 1
        },
        {
            "answer": "я программист",
            "count": 1
        },
        {
            "answer": "некем",
            "count": 1
        },
        {
            "answer": "праграмист",
            "count": 1
        },
        {
            "answer": "программист",
            "count": 1
        },
        {
            "answer": "разработчиком",
            "count": 1
        },
        {
            "answer": "прикрасно",
            "count": 1
        },
        {
            "answer": "руководитл",
            "count": 1
        }
    ]
}