{
    "id": 2521,
    "question": "Как настроение?",
    "answers": [
        {
            "answer": "плахое",
            "count": 1
        },
        {
            "answer": "сонное",
            "count": 1
        },
        {
            "answer": "нормально",
            "count": 1
        },
        {
            "answer": "хорошее",
            "count": 1
        },
        {
            "answer": "хорошо",
            "count": 1
        },
        {
            "answer": "хорошо",
            "count": 1
        },
        {
            "answer": "так себе",
            "count": 1
        },
        {
            "answer": "атлично",
            "count": 1
        },
        {
            "answer": "шик",
            "count": 1
        },
        {
            "answer": "пойдет",
            "count": 1
        },
        {
            "answer": "боевое",
            "count": 1
        },
        {
            "answer": "прикрасное",
            "count": 1
        },
        {
            "answer": "прекрасно",
            "count": 1
        },
        {
            "answer": "ужасное",
            "count": 1
        },
        {
            "answer": "супер",
            "count": 1
        },
        {
            "answer": "боевое",
            "count": 1
        },
        {
            "answer": "сонное",
            "count": 1
        },
        {
            "answer": "отличное",
            "count": 1
        },
        {
            "answer": "отлично",
            "count": 1
        },
        {
            "answer": "пыщпыщ",
            "count": 1
        },
        {
            "answer": "нармуль",
            "count": 1
        },
        {
            "answer": "чудесное",
            "count": 1
        },
        {
            "answer": "супер!!!",
            "count": 1
        },
        {
            "answer": "норм",
            "count": 1
        },
        {
            "answer": "харашо",
            "count": 1
        },
        {
            "answer": "хорошо",
            "count": 1
        },
        {
            "answer": "хорошее",
            "count": 1
        },
        {
            "answer": "плохое",
            "count": 1
        },
        {
            "answer": "нормас",
            "count": 1
        },
        {
            "answer": "отличное",
            "count": 1
        },
        {
            "answer": "хорошее",
            "count": 1
        },
        {
            "answer": "велколепно",
            "count": 1
        },
        {
            "answer": "огнище",
            "count": 1
        },
        {
            "answer": "кассно",
            "count": 1
        }
    ]
}