{
    "id": 2522,
    "question": "Что или кто мешает нашему подразделению максимально эффективно работать?",
    "answers": [
        {
            "answer": "мало часов в сутках",
            "count": 1
        },
        {
            "answer": "иб",
            "count": 1
        },
        {
            "answer": "дрп",
            "count": 1
        },
        {
            "answer": "ещё не разобралась",
            "count": 1
        },
        {
            "answer": "привет",
            "count": 1
        },
        {
            "answer": "covid-19",
            "count": 1
        },
        {
            "answer": "безопасники",
            "count": 1
        },
        {
            "answer": "бюрократия",
            "count": 1
        },
        {
            "answer": "гк \"росатом\"",
            "count": 1
        },
        {
            "answer": "гк росатом",
            "count": 1
        },
        {
            "answer": "ни чего!",
            "count": 1
        },
        {
            "answer": "прокрастинация",
            "count": 1
        },
        {
            "answer": ".",
            "count": 1
        },
        {
            "answer": "время",
            "count": 1
        },
        {
            "answer": "ретроградный меркурий",
            "count": 1
        },
        {
            "answer": "ретроградный меркурий",
            "count": 1
        },
        {
            "answer": "vpn",
            "count": 1
        },
        {
            "answer": "бюрократическая волокита",
            "count": 1
        },
        {
            "answer": "цру",
            "count": 1
        },
        {
            "answer": "ковид 19",
            "count": 1
        },
        {
            "answer": "бюракрат",
            "count": 1
        },
        {
            "answer": "все кроме нас",
            "count": 1
        },
        {
            "answer": "корпоративная академия росатом",
            "count": 1
        },
        {
            "answer": "иб",
            "count": 1
        },
        {
            "answer": "24 часа в сутках",
            "count": 1
        },
        {
            "answer": "отсутствие кислорода",
            "count": 1
        },
        {
            "answer": "мл",
            "count": 1
        },
        {
            "answer": "кар",
            "count": 1
        },
        {
            "answer": "иб",
            "count": 1
        },
        {
            "answer": "бюрократия",
            "count": 1
        },
        {
            "answer": "академия росатом",
            "count": 1
        },
        {
            "answer": "никто",
            "count": 1
        },
        {
            "answer": "бюрократия",
            "count": 1
        },
        {
            "answer": "дитовщинцы",
            "count": 1
        },
        {
            "answer": "прокрастинация",
            "count": 1
        },
        {
            "answer": "нет тихники",
            "count": 1
        },
        {
            "answer": "покрастинация",
            "count": 1
        },
        {
            "answer": "госкорпорация росатом",
            "count": 1
        },
        {
            "answer": "искусственный интеллект",
            "count": 1
        },
        {
            "answer": "отсутствие ресурсов",
            "count": 1
        },
        {
            "answer": "искусивеный интеллект",
            "count": 1
        },
        {
            "answer": "росатом",
            "count": 1
        },
        {
            "answer": "млщики!",
            "count": 1
        },
        {
            "answer": "руководители",
            "count": 1
        },
        {
            "answer": "инфобез",
            "count": 1
        },
        {
            "answer": "рыководители",
            "count": 1
        },
        {
            "answer": "навыки планирования",
            "count": 1
        }
    ]
}