{
    "id": 25366,
    "question": "Ваше настроение на сегодня. 1-2 слова",
    "answers": [
        {
            "answer": "+ опыт реализации  пср",
            "count": 1
        },
        {
            "answer": "а были ли турбины?",
            "count": 1
        },
        {
            "answer": "бодрое",
            "count": 5
        },
        {
            "answer": "боевая готовность!",
            "count": 1
        },
        {
            "answer": "боевое",
            "count": 2
        },
        {
            "answer": "готовность",
            "count": 1
        },
        {
            "answer": "только вперёд",
            "count": 1
        },
        {
            "answer": "в предвкушении",
            "count": 1
        },
        {
            "answer": "великолепное",
            "count": 1
        },
        {
            "answer": "замечательное",
            "count": 1
        },
        {
            "answer": "отлично",
            "count": 1
        },
        {
            "answer": "отличное",
            "count": 4
        },
        {
            "answer": "прекрасное",
            "count": 1
        },
        {
            "answer": "восприимчивость",
            "count": 1
        },
        {
            "answer": "конструктивное",
            "count": 1
        },
        {
            "answer": "оптимистичное",
            "count": 1
        },
        {
            "answer": "познавательно",
            "count": 1
        },
        {
            "answer": "полезно",
            "count": 1
        },
        {
            "answer": "продуктивное",
            "count": 1
        },
        {
            "answer": "настроена на работу",
            "count": 1
        },
        {
            "answer": "настроение работать!",
            "count": 1
        },
        {
            "answer": "рабочее",
            "count": 2
        },
        {
            "answer": "радость",
            "count": 1
        },
        {
            "answer": "сонное",
            "count": 1
        },
        {
            "answer": "спокойное",
            "count": 1
        },
        {
            "answer": "увлечённые люди многое могут",
            "count": 1
        },
        {
            "answer": "хорошее",
            "count": 3
        },
        {
            "answer": "хотим увидеть суздаль",
            "count": 2
        }
    ]
}