{
    "id": 25368,
    "question": "Как я могу влиять на сокращение бюрократии? 1-2 слова.",
    "answers": [
        {
            "answer": "а кто же если не мы (я)",
            "count": 1
        },
        {
            "answer": "анализировать",
            "count": 1
        },
        {
            "answer": "брать больше ответственности",
            "count": 1
        },
        {
            "answer": "быть гибким",
            "count": 1
        },
        {
            "answer": "быть примером",
            "count": 1
        },
        {
            "answer": "личным примером",
            "count": 2
        },
        {
            "answer": "собственным примером",
            "count": 1
        },
        {
            "answer": "внедрять",
            "count": 1
        },
        {
            "answer": "выстраивать процессы",
            "count": 1
        },
        {
            "answer": "да",
            "count": 1
        },
        {
            "answer": "действием",
            "count": 1
        },
        {
            "answer": "участвовать",
            "count": 3
        },
        {
            "answer": "участвовать в процессе",
            "count": 1
        },
        {
            "answer": "информирую о программе коллег",
            "count": 1
        },
        {
            "answer": "могу",
            "count": 1
        },
        {
            "answer": "не с бюрократией бюрократизмом",
            "count": 1
        },
        {
            "answer": "не тормозить процессы",
            "count": 1
        },
        {
            "answer": "пересмотреть процессы",
            "count": 3
        },
        {
            "answer": "понимать область своей ответст",
            "count": 1
        },
        {
            "answer": "порядки готовить",
            "count": 1
        },
        {
            "answer": "предлагать решения",
            "count": 1
        },
        {
            "answer": "принимать решения",
            "count": 1
        },
        {
            "answer": "сама и вместе",
            "count": 1
        },
        {
            "answer": "своим участиием",
            "count": 1
        },
        {
            "answer": "соблюдать сроки",
            "count": 1
        },
        {
            "answer": "сократить служебные записки",
            "count": 1
        }
    ]
}