{
    "id": 25365,
    "question": "Ваш основной вывод по вчерашнему дню. 1-2 слова",
    "answers": [
        {
            "answer": "а были ли центрифуги?",
            "count": 1
        },
        {
            "answer": "будем работать!",
            "count": 1
        },
        {
            "answer": "важно знать процессы",
            "count": 1
        },
        {
            "answer": "нам это надо",
            "count": 1
        },
        {
            "answer": "полезно",
            "count": 3
        },
        {
            "answer": "важно познавательно",
            "count": 1
        },
        {
            "answer": "есть о чем подумать",
            "count": 1
        },
        {
            "answer": "знания",
            "count": 1
        },
        {
            "answer": "новые знания получены",
            "count": 1
        },
        {
            "answer": "познавательно",
            "count": 5
        },
        {
            "answer": "интересно",
            "count": 3
        },
        {
            "answer": "не увидели суздаль",
            "count": 3
        },
        {
            "answer": "надо чаще",
            "count": 1
        },
        {
            "answer": "надо чаще выезжать",
            "count": 1
        },
        {
            "answer": "новые впечатление",
            "count": 1
        },
        {
            "answer": "оптимизировать возможно все",
            "count": 1
        },
        {
            "answer": "плодотворно",
            "count": 1
        },
        {
            "answer": "принято в работу",
            "count": 1
        },
        {
            "answer": "продуктивно",
            "count": 2
        },
        {
            "answer": "эффективность",
            "count": 1
        },
        {
            "answer": "производительно",
            "count": 1
        },
        {
            "answer": "процесс идет!",
            "count": 1
        },
        {
            "answer": "пср",
            "count": 1
        },
        {
            "answer": "пср на кмз на высшем уровне",
            "count": 1
        },
        {
            "answer": "супер!",
            "count": 1
        },
        {
            "answer": "у нас прекрасная команда!",
            "count": 1
        },
        {
            "answer": "увлечённые люди многое могут",
            "count": 1
        }
    ]
}