{
    "id": 25669,
    "question": "Опишите одним словом, что для вас наставничество",
    "answers": [
        {
            "answer": "алгоритм",
            "count": 1
        },
        {
            "answer": "близость",
            "count": 1
        },
        {
            "answer": "в окружении",
            "count": 1
        },
        {
            "answer": "в организации",
            "count": 1
        },
        {
            "answer": "в пивной",
            "count": 3
        },
        {
            "answer": "в профильных сообществах",
            "count": 1
        },
        {
            "answer": "в сенеже",
            "count": 2
        },
        {
            "answer": "сенеж",
            "count": 2
        },
        {
            "answer": "в сообществе",
            "count": 2
        },
        {
            "answer": "вдохновение",
            "count": 1
        },
        {
            "answer": "взаимодействие",
            "count": 3
        },
        {
            "answer": "сотрудничество",
            "count": 2
        },
        {
            "answer": "взаимообмен",
            "count": 1
        },
        {
            "answer": "взаимопомощь",
            "count": 1
        },
        {
            "answer": "возможности",
            "count": 2
        },
        {
            "answer": "возможность",
            "count": 1
        },
        {
            "answer": "возможность роста",
            "count": 1
        },
        {
            "answer": "где угодно😉",
            "count": 1
        },
        {
            "answer": "движение вперед",
            "count": 1
        },
        {
            "answer": "делиться опытом",
            "count": 1
        },
        {
            "answer": "опыт",
            "count": 10
        },
        {
            "answer": "доверие",
            "count": 1
        },
        {
            "answer": "единство",
            "count": 1
        },
        {
            "answer": "синергия",
            "count": 1
        },
        {
            "answer": "жизнь",
            "count": 1
        },
        {
            "answer": "команда",
            "count": 1
        },
        {
            "answer": "лидерство",
            "count": 1
        },
        {
            "answer": "мастер развития",
            "count": 1
        },
        {
            "answer": "маяк",
            "count": 1
        },
        {
            "answer": "мотивация молодого специалиста",
            "count": 1
        },
        {
            "answer": "пинок вперед",
            "count": 1
        },
        {
            "answer": "на производстве",
            "count": 1
        },
        {
            "answer": "направлять",
            "count": 1
        },
        {
            "answer": "наставничество - поддержка",
            "count": 1
        },
        {
            "answer": "опора",
            "count": 1
        },
        {
            "answer": "поддержка",
            "count": 8
        },
        {
            "answer": "нетворкинг",
            "count": 1
        },
        {
            "answer": "общение",
            "count": 1
        },
        {
            "answer": "отражение",
            "count": 1
        },
        {
            "answer": "помощь",
            "count": 3
        },
        {
            "answer": "помощь и поддержка",
            "count": 1
        },
        {
            "answer": "попечение",
            "count": 1
        },
        {
            "answer": "приверженность",
            "count": 1
        },
        {
            "answer": "профессионализм",
            "count": 1
        },
        {
            "answer": "развитие",
            "count": 15
        },
        {
            "answer": "результат",
            "count": 1
        },
        {
            "answer": "рост",
            "count": 4
        },
        {
            "answer": "свет в туннеле",
            "count": 1
        },
        {
            "answer": "свобода",
            "count": 1
        },
        {
            "answer": "сила",
            "count": 1
        },
        {
            "answer": "совет",
            "count": 2
        },
        {
            "answer": "сопровождение",
            "count": 1
        },
        {
            "answer": "сотворчество",
            "count": 1
        },
        {
            "answer": "уверенность",
            "count": 1
        },
        {
            "answer": "улучшение",
            "count": 1
        },
        {
            "answer": "успех",
            "count": 2
        },
        {
            "answer": "флагманы образования",
            "count": 1
        }
    ]
}