{
    "id": 25684,
    "question": "Что такое конфликт? Ваши ассоциации",
    "answers": [
        {
            "answer": "\"диверсия\"",
            "count": 1
        },
        {
            "answer": "диверсия",
            "count": 1
        },
        {
            "answer": "\"отцы и дети\"",
            "count": 1
        },
        {
            "answer": "отцы и дети",
            "count": 1
        },
        {
            "answer": "поколений",
            "count": 1
        },
        {
            "answer": "битва",
            "count": 1
        },
        {
            "answer": "война",
            "count": 3
        },
        {
            "answer": "богатые и бедные",
            "count": 1
        },
        {
            "answer": "бороба",
            "count": 1
        },
        {
            "answer": "борьба",
            "count": 2
        },
        {
            "answer": "власть",
            "count": 1
        },
        {
            "answer": "вооруженный",
            "count": 2
        },
        {
            "answer": "вражда",
            "count": 1
        },
        {
            "answer": "договор",
            "count": 1
        },
        {
            "answer": "драка",
            "count": 1
        },
        {
            "answer": "идеологические противоречия",
            "count": 1
        },
        {
            "answer": "интерес",
            "count": 2
        },
        {
            "answer": "интересов",
            "count": 1
        },
        {
            "answer": "интересы",
            "count": 2
        },
        {
            "answer": "столкновение интересов",
            "count": 1
        },
        {
            "answer": "истина",
            "count": 1
        },
        {
            "answer": "компромисс",
            "count": 2
        },
        {
            "answer": "конфронтация",
            "count": 1
        },
        {
            "answer": "противоборство",
            "count": 1
        },
        {
            "answer": "противостояние",
            "count": 5
        },
        {
            "answer": "легитимность",
            "count": 1
        },
        {
            "answer": "межличностные отношения",
            "count": 1
        },
        {
            "answer": "напряжённость",
            "count": 2
        },
        {
            "answer": "нарушения",
            "count": 1
        },
        {
            "answer": "непонимание",
            "count": 1
        },
        {
            "answer": "отсутствие взаимопонимания",
            "count": 1
        },
        {
            "answer": "неравенство",
            "count": 1
        },
        {
            "answer": "неразрешимость",
            "count": 1
        },
        {
            "answer": "несправедливость",
            "count": 1
        },
        {
            "answer": "обвинения",
            "count": 1
        },
        {
            "answer": "обсуждение",
            "count": 1
        },
        {
            "answer": "победа",
            "count": 1
        },
        {
            "answer": "поединок",
            "count": 1
        },
        {
            "answer": "позиция",
            "count": 1
        },
        {
            "answer": "последствия",
            "count": 1
        },
        {
            "answer": "право",
            "count": 1
        },
        {
            "answer": "правосудие",
            "count": 1
        },
        {
            "answer": "суд",
            "count": 2
        },
        {
            "answer": "принципиальность",
            "count": 1
        },
        {
            "answer": "противоречие",
            "count": 2
        },
        {
            "answer": "противоречия",
            "count": 1
        },
        {
            "answer": "раздор",
            "count": 2
        },
        {
            "answer": "разногласие",
            "count": 2
        },
        {
            "answer": "ссора",
            "count": 3
        },
        {
            "answer": "разрешение",
            "count": 1
        },
        {
            "answer": "урегулирование",
            "count": 1
        },
        {
            "answer": "резня",
            "count": 1
        },
        {
            "answer": "резолюция",
            "count": 1
        },
        {
            "answer": "резонанс",
            "count": 1
        },
        {
            "answer": "религия",
            "count": 1
        },
        {
            "answer": "ресурсы",
            "count": 1
        },
        {
            "answer": "решение",
            "count": 2
        },
        {
            "answer": "российская федерация",
            "count": 1
        },
        {
            "answer": "спор",
            "count": 7
        },
        {
            "answer": "столкновение",
            "count": 3
        },
        {
            "answer": "стороны",
            "count": 1
        },
        {
            "answer": "стороны конфликта(как таковые)",
            "count": 1
        },
        {
            "answer": "территория",
            "count": 1
        }
    ]
}