{
    "id": 25695,
    "question": "Напишите 3 слова, которые главным образом могут охарактеризовать стратегическую сессию? Ваши ассоциации",
    "answers": [
        {
            "answer": "wrong",
            "count": 1
        },
        {
            "answer": "актуально",
            "count": 1
        },
        {
            "answer": "без комментариев",
            "count": 1
        },
        {
            "answer": "бизнес",
            "count": 2
        },
        {
            "answer": "бодро",
            "count": 1
        },
        {
            "answer": "будущее",
            "count": 1
        },
        {
            "answer": "быстро",
            "count": 1
        },
        {
            "answer": "важно",
            "count": 1
        },
        {
            "answer": "вв",
            "count": 2
        },
        {
            "answer": "вовлеченность",
            "count": 2
        },
        {
            "answer": "все хорошо",
            "count": 1
        },
        {
            "answer": "ок",
            "count": 1
        },
        {
            "answer": "движение",
            "count": 1
        },
        {
            "answer": "детализация",
            "count": 1
        },
        {
            "answer": "дефицит времени",
            "count": 1
        },
        {
            "answer": "мало времени,",
            "count": 1
        },
        {
            "answer": "долгая",
            "count": 1
        },
        {
            "answer": "долго",
            "count": 1
        },
        {
            "answer": "заставляет задуматься",
            "count": 1
        },
        {
            "answer": "зачем",
            "count": 1
        },
        {
            "answer": "инновационность",
            "count": 1
        },
        {
            "answer": "новизна",
            "count": 1
        },
        {
            "answer": "интересно",
            "count": 5
        },
        {
            "answer": "информати",
            "count": 1
        },
        {
            "answer": "информативно",
            "count": 1
        },
        {
            "answer": "информативность",
            "count": 1
        },
        {
            "answer": "информированность",
            "count": 1
        },
        {
            "answer": "исследователь",
            "count": 1
        },
        {
            "answer": "клиентоцентричность",
            "count": 1
        },
        {
            "answer": "компе",
            "count": 1
        },
        {
            "answer": "компетентность",
            "count": 1
        },
        {
            "answer": "концентрация",
            "count": 1
        },
        {
            "answer": "креатив",
            "count": 1
        },
        {
            "answer": "креативно",
            "count": 1
        },
        {
            "answer": "креативность",
            "count": 1
        },
        {
            "answer": "лл",
            "count": 1
        },
        {
            "answer": "мало",
            "count": 1
        },
        {
            "answer": "маркетплейс",
            "count": 1
        },
        {
            "answer": "масштабно",
            "count": 1
        },
        {
            "answer": "мяу",
            "count": 1
        },
        {
            "answer": "нагрузочный мозговой штурм",
            "count": 1
        },
        {
            "answer": "наука",
            "count": 1
        },
        {
            "answer": "научные услуги",
            "count": 1
        },
        {
            "answer": "не все услышано",
            "count": 1
        },
        {
            "answer": "необходимо",
            "count": 1
        },
        {
            "answer": "нужно",
            "count": 1
        },
        {
            "answer": "несколько шагов назад",
            "count": 1
        },
        {
            "answer": "отлично",
            "count": 1
        },
        {
            "answer": "открытость",
            "count": 1
        },
        {
            "answer": "переспектива развития страны",
            "count": 1
        },
        {
            "answer": "плохая дискуссия на пленарке",
            "count": 1
        },
        {
            "answer": "плохо сфокусирована",
            "count": 1
        },
        {
            "answer": "погружение",
            "count": 1
        },
        {
            "answer": "позитивно",
            "count": 1
        },
        {
            "answer": "полезно",
            "count": 3
        },
        {
            "answer": "понятно",
            "count": 1
        },
        {
            "answer": "поработать с фт",
            "count": 1
        },
        {
            "answer": "практично",
            "count": 1
        },
        {
            "answer": "проблемы",
            "count": 1
        },
        {
            "answer": "продуктивная",
            "count": 1
        },
        {
            "answer": "продуктивно",
            "count": 3
        },
        {
            "answer": "продуктивность",
            "count": 3
        },
        {
            "answer": "результат",
            "count": 1
        },
        {
            "answer": "результативно",
            "count": 1
        },
        {
            "answer": "эффективная",
            "count": 1
        },
        {
            "answer": "эффективно",
            "count": 3
        },
        {
            "answer": "эффективность",
            "count": 1
        },
        {
            "answer": "продуктивная командная работа.",
            "count": 1
        },
        {
            "answer": "развитие",
            "count": 1
        },
        {
            "answer": "рассинхронизация",
            "count": 1
        },
        {
            "answer": "стратегия",
            "count": 2
        },
        {
            "answer": "суббота продуктивность цифра",
            "count": 1
        },
        {
            "answer": "сумбурно",
            "count": 1
        },
        {
            "answer": "фасилитатор вел группу",
            "count": 1
        },
        {
            "answer": "хорошая дискуссия в группах",
            "count": 1
        },
        {
            "answer": "хорошая организация",
            "count": 1
        },
        {
            "answer": "хорошая площадка",
            "count": 1
        },
        {
            "answer": "целеустремленность",
            "count": 1
        },
        {
            "answer": "цифррвизауи",
            "count": 1
        },
        {
            "answer": "четко по времени",
            "count": 1
        }
    ]
}