{
    "id": 25706,
    "question": "Кто такой волонтер?",
    "answers": [
        {
            "answer": "активный участник общества",
            "count": 1
        },
        {
            "answer": "бескорыстный",
            "count": 1
        },
        {
            "answer": "бескорыстный человек",
            "count": 1
        },
        {
            "answer": "готов помогать безвозмездно",
            "count": 1
        },
        {
            "answer": "бесплатная рабочая сила",
            "count": 1
        },
        {
            "answer": "бесплатный идейный труженик",
            "count": 1
        },
        {
            "answer": "даритель",
            "count": 1
        },
        {
            "answer": "доброволец",
            "count": 4
        },
        {
            "answer": "добровольная помощь людям",
            "count": 1
        },
        {
            "answer": "добровольный помощник",
            "count": 1
        },
        {
            "answer": "добродел",
            "count": 1
        },
        {
            "answer": "добрые дела без корысти",
            "count": 1
        },
        {
            "answer": "добрый человек",
            "count": 1
        },
        {
            "answer": "человек транслирующий добро",
            "count": 1
        },
        {
            "answer": "заинтересованный человек",
            "count": 1
        },
        {
            "answer": "любой помоготар не только себе",
            "count": 1
        },
        {
            "answer": "помощник",
            "count": 3
        },
        {
            "answer": "тот кто безвозмездно помогает",
            "count": 1
        },
        {
            "answer": "человек бескорыстно пом.другим",
            "count": 1
        },
        {
            "answer": "человек помогающий",
            "count": 1
        },
        {
            "answer": "неравнодушный",
            "count": 1
        },
        {
            "answer": "неугомонный творец",
            "count": 1
        },
        {
            "answer": "огонь",
            "count": 1
        },
        {
            "answer": "отзывчивый человек",
            "count": 1
        },
        {
            "answer": "сильный человек",
            "count": 1
        },
        {
            "answer": "спасатель",
            "count": 1
        },
        {
            "answer": "тот кто хочет принести пользу",
            "count": 1
        },
        {
            "answer": "чел-к с внутр потреб помогать",
            "count": 1
        },
        {
            "answer": "умеющий человек",
            "count": 1
        },
        {
            "answer": "человек с большим сердцем",
            "count": 1
        },
        {
            "answer": "человечный",
            "count": 1
        },
        {
            "answer": "я",
            "count": 2
        }
    ]
}