{
    "id": 25707,
    "question": "Где волонтеру учиться?",
    "answers": [
        {
            "answer": "dobro.ru",
            "count": 1
        },
        {
            "answer": "добро.ру",
            "count": 1
        },
        {
            "answer": "в ближ окружении",
            "count": 1
        },
        {
            "answer": "у людей вокруг",
            "count": 1
        },
        {
            "answer": "в волонтерских организациях",
            "count": 1
        },
        {
            "answer": "в волонтёрских организациях",
            "count": 1
        },
        {
            "answer": "в спец.организациях",
            "count": 1
        },
        {
            "answer": "в вузе",
            "count": 1
        },
        {
            "answer": "в университете",
            "count": 1
        },
        {
            "answer": "в деятельности",
            "count": 1
        },
        {
            "answer": "в проектах волонтёрства",
            "count": 1
        },
        {
            "answer": "на опыте",
            "count": 1
        },
        {
            "answer": "на практике",
            "count": 1
        },
        {
            "answer": "опыт",
            "count": 1
        },
        {
            "answer": "в жизни",
            "count": 1
        },
        {
            "answer": "воспитывать в себе самому",
            "count": 1
        },
        {
            "answer": "друг у друга",
            "count": 1
        },
        {
            "answer": "через единомышленников",
            "count": 1
        },
        {
            "answer": "другое дело",
            "count": 5
        },
        {
            "answer": "мероприятия",
            "count": 1
        },
        {
            "answer": "на мероприятиях",
            "count": 1
        },
        {
            "answer": "на курсах",
            "count": 1
        },
        {
            "answer": "на примере опытных наставников",
            "count": 1
        },
        {
            "answer": "у наставника",
            "count": 2
        },
        {
            "answer": "нигде",
            "count": 1
        },
        {
            "answer": "питер",
            "count": 1
        },
        {
            "answer": "ресурсныйцентрдобровольчества",
            "count": 1
        },
        {
            "answer": "сайт доброволец рф",
            "count": 1
        },
        {
            "answer": "у меня",
            "count": 1
        },
        {
            "answer": "у своей совести",
            "count": 1
        },
        {
            "answer": "университет добро",
            "count": 1
        },
        {
            "answer": "университет росатома",
            "count": 1
        }
    ]
}