{
    "id": 25719,
    "question": "Что здесь и сейчас необходимо изменить, чтобы повысить ценность результатов внутреннего аудита? ( What should we change here and now in order to increase the value of internal audit results? )",
    "answers": [
        {
            "answer": "it инструментарий",
            "count": 1
        },
        {
            "answer": "автоматизация",
            "count": 1
        },
        {
            "answer": "технологизация",
            "count": 1
        },
        {
            "answer": "адаптивность",
            "count": 2
        },
        {
            "answer": "активное консультирование бизн",
            "count": 1
        },
        {
            "answer": "актуальность",
            "count": 2
        },
        {
            "answer": "соответствовать запросу времен",
            "count": 1
        },
        {
            "answer": "аудит до управ. решений",
            "count": 1
        },
        {
            "answer": "взаимодействие",
            "count": 1
        },
        {
            "answer": "коммуникации",
            "count": 1
        },
        {
            "answer": "взаимодействие с менеджментом",
            "count": 1
        },
        {
            "answer": "вовлеченность",
            "count": 2
        },
        {
            "answer": "вовлечённость аудиторов",
            "count": 1
        },
        {
            "answer": "погружение в процессы",
            "count": 1
        },
        {
            "answer": "вовлечённость гибкость скорост",
            "count": 1
        },
        {
            "answer": "гибкое консульти",
            "count": 1
        },
        {
            "answer": "консалтинг",
            "count": 8
        },
        {
            "answer": "консультации",
            "count": 2
        },
        {
            "answer": "гибкость",
            "count": 3
        },
        {
            "answer": "дебюрократизация",
            "count": 1
        },
        {
            "answer": "деформализация",
            "count": 1
        },
        {
            "answer": "забыть про регламенты",
            "count": 1
        },
        {
            "answer": "заработать  доверие бизнеса",
            "count": 1
        },
        {
            "answer": "заработать доверие бизнеса",
            "count": 1
        },
        {
            "answer": "идти на встречу",
            "count": 1
        },
        {
            "answer": "коммуникации с бизнесом",
            "count": 1
        },
        {
            "answer": "компетенция",
            "count": 1
        },
        {
            "answer": "контакты предиктивность цифра",
            "count": 1
        },
        {
            "answer": "мотивация площадки ит",
            "count": 1
        },
        {
            "answer": "мыслить нестандартно",
            "count": 1
        },
        {
            "answer": "научиться измерять результаты",
            "count": 1
        },
        {
            "answer": "не быть ревизорами",
            "count": 1
        },
        {
            "answer": "нужность",
            "count": 1
        },
        {
            "answer": "обучение аудиторов",
            "count": 1
        },
        {
            "answer": "оперативность",
            "count": 1
        },
        {
            "answer": "повысить скорость",
            "count": 1
        },
        {
            "answer": "скорость",
            "count": 9
        },
        {
            "answer": "скорость,",
            "count": 1
        },
        {
            "answer": "ускорить процессы функции",
            "count": 1
        },
        {
            "answer": "ускориться",
            "count": 1
        },
        {
            "answer": "оперативность реагирования изм",
            "count": 1
        },
        {
            "answer": "скорость реакции",
            "count": 1
        },
        {
            "answer": "операционная эффективность",
            "count": 1
        },
        {
            "answer": "ориентированность на результат",
            "count": 1
        },
        {
            "answer": "результативность",
            "count": 1
        },
        {
            "answer": "фокус на эффективность",
            "count": 1
        },
        {
            "answer": "открытость",
            "count": 1
        },
        {
            "answer": "отношение",
            "count": 1
        },
        {
            "answer": "отношение топов",
            "count": 1
        },
        {
            "answer": "партнёрство",
            "count": 1
        },
        {
            "answer": "планирование",
            "count": 1
        },
        {
            "answer": "подходы к планированию",
            "count": 1
        },
        {
            "answer": "плану км нет",
            "count": 1
        },
        {
            "answer": "подход",
            "count": 1
        },
        {
            "answer": "превентивный контроль",
            "count": 1
        },
        {
            "answer": "развитие",
            "count": 1
        },
        {
            "answer": "реакцмя риски менеджмента",
            "count": 1
        },
        {
            "answer": "риски",
            "count": 1
        },
        {
            "answer": "своевременность",
            "count": 1
        },
        {
            "answer": "скорость гибкость практическая",
            "count": 1
        },
        {
            "answer": "скорость оценок",
            "count": 1
        },
        {
            "answer": "скорость полезность правда",
            "count": 1
        },
        {
            "answer": "скорость рекомендаций",
            "count": 1
        },
        {
            "answer": "смелость",
            "count": 1
        },
        {
            "answer": "стать ближе к бизнесу",
            "count": 1
        },
        {
            "answer": "убедить заказчиков менятся",
            "count": 1
        },
        {
            "answer": "управление возможностями",
            "count": 1
        },
        {
            "answer": "фокусность",
            "count": 1
        },
        {
            "answer": "ценность",
            "count": 1
        },
        {
            "answer": "чёрный лебедь",
            "count": 1
        }
    ]
}