{
    "id": 25722,
    "question": "What country do you represent?",
    "answers": [
        {
            "answer": "armenia",
            "count": 3
        },
        {
            "answer": "bangladesh",
            "count": 1
        },
        {
            "answer": "belarus",
            "count": 3
        },
        {
            "answer": "brazil",
            "count": 5
        },
        {
            "answer": "india",
            "count": 7
        },
        {
            "answer": "kazakhstan",
            "count": 10
        },
        {
            "answer": "kenya",
            "count": 3
        },
        {
            "answer": "russia",
            "count": 14
        },
        {
            "answer": "russia 🇷🇺🇷🇺🇷🇺🇷🇺",
            "count": 1
        },
        {
            "answer": "russian federation",
            "count": 1
        },
        {
            "answer": "south africa",
            "count": 9
        },
        {
            "answer": "uzbekistan",
            "count": 7
        },
        {
            "answer": "узбекистан",
            "count": 1
        }
    ]
}