{
    "id": 25728,
    "question": "За что я благодарен двум дням установочной сессии?",
    "answers": [
        {
            "answer": "1. новым знкоствам.",
            "count": 1
        },
        {
            "answer": "за нетворкинг",
            "count": 1
        },
        {
            "answer": "за новые знакомства",
            "count": 1
        },
        {
            "answer": "контакты",
            "count": 3
        },
        {
            "answer": "нетворкинг",
            "count": 1
        },
        {
            "answer": "1. опыт",
            "count": 1
        },
        {
            "answer": "2. интересным встречам.",
            "count": 1
        },
        {
            "answer": "2. найти наставника",
            "count": 1
        },
        {
            "answer": "за лучшего наставника-маэстро!",
            "count": 1
        },
        {
            "answer": "за наставников",
            "count": 1
        },
        {
            "answer": "найденному наконец наставнику",
            "count": 1
        },
        {
            "answer": "наставник",
            "count": 1
        },
        {
            "answer": "наставники",
            "count": 1
        },
        {
            "answer": "активизировали мозг",
            "count": 1
        },
        {
            "answer": "за бассейн",
            "count": 1
        },
        {
            "answer": "бассейн",
            "count": 1
        },
        {
            "answer": "вдохновение",
            "count": 2
        },
        {
            "answer": "воодушевление",
            "count": 1
        },
        {
            "answer": "за вдохновляющие вечера",
            "count": 1
        },
        {
            "answer": "ведущий супер",
            "count": 1
        },
        {
            "answer": "за лучшего ведущего❤️❤️❤️",
            "count": 1
        },
        {
            "answer": "восторг",
            "count": 1
        },
        {
            "answer": "драйв",
            "count": 1
        },
        {
            "answer": "за драйв и энергетику!",
            "count": 1
        },
        {
            "answer": "энергетика",
            "count": 1
        },
        {
            "answer": "энергию",
            "count": 1
        },
        {
            "answer": "энергия",
            "count": 1
        },
        {
            "answer": "дружба",
            "count": 1
        },
        {
            "answer": "друзья",
            "count": 1
        },
        {
            "answer": "друзьям",
            "count": 1
        },
        {
            "answer": "за верность дружбе",
            "count": 1
        },
        {
            "answer": "еда",
            "count": 6
        },
        {
            "answer": "еде",
            "count": 1
        },
        {
            "answer": "желание жить",
            "count": 1
        },
        {
            "answer": "за атмосферу",
            "count": 1
        },
        {
            "answer": "за верность традициям сенежа",
            "count": 1
        },
        {
            "answer": "за знания",
            "count": 1
        },
        {
            "answer": "знания",
            "count": 1
        },
        {
            "answer": "за интенсив",
            "count": 1
        },
        {
            "answer": "за квартет",
            "count": 1
        },
        {
            "answer": "за квартет!",
            "count": 1
        },
        {
            "answer": "за классных спикеров",
            "count": 1
        },
        {
            "answer": "за коммуникацию",
            "count": 1
        },
        {
            "answer": "общение",
            "count": 1
        },
        {
            "answer": "общение с людьми",
            "count": 1
        },
        {
            "answer": "за комьюнити",
            "count": 1
        },
        {
            "answer": "комьюнити",
            "count": 1
        },
        {
            "answer": "крутая компания",
            "count": 1
        },
        {
            "answer": "за костер",
            "count": 1
        },
        {
            "answer": "за магию",
            "count": 1
        },
        {
            "answer": "за мотивацию",
            "count": 1
        },
        {
            "answer": "мотивация",
            "count": 1
        },
        {
            "answer": "за настрой",
            "count": 1
        },
        {
            "answer": "за обстановку единения",
            "count": 1
        },
        {
            "answer": "ощущение единения",
            "count": 1
        },
        {
            "answer": "синергия",
            "count": 1
        },
        {
            "answer": "за общение с наставником",
            "count": 1
        },
        {
            "answer": "за опыт",
            "count": 1
        },
        {
            "answer": "опыт",
            "count": 2
        },
        {
            "answer": "за поездку и отдых в сенеже",
            "count": 1
        },
        {
            "answer": "сенежу",
            "count": 1
        },
        {
            "answer": "за позитив!",
            "count": 1
        },
        {
            "answer": "оптимизм",
            "count": 1
        },
        {
            "answer": "позитивный заряд",
            "count": 1
        },
        {
            "answer": "за поток смыслов",
            "count": 1
        },
        {
            "answer": "за приятно проведённое время",
            "count": 1
        },
        {
            "answer": "кайф",
            "count": 1
        },
        {
            "answer": "за свежий взгляд на себя",
            "count": 1
        },
        {
            "answer": "за сопричастность",
            "count": 1
        },
        {
            "answer": "за участников.",
            "count": 1
        },
        {
            "answer": "за эмоции и знакомства",
            "count": 1
        },
        {
            "answer": "загрузка",
            "count": 1
        },
        {
            "answer": "задал вопросы себе",
            "count": 1
        },
        {
            "answer": "игры",
            "count": 1
        },
        {
            "answer": "инсайты",
            "count": 2
        },
        {
            "answer": "комфорт",
            "count": 1
        },
        {
            "answer": "комфортные условия",
            "count": 1
        },
        {
            "answer": "уют",
            "count": 1
        },
        {
            "answer": "лишние килограммы",
            "count": 1
        },
        {
            "answer": "мир стал лучше",
            "count": 1
        },
        {
            "answer": "музыканты",
            "count": 1
        },
        {
            "answer": "научится хлопать 👏",
            "count": 1
        },
        {
            "answer": "умею аплодировать",
            "count": 1
        },
        {
            "answer": "новая я",
            "count": 1
        },
        {
            "answer": "новые знакомства и новые знани",
            "count": 1
        },
        {
            "answer": "новые смыслы",
            "count": 1
        },
        {
            "answer": "образовательная программа",
            "count": 1
        },
        {
            "answer": "освободил голову от лишнего",
            "count": 1
        },
        {
            "answer": "отдых",
            "count": 1
        },
        {
            "answer": "ошибаться не страшно!",
            "count": 1
        },
        {
            "answer": "пейзажи",
            "count": 1
        },
        {
            "answer": "погружение в себя и внешний ми",
            "count": 1
        },
        {
            "answer": "размышления",
            "count": 1
        },
        {
            "answer": "сердечность",
            "count": 1
        },
        {
            "answer": "тепло",
            "count": 1
        },
        {
            "answer": "чувства",
            "count": 1
        },
        {
            "answer": "эмоции",
            "count": 5
        }
    ]
}