{
    "id": 25726,
    "question": "Что такое миротворчество?",
    "answers": [
        {
            "answer": "безопасность",
            "count": 2
        },
        {
            "answer": "борьба",
            "count": 1
        },
        {
            "answer": "влияние",
            "count": 1
        },
        {
            "answer": "группы государств",
            "count": 1
        },
        {
            "answer": "действия по урегулированию",
            "count": 1
        },
        {
            "answer": "конфликторазрешение",
            "count": 1
        },
        {
            "answer": "разрешение конфликта",
            "count": 2
        },
        {
            "answer": "регулирование",
            "count": 1
        },
        {
            "answer": "урегулирование",
            "count": 1
        },
        {
            "answer": "деятельность",
            "count": 1
        },
        {
            "answer": "процесс",
            "count": 1
        },
        {
            "answer": "защита",
            "count": 1
        },
        {
            "answer": "красный крест",
            "count": 1
        },
        {
            "answer": "люди",
            "count": 1
        },
        {
            "answer": "международный институт",
            "count": 2
        },
        {
            "answer": "мир",
            "count": 4
        },
        {
            "answer": "примирение",
            "count": 1
        },
        {
            "answer": "способствующий установлению ми",
            "count": 1
        },
        {
            "answer": "укрепление мира",
            "count": 1
        },
        {
            "answer": "насилие",
            "count": 1
        },
        {
            "answer": "нейтральная сторона",
            "count": 1
        },
        {
            "answer": "посредничество",
            "count": 1
        },
        {
            "answer": "третья сторона",
            "count": 1
        },
        {
            "answer": "нет войне",
            "count": 1
        },
        {
            "answer": "общие ценности",
            "count": 1
        },
        {
            "answer": "оказаниепомощислучайновтянутым",
            "count": 1
        },
        {
            "answer": "оон",
            "count": 1
        },
        {
            "answer": "ослабление",
            "count": 1
        },
        {
            "answer": "переговоры",
            "count": 2
        },
        {
            "answer": "поддержание стабильности",
            "count": 2
        },
        {
            "answer": "стабильность",
            "count": 1
        },
        {
            "answer": "поиск решения",
            "count": 1
        },
        {
            "answer": "помощь",
            "count": 2
        },
        {
            "answer": "спасение",
            "count": 1
        },
        {
            "answer": "помощь в африке",
            "count": 1
        },
        {
            "answer": "принудительные средства",
            "count": 1
        },
        {
            "answer": "пропаганда мира",
            "count": 1
        },
        {
            "answer": "санкции",
            "count": 1
        },
        {
            "answer": "сдерживание",
            "count": 2
        },
        {
            "answer": "согласие",
            "count": 1
        }
    ]
}