{
    "id": 25905,
    "question": "Напишите 3 слова или словосочетания отражающие ваше ощущение от прошедшего спринта",
    "answers": [
        {
            "answer": "быстро",
            "count": 1
        },
        {
            "answer": "в последний момент",
            "count": 1
        },
        {
            "answer": "гармонично",
            "count": 1
        },
        {
            "answer": "душный",
            "count": 1
        },
        {
            "answer": "зима близко",
            "count": 1
        },
        {
            "answer": "легко",
            "count": 1
        },
        {
            "answer": "много изменений",
            "count": 1
        },
        {
            "answer": "неопределенный",
            "count": 1
        },
        {
            "answer": "океан груммингов",
            "count": 1
        },
        {
            "answer": "отставание",
            "count": 1
        },
        {
            "answer": "первый спринт",
            "count": 1
        },
        {
            "answer": "поздно тестируемый",
            "count": 1
        },
        {
            "answer": "приемлемо",
            "count": 1
        },
        {
            "answer": "продуктивно",
            "count": 2
        },
        {
            "answer": "сложный",
            "count": 1
        },
        {
            "answer": "тяжелый",
            "count": 1
        },
        {
            "answer": "смена требований",
            "count": 1
        },
        {
            "answer": "смена целей",
            "count": 1
        },
        {
            "answer": "спокойно",
            "count": 1
        },
        {
            "answer": "хаос",
            "count": 1
        }
    ]
}