{
    "id": 2603,
    "question": "Что вас вдохновляет в Видении Росатома-2030?",
    "answers": [
        {
            "answer": "трансформация",
            "count": 1
        },
        {
            "answer": "новое качество",
            "count": 1
        },
        {
            "answer": "рост, драйв, развитие",
            "count": 1
        },
        {
            "answer": "масштаб",
            "count": 1
        },
        {
            "answer": "не забыли про людей",
            "count": 1
        },
        {
            "answer": "драйв, причастность к важному",
            "count": 1
        },
        {
            "answer": "масштаб задачи",
            "count": 1
        },
        {
            "answer": "лидерство в технологиях",
            "count": 1
        },
        {
            "answer": "перспективы",
            "count": 1
        },
        {
            "answer": "перспективы большого развития",
            "count": 1
        },
        {
            "answer": "трансформация",
            "count": 1
        },
        {
            "answer": "масштаб, видение гк в будущее",
            "count": 1
        },
        {
            "answer": "перспектива",
            "count": 1
        },
        {
            "answer": "невозможное - возможно",
            "count": 1
        },
        {
            "answer": "недостижимость (казалось бы)",
            "count": 1
        },
        {
            "answer": "призыв думать о людях",
            "count": 1
        },
        {
            "answer": "технологическое лидерство",
            "count": 1
        },
        {
            "answer": "фантазия",
            "count": 1
        },
        {
            "answer": "возможности развития",
            "count": 1
        },
        {
            "answer": "технологический лидер",
            "count": 1
        },
        {
            "answer": "технологическое лидерство",
            "count": 1
        },
        {
            "answer": "смелость мечты",
            "count": 1
        },
        {
            "answer": "амбициозность",
            "count": 1
        },
        {
            "answer": "технологическое лидерство",
            "count": 1
        },
        {
            "answer": "перспективные новые продукты",
            "count": 1
        },
        {
            "answer": "возможность личного участия",
            "count": 1
        },
        {
            "answer": "масштаб задачи и её значимость",
            "count": 1
        },
        {
            "answer": "смелые амбиции",
            "count": 1
        },
        {
            "answer": "международная экспансия",
            "count": 1
        },
        {
            "answer": "грандиозные планы по выручке",
            "count": 1
        },
        {
            "answer": "авантюризм в хорошем смысле",
            "count": 1
        },
        {
            "answer": "драйв",
            "count": 1
        },
        {
            "answer": "раскрытие потенциала",
            "count": 1
        },
        {
            "answer": "целеустремлённость",
            "count": 1
        },
        {
            "answer": "невозможное - возможно",
            "count": 1
        },
        {
            "answer": "масштабность",
            "count": 1
        },
        {
            "answer": "невозможное - возможно",
            "count": 1
        },
        {
            "answer": "разнообразие",
            "count": 1
        },
        {
            "answer": "много интересной работы",
            "count": 1
        },
        {
            "answer": "амбициозность",
            "count": 1
        },
        {
            "answer": "глобальные амбиции росатома",
            "count": 1
        },
        {
            "answer": "амбициозность!",
            "count": 1
        },
        {
            "answer": "переосмысление",
            "count": 1
        },
        {
            "answer": "масштаб",
            "count": 1
        },
        {
            "answer": "измеримость показателей цели",
            "count": 1
        },
        {
            "answer": "сочетание амбиций и возможност",
            "count": 1
        },
        {
            "answer": "амбициозность",
            "count": 1
        }
    ]
}