{
    "id": 2605,
    "question": "Дайте определение клиентоцентричности. Клиентоцентричность – это...",
    "answers": [
        {
            "answer": "учёт заказа клиента",
            "count": 1
        },
        {
            "answer": "удовлетворение потребности",
            "count": 1
        },
        {
            "answer": "бизнес-партнёрство",
            "count": 1
        },
        {
            "answer": "глубинное пон-ие желаний клиен",
            "count": 1
        },
        {
            "answer": "58863",
            "count": 1
        },
        {
            "answer": "предугадывать интерес клиента",
            "count": 1
        },
        {
            "answer": "единое окно",
            "count": 1
        },
        {
            "answer": "работа на клиента",
            "count": 1
        },
        {
            "answer": "удовлетворение неосознаваемых",
            "count": 1
        },
        {
            "answer": "долгосрочные связи с клиентами",
            "count": 1
        },
        {
            "answer": "уважение его целей и интересов",
            "count": 1
        },
        {
            "answer": "ориентированность на заказчика",
            "count": 1
        },
        {
            "answer": "продукты и сервисы под клиента",
            "count": 1
        },
        {
            "answer": "результат для клиента",
            "count": 1
        },
        {
            "answer": "уважение",
            "count": 1
        },
        {
            "answer": "работа на клиента",
            "count": 1
        },
        {
            "answer": "главное - клиент",
            "count": 1
        },
        {
            "answer": "понимание потребностей клиента",
            "count": 1
        },
        {
            "answer": "модель поведения менеджмента",
            "count": 1
        },
        {
            "answer": "понимание кто клиент",
            "count": 1
        },
        {
            "answer": "концепция развития организации",
            "count": 1
        },
        {
            "answer": "клиент остаётся всегда с тобой",
            "count": 1
        },
        {
            "answer": "возможность построить экосисте",
            "count": 1
        },
        {
            "answer": "достижение целей клиентов",
            "count": 1
        },
        {
            "answer": "клиентом потребностей",
            "count": 1
        },
        {
            "answer": "запрос клиента - приоритет",
            "count": 1
        },
        {
            "answer": "дай то, что требуется клиенту",
            "count": 1
        },
        {
            "answer": "решение задач клиента",
            "count": 1
        },
        {
            "answer": "я думаю как клиент",
            "count": 1
        },
        {
            "answer": "когда клиент возвращается",
            "count": 1
        },
        {
            "answer": "фокус на потребность клиента",
            "count": 1
        },
        {
            "answer": "человечность",
            "count": 1
        },
        {
            "answer": "я опережаю желания клиента",
            "count": 1
        }
    ]
}