{
    "id": 26084,
    "question": "Что было ценным сегодня?",
    "answers": [
        {
            "answer": "айда по домам!",
            "count": 2
        },
        {
            "answer": "атмосфера",
            "count": 1
        },
        {
            "answer": "буфетик",
            "count": 1
        },
        {
            "answer": "вот сейчас легче стало",
            "count": 1
        },
        {
            "answer": "время",
            "count": 1
        },
        {
            "answer": "всем чмоки в этом чате!",
            "count": 1
        },
        {
            "answer": "вытащили из пещер",
            "count": 1
        },
        {
            "answer": "выявлены пять проблем",
            "count": 1
        },
        {
            "answer": "еще номерок получать",
            "count": 1
        },
        {
            "answer": "как хорошо что все мы здесь",
            "count": 1
        },
        {
            "answer": "кто быстрее до проходной?",
            "count": 1
        },
        {
            "answer": "кто здесь?",
            "count": 1
        },
        {
            "answer": "общение",
            "count": 15
        },
        {
            "answer": "общение с коллегами",
            "count": 2
        },
        {
            "answer": "оргсхема",
            "count": 3
        },
        {
            "answer": "отпустите нас",
            "count": 2
        },
        {
            "answer": "ощение",
            "count": 1
        },
        {
            "answer": "полученный результат",
            "count": 1
        },
        {
            "answer": "помогите",
            "count": 1
        },
        {
            "answer": "работа в команде",
            "count": 1
        },
        {
            "answer": "совместная работа с коллегами",
            "count": 1
        },
        {
            "answer": "развитие связей",
            "count": 1
        },
        {
            "answer": "ура товарищи! поздравляю!",
            "count": 1
        },
        {
            "answer": "эмоциональная разрядка",
            "count": 1
        },
        {
            "answer": "юмор",
            "count": 1
        }
    ]
}