{
    "id": 26112,
    "question": "Укажите одну конкретную проблему, связанную с текущей ситуацией, которая влияет на эффективность работы вашей организации?",
    "answers": [
        {
            "answer": "безопасность",
            "count": 1
        },
        {
            "answer": "бесконечные аудиты",
            "count": 1
        },
        {
            "answer": "куча проверок",
            "count": 1
        },
        {
            "answer": "много проверок",
            "count": 1
        },
        {
            "answer": "больший объем за то же время",
            "count": 1
        },
        {
            "answer": "большой объём работы",
            "count": 1
        },
        {
            "answer": "увеличение объема работы",
            "count": 1
        },
        {
            "answer": "большое количество приказов",
            "count": 1
        },
        {
            "answer": "большое предприятие",
            "count": 1
        },
        {
            "answer": "борократия",
            "count": 1
        },
        {
            "answer": "бюрокатия",
            "count": 1
        },
        {
            "answer": "бюрократизация процессов",
            "count": 1
        },
        {
            "answer": "бюрократия",
            "count": 38
        },
        {
            "answer": "бюрократия в голове - страх",
            "count": 1
        },
        {
            "answer": "бюрократия медленно работают",
            "count": 1
        },
        {
            "answer": "заволокичивание процессов",
            "count": 1
        },
        {
            "answer": "высокая загрузка",
            "count": 1
        },
        {
            "answer": "высокое руководство не слушает",
            "count": 1
        },
        {
            "answer": "дефицит",
            "count": 1
        },
        {
            "answer": "дефицит инженерных кадров",
            "count": 1
        },
        {
            "answer": "дефицит кадров",
            "count": 1
        },
        {
            "answer": "дефицит линейных руководителей",
            "count": 1
        },
        {
            "answer": "кадровое голодание",
            "count": 1
        },
        {
            "answer": "кадровый голод",
            "count": 1
        },
        {
            "answer": "количество персонала и ремонт",
            "count": 1
        },
        {
            "answer": "не хватает людей",
            "count": 1
        },
        {
            "answer": "недостаток кадров",
            "count": 1
        },
        {
            "answer": "нехватка персонала",
            "count": 3
        },
        {
            "answer": "нехватка персонала с гоз",
            "count": 1
        },
        {
            "answer": "низкая численность персонала",
            "count": 1
        },
        {
            "answer": "дистанция с руководством",
            "count": 1
        },
        {
            "answer": "еосз",
            "count": 2
        },
        {
            "answer": "зависимость от иностранного по",
            "count": 1
        },
        {
            "answer": "импортозамещение",
            "count": 2
        },
        {
            "answer": "импортозамещение оборудования",
            "count": 1
        },
        {
            "answer": "задержки обеспечения материала",
            "count": 1
        },
        {
            "answer": "закупка материалов",
            "count": 1
        },
        {
            "answer": "закупка материалов для работы",
            "count": 1
        },
        {
            "answer": "закупки",
            "count": 7
        },
        {
            "answer": "закупки и военная приёмка",
            "count": 1
        },
        {
            "answer": "организация закупок",
            "count": 2
        },
        {
            "answer": "проблемы с закупками",
            "count": 1
        },
        {
            "answer": "заработная плата сотрудников",
            "count": 1
        },
        {
            "answer": "заэс",
            "count": 1
        },
        {
            "answer": "избыточное кол-во согласующих",
            "count": 1
        },
        {
            "answer": "лишние согласования",
            "count": 1
        },
        {
            "answer": "чрезмерное количество согласов",
            "count": 1
        },
        {
            "answer": "избыточное количество отчётов",
            "count": 1
        },
        {
            "answer": "кол-во отчетов",
            "count": 1
        },
        {
            "answer": "лишняя отчетность",
            "count": 1
        },
        {
            "answer": "отчёты",
            "count": 1
        },
        {
            "answer": "увлечение отчётов",
            "count": 1
        },
        {
            "answer": "излишний документооборот",
            "count": 1
        },
        {
            "answer": "излишняя гибкость",
            "count": 1
        },
        {
            "answer": "излишняя гибкость в задачах",
            "count": 1
        },
        {
            "answer": "информационный мусор",
            "count": 1
        },
        {
            "answer": "каждый в своем колодце",
            "count": 1
        },
        {
            "answer": "квалифицированные кадры",
            "count": 1
        },
        {
            "answer": "нехватка квалиф-ных кадров",
            "count": 1
        },
        {
            "answer": "нехватка проф.кадров",
            "count": 1
        },
        {
            "answer": "профессиональные кадры",
            "count": 1
        },
        {
            "answer": "коммуникации",
            "count": 1
        },
        {
            "answer": "консерватизм",
            "count": 1
        },
        {
            "answer": "конфликт интересов различных п",
            "count": 1
        },
        {
            "answer": "логистика",
            "count": 2
        },
        {
            "answer": "материальная мотивация",
            "count": 1
        },
        {
            "answer": "низкие зарплаты",
            "count": 1
        },
        {
            "answer": "мобилизация",
            "count": 2
        },
        {
            "answer": "наложение графиков работ",
            "count": 1
        },
        {
            "answer": "не выстроено взаимодействие",
            "count": 1
        },
        {
            "answer": "не обученные новички",
            "count": 1
        },
        {
            "answer": "не определенность судьбы проек",
            "count": 1
        },
        {
            "answer": "невозможность планирования",
            "count": 1
        },
        {
            "answer": "недофинансирование",
            "count": 1
        },
        {
            "answer": "нежелание молодёжи жить в ркс",
            "count": 1
        },
        {
            "answer": "некомпетентность",
            "count": 1
        },
        {
            "answer": "нехватка компетенций",
            "count": 1
        },
        {
            "answer": "низкий уровень компетенции",
            "count": 1
        },
        {
            "answer": "некомпетентность рукоаодителец",
            "count": 1
        },
        {
            "answer": "некомпетентный руководитель",
            "count": 1
        },
        {
            "answer": "нехватка расчётных мощностей",
            "count": 1
        },
        {
            "answer": "неопределенность",
            "count": 1
        },
        {
            "answer": "нечетко распределены задачи",
            "count": 1
        },
        {
            "answer": "неопределенность в руководстве",
            "count": 1
        },
        {
            "answer": "низкий бюджет",
            "count": 1
        },
        {
            "answer": "ограниченность финансирования",
            "count": 1
        },
        {
            "answer": "неравномерная загрузка",
            "count": 1
        },
        {
            "answer": "неравномерное распределение",
            "count": 1
        },
        {
            "answer": "нормоконтроль документации",
            "count": 1
        },
        {
            "answer": "нестабильность в мире",
            "count": 1
        },
        {
            "answer": "обратная связь от руководителя",
            "count": 1
        },
        {
            "answer": "нет системы мотивации и роста",
            "count": 1
        },
        {
            "answer": "организационная структура",
            "count": 1
        },
        {
            "answer": "неуверенность в зарубежных аэс",
            "count": 1
        },
        {
            "answer": "ответственность",
            "count": 1
        },
        {
            "answer": "нехватка 24-х часов в сутках",
            "count": 1
        },
        {
            "answer": "отсутствие адекватного планиро",
            "count": 1
        },
        {
            "answer": "отсутствие глобальной команды",
            "count": 1
        },
        {
            "answer": "отсутствие им",
            "count": 1
        },
        {
            "answer": "отсутствие микросхем",
            "count": 1
        },
        {
            "answer": "очень много лна и еому",
            "count": 1
        },
        {
            "answer": "чрезмерная зарегулированность",
            "count": 1
        },
        {
            "answer": "очень много срочных задач",
            "count": 1
        },
        {
            "answer": "электронный документооборот",
            "count": 1
        },
        {
            "answer": "пенсионеры",
            "count": 1
        },
        {
            "answer": "перегрузка",
            "count": 1
        },
        {
            "answer": "переработка",
            "count": 1
        },
        {
            "answer": "перенаправление задачи …",
            "count": 1
        },
        {
            "answer": "постоянное делегирование",
            "count": 1
        },
        {
            "answer": "программное обеспечение",
            "count": 1
        },
        {
            "answer": "процессное управление и реглам",
            "count": 1
        },
        {
            "answer": "психологическое состояние колл",
            "count": 1
        },
        {
            "answer": "работа на \"корзину\"",
            "count": 1
        },
        {
            "answer": "работаем по принципу паретто",
            "count": 1
        },
        {
            "answer": "ресурс",
            "count": 1
        },
        {
            "answer": "ресурсы",
            "count": 1
        },
        {
            "answer": "ресурсы для выполнения задач",
            "count": 1
        },
        {
            "answer": "рост цен на материалы",
            "count": 1
        },
        {
            "answer": "руководители не лидеры",
            "count": 1
        },
        {
            "answer": "руководство предприятия",
            "count": 1
        },
        {
            "answer": "санкционные  ограничения",
            "count": 1
        },
        {
            "answer": "сво",
            "count": 4
        },
        {
            "answer": "скорость",
            "count": 1
        },
        {
            "answer": "слабость управляющей компании",
            "count": 1
        },
        {
            "answer": "сложность в поиске кадров",
            "count": 1
        },
        {
            "answer": "сложность добычи информации",
            "count": 1
        },
        {
            "answer": "сокращение вакансий",
            "count": 1
        },
        {
            "answer": "сокращение сроков ппр",
            "count": 1
        },
        {
            "answer": "сохранение знаний",
            "count": 1
        },
        {
            "answer": "старая техника",
            "count": 1
        },
        {
            "answer": "страх перед мобилизацией",
            "count": 1
        },
        {
            "answer": "таких проблем нет",
            "count": 1
        },
        {
            "answer": "тревожность отвлекает",
            "count": 1
        },
        {
            "answer": "увеличение планки выручки",
            "count": 1
        },
        {
            "answer": "увольнение специалистов",
            "count": 1
        },
        {
            "answer": "усталость",
            "count": 1
        }
    ]
}