{
    "id": 26111,
    "question": "Что позволяет вам лично поддерживать уверенность и рабочий настрой?",
    "answers": [
        {
            "answer": "авторитет росатома",
            "count": 1
        },
        {
            "answer": "гордость за бренд «росатом»",
            "count": 1
        },
        {
            "answer": "адекватные коллеги",
            "count": 1
        },
        {
            "answer": "активность",
            "count": 1
        },
        {
            "answer": "амбициозные цели-достижимость",
            "count": 1
        },
        {
            "answer": "анализ ситуации",
            "count": 1
        },
        {
            "answer": "антидипрессанты",
            "count": 1
        },
        {
            "answer": "атмосфера",
            "count": 1
        },
        {
            "answer": "бесстрашие",
            "count": 1
        },
        {
            "answer": "благодарность руководителей",
            "count": 1
        },
        {
            "answer": "благополучие и семья",
            "count": 1
        },
        {
            "answer": "большая цель трансформации",
            "count": 1
        },
        {
            "answer": "важность выполняемой работы",
            "count": 1
        },
        {
            "answer": "важность дела",
            "count": 1
        },
        {
            "answer": "восстребованность результата",
            "count": 1
        },
        {
            "answer": "осознание важности цели",
            "count": 1
        },
        {
            "answer": "понимание важности задачи",
            "count": 1
        },
        {
            "answer": "понимание конечной цели",
            "count": 2
        },
        {
            "answer": "понимание смысла своего труда",
            "count": 1
        },
        {
            "answer": "стратегическое значение работы",
            "count": 1
        },
        {
            "answer": "большое количество задач.",
            "count": 1
        },
        {
            "answer": "загруженность работой",
            "count": 1
        },
        {
            "answer": "ввп",
            "count": 1
        },
        {
            "answer": "вера",
            "count": 2
        },
        {
            "answer": "вера в достижении цели",
            "count": 1
        },
        {
            "answer": "вера в корпорацию.",
            "count": 1
        },
        {
            "answer": "вера в свою компанию",
            "count": 1
        },
        {
            "answer": "вера в лучшее",
            "count": 2
        },
        {
            "answer": "вера в светлое будущее",
            "count": 1
        },
        {
            "answer": "вера в хорошее будущее страны",
            "count": 1
        },
        {
            "answer": "надежда на лучшее",
            "count": 1
        },
        {
            "answer": "оптимизм",
            "count": 2
        },
        {
            "answer": "оптимизм всегда и во всем",
            "count": 1
        },
        {
            "answer": "вера в топ-руководителей",
            "count": 1
        },
        {
            "answer": "вера коллектива в  меня как ру",
            "count": 1
        },
        {
            "answer": "виденье поддержки от работодат",
            "count": 1
        },
        {
            "answer": "внутренняя мотивация",
            "count": 1
        },
        {
            "answer": "вовлечённость",
            "count": 1
        },
        {
            "answer": "возможность роста",
            "count": 1
        },
        {
            "answer": "перспектива кадрового роста",
            "count": 1
        },
        {
            "answer": "перспектива развития и роста",
            "count": 1
        },
        {
            "answer": "перспективы карьерного роста",
            "count": 1
        },
        {
            "answer": "выдержка",
            "count": 1
        },
        {
            "answer": "высокий порог на парадоксы",
            "count": 1
        },
        {
            "answer": "дисциплина; оптимизм; цель",
            "count": 1
        },
        {
            "answer": "доверие руководителей",
            "count": 1
        },
        {
            "answer": "доверие руководителя",
            "count": 1
        },
        {
            "answer": "доверие руководителя и коллег",
            "count": 1
        },
        {
            "answer": "достижение поставленных задач",
            "count": 1
        },
        {
            "answer": "достижение поставленных целей",
            "count": 1
        },
        {
            "answer": "достижение результата",
            "count": 1
        },
        {
            "answer": "получение результата работы",
            "count": 1
        },
        {
            "answer": "результат работы",
            "count": 1
        },
        {
            "answer": "достойная компенсация труда",
            "count": 1
        },
        {
            "answer": "зарплата",
            "count": 1
        },
        {
            "answer": "индексация зарплаты",
            "count": 1
        },
        {
            "answer": "рост заработной платы",
            "count": 1
        },
        {
            "answer": "рост исн и индексация зп",
            "count": 1
        },
        {
            "answer": "увеличение зарплаты",
            "count": 1
        },
        {
            "answer": "дружный коллектив",
            "count": 1
        },
        {
            "answer": "единство коллектива.",
            "count": 1
        },
        {
            "answer": "коллектив",
            "count": 8
        },
        {
            "answer": "команда",
            "count": 2
        },
        {
            "answer": "отношения в коллективе",
            "count": 1
        },
        {
            "answer": "чувство единения",
            "count": 1
        },
        {
            "answer": "друзья",
            "count": 1
        },
        {
            "answer": "еда в столовой",
            "count": 1
        },
        {
            "answer": "если не я то кто?",
            "count": 1
        },
        {
            "answer": "желание дальнейшего развития",
            "count": 1
        },
        {
            "answer": "желание достигнуть результат",
            "count": 1
        },
        {
            "answer": "нацеленность на результат",
            "count": 1
        },
        {
            "answer": "желание изменить мир",
            "count": 1
        },
        {
            "answer": "забота отрасли о сотрудниках",
            "count": 1
        },
        {
            "answer": "задача",
            "count": 1
        },
        {
            "answer": "задачи которые выполняем",
            "count": 1
        },
        {
            "answer": "интересные задачи",
            "count": 5
        },
        {
            "answer": "сформированные задачи",
            "count": 1
        },
        {
            "answer": "фокус на конкретной задаче",
            "count": 1
        },
        {
            "answer": "фокус на рабочих задачах",
            "count": 1
        },
        {
            "answer": "четко сформулированные задачи",
            "count": 1
        },
        {
            "answer": "ясность целей",
            "count": 1
        },
        {
            "answer": "ясность целей и задач.",
            "count": 1
        },
        {
            "answer": "занятия спортом",
            "count": 2
        },
        {
            "answer": "спорт",
            "count": 4
        },
        {
            "answer": "зачисление в укр",
            "count": 1
        },
        {
            "answer": "защита",
            "count": 1
        },
        {
            "answer": "защищённости",
            "count": 1
        },
        {
            "answer": "здоровое питание",
            "count": 1
        },
        {
            "answer": "здоровые рабочие отношения",
            "count": 1
        },
        {
            "answer": "здоровый образ жизни",
            "count": 1
        },
        {
            "answer": "идея и цель",
            "count": 1
        },
        {
            "answer": "идея польза дела",
            "count": 1
        },
        {
            "answer": "идея. настрой на успех",
            "count": 1
        },
        {
            "answer": "интерес",
            "count": 1
        },
        {
            "answer": "интерес к делу",
            "count": 1
        },
        {
            "answer": "интерес к работе",
            "count": 1
        },
        {
            "answer": "интересное обучение в рекорде",
            "count": 1
        },
        {
            "answer": "информирование от руководства",
            "count": 1
        },
        {
            "answer": "ипотека",
            "count": 1
        },
        {
            "answer": "йога",
            "count": 1
        },
        {
            "answer": "компетенции",
            "count": 1
        },
        {
            "answer": "конечный результат",
            "count": 1
        },
        {
            "answer": "кофе",
            "count": 1
        },
        {
            "answer": "литература семья",
            "count": 1
        },
        {
            "answer": "лихачев а.е.",
            "count": 1
        },
        {
            "answer": "личные амбиции",
            "count": 1
        },
        {
            "answer": "личный опыт",
            "count": 1
        },
        {
            "answer": "любовь",
            "count": 1
        },
        {
            "answer": "любовь к делу",
            "count": 1
        },
        {
            "answer": "любовь к отрасли",
            "count": 1
        },
        {
            "answer": "любовь к своей работе",
            "count": 1
        },
        {
            "answer": "любовь к матушке россии.",
            "count": 1
        },
        {
            "answer": "патриотизм",
            "count": 1
        },
        {
            "answer": "масштаб задач",
            "count": 1
        },
        {
            "answer": "мотивация",
            "count": 2
        },
        {
            "answer": "мотивация от руководителя",
            "count": 1
        },
        {
            "answer": "моя семья.",
            "count": 1
        },
        {
            "answer": "семья",
            "count": 28
        },
        {
            "answer": "надежда",
            "count": 3
        },
        {
            "answer": "надежда на изменения",
            "count": 1
        },
        {
            "answer": "надежность работодателя",
            "count": 1
        },
        {
            "answer": "надёжный работодатель",
            "count": 1
        },
        {
            "answer": "уверенность в организации",
            "count": 1
        },
        {
            "answer": "уверенность в работодателе",
            "count": 1
        },
        {
            "answer": "не смотреть новости",
            "count": 1
        },
        {
            "answer": "не читать новости",
            "count": 1
        },
        {
            "answer": "не терять надежды на результат",
            "count": 1
        },
        {
            "answer": "нематериальная мотивация",
            "count": 1
        },
        {
            "answer": "нетривиальные задачи и успех",
            "count": 1
        },
        {
            "answer": "новые проекты",
            "count": 1
        },
        {
            "answer": "новые технологии",
            "count": 1
        },
        {
            "answer": "обеспеченность ресурсами",
            "count": 1
        },
        {
            "answer": "обмен мнениями",
            "count": 1
        },
        {
            "answer": "обратная связь от руководства",
            "count": 2
        },
        {
            "answer": "получение обратной связи",
            "count": 1
        },
        {
            "answer": "обсуждение проблем с коллегами",
            "count": 1
        },
        {
            "answer": "одобрениедействийруководителем",
            "count": 1
        },
        {
            "answer": "ответственность",
            "count": 1
        },
        {
            "answer": "ответственность.",
            "count": 1
        },
        {
            "answer": "ответственность за близких",
            "count": 1
        },
        {
            "answer": "ответственность за семью",
            "count": 1
        },
        {
            "answer": "ответственность за коллектив",
            "count": 1
        },
        {
            "answer": "ответственность за людей",
            "count": 1
        },
        {
            "answer": "ответственность за результат",
            "count": 3
        },
        {
            "answer": "ответственность работы",
            "count": 1
        },
        {
            "answer": "отдых/тренинг по психологии",
            "count": 1
        },
        {
            "answer": "открытость руководителей",
            "count": 1
        },
        {
            "answer": "отличное место работы!!!!",
            "count": 1
        },
        {
            "answer": "отстранение от внешней ситуаци",
            "count": 1
        },
        {
            "answer": "отсутствие переработок",
            "count": 1
        },
        {
            "answer": "перевооружен",
            "count": 1
        },
        {
            "answer": "периодические бонусы",
            "count": 1
        },
        {
            "answer": "перспективы отрасли",
            "count": 1
        },
        {
            "answer": "пиво",
            "count": 1
        },
        {
            "answer": "поддерживать осознанное состоя",
            "count": 1
        },
        {
            "answer": "поддержка",
            "count": 1
        },
        {
            "answer": "поддержка близких и родных",
            "count": 1
        },
        {
            "answer": "поддержка вышестоящего руковод",
            "count": 1
        },
        {
            "answer": "поддержка руководителей",
            "count": 1
        },
        {
            "answer": "поддержка руководителя",
            "count": 2
        },
        {
            "answer": "поддержка руководства",
            "count": 2
        },
        {
            "answer": "поддержка коллег",
            "count": 2
        },
        {
            "answer": "поддержка команды",
            "count": 1
        },
        {
            "answer": "поддержка коллег и семьи",
            "count": 1
        },
        {
            "answer": "поддержка организации",
            "count": 1
        },
        {
            "answer": "позитивное мышление",
            "count": 1
        },
        {
            "answer": "позитивный настрой",
            "count": 2
        },
        {
            "answer": "позитивный настрой сутра!",
            "count": 1
        },
        {
            "answer": "позитивный настрой части колле",
            "count": 1
        },
        {
            "answer": "получение максимального эффект",
            "count": 1
        },
        {
            "answer": "понимание что я нужен здесь!",
            "count": 1
        },
        {
            "answer": "понятные цели",
            "count": 1
        },
        {
            "answer": "постоянная коммуникация",
            "count": 1
        },
        {
            "answer": "постоянство",
            "count": 1
        },
        {
            "answer": "стабиллность",
            "count": 1
        },
        {
            "answer": "стабильность",
            "count": 8
        },
        {
            "answer": "стабильность в отрасли.",
            "count": 1
        },
        {
            "answer": "стабильность в росатоме",
            "count": 1
        },
        {
            "answer": "стабильность отрасли",
            "count": 2
        },
        {
            "answer": "стабильность предприятия",
            "count": 1
        },
        {
            "answer": "приближение конца года",
            "count": 1
        },
        {
            "answer": "причастность к общей цели",
            "count": 1
        },
        {
            "answer": "психотерапевт",
            "count": 1
        },
        {
            "answer": "психотерапия",
            "count": 1
        },
        {
            "answer": "работа с психологом",
            "count": 1
        },
        {
            "answer": "работа",
            "count": 1
        },
        {
            "answer": "работа в команде",
            "count": 1
        },
        {
            "answer": "разговор с руководителем",
            "count": 1
        },
        {
            "answer": "реализация решений",
            "count": 1
        },
        {
            "answer": "рост заказов на ближайшие годы",
            "count": 1
        },
        {
            "answer": "руководитель",
            "count": 1
        },
        {
            "answer": "руководство",
            "count": 1
        },
        {
            "answer": "самовнушение",
            "count": 1
        },
        {
            "answer": "самомотивация",
            "count": 1
        },
        {
            "answer": "саморазвитие и новые задачи",
            "count": 1
        },
        {
            "answer": "смелость",
            "count": 1
        },
        {
            "answer": "смена области деятельности",
            "count": 1
        },
        {
            "answer": "содейтвие руководителей",
            "count": 1
        },
        {
            "answer": "сон",
            "count": 1
        },
        {
            "answer": "сосредоточенность на хорошем",
            "count": 1
        },
        {
            "answer": "социальная поддержка",
            "count": 2
        },
        {
            "answer": "социальная стабильность",
            "count": 1
        },
        {
            "answer": "спокойствие за своих близких",
            "count": 1
        },
        {
            "answer": "спорт и семья",
            "count": 1
        },
        {
            "answer": "стабильная выплата зарплаты",
            "count": 1
        },
        {
            "answer": "стабильная зарплата",
            "count": 1
        },
        {
            "answer": "стрессоустойчивость",
            "count": 1
        },
        {
            "answer": "тимбилдинг",
            "count": 1
        },
        {
            "answer": "туризм",
            "count": 1
        },
        {
            "answer": "тяга быть лучшим",
            "count": 1
        },
        {
            "answer": "уважение мнения",
            "count": 1
        },
        {
            "answer": "уверенность в достижении задач",
            "count": 1
        },
        {
            "answer": "уверенность в завтрашнем дне",
            "count": 10
        },
        {
            "answer": "уверенность в руководстве",
            "count": 1
        },
        {
            "answer": "уверенность в себе",
            "count": 1
        },
        {
            "answer": "уверенность в себе и коллегах",
            "count": 1
        },
        {
            "answer": "уверенность руководства",
            "count": 1
        },
        {
            "answer": "увлече",
            "count": 1
        },
        {
            "answer": "увлечения",
            "count": 1
        },
        {
            "answer": "хобби",
            "count": 1
        },
        {
            "answer": "успехи в работе",
            "count": 1
        },
        {
            "answer": "участие в проектах",
            "count": 1
        },
        {
            "answer": "учебы семинары как смена обста",
            "count": 1
        },
        {
            "answer": "характер.",
            "count": 1
        },
        {
            "answer": "хобби и поддержка близких",
            "count": 1
        },
        {
            "answer": "хороший отдых",
            "count": 1
        },
        {
            "answer": "целеустремленность",
            "count": 1
        },
        {
            "answer": "чувство долга",
            "count": 1
        },
        {
            "answer": "чувство юмора",
            "count": 1
        },
        {
            "answer": "юмор",
            "count": 1
        }
    ]
}