{
    "id": 26196,
    "question": "Три слова про мое настроение на 8 модуле:",
    "answers": [
        {
            "answer": "в ожидании",
            "count": 1
        },
        {
            "answer": "воодушевлённое",
            "count": 1
        },
        {
            "answer": "всё просто супер",
            "count": 1
        },
        {
            "answer": "классное!",
            "count": 1
        },
        {
            "answer": "отлично!",
            "count": 2
        },
        {
            "answer": "отлично!!!",
            "count": 1
        },
        {
            "answer": "прекрасно",
            "count": 1
        },
        {
            "answer": "супер",
            "count": 1
        },
        {
            "answer": "грустно",
            "count": 1
        },
        {
            "answer": "грустно что конец",
            "count": 1
        },
        {
            "answer": "грустное",
            "count": 1
        },
        {
            "answer": "дит лучший",
            "count": 1
        },
        {
            "answer": "жаль",
            "count": 1
        },
        {
            "answer": "кайф усталость тревожность",
            "count": 1
        },
        {
            "answer": "ок",
            "count": 1
        },
        {
            "answer": "охлопков",
            "count": 1
        },
        {
            "answer": "охлопково",
            "count": 1
        },
        {
            "answer": "очень хочется спать",
            "count": 1
        },
        {
            "answer": "позитивное",
            "count": 1
        },
        {
            "answer": "потрясающие люди",
            "count": 1
        },
        {
            "answer": "развалины...",
            "count": 1
        },
        {
            "answer": "семья",
            "count": 1
        },
        {
            "answer": "устал",
            "count": 1
        },
        {
            "answer": "финал",
            "count": 1
        },
        {
            "answer": "халидно",
            "count": 1
        },
        {
            "answer": "холодно",
            "count": 1
        },
        {
            "answer": "ципорин рулит!",
            "count": 1
        }
    ]
}