{
    "id": 26204,
    "question": "Что бы вы хотели пожелать другим резервистам?",
    "answers": [
        {
            "answer": "баланса и только вперёд!",
            "count": 1
        },
        {
            "answer": "бегите глупцы! шутка.",
            "count": 1
        },
        {
            "answer": "благодарность за их смелость",
            "count": 1
        },
        {
            "answer": "брать от программы все!",
            "count": 1
        },
        {
            "answer": "брать от укр максимум",
            "count": 1
        },
        {
            "answer": "быть очно",
            "count": 1
        },
        {
            "answer": "быть упорными",
            "count": 1
        },
        {
            "answer": "упорства",
            "count": 3
        },
        {
            "answer": "быть честным",
            "count": 1
        },
        {
            "answer": "верить",
            "count": 1
        },
        {
            "answer": "верить в себя",
            "count": 1
        },
        {
            "answer": "войти в топ 10",
            "count": 1
        },
        {
            "answer": "попасть в топ 10",
            "count": 2
        },
        {
            "answer": "все мы люди оставайтесь собой",
            "count": 1
        },
        {
            "answer": "всем удачи и всем в топ",
            "count": 1
        },
        {
            "answer": "делать всё вовремя",
            "count": 1
        },
        {
            "answer": "добиться поставленных целей",
            "count": 2
        },
        {
            "answer": "достижение поставленных целей",
            "count": 1
        },
        {
            "answer": "достижения поставленных целей",
            "count": 1
        },
        {
            "answer": "достижения целей",
            "count": 1
        },
        {
            "answer": "дойти до конца обучения",
            "count": 1
        },
        {
            "answer": "успешно дойти до конца учебы",
            "count": 1
        },
        {
            "answer": "успешно закончить курсы",
            "count": 1
        },
        {
            "answer": "дружить",
            "count": 1
        },
        {
            "answer": "жажду знаний",
            "count": 1
        },
        {
            "answer": "желаю здоровья",
            "count": 1
        },
        {
            "answer": "здоровья",
            "count": 2
        },
        {
            "answer": "знаний! удачи!",
            "count": 1
        },
        {
            "answer": "интересных и нужных проектов",
            "count": 1
        },
        {
            "answer": "интересных проектов",
            "count": 1
        },
        {
            "answer": "использовать возможность",
            "count": 1
        },
        {
            "answer": "карьерного роста",
            "count": 1
        },
        {
            "answer": "новых назначений",
            "count": 1
        },
        {
            "answer": "максимума вовлечённости",
            "count": 1
        },
        {
            "answer": "не бойтесь!!! пробуйте новое!!",
            "count": 1
        },
        {
            "answer": "не бояться и идти вперед",
            "count": 1
        },
        {
            "answer": "только вперед!",
            "count": 1
        },
        {
            "answer": "успешного прохождения укр-пути",
            "count": 1
        },
        {
            "answer": "не бояться своих идей",
            "count": 1
        },
        {
            "answer": "не выгорать",
            "count": 1
        },
        {
            "answer": "не опускать руки",
            "count": 1
        },
        {
            "answer": "не сдаваться",
            "count": 2
        },
        {
            "answer": "не терять мотивации",
            "count": 1
        },
        {
            "answer": "новых свершений",
            "count": 1
        },
        {
            "answer": "оптимизма",
            "count": 1
        },
        {
            "answer": "оптимизма и позитива",
            "count": 1
        },
        {
            "answer": "позитива",
            "count": 1
        },
        {
            "answer": "позитива!!!",
            "count": 1
        },
        {
            "answer": "отдыхать",
            "count": 1
        },
        {
            "answer": "побед",
            "count": 2
        },
        {
            "answer": "победы и дойти до конца проект",
            "count": 1
        },
        {
            "answer": "позитивного настроения и веры",
            "count": 1
        },
        {
            "answer": "положительных эмоций",
            "count": 1
        },
        {
            "answer": "получить удовольствие от обще",
            "count": 1
        },
        {
            "answer": "проактивности",
            "count": 1
        },
        {
            "answer": "продуктивной работы",
            "count": 1
        },
        {
            "answer": "пройти удачно обучение",
            "count": 1
        },
        {
            "answer": "развития и успехов",
            "count": 1
        },
        {
            "answer": "развития нашей госкорпорации",
            "count": 1
        },
        {
            "answer": "серьезно подойти к процессу",
            "count": 1
        },
        {
            "answer": "сил",
            "count": 3
        },
        {
            "answer": "энергии",
            "count": 1
        },
        {
            "answer": "сил и терпения",
            "count": 2
        },
        {
            "answer": "слушать себя и окружающих люде",
            "count": 1
        },
        {
            "answer": "смелости",
            "count": 4
        },
        {
            "answer": "ставить амбициозные цели",
            "count": 1
        },
        {
            "answer": "стрессоустойчивости",
            "count": 1
        },
        {
            "answer": "счастья",
            "count": 1
        },
        {
            "answer": "терпения",
            "count": 12
        },
        {
            "answer": "терпения и наличия времен",
            "count": 1
        },
        {
            "answer": "терпения и настойчивости",
            "count": 1
        },
        {
            "answer": "трудитесь",
            "count": 1
        },
        {
            "answer": "трудолюбие и терпения",
            "count": 1
        },
        {
            "answer": "уверенности",
            "count": 1
        },
        {
            "answer": "учеренности",
            "count": 1
        },
        {
            "answer": "увлеченность",
            "count": 1
        },
        {
            "answer": "удачи",
            "count": 25
        },
        {
            "answer": "удачи в карьере",
            "count": 1
        },
        {
            "answer": "удачи в реализации",
            "count": 1
        },
        {
            "answer": "удачи в учебе и роста",
            "count": 1
        },
        {
            "answer": "удачи всех победим!",
            "count": 1
        },
        {
            "answer": "удачи!",
            "count": 6
        },
        {
            "answer": "удачи! в добрый путь!)",
            "count": 1
        },
        {
            "answer": "удачи! погнали!!!",
            "count": 1
        },
        {
            "answer": "удачи,",
            "count": 1
        },
        {
            "answer": "удачи и достижения поставленых",
            "count": 1
        },
        {
            "answer": "удачи и нам все поплечу",
            "count": 1
        },
        {
            "answer": "удачи и самоотдачи",
            "count": 1
        },
        {
            "answer": "удачи и сил",
            "count": 1
        },
        {
            "answer": "удачи и терпения",
            "count": 1
        },
        {
            "answer": "успеха",
            "count": 2
        },
        {
            "answer": "успеха!",
            "count": 1
        },
        {
            "answer": "успехов",
            "count": 10
        },
        {
            "answer": "успехов в работе",
            "count": 1
        },
        {
            "answer": "успехов в решении задача",
            "count": 1
        },
        {
            "answer": "успехов во всех начинаниях",
            "count": 1
        },
        {
            "answer": "успехов!",
            "count": 2
        },
        {
            "answer": "успехов и вдохновения",
            "count": 1
        },
        {
            "answer": "успехов и ничего не бояться",
            "count": 1
        },
        {
            "answer": "успехов и понимания коллег",
            "count": 1
        },
        {
            "answer": "успехов и сохранения мотивации",
            "count": 1
        },
        {
            "answer": "успехов и стойкости",
            "count": 1
        },
        {
            "answer": "успехов и терпения",
            "count": 1
        },
        {
            "answer": "успехов и удачи",
            "count": 1
        },
        {
            "answer": "успешного обучения",
            "count": 2
        },
        {
            "answer": "учиться",
            "count": 1
        },
        {
            "answer": "хорошего настроения",
            "count": 2
        }
    ]
}