{
    "id": 2628,
    "question": "Что вас вдохновляет в миссии Росатома?",
    "answers": [
        {
            "answer": "технологическое лидерство",
            "count": 1
        },
        {
            "answer": "вектор на дост-ие техлидерства",
            "count": 1
        },
        {
            "answer": "человекоцентричность",
            "count": 1
        },
        {
            "answer": "глобальное лидерство",
            "count": 1
        },
        {
            "answer": "безопасность -высший приоритет",
            "count": 1
        },
        {
            "answer": "развитие кадрового потенциала",
            "count": 1
        },
        {
            "answer": "ориентация на человека",
            "count": 1
        },
        {
            "answer": "глобальность",
            "count": 1
        },
        {
            "answer": "глобальное лидерство",
            "count": 1
        },
        {
            "answer": "фокус на научных достижениях",
            "count": 1
        },
        {
            "answer": "лидерство",
            "count": 1
        },
        {
            "answer": "служба людям",
            "count": 1
        },
        {
            "answer": "человекоцентричность",
            "count": 1
        },
        {
            "answer": "экологичность",
            "count": 1
        },
        {
            "answer": "развиваемся и учимся",
            "count": 1
        },
        {
            "answer": "глобальная компания для людей",
            "count": 1
        },
        {
            "answer": "оборогоспос = сильное гос",
            "count": 1
        },
        {
            "answer": "её бы знать",
            "count": 1
        },
        {
            "answer": "корпоративная культура",
            "count": 1
        },
        {
            "answer": "быть впереди планеты всей!",
            "count": 1
        },
        {
            "answer": "улучшение жизни людей",
            "count": 1
        },
        {
            "answer": "обороноспособность = сильное г",
            "count": 1
        },
        {
            "answer": "её бы знать",
            "count": 1
        },
        {
            "answer": "человекоцентричноость",
            "count": 1
        },
        {
            "answer": "ответственность за результат",
            "count": 1
        },
        {
            "answer": "человечность",
            "count": 1
        },
        {
            "answer": "лидерство",
            "count": 1
        },
        {
            "answer": "глобальность",
            "count": 1
        },
        {
            "answer": "забота о мире",
            "count": 1
        },
        {
            "answer": "ориентация на человека",
            "count": 1
        },
        {
            "answer": "новые возможности",
            "count": 1
        },
        {
            "answer": "человекоцентричность",
            "count": 1
        },
        {
            "answer": "ее бы знать",
            "count": 1
        }
    ]
}