{
    "id": 26574,
    "question": "В чём причина стресса, по вашему мнению?",
    "answers": [
        {
            "answer": "\"мудаки\"",
            "count": 1
        },
        {
            "answer": "глупые некомпетентные люди",
            "count": 1
        },
        {
            "answer": "идиоты",
            "count": 1
        },
        {
            "answer": "мудаки",
            "count": 1
        },
        {
            "answer": "1. человеческий фактор",
            "count": 1
        },
        {
            "answer": "2. рутинная работа",
            "count": 1
        },
        {
            "answer": "путинная работа",
            "count": 1
        },
        {
            "answer": "рутина",
            "count": 2
        },
        {
            "answer": "3. высокая ответственность",
            "count": 1
        },
        {
            "answer": "высокая ответственность",
            "count": 2
        },
        {
            "answer": "4. дедлайны",
            "count": 1
        },
        {
            "answer": "вечный дедлайн",
            "count": 1
        },
        {
            "answer": "дедлайн",
            "count": 1
        },
        {
            "answer": "дедлайны",
            "count": 1
        },
        {
            "answer": "дэдлайн",
            "count": 1
        },
        {
            "answer": "постоянный дедлайн",
            "count": 1
        },
        {
            "answer": "аскиоп",
            "count": 1
        },
        {
            "answer": "безответственность",
            "count": 1
        },
        {
            "answer": "бесполезная работа",
            "count": 1
        },
        {
            "answer": "бесполезные задачи",
            "count": 1
        },
        {
            "answer": "бесполезные поручения",
            "count": 1
        },
        {
            "answer": "большая нагрузка",
            "count": 1
        },
        {
            "answer": "большое количество работы",
            "count": 1
        },
        {
            "answer": "большой нагрузке",
            "count": 1
        },
        {
            "answer": "большой объём работ",
            "count": 1
        },
        {
            "answer": "большой объем работы",
            "count": 1
        },
        {
            "answer": "высокая нагрузка",
            "count": 1
        },
        {
            "answer": "много работы",
            "count": 2
        },
        {
            "answer": "нагрузка",
            "count": 1
        },
        {
            "answer": "объем работ",
            "count": 1
        },
        {
            "answer": "объем работы со сроком вчера",
            "count": 1
        },
        {
            "answer": "объёмы работ",
            "count": 1
        },
        {
            "answer": "перегруженность",
            "count": 1
        },
        {
            "answer": "переработки",
            "count": 1
        },
        {
            "answer": "постоянно растущий объём работ",
            "count": 1
        },
        {
            "answer": "превышение объема работ над тр",
            "count": 1
        },
        {
            "answer": "увеличение объёма работы",
            "count": 1
        },
        {
            "answer": "увеличивающийся объем работы",
            "count": 1
        },
        {
            "answer": "большой объём айти платыорм па",
            "count": 1
        },
        {
            "answer": "боязнь ответственности",
            "count": 1
        },
        {
            "answer": "боязнь ошибки",
            "count": 1
        },
        {
            "answer": "бюрократизация",
            "count": 1
        },
        {
            "answer": "бюрократия",
            "count": 3
        },
        {
            "answer": "излишняя бюрократия",
            "count": 1
        },
        {
            "answer": "внешние обстоятельства",
            "count": 1
        },
        {
            "answer": "внешние раздражители",
            "count": 1
        },
        {
            "answer": "обстановка окружение рядом",
            "count": 1
        },
        {
            "answer": "высокая неопределённость",
            "count": 1
        },
        {
            "answer": "множество неопределённость при",
            "count": 1
        },
        {
            "answer": "неопределенность будущего",
            "count": 1
        },
        {
            "answer": "высокая психологическая нагруз",
            "count": 1
        },
        {
            "answer": "высокий темп жизни",
            "count": 1
        },
        {
            "answer": "давление руководства,",
            "count": 1
        },
        {
            "answer": "дебюрократизация",
            "count": 1
        },
        {
            "answer": "дефицит внутреннего ресурса",
            "count": 1
        },
        {
            "answer": "дефицит персонала",
            "count": 1
        },
        {
            "answer": "нехватка кадров",
            "count": 1
        },
        {
            "answer": "нехватка персонала",
            "count": 1
        },
        {
            "answer": "еосз",
            "count": 1
        },
        {
            "answer": "задачи за периметром компетенц",
            "count": 1
        },
        {
            "answer": "задачи за рамками компетенций",
            "count": 1
        },
        {
            "answer": "запросы в нереальные сроки",
            "count": 1
        },
        {
            "answer": "неадекватные сроки",
            "count": 1
        },
        {
            "answer": "режим \"пожарной команды\"",
            "count": 1
        },
        {
            "answer": "сжатые срок",
            "count": 1
        },
        {
            "answer": "сжатые сроки",
            "count": 5
        },
        {
            "answer": "сжатые сроки выполнения,",
            "count": 1
        },
        {
            "answer": "сроки",
            "count": 2
        },
        {
            "answer": "сроки выполнения",
            "count": 1
        },
        {
            "answer": "сроки выполнения задач",
            "count": 1
        },
        {
            "answer": "сроки выполнения проектов",
            "count": 1
        },
        {
            "answer": "сроки выполнения работ",
            "count": 1
        },
        {
            "answer": "сроки реализации поручения.",
            "count": 1
        },
        {
            "answer": "срочная работа",
            "count": 2
        },
        {
            "answer": "срочность",
            "count": 1
        },
        {
            "answer": "срочность и важность задач",
            "count": 1
        },
        {
            "answer": "избыточный контроль",
            "count": 1
        },
        {
            "answer": "излишний документооборота",
            "count": 1
        },
        {
            "answer": "изменение исходных данных",
            "count": 1
        },
        {
            "answer": "меняющиеся исходные данные",
            "count": 1
        },
        {
            "answer": "изменение объема работ",
            "count": 1
        },
        {
            "answer": "изменение по",
            "count": 1
        },
        {
            "answer": "изменение привычных условий",
            "count": 1
        },
        {
            "answer": "что-то новое (пугающее)",
            "count": 1
        },
        {
            "answer": "качество ресурсов",
            "count": 1
        },
        {
            "answer": "количество совещаний",
            "count": 1
        },
        {
            "answer": "коммуникации с чудаками",
            "count": 1
        },
        {
            "answer": "конфликт с руководителем",
            "count": 1
        },
        {
            "answer": "конфликт с руководством",
            "count": 1
        },
        {
            "answer": "конфликты",
            "count": 1
        },
        {
            "answer": "конфликты дома и на работе",
            "count": 1
        },
        {
            "answer": "конфликты с коллегами",
            "count": 1
        },
        {
            "answer": "рабочие конфликты",
            "count": 1
        },
        {
            "answer": "личные проблемы",
            "count": 1
        },
        {
            "answer": "люди",
            "count": 1
        },
        {
            "answer": "маленькая зарплата",
            "count": 1
        },
        {
            "answer": "нехватка денен",
            "count": 1
        },
        {
            "answer": "финансы",
            "count": 1
        },
        {
            "answer": "многозадачность",
            "count": 8
        },
        {
            "answer": "многозадачность в ограниченных",
            "count": 1
        },
        {
            "answer": "мотивация - наказание",
            "count": 1
        },
        {
            "answer": "мотивация наказанием",
            "count": 2
        },
        {
            "answer": "не закрываются потребности",
            "count": 1
        },
        {
            "answer": "не хватает компетенций",
            "count": 1
        },
        {
            "answer": "некомпетентность",
            "count": 1
        },
        {
            "answer": "низкие компетенции",
            "count": 1
        },
        {
            "answer": "невозможность выполнить задачи",
            "count": 1
        },
        {
            "answer": "нельзя влиять на ситуацию",
            "count": 1
        },
        {
            "answer": "ненормированный рабочий день",
            "count": 1
        },
        {
            "answer": "неопределенность задач",
            "count": 1
        },
        {
            "answer": "непонятные задачи",
            "count": 1
        },
        {
            "answer": "непонимание",
            "count": 1
        },
        {
            "answer": "непонимание целей",
            "count": 1
        },
        {
            "answer": "отсутствие/непонимание целей",
            "count": 1
        },
        {
            "answer": "неправильная организация работ",
            "count": 1
        },
        {
            "answer": "условия работы",
            "count": 2
        },
        {
            "answer": "условия труда",
            "count": 1
        },
        {
            "answer": "неравномерность и срочность",
            "count": 1
        },
        {
            "answer": "неравномерность/срочность",
            "count": 1
        },
        {
            "answer": "нерегламентированные процессы",
            "count": 1
        },
        {
            "answer": "несвоевременно полученные данн",
            "count": 1
        },
        {
            "answer": "несоблюдение норм управляемост",
            "count": 1
        },
        {
            "answer": "несоответствующие условия труд",
            "count": 1
        },
        {
            "answer": "несправедливое осуждение",
            "count": 1
        },
        {
            "answer": "нестабильность",
            "count": 2
        },
        {
            "answer": "нестандартная задача",
            "count": 1
        },
        {
            "answer": "нетипичные и новые задачи",
            "count": 1
        },
        {
            "answer": "новые задачи.",
            "count": 1
        },
        {
            "answer": "неудовлетворённость работой",
            "count": 1
        },
        {
            "answer": "нехватка времени для выполнени",
            "count": 1
        },
        {
            "answer": "нехватка ресурсов",
            "count": 1
        },
        {
            "answer": "отсутсвие ресурсов",
            "count": 1
        },
        {
            "answer": "отсутствие ресурсов",
            "count": 1
        },
        {
            "answer": "ресурсу как человеческие так и",
            "count": 1
        },
        {
            "answer": "низкая мотивация",
            "count": 1
        },
        {
            "answer": "отсутсвие мотивации",
            "count": 1
        },
        {
            "answer": "отсутствие мотивации",
            "count": 1
        },
        {
            "answer": "обратная связь о результатах",
            "count": 1
        },
        {
            "answer": "ожидания не равно действительн",
            "count": 1
        },
        {
            "answer": "осознание ответственности",
            "count": 1
        },
        {
            "answer": "ответственность без ресурсов",
            "count": 1
        },
        {
            "answer": "отсутствие взаимодействия и по",
            "count": 1
        },
        {
            "answer": "отсутствие информации",
            "count": 1
        },
        {
            "answer": "отсутствие кадрового роста",
            "count": 1
        },
        {
            "answer": "отсутствие профессионального р",
            "count": 1
        },
        {
            "answer": "отсутствие поддержки от руково",
            "count": 1
        },
        {
            "answer": "отсутствие результата",
            "count": 1
        },
        {
            "answer": "отсутствие свободы выбора",
            "count": 1
        },
        {
            "answer": "отсутствие стратегии выполнен",
            "count": 1
        },
        {
            "answer": "отчеты",
            "count": 1
        },
        {
            "answer": "постоянные отчеты",
            "count": 1
        },
        {
            "answer": "оценка работы руководителем",
            "count": 1
        },
        {
            "answer": "повышенные требования к себе",
            "count": 1
        },
        {
            "answer": "постоянные изменения",
            "count": 1
        },
        {
            "answer": "потеря близких",
            "count": 1
        },
        {
            "answer": "появление внезапных задач",
            "count": 1
        },
        {
            "answer": "проверки",
            "count": 1
        },
        {
            "answer": "производственный бардак",
            "count": 1
        },
        {
            "answer": "происшествие",
            "count": 1
        },
        {
            "answer": "противоречия в целеуказаниях",
            "count": 1
        },
        {
            "answer": "психологическое давление",
            "count": 1
        },
        {
            "answer": "работа без отпуска",
            "count": 1
        },
        {
            "answer": "работа в корзину",
            "count": 1
        },
        {
            "answer": "решение задач за начальников",
            "count": 1
        },
        {
            "answer": "решения вышестоящего руководст",
            "count": 1
        },
        {
            "answer": "семейные проблемы",
            "count": 1
        },
        {
            "answer": "семейные трудности",
            "count": 1
        },
        {
            "answer": "сложности в семье",
            "count": 1
        },
        {
            "answer": "страх",
            "count": 1
        },
        {
            "answer": "стресс руководителя",
            "count": 1
        },
        {
            "answer": "эмоциональное взаимодействие",
            "count": 1
        }
    ]
}