{
    "id": 26608,
    "question": "Из какого вы города?",
    "answers": [
        {
            "answer": "ангарск",
            "count": 1
        },
        {
            "answer": "владимир",
            "count": 1
        },
        {
            "answer": "волгодонск",
            "count": 2
        },
        {
            "answer": "глазов",
            "count": 1
        },
        {
            "answer": "десногорск",
            "count": 2
        },
        {
            "answer": "екатеринбург",
            "count": 2
        },
        {
            "answer": "железногорск",
            "count": 2
        },
        {
            "answer": "заречный",
            "count": 5
        },
        {
            "answer": "зеленогорск",
            "count": 1
        },
        {
            "answer": "калуга",
            "count": 1
        },
        {
            "answer": "ковров",
            "count": 1
        },
        {
            "answer": "краснокаменс",
            "count": 1
        },
        {
            "answer": "краснокаменск",
            "count": 2
        },
        {
            "answer": "красноярск",
            "count": 1
        },
        {
            "answer": "кронштадт",
            "count": 1
        },
        {
            "answer": "курск",
            "count": 1
        },
        {
            "answer": "курчатов",
            "count": 2
        },
        {
            "answer": "кыштым",
            "count": 1
        },
        {
            "answer": "лесной",
            "count": 1
        },
        {
            "answer": "лучший город страны!",
            "count": 1
        },
        {
            "answer": "москва",
            "count": 50
        },
        {
            "answer": "мурманск",
            "count": 5
        },
        {
            "answer": "нижний новгород",
            "count": 12
        },
        {
            "answer": "нововоронеж",
            "count": 1
        },
        {
            "answer": "новосибирск",
            "count": 2
        },
        {
            "answer": "новоуральск",
            "count": 1
        },
        {
            "answer": "обнинск",
            "count": 3
        },
        {
            "answer": "озерск",
            "count": 2
        },
        {
            "answer": "озёрск",
            "count": 3
        },
        {
            "answer": "петрозаводск",
            "count": 1
        },
        {
            "answer": "подольск",
            "count": 1
        },
        {
            "answer": "санкт - петербург",
            "count": 1
        },
        {
            "answer": "санкт-петербург",
            "count": 7
        },
        {
            "answer": "саров",
            "count": 2
        },
        {
            "answer": "сергиев посад",
            "count": 1
        },
        {
            "answer": "снежинск",
            "count": 5
        },
        {
            "answer": "томск",
            "count": 1
        },
        {
            "answer": "трехгорный",
            "count": 2
        },
        {
            "answer": "трёхгорный",
            "count": 1
        },
        {
            "answer": "троицк",
            "count": 1
        },
        {
            "answer": "шумиха",
            "count": 1
        },
        {
            "answer": "электросталь",
            "count": 1
        },
        {
            "answer": "электросталь лучший город",
            "count": 1
        }
    ]
}