{
    "id": 26607,
    "question": "Ваш настрой на два дня конференции одним словом",
    "answers": [
        {
            "answer": "бодро",
            "count": 1
        },
        {
            "answer": "бодрый",
            "count": 1
        },
        {
            "answer": "боевое",
            "count": 1
        },
        {
            "answer": "боевой",
            "count": 5
        },
        {
            "answer": "боевой))",
            "count": 1
        },
        {
            "answer": "вперёд!",
            "count": 1
        },
        {
            "answer": "готов",
            "count": 1
        },
        {
            "answer": "зажечь",
            "count": 1
        },
        {
            "answer": "вдохновение",
            "count": 2
        },
        {
            "answer": "вдохновляться",
            "count": 1
        },
        {
            "answer": "воодушевление",
            "count": 1
        },
        {
            "answer": "взаимодействие",
            "count": 1
        },
        {
            "answer": "общение",
            "count": 2
        },
        {
            "answer": "вовлечение",
            "count": 1
        },
        {
            "answer": "заинтересован",
            "count": 1
        },
        {
            "answer": "заинтересованность",
            "count": 1
        },
        {
            "answer": "интерес",
            "count": 9
        },
        {
            "answer": "интересно",
            "count": 5
        },
        {
            "answer": "любопытно",
            "count": 1
        },
        {
            "answer": "любопытство",
            "count": 1
        },
        {
            "answer": "волна",
            "count": 1
        },
        {
            "answer": "деловой",
            "count": 1
        },
        {
            "answer": "задор",
            "count": 1
        },
        {
            "answer": "збс",
            "count": 1
        },
        {
            "answer": "классно",
            "count": 1
        },
        {
            "answer": "отличный",
            "count": 6
        },
        {
            "answer": "отличный и позитивный",
            "count": 1
        },
        {
            "answer": "супер",
            "count": 1
        },
        {
            "answer": "знания",
            "count": 4
        },
        {
            "answer": "познавательный",
            "count": 1
        },
        {
            "answer": "познание",
            "count": 1
        },
        {
            "answer": "узнать",
            "count": 2
        },
        {
            "answer": "узнать новое",
            "count": 1
        },
        {
            "answer": "максимальный",
            "count": 1
        },
        {
            "answer": "полная отдача",
            "count": 1
        },
        {
            "answer": "новизна",
            "count": 1
        },
        {
            "answer": "новое",
            "count": 4
        },
        {
            "answer": "новые знакомства",
            "count": 1
        },
        {
            "answer": "ожидание",
            "count": 1
        },
        {
            "answer": "предвкушение",
            "count": 1
        },
        {
            "answer": "оптимизм",
            "count": 1
        },
        {
            "answer": "оптимистичный",
            "count": 1
        },
        {
            "answer": "пазитив",
            "count": 1
        },
        {
            "answer": "позитив",
            "count": 6
        },
        {
            "answer": "позитивный",
            "count": 5
        },
        {
            "answer": "отдохнуть учась",
            "count": 1
        },
        {
            "answer": "отдых",
            "count": 1
        },
        {
            "answer": "побеждать",
            "count": 1
        },
        {
            "answer": "полезно",
            "count": 1
        },
        {
            "answer": "положительный",
            "count": 1
        },
        {
            "answer": "хорошо",
            "count": 1
        },
        {
            "answer": "поработать",
            "count": 1
        },
        {
            "answer": "работа",
            "count": 2
        },
        {
            "answer": "рабочий",
            "count": 4
        },
        {
            "answer": "поэтический",
            "count": 1
        },
        {
            "answer": "прогресс",
            "count": 1
        },
        {
            "answer": "развитие",
            "count": 3
        },
        {
            "answer": "рост",
            "count": 1
        },
        {
            "answer": "продуктивный",
            "count": 1
        },
        {
            "answer": "саров",
            "count": 1
        },
        {
            "answer": "серьёзный",
            "count": 1
        },
        {
            "answer": "трепет",
            "count": 1
        },
        {
            "answer": "удовольствие",
            "count": 1
        },
        {
            "answer": "ура!",
            "count": 1
        },
        {
            "answer": "усталость",
            "count": 1
        },
        {
            "answer": "участие",
            "count": 1
        },
        {
            "answer": "эмоции",
            "count": 1
        },
        {
            "answer": "энтузиазм",
            "count": 1
        }
    ]
}