{
    "id": 26668,
    "question": "Напишите 3 слова, которые главным образом могут охарактеризовать стратегическую сессию? Ваши ассоциации.",
    "answers": [
        {
            "answer": "it технологии",
            "count": 1
        },
        {
            "answer": "автоматизация науки",
            "count": 1
        },
        {
            "answer": "активная",
            "count": 1
        },
        {
            "answer": "активно",
            "count": 1
        },
        {
            "answer": "активное обсуждение",
            "count": 1
        },
        {
            "answer": "актуально",
            "count": 1
        },
        {
            "answer": "актуально спорно",
            "count": 1
        },
        {
            "answer": "актуальность",
            "count": 1
        },
        {
            "answer": "важно",
            "count": 2
        },
        {
            "answer": "виджет",
            "count": 1
        },
        {
            "answer": "все понятно",
            "count": 1
        },
        {
            "answer": "группа",
            "count": 1
        },
        {
            "answer": "данные",
            "count": 1
        },
        {
            "answer": "доделать",
            "count": 1
        },
        {
            "answer": "незавершенность",
            "count": 1
        },
        {
            "answer": "доказать необходимость",
            "count": 1
        },
        {
            "answer": "домен",
            "count": 1
        },
        {
            "answer": "дублирование сервисов",
            "count": 1
        },
        {
            "answer": "интересно",
            "count": 2
        },
        {
            "answer": "интересно профессионально",
            "count": 1
        },
        {
            "answer": "интересно! спасиб",
            "count": 1
        },
        {
            "answer": "очень интересная суббота",
            "count": 1
        },
        {
            "answer": "интересно детали взаимодействи",
            "count": 1
        },
        {
            "answer": "информационное пространство",
            "count": 1
        },
        {
            "answer": "исследователь",
            "count": 3
        },
        {
            "answer": "конструктивная",
            "count": 1
        },
        {
            "answer": "мало времени",
            "count": 1
        },
        {
            "answer": "модераторы молодцы",
            "count": 1
        },
        {
            "answer": "мозговой штурм",
            "count": 1
        },
        {
            "answer": "мотивация",
            "count": 1
        },
        {
            "answer": "наглядно",
            "count": 1
        },
        {
            "answer": "наука",
            "count": 2
        },
        {
            "answer": "неопределенность",
            "count": 1
        },
        {
            "answer": "несоответствие",
            "count": 1
        },
        {
            "answer": "нечеткость замысла",
            "count": 1
        },
        {
            "answer": "новый формат",
            "count": 1
        },
        {
            "answer": "нормативные ограничения",
            "count": 1
        },
        {
            "answer": "обсуждаем бесполезные сервисы",
            "count": 1
        },
        {
            "answer": "отлично",
            "count": 1
        },
        {
            "answer": "отличный формат",
            "count": 1
        },
        {
            "answer": "продуктивно",
            "count": 1
        },
        {
            "answer": "результат",
            "count": 1
        },
        {
            "answer": "проработать",
            "count": 1
        },
        {
            "answer": "сессия не проработана",
            "count": 1
        },
        {
            "answer": "публикации",
            "count": 1
        },
        {
            "answer": "работа опытных профессионалов",
            "count": 1
        },
        {
            "answer": "сервис",
            "count": 1
        },
        {
            "answer": "слаженно",
            "count": 1
        },
        {
            "answer": "совершенствование",
            "count": 1
        },
        {
            "answer": "суббота",
            "count": 1
        },
        {
            "answer": "хз",
            "count": 1
        },
        {
            "answer": "холодно",
            "count": 1
        },
        {
            "answer": "цель",
            "count": 1
        },
        {
            "answer": "цифровизация",
            "count": 1
        },
        {
            "answer": "цифровой помощник",
            "count": 1
        },
        {
            "answer": "эксперт",
            "count": 1
        },
        {
            "answer": "экспертность",
            "count": 1
        }
    ]
}