{
    "id": 26765,
    "question": "В чём причина стресса, по вашему мнению?",
    "answers": [
        {
            "answer": "авраалы",
            "count": 1
        },
        {
            "answer": "аврал",
            "count": 2
        },
        {
            "answer": "атмосфера",
            "count": 1
        },
        {
            "answer": "балан отдыха и работы",
            "count": 1
        },
        {
            "answer": "в неумении отдыхать от работы",
            "count": 1
        },
        {
            "answer": "бессмысленность",
            "count": 1
        },
        {
            "answer": "большая нагрузка",
            "count": 1
        },
        {
            "answer": "большое количество задач",
            "count": 1
        },
        {
            "answer": "большой поток задач",
            "count": 1
        },
        {
            "answer": "в перегрузке на работе",
            "count": 1
        },
        {
            "answer": "высокий объем задач",
            "count": 1
        },
        {
            "answer": "загруженность",
            "count": 2
        },
        {
            "answer": "количество задач",
            "count": 1
        },
        {
            "answer": "количество работы",
            "count": 1
        },
        {
            "answer": "много задач",
            "count": 1
        },
        {
            "answer": "много разноплановых задач",
            "count": 1
        },
        {
            "answer": "многозадачность",
            "count": 3
        },
        {
            "answer": "нагрузка",
            "count": 1
        },
        {
            "answer": "перегруженность рабочими задач",
            "count": 1
        },
        {
            "answer": "перегрузка",
            "count": 4
        },
        {
            "answer": "перерабока",
            "count": 1
        },
        {
            "answer": "переработки",
            "count": 1
        },
        {
            "answer": "повышенная нагрузка",
            "count": 1
        },
        {
            "answer": "рабочая нагрузка",
            "count": 1
        },
        {
            "answer": "сильный перегруз",
            "count": 1
        },
        {
            "answer": "слишком много работы",
            "count": 1
        },
        {
            "answer": "усиленная многозадачность",
            "count": 1
        },
        {
            "answer": "борьба с сопротивлением",
            "count": 1
        },
        {
            "answer": "боязнь поражения",
            "count": 1
        },
        {
            "answer": "боязнь провала",
            "count": 1
        },
        {
            "answer": "боязнь расправы",
            "count": 1
        },
        {
            "answer": "бурная жизнь",
            "count": 1
        },
        {
            "answer": "в интенсивности и протекании п",
            "count": 1
        },
        {
            "answer": "в неуспевании",
            "count": 1
        },
        {
            "answer": "в них",
            "count": 1
        },
        {
            "answer": "вечная гонка за счастьем:)",
            "count": 1
        },
        {
            "answer": "вечный подвиг\"",
            "count": 1
        },
        {
            "answer": "вечный поиск виноватых",
            "count": 1
        },
        {
            "answer": "внезапные изменения",
            "count": 1
        },
        {
            "answer": "изменение",
            "count": 1
        },
        {
            "answer": "изменения",
            "count": 2
        },
        {
            "answer": "перемены",
            "count": 1
        },
        {
            "answer": "частые изменения",
            "count": 1
        },
        {
            "answer": "частые изменения",
            "count": 1
        },
        {
            "answer": "внешний мир непредсказуем",
            "count": 1
        },
        {
            "answer": "во мне",
            "count": 1
        },
        {
            "answer": "гиперответственность",
            "count": 1
        },
        {
            "answer": "глупость",
            "count": 1
        },
        {
            "answer": "давление сроков изготовления",
            "count": 1
        },
        {
            "answer": "дедлайн",
            "count": 2
        },
        {
            "answer": "задачи отдают тем кто справитс",
            "count": 1
        },
        {
            "answer": "капитализм",
            "count": 1
        },
        {
            "answer": "карьерный застой",
            "count": 1
        },
        {
            "answer": "карьерный потолок",
            "count": 1
        },
        {
            "answer": "конфликты",
            "count": 1
        },
        {
            "answer": "критика руководства",
            "count": 1
        },
        {
            "answer": "лавина бумажек",
            "count": 1
        },
        {
            "answer": "много информации",
            "count": 1
        },
        {
            "answer": "много рутинной работы",
            "count": 1
        },
        {
            "answer": "напряжённость",
            "count": 1
        },
        {
            "answer": "не интересно",
            "count": 1
        },
        {
            "answer": "невовлеченность",
            "count": 1
        },
        {
            "answer": "не компетентность",
            "count": 1
        },
        {
            "answer": "не рациональное планирование",
            "count": 1
        },
        {
            "answer": "не уверенность в себе",
            "count": 1
        },
        {
            "answer": "неуаеренность",
            "count": 1
        },
        {
            "answer": "неуверенность",
            "count": 1
        },
        {
            "answer": "неадекватные сроки планировани",
            "count": 1
        },
        {
            "answer": "неадекватный руководитель",
            "count": 1
        },
        {
            "answer": "неверно поставленные задачи",
            "count": 1
        },
        {
            "answer": "неготовность к вызову",
            "count": 1
        },
        {
            "answer": "недооценка",
            "count": 1
        },
        {
            "answer": "недостаток времени",
            "count": 1
        },
        {
            "answer": "нехватка времени",
            "count": 1
        },
        {
            "answer": "недостаток компетенций",
            "count": 1
        },
        {
            "answer": "недостаток ресурса",
            "count": 1
        },
        {
            "answer": "нехватка ресурсов",
            "count": 1
        },
        {
            "answer": "отсутствие ресурсов",
            "count": 2
        },
        {
            "answer": "перегруз. отсутствие ресурсов",
            "count": 1
        },
        {
            "answer": "незнакомое",
            "count": 1
        },
        {
            "answer": "неизвестность",
            "count": 1
        },
        {
            "answer": "неопределенность",
            "count": 3
        },
        {
            "answer": "неопределённость",
            "count": 1
        },
        {
            "answer": "некомпетентное руководство",
            "count": 1
        },
        {
            "answer": "некомпетентность руководства",
            "count": 1
        },
        {
            "answer": "неправильно организована работ",
            "count": 1
        },
        {
            "answer": "непринимаемые изменения",
            "count": 1
        },
        {
            "answer": "непрофессинализм в управлении",
            "count": 1
        },
        {
            "answer": "неразумное планирование",
            "count": 1
        },
        {
            "answer": "несогласованность действий",
            "count": 1
        },
        {
            "answer": "неудачи",
            "count": 1
        },
        {
            "answer": "неудовлетворенность",
            "count": 1
        },
        {
            "answer": "неумения делегирования.",
            "count": 1
        },
        {
            "answer": "новые задачи",
            "count": 1
        },
        {
            "answer": "обстановка в мире",
            "count": 1
        },
        {
            "answer": "ответственность",
            "count": 2
        },
        {
            "answer": "чувство ответсвенности",
            "count": 1
        },
        {
            "answer": "ответственность и цейтнот",
            "count": 1
        },
        {
            "answer": "отклонение от плана",
            "count": 1
        },
        {
            "answer": "отношение руководства",
            "count": 1
        },
        {
            "answer": "отсутствие желаемого результат",
            "count": 1
        },
        {
            "answer": "отсутствие полож. результата",
            "count": 1
        },
        {
            "answer": "отсутствие результата",
            "count": 1
        },
        {
            "answer": "отсутствие интересных задач",
            "count": 1
        },
        {
            "answer": "отсутствие информации",
            "count": 1
        },
        {
            "answer": "отсутствие обратной связи",
            "count": 1
        },
        {
            "answer": "отсутствие понимания от руково",
            "count": 1
        },
        {
            "answer": "отсутствие признания",
            "count": 1
        },
        {
            "answer": "отсутствие реальной поддержки",
            "count": 1
        },
        {
            "answer": "политика в принимаемых решения",
            "count": 1
        },
        {
            "answer": "постоянная срочность",
            "count": 1
        },
        {
            "answer": "сжатые сроки",
            "count": 1
        },
        {
            "answer": "сроки",
            "count": 2
        },
        {
            "answer": "срочность",
            "count": 1
        },
        {
            "answer": "цейтнот",
            "count": 2
        },
        {
            "answer": "цейтнот времени",
            "count": 1
        },
        {
            "answer": "постоянное давление",
            "count": 1
        },
        {
            "answer": "пропускать все через себя",
            "count": 1
        },
        {
            "answer": "работа",
            "count": 1
        },
        {
            "answer": "работа не по призванию",
            "count": 1
        },
        {
            "answer": "рано вставать",
            "count": 1
        },
        {
            "answer": "рваный ритм",
            "count": 1
        },
        {
            "answer": "руководитель",
            "count": 1
        },
        {
            "answer": "шеф",
            "count": 1
        },
        {
            "answer": "ситуация в стране",
            "count": 1
        },
        {
            "answer": "слишком амбициозные цели",
            "count": 1
        },
        {
            "answer": "чрезмерно амбициозные цели",
            "count": 1
        },
        {
            "answer": "спецоперация",
            "count": 1
        },
        {
            "answer": "страх",
            "count": 3
        },
        {
            "answer": "тревога",
            "count": 1
        },
        {
            "answer": "усталость",
            "count": 1
        },
        {
            "answer": "хроническая усталость",
            "count": 1
        },
        {
            "answer": "частые комиссионные проверки",
            "count": 1
        },
        {
            "answer": "эмоциональная нагрузка",
            "count": 1
        }
    ]
}