{
    "id": 26811,
    "question": "Что позволяет вам лично поддерживать уверенность и рабочий настрой?",
    "answers": [
        {
            "answer": "1. вера в себя",
            "count": 1
        },
        {
            "answer": "вера в свои силы",
            "count": 1
        },
        {
            "answer": "вера в себя",
            "count": 1
        },
        {
            "answer": "личная уверенность в собственн",
            "count": 1
        },
        {
            "answer": "уверенность в своих силах",
            "count": 1
        },
        {
            "answer": "уверенность в себе",
            "count": 3
        },
        {
            "answer": "1. семья 2. вера в россию",
            "count": 1
        },
        {
            "answer": "2. возможность премирования",
            "count": 1
        },
        {
            "answer": "default mode",
            "count": 1
        },
        {
            "answer": "адреналин",
            "count": 1
        },
        {
            "answer": "амбициозные задачи",
            "count": 1
        },
        {
            "answer": "атмосфера",
            "count": 1
        },
        {
            "answer": "доброжелательная атмосфера",
            "count": 1
        },
        {
            "answer": "атмосфера в коллективе",
            "count": 2
        },
        {
            "answer": "аффирмации",
            "count": 1
        },
        {
            "answer": "бодрит руководитель",
            "count": 1
        },
        {
            "answer": "вера руководителя",
            "count": 1
        },
        {
            "answer": "важность и значимость",
            "count": 1
        },
        {
            "answer": "значимость задачи",
            "count": 1
        },
        {
            "answer": "осознание важности дела",
            "count": 1
        },
        {
            "answer": "вдохновение большими целями",
            "count": 1
        },
        {
            "answer": "вдохноение от результата работ",
            "count": 1
        },
        {
            "answer": "вера",
            "count": 2
        },
        {
            "answer": "молитва",
            "count": 1
        },
        {
            "answer": "вера в будущее",
            "count": 1
        },
        {
            "answer": "вера в будущее отрасли",
            "count": 1
        },
        {
            "answer": "вера в достижение высокой цели",
            "count": 1
        },
        {
            "answer": "вера в команду",
            "count": 1
        },
        {
            "answer": "вера в лучшее",
            "count": 1
        },
        {
            "answer": "вера в успех",
            "count": 1
        },
        {
            "answer": "вера вилучшее",
            "count": 1
        },
        {
            "answer": "надежда на наступление луч. вр",
            "count": 1
        },
        {
            "answer": "оптимизм",
            "count": 10
        },
        {
            "answer": "оптимизм и вера в лучшее",
            "count": 1
        },
        {
            "answer": "оптимизм и творческий подход к",
            "count": 1
        },
        {
            "answer": "вера в росатом",
            "count": 1
        },
        {
            "answer": "вера в руководство",
            "count": 1
        },
        {
            "answer": "вера в сильную компанию",
            "count": 1
        },
        {
            "answer": "видение 2030",
            "count": 1
        },
        {
            "answer": "владение информацией",
            "count": 1
        },
        {
            "answer": "информированность",
            "count": 1
        },
        {
            "answer": "внутренний стержень",
            "count": 2
        },
        {
            "answer": "внутренняя мотивация и вера",
            "count": 1
        },
        {
            "answer": "вовлеченность в то чем занят",
            "count": 1
        },
        {
            "answer": "высокая личная вовлеченность",
            "count": 1
        },
        {
            "answer": "интерес к работе",
            "count": 2
        },
        {
            "answer": "интересная работа",
            "count": 2
        },
        {
            "answer": "интересные задачи",
            "count": 1
        },
        {
            "answer": "интересные проекты",
            "count": 1
        },
        {
            "answer": "интересные рабочие задачи",
            "count": 1
        },
        {
            "answer": "любимая работа",
            "count": 1
        },
        {
            "answer": "любовь к работе",
            "count": 5
        },
        {
            "answer": "любовь к своему делу",
            "count": 2
        },
        {
            "answer": "профессиональный интерес",
            "count": 1
        },
        {
            "answer": "воспитание",
            "count": 1
        },
        {
            "answer": "вспоминать мечты и цели",
            "count": 1
        },
        {
            "answer": "мечты",
            "count": 1
        },
        {
            "answer": "гарантии работодателя",
            "count": 1
        },
        {
            "answer": "гордость за работу",
            "count": 1
        },
        {
            "answer": "домашние питомцы",
            "count": 1
        },
        {
            "answer": "друзья",
            "count": 1
        },
        {
            "answer": "единство с большими задачами",
            "count": 1
        },
        {
            "answer": "желание достигнуть цели",
            "count": 1
        },
        {
            "answer": "желание сделать страну лучше",
            "count": 1
        },
        {
            "answer": "жизненная позиция",
            "count": 1
        },
        {
            "answer": "жизненный опыт. коллеги едином",
            "count": 1
        },
        {
            "answer": "занятия йогой",
            "count": 1
        },
        {
            "answer": "йога",
            "count": 2
        },
        {
            "answer": "занятость",
            "count": 1
        },
        {
            "answer": "зарплата",
            "count": 1
        },
        {
            "answer": "здоровый сон",
            "count": 1
        },
        {
            "answer": "знание",
            "count": 1
        },
        {
            "answer": "знания",
            "count": 2
        },
        {
            "answer": "знание конечной цели",
            "count": 1
        },
        {
            "answer": "знание перспектив",
            "count": 1
        },
        {
            "answer": "инициатива",
            "count": 1
        },
        {
            "answer": "интерес оптимизм коллектив",
            "count": 1
        },
        {
            "answer": "интересные направления",
            "count": 1
        },
        {
            "answer": "ипотека",
            "count": 4
        },
        {
            "answer": "ипотека))",
            "count": 1
        },
        {
            "answer": "коллеги",
            "count": 2
        },
        {
            "answer": "коллекти",
            "count": 1
        },
        {
            "answer": "коллектив",
            "count": 20
        },
        {
            "answer": "коллектив единомышленников",
            "count": 1
        },
        {
            "answer": "коллектив и уверенность",
            "count": 1
        },
        {
            "answer": "коллетив",
            "count": 1
        },
        {
            "answer": "коллнктивизм",
            "count": 1
        },
        {
            "answer": "команда",
            "count": 8
        },
        {
            "answer": "команда единомышленников",
            "count": 1
        },
        {
            "answer": "командный дух",
            "count": 1
        },
        {
            "answer": "комвнда",
            "count": 1
        },
        {
            "answer": "мой коллектив",
            "count": 1
        },
        {
            "answer": "моя команда",
            "count": 2
        },
        {
            "answer": "отличный коллектив",
            "count": 1
        },
        {
            "answer": "сильная команда",
            "count": 1
        },
        {
            "answer": "сплоченность коллектива",
            "count": 1
        },
        {
            "answer": "сплоченный коллектив",
            "count": 1
        },
        {
            "answer": "кофе",
            "count": 1
        },
        {
            "answer": "кто-то должен.",
            "count": 1
        },
        {
            "answer": "личная уверенность",
            "count": 1
        },
        {
            "answer": "личные качества",
            "count": 5
        },
        {
            "answer": "личные качества и руководитель",
            "count": 1
        },
        {
            "answer": "личные цели",
            "count": 1
        },
        {
            "answer": "личный оптимизм и уверенность.",
            "count": 1
        },
        {
            "answer": "личный стержень\"",
            "count": 1
        },
        {
            "answer": "мои знания и поддержка коллег",
            "count": 1
        },
        {
            "answer": "мой опыт и мой коллектив",
            "count": 1
        },
        {
            "answer": "мотивация",
            "count": 4
        },
        {
            "answer": "мотивированные сотрудники",
            "count": 1
        },
        {
            "answer": "надежда",
            "count": 1
        },
        {
            "answer": "наличие возможностей",
            "count": 1
        },
        {
            "answer": "наличие результата",
            "count": 1
        },
        {
            "answer": "результат",
            "count": 1
        },
        {
            "answer": "результат его визуализация",
            "count": 1
        },
        {
            "answer": "результат моего управления",
            "count": 1
        },
        {
            "answer": "результаты",
            "count": 1
        },
        {
            "answer": "результаты работы",
            "count": 1
        },
        {
            "answer": "нацеленость на результат",
            "count": 1
        },
        {
            "answer": "не подводить команду",
            "count": 1
        },
        {
            "answer": "неотвратимость наказания",
            "count": 1
        },
        {
            "answer": "неравнодушные коллеги",
            "count": 1
        },
        {
            "answer": "новые задачи",
            "count": 1
        },
        {
            "answer": "обучение",
            "count": 2
        },
        {
            "answer": "общение и обратная связь",
            "count": 1
        },
        {
            "answer": "обязанности",
            "count": 1
        },
        {
            "answer": "ответственность за семью",
            "count": 1
        },
        {
            "answer": "отсутствие других рабочих мест",
            "count": 1
        },
        {
            "answer": "отсутствие переработок",
            "count": 1
        },
        {
            "answer": "планирование",
            "count": 1
        },
        {
            "answer": "победы",
            "count": 1
        },
        {
            "answer": "успех",
            "count": 1
        },
        {
            "answer": "повышение вовлечённости",
            "count": 1
        },
        {
            "answer": "поддержка",
            "count": 1
        },
        {
            "answer": "поддержка и похвала",
            "count": 1
        },
        {
            "answer": "поддержка высшего руководства",
            "count": 1
        },
        {
            "answer": "поддержка вышестоящего руковод",
            "count": 1
        },
        {
            "answer": "поддержка р",
            "count": 1
        },
        {
            "answer": "поддержка руководителя",
            "count": 6
        },
        {
            "answer": "поддержка руководства",
            "count": 2
        },
        {
            "answer": "поддержка руководства и колл",
            "count": 1
        },
        {
            "answer": "поддержка коллег",
            "count": 1
        },
        {
            "answer": "поддержка коллектива",
            "count": 2
        },
        {
            "answer": "поддержка подчинённых",
            "count": 1
        },
        {
            "answer": "поддержка семьи",
            "count": 4
        },
        {
            "answer": "поддержка семьи.",
            "count": 1
        },
        {
            "answer": "поддержка семьи и предприятия",
            "count": 1
        },
        {
            "answer": "позитив",
            "count": 1
        },
        {
            "answer": "позитив и надежда",
            "count": 1
        },
        {
            "answer": "понимание ответственности",
            "count": 1
        },
        {
            "answer": "понимание руководителя",
            "count": 1
        },
        {
            "answer": "понимание со стороны руковод.",
            "count": 1
        },
        {
            "answer": "понимание целей",
            "count": 2
        },
        {
            "answer": "понимание целей и задач",
            "count": 1
        },
        {
            "answer": "предприятие",
            "count": 1
        },
        {
            "answer": "работа",
            "count": 2
        },
        {
            "answer": "признание",
            "count": 1
        },
        {
            "answer": "признание руководителя",
            "count": 1
        },
        {
            "answer": "проекты",
            "count": 1
        },
        {
            "answer": "производственная необходимость",
            "count": 1
        },
        {
            "answer": "профессионализм",
            "count": 1
        },
        {
            "answer": "профессионализм и команда",
            "count": 1
        },
        {
            "answer": "реальное освещение дел",
            "count": 1
        },
        {
            "answer": "руководитель",
            "count": 1
        },
        {
            "answer": "руководство",
            "count": 1
        },
        {
            "answer": "руководитель одобряющий",
            "count": 1
        },
        {
            "answer": "самоконтроль",
            "count": 1
        },
        {
            "answer": "самомотивация",
            "count": 1
        },
        {
            "answer": "самомотивация команда",
            "count": 1
        },
        {
            "answer": "семейное благополучие",
            "count": 1
        },
        {
            "answer": "семья",
            "count": 36
        },
        {
            "answer": "семья и мои близкие",
            "count": 1
        },
        {
            "answer": "синдром отличника",
            "count": 1
        },
        {
            "answer": "смысл деятельности и её польза",
            "count": 1
        },
        {
            "answer": "собственнные компетенции",
            "count": 1
        },
        {
            "answer": "собственное упорство",
            "count": 1
        },
        {
            "answer": "собственный характер",
            "count": 1
        },
        {
            "answer": "характер",
            "count": 1
        },
        {
            "answer": "спорт",
            "count": 4
        },
        {
            "answer": "стабильность",
            "count": 5
        },
        {
            "answer": "стабильность в работе и семье",
            "count": 1
        },
        {
            "answer": "стабильность компании",
            "count": 1
        },
        {
            "answer": "стальные нервы",
            "count": 1
        },
        {
            "answer": "статус",
            "count": 1
        },
        {
            "answer": "стремление",
            "count": 1
        },
        {
            "answer": "стремление к лучшей жизни",
            "count": 1
        },
        {
            "answer": "стремление к лучшему",
            "count": 1
        },
        {
            "answer": "стремление к цели",
            "count": 1
        },
        {
            "answer": "татьяна анатольевна",
            "count": 1
        },
        {
            "answer": "только опора на себя",
            "count": 1
        },
        {
            "answer": "уважение",
            "count": 1
        },
        {
            "answer": "уверенность в будущее компании",
            "count": 1
        },
        {
            "answer": "уверенность в будущем",
            "count": 1
        },
        {
            "answer": "уверенность в завтрашнем дне",
            "count": 2
        },
        {
            "answer": "уверенность в достижении резул",
            "count": 1
        },
        {
            "answer": "уверенность в результате",
            "count": 1
        },
        {
            "answer": "уверенность в команде",
            "count": 1
        },
        {
            "answer": "уверенность в своей команде",
            "count": 1
        },
        {
            "answer": "уверенность в своём коллективе",
            "count": 1
        },
        {
            "answer": "уверенность в силе подчиненных",
            "count": 1
        },
        {
            "answer": "уверенность нашей команды",
            "count": 1
        },
        {
            "answer": "уверенность в своих действиях",
            "count": 1
        },
        {
            "answer": "уверенность моего руководителя",
            "count": 1
        },
        {
            "answer": "хобби",
            "count": 4
        },
        {
            "answer": "хорошее настроение",
            "count": 2
        },
        {
            "answer": "хорошее самочувствие",
            "count": 1
        },
        {
            "answer": "целеустремленность.",
            "count": 1
        },
        {
            "answer": "цель",
            "count": 1
        },
        {
            "answer": "цель улучшить росатом",
            "count": 1
        },
        {
            "answer": "чередование труда и отдыха",
            "count": 1
        },
        {
            "answer": "чувство долга",
            "count": 1
        },
        {
            "answer": "чувство долга и ответственност",
            "count": 1
        },
        {
            "answer": "эффективные коллеги",
            "count": 1
        },
        {
            "answer": "эффективный руководитель",
            "count": 1
        }
    ]
}