{
    "id": 26868,
    "question": "Какие ассоциации вызывает у вас название «АТОМ»?",
    "answers": [
        {
            "answer": "u",
            "count": 2
        },
        {
            "answer": "Ассоциации с частицей чего-л.",
            "count": 1
        },
        {
            "answer": "Частица",
            "count": 2
        },
        {
            "answer": "частицы",
            "count": 1
        },
        {
            "answer": "АТОМ",
            "count": 1
        },
        {
            "answer": "атомая отрасль",
            "count": 1
        },
        {
            "answer": "Атомная отрасль",
            "count": 3
        },
        {
            "answer": "атомная отрасль",
            "count": 1
        },
        {
            "answer": "Атоммаш",
            "count": 1
        },
        {
            "answer": "Аэс",
            "count": 1
        },
        {
            "answer": "Что-то про атомную станцию",
            "count": 1
        },
        {
            "answer": "Бомба",
            "count": 1
        },
        {
            "answer": "Взрыв",
            "count": 1
        },
        {
            "answer": "Будущее",
            "count": 1
        },
        {
            "answer": "гордость",
            "count": 1
        },
        {
            "answer": "Гордость",
            "count": 1
        },
        {
            "answer": "атомспейс",
            "count": 1
        },
        {
            "answer": "Гринатом",
            "count": 1
        },
        {
            "answer": "джимми нейтрон мультик",
            "count": 1
        },
        {
            "answer": "добро",
            "count": 1
        },
        {
            "answer": "Жесткость",
            "count": 1
        },
        {
            "answer": "несгибаемость",
            "count": 1
        },
        {
            "answer": "Инновации",
            "count": 1
        },
        {
            "answer": "маленькая часть большого целог",
            "count": 1
        },
        {
            "answer": "маленькость",
            "count": 1
        },
        {
            "answer": "Ничтожность",
            "count": 1
        },
        {
            "answer": "мирный атом",
            "count": 1
        },
        {
            "answer": "мощь",
            "count": 1
        },
        {
            "answer": "Мощь",
            "count": 1
        },
        {
            "answer": "Наука",
            "count": 2
        },
        {
            "answer": "наука",
            "count": 1
        },
        {
            "answer": "Научный термин",
            "count": 1
        },
        {
            "answer": "Неопределённость",
            "count": 1
        },
        {
            "answer": "Ол",
            "count": 1
        },
        {
            "answer": "отрасль",
            "count": 1
        },
        {
            "answer": "Отсутствие креатива",
            "count": 1
        },
        {
            "answer": "Просто",
            "count": 1
        },
        {
            "answer": "Радиация",
            "count": 1
        },
        {
            "answer": "развитие",
            "count": 1
        },
        {
            "answer": "Разнообразие",
            "count": 1
        },
        {
            "answer": "Реактор",
            "count": 2
        },
        {
            "answer": "Росатом",
            "count": 5
        },
        {
            "answer": "РОСАТОМ",
            "count": 1
        },
        {
            "answer": "росатом",
            "count": 1
        },
        {
            "answer": "Слишком общее",
            "count": 1
        },
        {
            "answer": "соединения",
            "count": 1
        },
        {
            "answer": "Состав молекулы",
            "count": 1
        },
        {
            "answer": "Стабильность",
            "count": 1
        },
        {
            "answer": "Стабильность и надежность",
            "count": 1
        },
        {
            "answer": "структура",
            "count": 1
        },
        {
            "answer": "Твэл",
            "count": 1
        },
        {
            "answer": "технологии",
            "count": 1
        },
        {
            "answer": "Технология",
            "count": 1
        },
        {
            "answer": "Уважение",
            "count": 1
        },
        {
            "answer": "Удобно",
            "count": 1
        },
        {
            "answer": "Уран",
            "count": 1
        },
        {
            "answer": "Урок химии",
            "count": 1
        },
        {
            "answer": "Химия",
            "count": 2
        },
        {
            "answer": "химия",
            "count": 1
        },
        {
            "answer": "Физика",
            "count": 5
        },
        {
            "answer": "Что-то масштабное",
            "count": 1
        },
        {
            "answer": "Шустрый и мощный шарик атом",
            "count": 1
        },
        {
            "answer": "Энергия",
            "count": 1
        },
        {
            "answer": "Явно не ассоциацию с росатомом",
            "count": 1
        }
    ]
}