{
    "id": 26901,
    "question": "Для меня безопасность – это…?",
    "answers": [
        {
            "answer": "modus operandi",
            "count": 1
        },
        {
            "answer": "безаварийн",
            "count": 1
        },
        {
            "answer": "безопасность",
            "count": 2
        },
        {
            "answer": "безопасность это жизнь",
            "count": 1
        },
        {
            "answer": "жизнь",
            "count": 11
        },
        {
            "answer": "жизнь человека",
            "count": 1
        },
        {
            "answer": "моя жизнь",
            "count": 1
        },
        {
            "answer": "безопасные условия труда",
            "count": 2
        },
        {
            "answer": "безошибочность",
            "count": 1
        },
        {
            "answer": "безусловное выполнение правил",
            "count": 1
        },
        {
            "answer": "выполнение правил",
            "count": 1
        },
        {
            "answer": "дисциплина",
            "count": 2
        },
        {
            "answer": "исполнение всех требований охт",
            "count": 1
        },
        {
            "answer": "соблюдать правила",
            "count": 1
        },
        {
            "answer": "соблюдение инструкций и правил",
            "count": 1
        },
        {
            "answer": "соблюдение норм защиты",
            "count": 1
        },
        {
            "answer": "соблюдение правил",
            "count": 2
        },
        {
            "answer": "соблюдение правил охраны труда",
            "count": 1
        },
        {
            "answer": "соблюдение регламентов процеду",
            "count": 1
        },
        {
            "answer": "соблюдение требований",
            "count": 1
        },
        {
            "answer": "строгое выполнение правил",
            "count": 1
        },
        {
            "answer": "бюрократия",
            "count": 1
        },
        {
            "answer": "важно",
            "count": 1
        },
        {
            "answer": "внимательность",
            "count": 3
        },
        {
            "answer": "внутреннее состояние",
            "count": 2
        },
        {
            "answer": "возможность выполнения работы",
            "count": 1
        },
        {
            "answer": "высший приоритет",
            "count": 1
        },
        {
            "answer": "главное",
            "count": 1
        },
        {
            "answer": "главный приоритет",
            "count": 1
        },
        {
            "answer": "приоритет",
            "count": 3
        },
        {
            "answer": "приоритет номер 1",
            "count": 1
        },
        {
            "answer": "самое главное в работе",
            "count": 1
        },
        {
            "answer": "вью",
            "count": 1
        },
        {
            "answer": "гарантия",
            "count": 1
        },
        {
            "answer": "главная цель",
            "count": 1
        },
        {
            "answer": "дожить до старости",
            "count": 1
        },
        {
            "answer": "дом стабильность",
            "count": 1
        },
        {
            "answer": "жив цел орел",
            "count": 1
        },
        {
            "answer": "жизнь и здоровье коллег",
            "count": 1
        },
        {
            "answer": "жизнь и здоровье сотрудника",
            "count": 1
        },
        {
            "answer": "моя жизнь и жизнь моих коллег",
            "count": 1
        },
        {
            "answer": "закон",
            "count": 1
        },
        {
            "answer": "зашищенность",
            "count": 1
        },
        {
            "answer": "защита",
            "count": 5
        },
        {
            "answer": "защита жизни и здоровья",
            "count": 1
        },
        {
            "answer": "защищенность",
            "count": 6
        },
        {
            "answer": "охрана",
            "count": 1
        },
        {
            "answer": "состояние защищенности",
            "count": 1
        },
        {
            "answer": "защищенность от рисков",
            "count": 1
        },
        {
            "answer": "здоровая атмосфера",
            "count": 1
        },
        {
            "answer": "здоровье",
            "count": 11
        },
        {
            "answer": "здоровье сотрудников",
            "count": 1
        },
        {
            "answer": "знание нюансов",
            "count": 1
        },
        {
            "answer": "инстинкт самосохранения",
            "count": 1
        },
        {
            "answer": "информационная",
            "count": 1
        },
        {
            "answer": "качество жизни",
            "count": 1
        },
        {
            "answer": "когда все возвращаются домой",
            "count": 1
        },
        {
            "answer": "комплекс мер",
            "count": 1
        },
        {
            "answer": "комплекс меропрятий",
            "count": 1
        },
        {
            "answer": "комфорт",
            "count": 3
        },
        {
            "answer": "комфортные условия труда",
            "count": 1
        },
        {
            "answer": "контроль",
            "count": 1
        },
        {
            "answer": "культура",
            "count": 1
        },
        {
            "answer": "культура поведения",
            "count": 3
        },
        {
            "answer": "личная культура безопасности",
            "count": 1
        },
        {
            "answer": "личная ответственность",
            "count": 2
        },
        {
            "answer": "ответсвенность",
            "count": 3
        },
        {
            "answer": "ответственность",
            "count": 8
        },
        {
            "answer": "ответственность перед собой и",
            "count": 1
        },
        {
            "answer": "персональная ответственность",
            "count": 1
        },
        {
            "answer": "личный пример",
            "count": 1
        },
        {
            "answer": "минимизация риска",
            "count": 1
        },
        {
            "answer": "нет рисков",
            "count": 1
        },
        {
            "answer": "набор характеристик.......",
            "count": 1
        },
        {
            "answer": "надежда на завтра",
            "count": 1
        },
        {
            "answer": "надежность",
            "count": 9
        },
        {
            "answer": "необходимость",
            "count": 2
        },
        {
            "answer": "обязанность",
            "count": 1
        },
        {
            "answer": "потребность",
            "count": 1
        },
        {
            "answer": "нет отклонений",
            "count": 1
        },
        {
            "answer": "нет травматизму",
            "count": 1
        },
        {
            "answer": "нет угрозы жизни и здоровья",
            "count": 1
        },
        {
            "answer": "нивелирование угроз",
            "count": 1
        },
        {
            "answer": "отсутствие угрозы жизни",
            "count": 1
        },
        {
            "answer": "отсутствие угрозы:жизни здоро",
            "count": 1
        },
        {
            "answer": "неудобство",
            "count": 1
        },
        {
            "answer": "норма жизни",
            "count": 1
        },
        {
            "answer": "обдумывать каждое решение",
            "count": 1
        },
        {
            "answer": "основа",
            "count": 1
        },
        {
            "answer": "основа организации работы",
            "count": 1
        },
        {
            "answer": "основа работы",
            "count": 1
        },
        {
            "answer": "осознанность",
            "count": 1
        },
        {
            "answer": "остаться целым",
            "count": 1
        },
        {
            "answer": "отношение к работе",
            "count": 1
        },
        {
            "answer": "отсутсвие опасности",
            "count": 1
        },
        {
            "answer": "отсутствие опасности.",
            "count": 1
        },
        {
            "answer": "состояние без опасности",
            "count": 1
        },
        {
            "answer": "отсутствие роста травматизма",
            "count": 1
        },
        {
            "answer": "отсутствие травм",
            "count": 3
        },
        {
            "answer": "план",
            "count": 1
        },
        {
            "answer": "покой",
            "count": 1
        },
        {
            "answer": "спокойствие",
            "count": 7
        },
        {
            "answer": "понимание",
            "count": 1
        },
        {
            "answer": "понимание ответственности",
            "count": 1
        },
        {
            "answer": "понимание процесса",
            "count": 1
        },
        {
            "answer": "понятие из ядерных норм",
            "count": 1
        },
        {
            "answer": "понятный порядок действий",
            "count": 1
        },
        {
            "answer": "порядок",
            "count": 2
        },
        {
            "answer": "правила",
            "count": 2
        },
        {
            "answer": "превентивные меры",
            "count": 1
        },
        {
            "answer": "процесс",
            "count": 1
        },
        {
            "answer": "психике",
            "count": 1
        },
        {
            "answer": "работа",
            "count": 1
        },
        {
            "answer": "режим дня",
            "count": 1
        },
        {
            "answer": "риски под контролем",
            "count": 1
        },
        {
            "answer": "родные люди рядом. защищенност",
            "count": 1
        },
        {
            "answer": "росатом",
            "count": 1
        },
        {
            "answer": "свод правил",
            "count": 1
        },
        {
            "answer": "семья",
            "count": 1
        },
        {
            "answer": "смысл организации труда",
            "count": 1
        },
        {
            "answer": "соблюдение остарожности",
            "count": 1
        },
        {
            "answer": "сон",
            "count": 1
        },
        {
            "answer": "сохранение",
            "count": 1
        },
        {
            "answer": "сохранность",
            "count": 1
        },
        {
            "answer": "сохранение жизни и здоровья",
            "count": 3
        },
        {
            "answer": "сохранение здоровья",
            "count": 1
        },
        {
            "answer": "сохранение здоровья и жизни че",
            "count": 1
        },
        {
            "answer": "сохранённая жизнь",
            "count": 1
        },
        {
            "answer": "сохранность здоровья",
            "count": 1
        },
        {
            "answer": "стабильность",
            "count": 3
        },
        {
            "answer": "стандарт",
            "count": 1
        },
        {
            "answer": "стиль жизни",
            "count": 1
        },
        {
            "answer": "тб",
            "count": 1
        },
        {
            "answer": "уверенность",
            "count": 11
        },
        {
            "answer": "увеличение грузооборота смп",
            "count": 1
        },
        {
            "answer": "условия труда",
            "count": 1
        },
        {
            "answer": "уютно работать",
            "count": 1
        },
        {
            "answer": "ценность",
            "count": 1
        },
        {
            "answer": "ценность жизни",
            "count": 1
        },
        {
            "answer": "чувство надежности",
            "count": 1
        },
        {
            "answer": "это правила поведения",
            "count": 1
        },
        {
            "answer": "я",
            "count": 2
        }
    ]
}