{
    "id": 26919,
    "question": "Что для вас важно?",
    "answers": [
        {
            "answer": "адекватность",
            "count": 1
        },
        {
            "answer": "активность",
            "count": 1
        },
        {
            "answer": "движуха",
            "count": 1
        },
        {
            "answer": "атмосфера в коллективе",
            "count": 1
        },
        {
            "answer": "комфортный микроклимат в колле",
            "count": 1
        },
        {
            "answer": "атмосфера в семье",
            "count": 1
        },
        {
            "answer": "баланс",
            "count": 2
        },
        {
            "answer": "баланс между работой и семьей",
            "count": 1
        },
        {
            "answer": "баланс работа/жизнь",
            "count": 1
        },
        {
            "answer": "баланс работы и личной жизни",
            "count": 1
        },
        {
            "answer": "время на жизнь",
            "count": 1
        },
        {
            "answer": "гармония между работой и домом",
            "count": 1
        },
        {
            "answer": "равновесие",
            "count": 1
        },
        {
            "answer": "безопасность",
            "count": 4
        },
        {
            "answer": "безопасность которой пока нет",
            "count": 1
        },
        {
            "answer": "защищенность",
            "count": 1
        },
        {
            "answer": "безопасность семьи",
            "count": 1
        },
        {
            "answer": "бесплатные обеды",
            "count": 1
        },
        {
            "answer": "благополучие",
            "count": 1
        },
        {
            "answer": "благополучие семьи",
            "count": 1
        },
        {
            "answer": "будущее",
            "count": 1
        },
        {
            "answer": "быть нужным!",
            "count": 1
        },
        {
            "answer": "востребованность",
            "count": 1
        },
        {
            "answer": "значимость труда",
            "count": 1
        },
        {
            "answer": "нужность",
            "count": 1
        },
        {
            "answer": "быть полезным",
            "count": 1
        },
        {
            "answer": "возможность приносить пользу",
            "count": 1
        },
        {
            "answer": "бюстик при жизни",
            "count": 1
        },
        {
            "answer": "верность. стабильность",
            "count": 1
        },
        {
            "answer": "внешний вид",
            "count": 1
        },
        {
            "answer": "внутреннее спокойствие",
            "count": 1
        },
        {
            "answer": "душевное равновесие",
            "count": 1
        },
        {
            "answer": "спокойствие",
            "count": 4
        },
        {
            "answer": "внутренний рост",
            "count": 1
        },
        {
            "answer": "вовремя пообедать",
            "count": 1
        },
        {
            "answer": "вызов",
            "count": 1
        },
        {
            "answer": "гармония",
            "count": 1
        },
        {
            "answer": "гармония во всем",
            "count": 1
        },
        {
            "answer": "гармония во всех аспектах жизн",
            "count": 1
        },
        {
            "answer": "движение вперед",
            "count": 1
        },
        {
            "answer": "движение вперёд",
            "count": 1
        },
        {
            "answer": "развитие",
            "count": 4
        },
        {
            "answer": "развитие личное",
            "count": 1
        },
        {
            "answer": "делать то что мне нравится",
            "count": 1
        },
        {
            "answer": "деньги",
            "count": 9
        },
        {
            "answer": "достаток",
            "count": 7
        },
        {
            "answer": "доход",
            "count": 1
        },
        {
            "answer": "зар.плата",
            "count": 1
        },
        {
            "answer": "заработная плата",
            "count": 1
        },
        {
            "answer": "материальная составляющая",
            "count": 1
        },
        {
            "answer": "материальное благополучие",
            "count": 1
        },
        {
            "answer": "дети",
            "count": 3
        },
        {
            "answer": "ребенок",
            "count": 1
        },
        {
            "answer": "дисциплина",
            "count": 1
        },
        {
            "answer": "должность",
            "count": 1
        },
        {
            "answer": "дом",
            "count": 2
        },
        {
            "answer": "достижение",
            "count": 1
        },
        {
            "answer": "достижения",
            "count": 1
        },
        {
            "answer": "победы",
            "count": 1
        },
        {
            "answer": "успех",
            "count": 2
        },
        {
            "answer": "жизнь",
            "count": 1
        },
        {
            "answer": "здоровый сон",
            "count": 1
        },
        {
            "answer": "здоровье",
            "count": 20
        },
        {
            "answer": "здоровье . успех",
            "count": 1
        },
        {
            "answer": "здоровье близких",
            "count": 1
        },
        {
            "answer": "здоровье семьи",
            "count": 1
        },
        {
            "answer": "идея",
            "count": 1
        },
        {
            "answer": "интер работа",
            "count": 1
        },
        {
            "answer": "интересная работа",
            "count": 1
        },
        {
            "answer": "интерес",
            "count": 2
        },
        {
            "answer": "искренность во взаимоотношения",
            "count": 1
        },
        {
            "answer": "карьера",
            "count": 2
        },
        {
            "answer": "коллектив",
            "count": 2
        },
        {
            "answer": "мой коллектив",
            "count": 1
        },
        {
            "answer": "комфорт",
            "count": 8
        },
        {
            "answer": "личный комфорт",
            "count": 1
        },
        {
            "answer": "красота",
            "count": 1
        },
        {
            "answer": "личная свобода",
            "count": 1
        },
        {
            "answer": "независимость",
            "count": 1
        },
        {
            "answer": "свобода",
            "count": 3
        },
        {
            "answer": "любимый человек рядом",
            "count": 1
        },
        {
            "answer": "любовь",
            "count": 1
        },
        {
            "answer": "мир",
            "count": 5
        },
        {
            "answer": "мирное небо",
            "count": 1
        },
        {
            "answer": "муж",
            "count": 1
        },
        {
            "answer": "обстановка в мире",
            "count": 1
        },
        {
            "answer": "общение",
            "count": 1
        },
        {
            "answer": "оптимизм",
            "count": 1
        },
        {
            "answer": "ответственность",
            "count": 2
        },
        {
            "answer": "открытость",
            "count": 1
        },
        {
            "answer": "ощущение крутости",
            "count": 1
        },
        {
            "answer": "партнерство",
            "count": 1
        },
        {
            "answer": "перспективы",
            "count": 1
        },
        {
            "answer": "погода в доме и на работе",
            "count": 1
        },
        {
            "answer": "поддержка идей",
            "count": 1
        },
        {
            "answer": "подольше потоптать землю",
            "count": 1
        },
        {
            "answer": "понимание",
            "count": 1
        },
        {
            "answer": "понимание завтрашнего дня",
            "count": 1
        },
        {
            "answer": "право выбора",
            "count": 1
        },
        {
            "answer": "признание",
            "count": 8
        },
        {
            "answer": "что бы мой вклад оценивали",
            "count": 1
        },
        {
            "answer": "простота",
            "count": 1
        },
        {
            "answer": "процесс",
            "count": 1
        },
        {
            "answer": "работа",
            "count": 2
        },
        {
            "answer": "рабта",
            "count": 1
        },
        {
            "answer": "работоспособность",
            "count": 1
        },
        {
            "answer": "реализация",
            "count": 1
        },
        {
            "answer": "реализовать потенциал",
            "count": 1
        },
        {
            "answer": "реализовать себя",
            "count": 1
        },
        {
            "answer": "самореализаци",
            "count": 1
        },
        {
            "answer": "результат",
            "count": 6
        },
        {
            "answer": "результат проделанной работы",
            "count": 1
        },
        {
            "answer": "результат работ",
            "count": 1
        },
        {
            "answer": "род",
            "count": 1
        },
        {
            "answer": "родина",
            "count": 5
        },
        {
            "answer": "рост и динамика",
            "count": 1
        },
        {
            "answer": "секс",
            "count": 1
        },
        {
            "answer": "семейное благопрлучие",
            "count": 1
        },
        {
            "answer": "семья",
            "count": 67
        },
        {
            "answer": "семья и здоровье",
            "count": 1
        },
        {
            "answer": "семья искреннось",
            "count": 1
        },
        {
            "answer": "смысл",
            "count": 1
        },
        {
            "answer": "чтобы любое дело имело смысл",
            "count": 1
        },
        {
            "answer": "совесть",
            "count": 1
        },
        {
            "answer": "сон",
            "count": 1
        },
        {
            "answer": "сотрудники",
            "count": 1
        },
        {
            "answer": "спокойствие в семье",
            "count": 1
        },
        {
            "answer": "справедливое отношение",
            "count": 1
        },
        {
            "answer": "справедливость",
            "count": 1
        },
        {
            "answer": "стабильность",
            "count": 6
        },
        {
            "answer": "стабильность везде",
            "count": 1
        },
        {
            "answer": "статус",
            "count": 1
        },
        {
            "answer": "тест тест тест",
            "count": 1
        },
        {
            "answer": "уважение",
            "count": 8
        },
        {
            "answer": "уверенность",
            "count": 3
        },
        {
            "answer": "уверенность в завтрашнем дне",
            "count": 1
        },
        {
            "answer": "удовлетворение от работы",
            "count": 1
        },
        {
            "answer": "удовлетворенность",
            "count": 1
        },
        {
            "answer": "чувство удовлетворенности",
            "count": 1
        },
        {
            "answer": "удовольствие от сделаного",
            "count": 1
        },
        {
            "answer": "ум",
            "count": 1
        },
        {
            "answer": "универсальность",
            "count": 1
        },
        {
            "answer": "хобби",
            "count": 2
        },
        {
            "answer": "цель",
            "count": 1
        },
        {
            "answer": "человечность",
            "count": 1
        },
        {
            "answer": "честность",
            "count": 7
        },
        {
            "answer": "чувсствовать свою важность",
            "count": 1
        },
        {
            "answer": "энергия",
            "count": 1
        },
        {
            "answer": "эстетика",
            "count": 1
        },
        {
            "answer": "я",
            "count": 1
        },
        {
            "answer": "ясность цели",
            "count": 1
        }
    ]
}