{
    "id": 26957,
    "question": "Какие формы обучения самые эффективные / желанные?",
    "answers": [
        {
            "answer": "аккредитация в системе росатом",
            "count": 1
        },
        {
            "answer": "аудиокнига",
            "count": 1
        },
        {
            "answer": "больше встреч",
            "count": 1
        },
        {
            "answer": "встречи",
            "count": 1
        },
        {
            "answer": "в тикток",
            "count": 1
        },
        {
            "answer": "вебинар",
            "count": 1
        },
        {
            "answer": "вебинар в записи",
            "count": 1
        },
        {
            "answer": "видео",
            "count": 1
        },
        {
            "answer": "всё формы важны",
            "count": 1
        },
        {
            "answer": "выездное обучение",
            "count": 1
        },
        {
            "answer": "выездные сессии",
            "count": 1
        },
        {
            "answer": "геймофикация",
            "count": 2
        },
        {
            "answer": "групповой коучинг",
            "count": 1
        },
        {
            "answer": "диалоги",
            "count": 1
        },
        {
            "answer": "живое общение",
            "count": 1
        },
        {
            "answer": "живые кейсы",
            "count": 1
        },
        {
            "answer": "кейсы",
            "count": 1
        },
        {
            "answer": "разборы кейсов",
            "count": 1
        },
        {
            "answer": "решение кейсов",
            "count": 1
        },
        {
            "answer": "живые практики",
            "count": 1
        },
        {
            "answer": "игры",
            "count": 1
        },
        {
            "answer": "интерактивная",
            "count": 1
        },
        {
            "answer": "интерактивные занятия",
            "count": 1
        },
        {
            "answer": "коллоборации с обр.учреждениям",
            "count": 1
        },
        {
            "answer": "комиксы",
            "count": 1
        },
        {
            "answer": "конференции",
            "count": 1
        },
        {
            "answer": "конференция",
            "count": 2
        },
        {
            "answer": "конференции в очном формате",
            "count": 1
        },
        {
            "answer": "конференция очная",
            "count": 1
        },
        {
            "answer": "лекция",
            "count": 1
        },
        {
            "answer": "мастерклассы",
            "count": 1
        },
        {
            "answer": "мастермайнд",
            "count": 1
        },
        {
            "answer": "наглядные",
            "count": 1
        },
        {
            "answer": "небольшими группами",
            "count": 1
        },
        {
            "answer": "некие скайп беседы",
            "count": 1
        },
        {
            "answer": "нужна теория и проверка знаний",
            "count": 1
        },
        {
            "answer": "обмен опытом",
            "count": 4
        },
        {
            "answer": "обучение-практика",
            "count": 1
        },
        {
            "answer": "практика",
            "count": 4
        },
        {
            "answer": "практикум",
            "count": 1
        },
        {
            "answer": "практикумы",
            "count": 6
        },
        {
            "answer": "практические",
            "count": 1
        },
        {
            "answer": "практические занятия",
            "count": 1
        },
        {
            "answer": "с практикой",
            "count": 1
        },
        {
            "answer": "эмпирические",
            "count": 1
        },
        {
            "answer": "он лайн обучение",
            "count": 1
        },
        {
            "answer": "онлайн",
            "count": 1
        },
        {
            "answer": "офлайн",
            "count": 1
        },
        {
            "answer": "очная",
            "count": 7
        },
        {
            "answer": "очная форма",
            "count": 1
        },
        {
            "answer": "очно",
            "count": 1
        },
        {
            "answer": "очное",
            "count": 2
        },
        {
            "answer": "очное живое общение",
            "count": 1
        },
        {
            "answer": "очное обучение",
            "count": 3
        },
        {
            "answer": "очное участие с отработкой нав",
            "count": 1
        },
        {
            "answer": "очное!!!!! /",
            "count": 1
        },
        {
            "answer": "очные",
            "count": 12
        },
        {
            "answer": "очные встречи",
            "count": 3
        },
        {
            "answer": "очные обучения глаза в глаза",
            "count": 1
        },
        {
            "answer": "очные практикумы",
            "count": 1
        },
        {
            "answer": "очные с мастер - классами",
            "count": 1
        },
        {
            "answer": "очные с практическими примерам",
            "count": 1
        },
        {
            "answer": "очные семинары",
            "count": 1
        },
        {
            "answer": "очные сессии вне раб. места",
            "count": 1
        },
        {
            "answer": "очные тренинги",
            "count": 1
        },
        {
            "answer": "очные/неформальные",
            "count": 1
        },
        {
            "answer": "очно-заочные",
            "count": 1
        },
        {
            "answer": "очные в малых группах с кейсам",
            "count": 1
        },
        {
            "answer": "поведенческий практикум",
            "count": 1
        },
        {
            "answer": "полное зам-е рук-ля во время е",
            "count": 1
        },
        {
            "answer": "презентация",
            "count": 1
        },
        {
            "answer": "применят ит и ии",
            "count": 1
        },
        {
            "answer": "работа на площадке",
            "count": 1
        },
        {
            "answer": "рекорд",
            "count": 1
        },
        {
            "answer": "решения проблем лр",
            "count": 1
        },
        {
            "answer": "свободная",
            "count": 1
        },
        {
            "answer": "сенимары",
            "count": 1
        },
        {
            "answer": "смешанные",
            "count": 1
        },
        {
            "answer": "тесты с рандомными ответами",
            "count": 1
        },
        {
            "answer": "тренинг",
            "count": 1
        },
        {
            "answer": "тренинги",
            "count": 3
        },
        {
            "answer": "факультативные проекты",
            "count": 1
        },
        {
            "answer": "фокус группы.",
            "count": 1
        },
        {
            "answer": "форумы",
            "count": 1
        }
    ]
}