{
    "id": 27129,
    "question": "Ваше впечатление за день?",
    "answers": [
        {
            "answer": "бывало и хуже",
            "count": 1
        },
        {
            "answer": "внедрить знания в дело",
            "count": 1
        },
        {
            "answer": "желание работать",
            "count": 1
        },
        {
            "answer": "желание узнавать что-то новое",
            "count": 1
        },
        {
            "answer": "заряд энергии",
            "count": 1
        },
        {
            "answer": "подъём",
            "count": 1
        },
        {
            "answer": "ильина",
            "count": 1
        },
        {
            "answer": "интересно",
            "count": 4
        },
        {
            "answer": "интересный разбор ошибок",
            "count": 1
        },
        {
            "answer": "круто",
            "count": 1
        },
        {
            "answer": "круть",
            "count": 1
        },
        {
            "answer": "отлично",
            "count": 1
        },
        {
            "answer": "положительное",
            "count": 1
        },
        {
            "answer": "потрясающее",
            "count": 1
        },
        {
            "answer": "прекрасное",
            "count": 1
        },
        {
            "answer": "супер",
            "count": 1
        },
        {
            "answer": "личное общение",
            "count": 1
        },
        {
            "answer": "обмен мнениями",
            "count": 1
        },
        {
            "answer": "огромный позитив!",
            "count": 1
        },
        {
            "answer": "позитив",
            "count": 2
        },
        {
            "answer": "радость",
            "count": 1
        },
        {
            "answer": "очень полезно",
            "count": 1
        },
        {
            "answer": "очень полезно и интересно",
            "count": 1
        },
        {
            "answer": "полезно",
            "count": 3
        },
        {
            "answer": "полезное мероприятие",
            "count": 1
        },
        {
            "answer": "позновательно",
            "count": 1
        },
        {
            "answer": "продуктивное",
            "count": 1
        }
    ]
}