{
    "id": 27128,
    "question": "Что было полезно за день?",
    "answers": [
        {
            "answer": "1. информационность",
            "count": 1
        },
        {
            "answer": "анна ильина",
            "count": 1
        },
        {
            "answer": "выступление анны ильиной!",
            "count": 1
        },
        {
            "answer": "знакомство с анной ильиной",
            "count": 1
        },
        {
            "answer": "ильина",
            "count": 1
        },
        {
            "answer": "лекция ильиной",
            "count": 1
        },
        {
            "answer": "возможность обсудить проблемы",
            "count": 1
        },
        {
            "answer": "обсуждение ошибок протокола",
            "count": 1
        },
        {
            "answer": "ошибки протокола",
            "count": 1
        },
        {
            "answer": "разбор ошибок",
            "count": 2
        },
        {
            "answer": "все лекции приглашеных спикеро",
            "count": 1
        },
        {
            "answer": "докладчики",
            "count": 1
        },
        {
            "answer": "доклады",
            "count": 1
        },
        {
            "answer": "опыт спикеров.",
            "count": 1
        },
        {
            "answer": "профессиональные спикеры",
            "count": 2
        },
        {
            "answer": "спикеры",
            "count": 2
        },
        {
            "answer": "знакомства",
            "count": 1
        },
        {
            "answer": "нетворкинг",
            "count": 1
        },
        {
            "answer": "новые контакты",
            "count": 1
        },
        {
            "answer": "интересная информация",
            "count": 1
        },
        {
            "answer": "кладезь полезной информации",
            "count": 1
        },
        {
            "answer": "много интересной информации.",
            "count": 1
        },
        {
            "answer": "много полезной информации",
            "count": 1
        },
        {
            "answer": "личное общение",
            "count": 1
        },
        {
            "answer": "много информации об ошибках",
            "count": 1
        },
        {
            "answer": "обмен мнениями",
            "count": 2
        },
        {
            "answer": "обмен опытом",
            "count": 1
        },
        {
            "answer": "общение с практиками",
            "count": 1
        },
        {
            "answer": "общение,",
            "count": 1
        },
        {
            "answer": "опыт общения",
            "count": 1
        },
        {
            "answer": "поесть",
            "count": 1
        },
        {
            "answer": "потрясающие примеры из жизни",
            "count": 1
        },
        {
            "answer": "практические примеры",
            "count": 1
        },
        {
            "answer": "примеры",
            "count": 1
        },
        {
            "answer": "примеры как не должно быть",
            "count": 1
        },
        {
            "answer": "примеры ошибок",
            "count": 1
        },
        {
            "answer": "работа в группах",
            "count": 2
        },
        {
            "answer": "список литературы",
            "count": 1
        },
        {
            "answer": "формализация структур.",
            "count": 1
        }
    ]
}