{
    "id": 27127,
    "question": "Напишите Ваши ассоциации со словом НЕТВОРКИНГ. Сформулируйте каждую Ассоциацию в 1 слово или короткое словосочетание. Вы можете дать 1-3 ассоциации отдельными ответами",
    "answers": [
        {
            "answer": "relationship",
            "count": 1
        },
        {
            "answer": "блат",
            "count": 1
        },
        {
            "answer": "взаимная выгода",
            "count": 1
        },
        {
            "answer": "взаимодействие",
            "count": 3
        },
        {
            "answer": "коммуникации",
            "count": 1
        },
        {
            "answer": "коммуникация",
            "count": 2
        },
        {
            "answer": "общение",
            "count": 3
        },
        {
            "answer": "полезные коммуникации",
            "count": 1
        },
        {
            "answer": "взаимосвязь",
            "count": 1
        },
        {
            "answer": "возможность",
            "count": 1
        },
        {
            "answer": "знакомства",
            "count": 1
        },
        {
            "answer": "полезное знакомство",
            "count": 1
        },
        {
            "answer": "полезные контакты",
            "count": 1
        },
        {
            "answer": "связи",
            "count": 3
        },
        {
            "answer": "связь",
            "count": 1
        },
        {
            "answer": "инновации",
            "count": 1
        },
        {
            "answer": "команда",
            "count": 2
        },
        {
            "answer": "люди",
            "count": 3
        },
        {
            "answer": "коммуникационная польза",
            "count": 1
        },
        {
            "answer": "организм",
            "count": 1
        },
        {
            "answer": "познание",
            "count": 1
        },
        {
            "answer": "польза",
            "count": 2
        },
        {
            "answer": "понимание",
            "count": 1
        },
        {
            "answer": "продуктивная деятельность",
            "count": 1
        },
        {
            "answer": "работа",
            "count": 2
        },
        {
            "answer": "работа вне",
            "count": 1
        },
        {
            "answer": "развитие",
            "count": 1
        },
        {
            "answer": "рост",
            "count": 1
        },
        {
            "answer": "раскрытие личности",
            "count": 1
        },
        {
            "answer": "расчет",
            "count": 1
        },
        {
            "answer": "решала",
            "count": 1
        },
        {
            "answer": "сеть",
            "count": 3
        },
        {
            "answer": "синергия",
            "count": 1
        },
        {
            "answer": "социальная сеть",
            "count": 1
        },
        {
            "answer": "успех",
            "count": 1
        }
    ]
}