{
    "id": 27132,
    "question": "Теперь вы лучше знаете свою команду. Ваши впечатления? Одним-двумя словами",
    "answers": [
        {
            "answer": "активные",
            "count": 2
        },
        {
            "answer": "в шоке от разносторонности люд",
            "count": 1
        },
        {
            "answer": "разнообразие",
            "count": 1
        },
        {
            "answer": "разнообразие интересов",
            "count": 1
        },
        {
            "answer": "разносторонние",
            "count": 5
        },
        {
            "answer": "разносторонняя",
            "count": 2
        },
        {
            "answer": "разные и крутые!",
            "count": 1
        },
        {
            "answer": "восторг",
            "count": 1
        },
        {
            "answer": "все очень разные но интересные",
            "count": 1
        },
        {
            "answer": "разносторонние интересные люди",
            "count": 1
        },
        {
            "answer": "дружные",
            "count": 1
        },
        {
            "answer": "единый коллектив",
            "count": 1
        },
        {
            "answer": "есть приколы",
            "count": 1
        },
        {
            "answer": "позитивные",
            "count": 1
        },
        {
            "answer": "затнтересованность",
            "count": 1
        },
        {
            "answer": "интересные",
            "count": 1
        },
        {
            "answer": "интересные личности",
            "count": 1
        },
        {
            "answer": "красивые лица",
            "count": 1
        },
        {
            "answer": "креативные",
            "count": 1
        },
        {
            "answer": "крутые",
            "count": 1
        },
        {
            "answer": "крутые hr и са",
            "count": 1
        },
        {
            "answer": "лучшая команда",
            "count": 1
        },
        {
            "answer": "молодцы",
            "count": 1
        },
        {
            "answer": "невероятная команда",
            "count": 1
        },
        {
            "answer": "огонь",
            "count": 1
        },
        {
            "answer": "отличная команда",
            "count": 1
        },
        {
            "answer": "отличные ребята",
            "count": 1
        },
        {
            "answer": "супер",
            "count": 1
        },
        {
            "answer": "манипуляция",
            "count": 1
        },
        {
            "answer": "мы похожи",
            "count": 1
        },
        {
            "answer": "общительные",
            "count": 1
        },
        {
            "answer": "перспективные",
            "count": 1
        },
        {
            "answer": "профессионалы своего дела",
            "count": 1
        },
        {
            "answer": "рад знакомству",
            "count": 1
        },
        {
            "answer": "удивительные и позитивные",
            "count": 1
        },
        {
            "answer": "умные мысли",
            "count": 1
        },
        {
            "answer": "уникальные",
            "count": 1
        },
        {
            "answer": "уникальные люди",
            "count": 1
        }
    ]
}