{
    "id": 27184,
    "question": "Слово дня/настрой на день для меня и всех участников!",
    "answers": [
        {
            "answer": "активность",
            "count": 2
        },
        {
            "answer": "актуально",
            "count": 1
        },
        {
            "answer": "будет интересно и полезно!",
            "count": 1
        },
        {
            "answer": "вперед",
            "count": 1
        },
        {
            "answer": "вперёд",
            "count": 1
        },
        {
            "answer": "вперёд! нас ждут новые дела)",
            "count": 1
        },
        {
            "answer": "только вперед",
            "count": 1
        },
        {
            "answer": "только вперёд",
            "count": 3
        },
        {
            "answer": "всё будет хорошо",
            "count": 1
        },
        {
            "answer": "все будет хорошо)",
            "count": 1
        },
        {
            "answer": "все получится",
            "count": 1
        },
        {
            "answer": "у меня все получится",
            "count": 1
        },
        {
            "answer": "у нас все получится!",
            "count": 1
        },
        {
            "answer": "у нас всё получится!",
            "count": 1
        },
        {
            "answer": "у тебя всё получится!",
            "count": 1
        },
        {
            "answer": "все в твоих руках!!!",
            "count": 1
        },
        {
            "answer": "всем добра!",
            "count": 1
        },
        {
            "answer": "добра всем!",
            "count": 1
        },
        {
            "answer": "доброжелательный",
            "count": 1
        },
        {
            "answer": "всем открытий",
            "count": 1
        },
        {
            "answer": "всем успехов",
            "count": 1
        },
        {
            "answer": "губка",
            "count": 1
        },
        {
            "answer": "движение вверх",
            "count": 1
        },
        {
            "answer": "дерзай",
            "count": 2
        },
        {
            "answer": "дерзайте нетничегоневозможного",
            "count": 1
        },
        {
            "answer": "дорогу осилит идущий",
            "count": 1
        },
        {
            "answer": "еда",
            "count": 1
        },
        {
            "answer": "знакомства",
            "count": 1
        },
        {
            "answer": "полезные знакомства",
            "count": 1
        },
        {
            "answer": "вперёд к знаниям!",
            "count": 1
        },
        {
            "answer": "знания",
            "count": 1
        },
        {
            "answer": "легко и просто к новым знаниям",
            "count": 1
        },
        {
            "answer": "новые знания",
            "count": 1
        },
        {
            "answer": "открыты к знаниям!",
            "count": 1
        },
        {
            "answer": "познание",
            "count": 1
        },
        {
            "answer": "получение новой информации",
            "count": 1
        },
        {
            "answer": "узнай больше!",
            "count": 1
        },
        {
            "answer": "узнай то что ещё не знаешь!",
            "count": 1
        },
        {
            "answer": "интенсивность",
            "count": 1
        },
        {
            "answer": "интерес",
            "count": 1
        },
        {
            "answer": "интересно",
            "count": 3
        },
        {
            "answer": "информация",
            "count": 1
        },
        {
            "answer": "я получил нужную мне информаци",
            "count": 1
        },
        {
            "answer": "кофе",
            "count": 1
        },
        {
            "answer": "любовь",
            "count": 1
        },
        {
            "answer": "не спать!",
            "count": 1
        },
        {
            "answer": "невозможное возможно",
            "count": 1
        },
        {
            "answer": "вперед к новому",
            "count": 1
        },
        {
            "answer": "новенькое",
            "count": 1
        },
        {
            "answer": "новое",
            "count": 1
        },
        {
            "answer": "обмена профессиональным опытом",
            "count": 1
        },
        {
            "answer": "общаться и насыщаться)",
            "count": 1
        },
        {
            "answer": "общение",
            "count": 3
        },
        {
            "answer": "опыт",
            "count": 1
        },
        {
            "answer": "отличный",
            "count": 1
        },
        {
            "answer": "плодотворного рабочего дня",
            "count": 1
        },
        {
            "answer": "продуктивность",
            "count": 5
        },
        {
            "answer": "трудиться продуктивно",
            "count": 1
        },
        {
            "answer": "позитив",
            "count": 5
        },
        {
            "answer": "позитив во всем",
            "count": 1
        },
        {
            "answer": "позитивное",
            "count": 1
        },
        {
            "answer": "радость",
            "count": 1
        },
        {
            "answer": "рост",
            "count": 1
        },
        {
            "answer": "улыбка",
            "count": 1
        },
        {
            "answer": "хорошего настроения",
            "count": 1
        },
        {
            "answer": "полезно",
            "count": 2
        },
        {
            "answer": "польза",
            "count": 3
        },
        {
            "answer": "получить ответы и решение",
            "count": 1
        },
        {
            "answer": "пфдо",
            "count": 1
        },
        {
            "answer": "расширить знания по пфдо",
            "count": 1
        },
        {
            "answer": "работа",
            "count": 3
        },
        {
            "answer": "работаем",
            "count": 1
        },
        {
            "answer": "работоспособности",
            "count": 1
        },
        {
            "answer": "развитие",
            "count": 1
        },
        {
            "answer": "слушай спрашивай делай",
            "count": 1
        },
        {
            "answer": "соучастие",
            "count": 1
        },
        {
            "answer": "спокойствие",
            "count": 1
        },
        {
            "answer": "удачи",
            "count": 1
        },
        {
            "answer": "удачи!",
            "count": 1
        },
        {
            "answer": "успех",
            "count": 3
        },
        {
            "answer": "участие",
            "count": 1
        },
        {
            "answer": "экспромт",
            "count": 1
        }
    ]
}