{
    "id": 27374,
    "question": "Росатом - это.... ( продолжи)",
    "answers": [
        {
            "answer": "атомная компания",
            "count": 2
        },
        {
            "answer": "атомная корпорация",
            "count": 1
        },
        {
            "answer": "ну компания по атомной энерги",
            "count": 1
        },
        {
            "answer": "атомная отрасль",
            "count": 1
        },
        {
            "answer": "атомная отрсль",
            "count": 1
        },
        {
            "answer": "всем добра!",
            "count": 1
        },
        {
            "answer": "всероссийская корпорация",
            "count": 1
        },
        {
            "answer": "госкорпорация",
            "count": 2
        },
        {
            "answer": "государственная компания",
            "count": 1
        },
        {
            "answer": "государственная корпорация",
            "count": 3
        },
        {
            "answer": "рф государственный холдинг",
            "count": 1
        },
        {
            "answer": "группа которая делает проекты",
            "count": 2
        },
        {
            "answer": "здорово",
            "count": 1
        },
        {
            "answer": "интересно",
            "count": 1
        },
        {
            "answer": "круто",
            "count": 1
        },
        {
            "answer": "компания",
            "count": 4
        },
        {
            "answer": "компания мечты",
            "count": 1
        },
        {
            "answer": "корпорация возможностей",
            "count": 1
        },
        {
            "answer": "крупная компания",
            "count": 1
        },
        {
            "answer": "многопрофильная компания",
            "count": 1
        },
        {
            "answer": "многопрофильная организация",
            "count": 1
        },
        {
            "answer": "наука",
            "count": 1
        },
        {
            "answer": "не знаю",
            "count": 1
        },
        {
            "answer": "хз",
            "count": 1
        },
        {
            "answer": "что-то что я ещё не знаю",
            "count": 1
        },
        {
            "answer": "прогресс в усолье",
            "count": 1
        },
        {
            "answer": "продвижение в будущее",
            "count": 1
        },
        {
            "answer": "ролтон",
            "count": 1
        },
        {
            "answer": "росатом",
            "count": 1
        }
    ]
}