{
    "id": 27371,
    "question": "Интересный факт о коллеге, который вы узнали вчера (до 3х вариантов ответа)",
    "answers": [
        {
            "answer": "250 кмч",
            "count": 1
        },
        {
            "answer": "ехал 250",
            "count": 1
        },
        {
            "answer": "4 раза тонул",
            "count": 1
        },
        {
            "answer": "47 стран",
            "count": 1
        },
        {
            "answer": "47 стран и 55 регионов",
            "count": 1
        },
        {
            "answer": "47 стран посетила))))",
            "count": 1
        },
        {
            "answer": "была в 47 странах",
            "count": 1
        },
        {
            "answer": "были в 47 странах",
            "count": 1
        },
        {
            "answer": "посетила 47 стран",
            "count": 2
        },
        {
            "answer": "посещение множества стран",
            "count": 1
        },
        {
            "answer": "путешествие 47 стран",
            "count": 1
        },
        {
            "answer": "аренда сап бордов :)",
            "count": 1
        },
        {
            "answer": "виноделие",
            "count": 1
        },
        {
            "answer": "вокал",
            "count": 1
        },
        {
            "answer": "серёжа занимается вокалом",
            "count": 1
        },
        {
            "answer": "все очень молодые",
            "count": 1
        },
        {
            "answer": "выживаемость в стрессе",
            "count": 1
        },
        {
            "answer": "занимается дайвингом",
            "count": 1
        },
        {
            "answer": "катается на лыжах",
            "count": 1
        },
        {
            "answer": "мечтает о собственной аэс",
            "count": 1
        },
        {
            "answer": "мечтает открыть автосервис",
            "count": 1
        },
        {
            "answer": "мечты",
            "count": 1
        },
        {
            "answer": "нижний новгород очень красивый",
            "count": 1
        },
        {
            "answer": "нумерология",
            "count": 1
        },
        {
            "answer": "об этом нельзя говорить 🙂",
            "count": 1
        },
        {
            "answer": "он работал раньше в разведке",
            "count": 1
        },
        {
            "answer": "пишет стихи",
            "count": 1
        },
        {
            "answer": "построение соц портрета",
            "count": 1
        },
        {
            "answer": "пчеловод",
            "count": 3
        },
        {
            "answer": "пчеловодство",
            "count": 1
        },
        {
            "answer": "создать автомобильный салон",
            "count": 1
        },
        {
            "answer": "танцует брейк данс",
            "count": 1
        },
        {
            "answer": "убивал людей",
            "count": 1
        },
        {
            "answer": "уснул в первый день работы",
            "count": 1
        },
        {
            "answer": "уснул в первый рабочий день",
            "count": 1
        },
        {
            "answer": "фанат кнопочных телефонов",
            "count": 1
        },
        {
            "answer": "читает человека за 2 мин",
            "count": 1
        },
        {
            "answer": "экскурсии по мурманску",
            "count": 1
        }
    ]
}