{
    "id": 27498,
    "question": "Ваши ожидания от предстощего мероприятия одним словом",
    "answers": [
        {
            "answer": "абоба",
            "count": 1
        },
        {
            "answer": "активность",
            "count": 1
        },
        {
            "answer": "амбассадоры",
            "count": 1
        },
        {
            "answer": "амбассадоры❤️",
            "count": 2
        },
        {
            "answer": "амбассадоры💖",
            "count": 1
        },
        {
            "answer": "атмосфера",
            "count": 1
        },
        {
            "answer": "атом",
            "count": 1
        },
        {
            "answer": "атомная любовь",
            "count": 3
        },
        {
            "answer": "атомнаялюбовь",
            "count": 4
        },
        {
            "answer": "атомной любви!",
            "count": 1
        },
        {
            "answer": "атомную любовь!",
            "count": 1
        },
        {
            "answer": "атомно",
            "count": 1
        },
        {
            "answer": "бомба",
            "count": 4
        },
        {
            "answer": "будет огонь",
            "count": 1
        },
        {
            "answer": "ваааааау!!!",
            "count": 1
        },
        {
            "answer": "взрыв",
            "count": 1
        },
        {
            "answer": "горячо",
            "count": 1
        },
        {
            "answer": "грандиозно",
            "count": 1
        },
        {
            "answer": "жду огня))",
            "count": 1
        },
        {
            "answer": "кайф",
            "count": 9
        },
        {
            "answer": "кайфануть",
            "count": 2
        },
        {
            "answer": "кайфануть перед экзаменами!!",
            "count": 1
        },
        {
            "answer": "кайфануть!",
            "count": 1
        },
        {
            "answer": "кайфы",
            "count": 1
        },
        {
            "answer": "ккайф",
            "count": 1
        },
        {
            "answer": "класс и супер",
            "count": 1
        },
        {
            "answer": "красивое",
            "count": 1
        },
        {
            "answer": "круто и точка",
            "count": 1
        },
        {
            "answer": "крутые",
            "count": 1
        },
        {
            "answer": "крутые ожидания",
            "count": 1
        },
        {
            "answer": "крутяк!",
            "count": 1
        },
        {
            "answer": "мощь",
            "count": 1
        },
        {
            "answer": "огонь",
            "count": 4
        },
        {
            "answer": "отличные",
            "count": 1
        },
        {
            "answer": "очень круто",
            "count": 1
        },
        {
            "answer": "пожар",
            "count": 1
        },
        {
            "answer": "самые лучшие",
            "count": 1
        },
        {
            "answer": "супер",
            "count": 3
        },
        {
            "answer": "феерия",
            "count": 1
        },
        {
            "answer": "хорошие",
            "count": 1
        },
        {
            "answer": "ядерно",
            "count": 2
        },
        {
            "answer": "ярко",
            "count": 1
        },
        {
            "answer": "атомного счастья",
            "count": 1
        },
        {
            "answer": "атомный движ",
            "count": 1
        },
        {
            "answer": "аэротруба",
            "count": 1
        },
        {
            "answer": "безопасная любовь",
            "count": 1
        },
        {
            "answer": "будущее",
            "count": 1
        },
        {
            "answer": "вдохновение",
            "count": 6
        },
        {
            "answer": "веселье",
            "count": 5
        },
        {
            "answer": "повеселиться",
            "count": 1
        },
        {
            "answer": "веселье работа и деньг",
            "count": 1
        },
        {
            "answer": "взаимодействие",
            "count": 1
        },
        {
            "answer": "вкусно",
            "count": 1
        },
        {
            "answer": "влюбиться",
            "count": 1
        },
        {
            "answer": "вникнуть в атомную отрасль",
            "count": 1
        },
        {
            "answer": "внятности",
            "count": 1
        },
        {
            "answer": "вовлеченность",
            "count": 2
        },
        {
            "answer": "вовлечённость",
            "count": 1
        },
        {
            "answer": "возможности",
            "count": 4
        },
        {
            "answer": "восторг",
            "count": 8
        },
        {
            "answer": "восхищение",
            "count": 1
        },
        {
            "answer": "впечатление",
            "count": 1
        },
        {
            "answer": "впечатления",
            "count": 1
        },
        {
            "answer": "море впечатлений",
            "count": 1
        },
        {
            "answer": "всë!",
            "count": 1
        },
        {
            "answer": "все!!!!!!!!!!!!!!!!!!!!!!!!!!!",
            "count": 1
        },
        {
            "answer": "все понять!",
            "count": 1
        },
        {
            "answer": "встреча",
            "count": 1
        },
        {
            "answer": "выяснить",
            "count": 1
        },
        {
            "answer": "головушка тяжелее станет",
            "count": 1
        },
        {
            "answer": "горизонтальное взаимодействие",
            "count": 1
        },
        {
            "answer": "горящие глаза",
            "count": 1
        },
        {
            "answer": "движ",
            "count": 1
        },
        {
            "answer": "дебюр",
            "count": 1
        },
        {
            "answer": "дерзость идей",
            "count": 1
        },
        {
            "answer": "драйв",
            "count": 2
        },
        {
            "answer": "дружба",
            "count": 2
        },
        {
            "answer": "друзья",
            "count": 3
        },
        {
            "answer": "единство",
            "count": 3
        },
        {
            "answer": "мы вместе",
            "count": 1
        },
        {
            "answer": "объединение",
            "count": 1
        },
        {
            "answer": "сближение",
            "count": 1
        },
        {
            "answer": "синергия",
            "count": 1
        },
        {
            "answer": "жду шутки от станислава",
            "count": 1
        },
        {
            "answer": "жрат",
            "count": 1
        },
        {
            "answer": "завод",
            "count": 1
        },
        {
            "answer": "заряд",
            "count": 2
        },
        {
            "answer": "зарядиться энергией",
            "count": 2
        },
        {
            "answer": "импульс",
            "count": 1
        },
        {
            "answer": "знакомства",
            "count": 32
        },
        {
            "answer": "знакомство",
            "count": 3
        },
        {
            "answer": "контакты",
            "count": 2
        },
        {
            "answer": "нетворк",
            "count": 1
        },
        {
            "answer": "новые знакомства",
            "count": 10
        },
        {
            "answer": "познакомиться",
            "count": 1
        },
        {
            "answer": "познакомиться с коллегами",
            "count": 1
        },
        {
            "answer": "познакомиться с крутыми людьми",
            "count": 1
        },
        {
            "answer": "познакомитьсяслюдьми и веселья",
            "count": 1
        },
        {
            "answer": "связи",
            "count": 1
        },
        {
            "answer": "связь",
            "count": 1
        },
        {
            "answer": "сотняновыхдрузей",
            "count": 1
        },
        {
            "answer": "знаний",
            "count": 1
        },
        {
            "answer": "знания",
            "count": 19
        },
        {
            "answer": "знания!",
            "count": 1
        },
        {
            "answer": "новые знания",
            "count": 3
        },
        {
            "answer": "новые навыки новые знания",
            "count": 1
        },
        {
            "answer": "поумнеть",
            "count": 1
        },
        {
            "answer": "узнать",
            "count": 1
        },
        {
            "answer": "идеи",
            "count": 3
        },
        {
            "answer": "новые идеи",
            "count": 2
        },
        {
            "answer": "инсайт",
            "count": 1
        },
        {
            "answer": "интерес",
            "count": 1
        },
        {
            "answer": "информация",
            "count": 1
        },
        {
            "answer": "наполнится полезной информацие",
            "count": 1
        },
        {
            "answer": "полезную информацию",
            "count": 1
        },
        {
            "answer": "искупаться в море",
            "count": 1
        },
        {
            "answer": "итоги года",
            "count": 1
        },
        {
            "answer": "картера",
            "count": 1
        },
        {
            "answer": "карьера",
            "count": 3
        },
        {
            "answer": "команда",
            "count": 3
        },
        {
            "answer": "коммуникации",
            "count": 1
        },
        {
            "answer": "коммуникаций",
            "count": 1
        },
        {
            "answer": "коммуникация",
            "count": 1
        },
        {
            "answer": "общение",
            "count": 6
        },
        {
            "answer": "крутые люди",
            "count": 1
        },
        {
            "answer": "люди",
            "count": 1
        },
        {
            "answer": "легенды",
            "count": 1
        },
        {
            "answer": "личностный рост",
            "count": 1
        },
        {
            "answer": "любовно",
            "count": 1
        },
        {
            "answer": "любовь",
            "count": 12
        },
        {
            "answer": "любовь!",
            "count": 1
        },
        {
            "answer": "любоф",
            "count": 1
        },
        {
            "answer": "любоффффь",
            "count": 1
        },
        {
            "answer": "любовь и дружба",
            "count": 1
        },
        {
            "answer": "люди и города",
            "count": 1
        },
        {
            "answer": "магия",
            "count": 1
        },
        {
            "answer": "мэээээджик",
            "count": 1
        },
        {
            "answer": "масштабное",
            "count": 1
        },
        {
            "answer": "море",
            "count": 3
        },
        {
            "answer": "мотивация",
            "count": 4
        },
        {
            "answer": "мотивирующе",
            "count": 1
        },
        {
            "answer": "набраться опыта",
            "count": 1
        },
        {
            "answer": "опыт",
            "count": 20
        },
        {
            "answer": "навыки",
            "count": 3
        },
        {
            "answer": "повышение новыков",
            "count": 1
        },
        {
            "answer": "найти себя и свой путь",
            "count": 1
        },
        {
            "answer": "новое",
            "count": 3
        },
        {
            "answer": "новшества",
            "count": 1
        },
        {
            "answer": "новое! интересное! сближающее!",
            "count": 1
        },
        {
            "answer": "новые эмоции навыки",
            "count": 1
        },
        {
            "answer": "обмен опытом",
            "count": 3
        },
        {
            "answer": "огненые  эмоции",
            "count": 1
        },
        {
            "answer": "положите э",
            "count": 1
        },
        {
            "answer": "ожидаю",
            "count": 1
        },
        {
            "answer": "осуществить мечту",
            "count": 1
        },
        {
            "answer": "отдых",
            "count": 1
        },
        {
            "answer": "почилить",
            "count": 1
        },
        {
            "answer": "хорошо отдохнуть",
            "count": 1
        },
        {
            "answer": "чил",
            "count": 2
        },
        {
            "answer": "открытия",
            "count": 1
        },
        {
            "answer": "перспективы",
            "count": 1
        },
        {
            "answer": "победа",
            "count": 1
        },
        {
            "answer": "успех",
            "count": 7
        },
        {
            "answer": "успешность",
            "count": 1
        },
        {
            "answer": "победа или смерть",
            "count": 1
        },
        {
            "answer": "погружение",
            "count": 1
        },
        {
            "answer": "погружение в профессиональност",
            "count": 1
        },
        {
            "answer": "позетив",
            "count": 1
        },
        {
            "answer": "позитив",
            "count": 1
        },
        {
            "answer": "радость",
            "count": 4
        },
        {
            "answer": "счастье",
            "count": 3
        },
        {
            "answer": "познакомиться ближе с росатомо",
            "count": 1
        },
        {
            "answer": "поиск",
            "count": 1
        },
        {
            "answer": "полезность",
            "count": 2
        },
        {
            "answer": "полезные встречи",
            "count": 1
        },
        {
            "answer": "польза",
            "count": 2
        },
        {
            "answer": "продуктивная работа",
            "count": 1
        },
        {
            "answer": "продуктивно",
            "count": 1
        },
        {
            "answer": "продуктивность",
            "count": 2
        },
        {
            "answer": "результат",
            "count": 1
        },
        {
            "answer": "результативность",
            "count": 1
        },
        {
            "answer": "результаты",
            "count": 1
        },
        {
            "answer": "эффективность",
            "count": 2
        },
        {
            "answer": "проекты",
            "count": 1
        },
        {
            "answer": "прокачать скилы",
            "count": 1
        },
        {
            "answer": "прокачка",
            "count": 1
        },
        {
            "answer": "прорыв",
            "count": 2
        },
        {
            "answer": "развитие",
            "count": 20
        },
        {
            "answer": "развитие и рост",
            "count": 1
        },
        {
            "answer": "рост",
            "count": 2
        },
        {
            "answer": "профессионализм",
            "count": 1
        },
        {
            "answer": "профориентация",
            "count": 2
        },
        {
            "answer": "работа",
            "count": 3
        },
        {
            "answer": "работать",
            "count": 1
        },
        {
            "answer": "разрыв",
            "count": 1
        },
        {
            "answer": "росатом сила!!!",
            "count": 1
        },
        {
            "answer": "сотрудничество",
            "count": 1
        },
        {
            "answer": "сделать что-то полезное",
            "count": 1
        },
        {
            "answer": "теплая погода",
            "count": 1
        },
        {
            "answer": "семья",
            "count": 1
        },
        {
            "answer": "трудоустройство",
            "count": 1
        },
        {
            "answer": "трудоустройство!!!",
            "count": 1
        },
        {
            "answer": "чтовозьметенаработувросатом",
            "count": 1
        },
        {
            "answer": "совет юниоров топ",
            "count": 1
        },
        {
            "answer": "трэш",
            "count": 1
        },
        {
            "answer": "туса",
            "count": 1
        },
        {
            "answer": "тусич",
            "count": 1
        },
        {
            "answer": "удивить лае",
            "count": 1
        },
        {
            "answer": "уверенность в будущем",
            "count": 1
        },
        {
            "answer": "удивление",
            "count": 1
        },
        {
            "answer": "удовольствие",
            "count": 3
        },
        {
            "answer": "фурор",
            "count": 1
        },
        {
            "answer": "хамам",
            "count": 1
        },
        {
            "answer": "хорошее настроение",
            "count": 1
        },
        {
            "answer": "хорошие эмоции",
            "count": 1
        },
        {
            "answer": "эмоции",
            "count": 13
        },
        {
            "answer": "эмоций",
            "count": 1
        },
        {
            "answer": "хорошо кормят",
            "count": 1
        },
        {
            "answer": "цель",
            "count": 1
        },
        {
            "answer": "экспрессия",
            "count": 1
        },
        {
            "answer": "эмоции опыт",
            "count": 1
        },
        {
            "answer": "энергия",
            "count": 5
        }
    ]
}