{
    "id": 27499,
    "question": "Какие большие цели сейчас вдохновляют лично вас?",
    "answers": [
        {
            "answer": "worldskills",
            "count": 1
        },
        {
            "answer": "айронстар226роатомтриатлонклаб",
            "count": 1
        },
        {
            "answer": "активности",
            "count": 1
        },
        {
            "answer": "амбассадоры мощщщщщь",
            "count": 1
        },
        {
            "answer": "амбассадоры💖",
            "count": 1
        },
        {
            "answer": "амбициозные задачи",
            "count": 1
        },
        {
            "answer": "арктика",
            "count": 1
        },
        {
            "answer": "атомная медицина",
            "count": 1
        },
        {
            "answer": "атомфлот",
            "count": 1
        },
        {
            "answer": "бабки",
            "count": 1
        },
        {
            "answer": "деньги",
            "count": 18
        },
        {
            "answer": "зарплата",
            "count": 1
        },
        {
            "answer": "меня вдохновляют деньги",
            "count": 1
        },
        {
            "answer": "много денег",
            "count": 1
        },
        {
            "answer": "много денег 💵",
            "count": 1
        },
        {
            "answer": "баланс",
            "count": 1
        },
        {
            "answer": "беззаботная жизнь в будущем",
            "count": 1
        },
        {
            "answer": "счастливое будущее",
            "count": 1
        },
        {
            "answer": "успешное будущее",
            "count": 1
        },
        {
            "answer": "безопасность",
            "count": 1
        },
        {
            "answer": "бизнес",
            "count": 1
        },
        {
            "answer": "бизнес в области энергетики",
            "count": 1
        },
        {
            "answer": "биография первых атомщиков",
            "count": 1
        },
        {
            "answer": "благополучие близких",
            "count": 1
        },
        {
            "answer": "большая семья",
            "count": 1
        },
        {
            "answer": "будущее",
            "count": 1
        },
        {
            "answer": "будущее республики татарстан",
            "count": 1
        },
        {
            "answer": "будущее страны",
            "count": 1
        },
        {
            "answer": "будующее развитие",
            "count": 1
        },
        {
            "answer": "быстрый карьерный рост",
            "count": 1
        },
        {
            "answer": "карьера",
            "count": 44
        },
        {
            "answer": "карьера и будущее",
            "count": 1
        },
        {
            "answer": "карьерный рост",
            "count": 5
        },
        {
            "answer": "повышение должности",
            "count": 1
        },
        {
            "answer": "подходящая по душе карьера",
            "count": 1
        },
        {
            "answer": "развитие карьеры",
            "count": 1
        },
        {
            "answer": "быть опорой для своей семьи!",
            "count": 1
        },
        {
            "answer": "быть счастливой",
            "count": 1
        },
        {
            "answer": "важная и полезная работа",
            "count": 1
        },
        {
            "answer": "вдохновлять других",
            "count": 1
        },
        {
            "answer": "вдохновлять и зажигать людей!",
            "count": 1
        },
        {
            "answer": "вдохновлять людей",
            "count": 1
        },
        {
            "answer": "видение 2030",
            "count": 2
        },
        {
            "answer": "внедрение vr",
            "count": 1
        },
        {
            "answer": "внедрение новшеств",
            "count": 1
        },
        {
            "answer": "возможности",
            "count": 1
        },
        {
            "answer": "возможность",
            "count": 1
        },
        {
            "answer": "возможность сделать мир лучше",
            "count": 1
        },
        {
            "answer": "делать мир лучше",
            "count": 1
        },
        {
            "answer": "восстановление промышленности",
            "count": 1
        },
        {
            "answer": "встреча с президентом",
            "count": 1
        },
        {
            "answer": "вызовы и трудности",
            "count": 1
        },
        {
            "answer": "новые вызовы",
            "count": 1
        },
        {
            "answer": "вырастить детей",
            "count": 1
        },
        {
            "answer": "дети",
            "count": 1
        },
        {
            "answer": "мои дети",
            "count": 1
        },
        {
            "answer": "прокормить сына",
            "count": 1
        },
        {
            "answer": "высокие зарплаты",
            "count": 1
        },
        {
            "answer": "высокий уровень жизни",
            "count": 1
        },
        {
            "answer": "жизнь не отказывая себе",
            "count": 1
        },
        {
            "answer": "гелик",
            "count": 1
        },
        {
            "answer": "машины",
            "count": 1
        },
        {
            "answer": "покупка машины",
            "count": 1
        },
        {
            "answer": "глобализация",
            "count": 1
        },
        {
            "answer": "глобальные",
            "count": 1
        },
        {
            "answer": "гордиться собой",
            "count": 1
        },
        {
            "answer": "горящие глаза",
            "count": 1
        },
        {
            "answer": "госкорпорация",
            "count": 1
        },
        {
            "answer": "данные",
            "count": 1
        },
        {
            "answer": "делегировать",
            "count": 1
        },
        {
            "answer": "добыча урана в якутии",
            "count": 1
        },
        {
            "answer": "достигать побед",
            "count": 1
        },
        {
            "answer": "достигнуть новых высот",
            "count": 1
        },
        {
            "answer": "достижения",
            "count": 1
        },
        {
            "answer": "доказать что атом это круто!",
            "count": 1
        },
        {
            "answer": "достижение результата",
            "count": 1
        },
        {
            "answer": "задача = результат",
            "count": 1
        },
        {
            "answer": "достижение цур",
            "count": 1
        },
        {
            "answer": "другие таланты",
            "count": 1
        },
        {
            "answer": "еда",
            "count": 3
        },
        {
            "answer": "жрать",
            "count": 1
        },
        {
            "answer": "желание развивать технологии",
            "count": 1
        },
        {
            "answer": "жильё",
            "count": 1
        },
        {
            "answer": "купить квартиру",
            "count": 1
        },
        {
            "answer": "построить дом",
            "count": 1
        },
        {
            "answer": "жить в кайф вместе с росатомом",
            "count": 1
        },
        {
            "answer": "жопа",
            "count": 1
        },
        {
            "answer": "заниматься тем что я хочу",
            "count": 1
        },
        {
            "answer": "кайфовая работа",
            "count": 1
        },
        {
            "answer": "здоровый образ жизни",
            "count": 1
        },
        {
            "answer": "знакомства",
            "count": 6
        },
        {
            "answer": "знакомство с 100 новыми людьми",
            "count": 1
        },
        {
            "answer": "новые знакомства",
            "count": 1
        },
        {
            "answer": "знания",
            "count": 3
        },
        {
            "answer": "новые знания",
            "count": 4
        },
        {
            "answer": "образование",
            "count": 1
        },
        {
            "answer": "знания и любовь к новому",
            "count": 1
        },
        {
            "answer": "значимость",
            "count": 1
        },
        {
            "answer": "изменения",
            "count": 1
        },
        {
            "answer": "импортозамещение",
            "count": 1
        },
        {
            "answer": "импортозамещение в по",
            "count": 1
        },
        {
            "answer": "интересные",
            "count": 1
        },
        {
            "answer": "интересные задачи",
            "count": 2
        },
        {
            "answer": "ипотека",
            "count": 3
        },
        {
            "answer": "искупаться в море",
            "count": 1
        },
        {
            "answer": "море",
            "count": 2
        },
        {
            "answer": "искусственный интеллект",
            "count": 1
        },
        {
            "answer": "искусство",
            "count": 1
        },
        {
            "answer": "поездка в города",
            "count": 1
        },
        {
            "answer": "посетить все атомные города",
            "count": 1
        },
        {
            "answer": "карьера в росатоме",
            "count": 1
        },
        {
            "answer": "карьера и достижения",
            "count": 1
        },
        {
            "answer": "кипящие реакторы",
            "count": 1
        },
        {
            "answer": "командообразование",
            "count": 1
        },
        {
            "answer": "космос",
            "count": 1
        },
        {
            "answer": "красота",
            "count": 1
        },
        {
            "answer": "кругозор",
            "count": 1
        },
        {
            "answer": "крутые проекты",
            "count": 1
        },
        {
            "answer": "лазеры",
            "count": 1
        },
        {
            "answer": "лидерство",
            "count": 1
        },
        {
            "answer": "личное развитие",
            "count": 1
        },
        {
            "answer": "личностное развитие",
            "count": 1
        },
        {
            "answer": "личностный рост",
            "count": 2
        },
        {
            "answer": "личный рост",
            "count": 1
        },
        {
            "answer": "любовь",
            "count": 2
        },
        {
            "answer": "любоооооооооооооовь",
            "count": 1
        },
        {
            "answer": "люди",
            "count": 8
        },
        {
            "answer": "меня вдохновляют люди",
            "count": 1
        },
        {
            "answer": "люди и города",
            "count": 1
        },
        {
            "answer": "люди кто верят в россию",
            "count": 1
        },
        {
            "answer": "масштабная наука",
            "count": 1
        },
        {
            "answer": "наука",
            "count": 5
        },
        {
            "answer": "мат обеспечение в в росатоме",
            "count": 1
        },
        {
            "answer": "международ. представит. росато",
            "count": 1
        },
        {
            "answer": "меня вдохновляет сам путь",
            "count": 1
        },
        {
            "answer": "менять людей к лучшему",
            "count": 1
        },
        {
            "answer": "мечта",
            "count": 1
        },
        {
            "answer": "мой коллектив",
            "count": 1
        },
        {
            "answer": "моя команда",
            "count": 1
        },
        {
            "answer": "мой проект",
            "count": 1
        },
        {
            "answer": "молодежь",
            "count": 1
        },
        {
            "answer": "молодёжь",
            "count": 1
        },
        {
            "answer": "мотивация",
            "count": 1
        },
        {
            "answer": "моя работа",
            "count": 1
        },
        {
            "answer": "муж",
            "count": 1
        },
        {
            "answer": "мысли меняющие мир",
            "count": 1
        },
        {
            "answer": "навыки",
            "count": 1
        },
        {
            "answer": "освоение новых навыков",
            "count": 1
        },
        {
            "answer": "найти себя",
            "count": 1
        },
        {
            "answer": "налаживание связей",
            "count": 1
        },
        {
            "answer": "научные достижения",
            "count": 1
        },
        {
            "answer": "нейросети для науки",
            "count": 1
        },
        {
            "answer": "новая бмв",
            "count": 1
        },
        {
            "answer": "новые задачи",
            "count": 1
        },
        {
            "answer": "новые материалы",
            "count": 1
        },
        {
            "answer": "новые проекты",
            "count": 1
        },
        {
            "answer": "новые технологии",
            "count": 1
        },
        {
            "answer": "обеспеч. независимости страны",
            "count": 1
        },
        {
            "answer": "обеспечить себя в будущем",
            "count": 1
        },
        {
            "answer": "перспектива будущей жизни",
            "count": 1
        },
        {
            "answer": "обмен опытом",
            "count": 1
        },
        {
            "answer": "обращение с ят",
            "count": 1
        },
        {
            "answer": "общение",
            "count": 1
        },
        {
            "answer": "объездить весь мир",
            "count": 1
        },
        {
            "answer": "путешествие",
            "count": 1
        },
        {
            "answer": "путешествия",
            "count": 8
        },
        {
            "answer": "объехать весь росатом",
            "count": 1
        },
        {
            "answer": "ожидание результата",
            "count": 1
        },
        {
            "answer": "озеленение планеты",
            "count": 1
        },
        {
            "answer": "онлайн школа",
            "count": 1
        },
        {
            "answer": "оптимизация роботы ас",
            "count": 1
        },
        {
            "answer": "организовать спорт",
            "count": 1
        },
        {
            "answer": "освоить программирование",
            "count": 1
        },
        {
            "answer": "отличие от своих знакомых",
            "count": 1
        },
        {
            "answer": "ощущаемый результат",
            "count": 1
        },
        {
            "answer": "переход на зеленую энергетику",
            "count": 1
        },
        {
            "answer": "поиск достойной работы",
            "count": 1
        },
        {
            "answer": "поиск своего истинного пути",
            "count": 1
        },
        {
            "answer": "полезность обществу",
            "count": 1
        },
        {
            "answer": "полезные проекты",
            "count": 1
        },
        {
            "answer": "польза",
            "count": 2
        },
        {
            "answer": "польза обществу",
            "count": 1
        },
        {
            "answer": "польза человечеству",
            "count": 2
        },
        {
            "answer": "принести пользу с помощью наук",
            "count": 1
        },
        {
            "answer": "помощь людям",
            "count": 4
        },
        {
            "answer": "понимать людей",
            "count": 1
        },
        {
            "answer": "портативный источник энергии",
            "count": 1
        },
        {
            "answer": "поступить в вуз",
            "count": 1
        },
        {
            "answer": "поступить в вуз мечты",
            "count": 1
        },
        {
            "answer": "поступить на бюджет",
            "count": 1
        },
        {
            "answer": "потупить на бюджет",
            "count": 1
        },
        {
            "answer": "поступить на физтех",
            "count": 1
        },
        {
            "answer": "правильный выбор работы",
            "count": 1
        },
        {
            "answer": "практическая значимость",
            "count": 1
        },
        {
            "answer": "практический опыт в море",
            "count": 1
        },
        {
            "answer": "предпринимательский проект",
            "count": 1
        },
        {
            "answer": "престиж инженерных профессий",
            "count": 1
        },
        {
            "answer": "признание",
            "count": 1
        },
        {
            "answer": "проблемы",
            "count": 1
        },
        {
            "answer": "продвижение проекта",
            "count": 1
        },
        {
            "answer": "проект \"навигатор\"",
            "count": 1
        },
        {
            "answer": "разработка портала \"нвигатор\"",
            "count": 1
        },
        {
            "answer": "проекты росатома",
            "count": 1
        },
        {
            "answer": "пройти курс от google",
            "count": 1
        },
        {
            "answer": "путешествия и новые знакомства",
            "count": 1
        },
        {
            "answer": "работа в гк во благо россии",
            "count": 1
        },
        {
            "answer": "работа в команде",
            "count": 1
        },
        {
            "answer": "работа в реакторном цехе",
            "count": 1
        },
        {
            "answer": "работа гендиректором росатома",
            "count": 1
        },
        {
            "answer": "работа за границей",
            "count": 1
        },
        {
            "answer": "работа карьера учеба",
            "count": 1
        },
        {
            "answer": "работа на аэс",
            "count": 1
        },
        {
            "answer": "работа на благо потомков",
            "count": 1
        },
        {
            "answer": "работа с полезным результатом",
            "count": 1
        },
        {
            "answer": "работа учеба карьера",
            "count": 1
        },
        {
            "answer": "развитие",
            "count": 8
        },
        {
            "answer": "развитие it в россии",
            "count": 1
        },
        {
            "answer": "развитие атомных городов",
            "count": 1
        },
        {
            "answer": "развитие в отрасли организации",
            "count": 1
        },
        {
            "answer": "развитие и образование",
            "count": 1
        },
        {
            "answer": "развитие молодёжи и будущего",
            "count": 1
        },
        {
            "answer": "развитие опыт карьера",
            "count": 1
        },
        {
            "answer": "развитие персонала",
            "count": 1
        },
        {
            "answer": "развитие технологий в россии",
            "count": 1
        },
        {
            "answer": "разработка технологий",
            "count": 1
        },
        {
            "answer": "развитие человека",
            "count": 1
        },
        {
            "answer": "разговоры и действия о важном",
            "count": 1
        },
        {
            "answer": "разрыв стандартов",
            "count": 1
        },
        {
            "answer": "раскрытие потенциала",
            "count": 1
        },
        {
            "answer": "реализация авторских проектов",
            "count": 1
        },
        {
            "answer": "реализация проекта пакш",
            "count": 1
        },
        {
            "answer": "реализация себя",
            "count": 2
        },
        {
            "answer": "реализовать себя",
            "count": 1
        },
        {
            "answer": "самореализация",
            "count": 2
        },
        {
            "answer": "результат",
            "count": 3
        },
        {
            "answer": "решение нестандартных задач",
            "count": 1
        },
        {
            "answer": "решение сложных задач",
            "count": 1
        },
        {
            "answer": "сложные задачи",
            "count": 1
        },
        {
            "answer": "робототехника",
            "count": 1
        },
        {
            "answer": "росатом как компания 1 в мире",
            "count": 1
        },
        {
            "answer": "россия",
            "count": 1
        },
        {
            "answer": "рсо",
            "count": 1
        },
        {
            "answer": "саморазвитие",
            "count": 8
        },
        {
            "answer": "саморазвитие и продвижение",
            "count": 1
        },
        {
            "answer": "самоутверждение",
            "count": 1
        },
        {
            "answer": "свадьба",
            "count": 1
        },
        {
            "answer": "свое лело",
            "count": 1
        },
        {
            "answer": "своя музыка",
            "count": 1
        },
        {
            "answer": "сдать егэ",
            "count": 1
        },
        {
            "answer": "сделать мир добрее",
            "count": 1
        },
        {
            "answer": "сделать мир лучше",
            "count": 2
        },
        {
            "answer": "сделать мою работу эффективнее",
            "count": 1
        },
        {
            "answer": "сделать росатом #1",
            "count": 1
        },
        {
            "answer": "сделать русский язык програм-я",
            "count": 1
        },
        {
            "answer": "семья",
            "count": 4
        },
        {
            "answer": "сложные",
            "count": 1
        },
        {
            "answer": "смены работы",
            "count": 1
        },
        {
            "answer": "снижение углеродного следа",
            "count": 1
        },
        {
            "answer": "совершенствование",
            "count": 1
        },
        {
            "answer": "совет молодежи",
            "count": 1
        },
        {
            "answer": "совет юниоров росатома",
            "count": 1
        },
        {
            "answer": "созданиесообществюниоров",
            "count": 1
        },
        {
            "answer": "создание авиации будущего",
            "count": 1
        },
        {
            "answer": "создание аэс",
            "count": 1
        },
        {
            "answer": "создание незабываемых мероприя",
            "count": 1
        },
        {
            "answer": "создание нового",
            "count": 1
        },
        {
            "answer": "создание своего бизнеса",
            "count": 1
        },
        {
            "answer": "создание семьи",
            "count": 1
        },
        {
            "answer": "социальное равенство",
            "count": 1
        },
        {
            "answer": "сочи",
            "count": 1
        },
        {
            "answer": "спа в отеле",
            "count": 1
        },
        {
            "answer": "спююю",
            "count": 1
        },
        {
            "answer": "стабильность",
            "count": 1
        },
        {
            "answer": "стабильный доход",
            "count": 1
        },
        {
            "answer": "стажировка в росатоме :)",
            "count": 1
        },
        {
            "answer": "становление ведущим инженером",
            "count": 1
        },
        {
            "answer": "статус нашей страны в мире",
            "count": 1
        },
        {
            "answer": "стать гд росатома",
            "count": 1
        },
        {
            "answer": "стать генеральным директором",
            "count": 1
        },
        {
            "answer": "стать дворником",
            "count": 1
        },
        {
            "answer": "стать капитаном",
            "count": 1
        },
        {
            "answer": "стать лучшим в своем деле",
            "count": 1
        },
        {
            "answer": "стать пипом всесоса",
            "count": 1
        },
        {
            "answer": "стать профессионалом",
            "count": 2
        },
        {
            "answer": "стать успешной",
            "count": 1
        },
        {
            "answer": "страна",
            "count": 1
        },
        {
            "answer": "строительство",
            "count": 1
        },
        {
            "answer": "счастье",
            "count": 4
        },
        {
            "answer": "счастье коллег",
            "count": 1
        },
        {
            "answer": "съездить на полюс",
            "count": 1
        },
        {
            "answer": "талантливая молодёжь в отрасли",
            "count": 1
        },
        {
            "answer": "тарасенко",
            "count": 5
        },
        {
            "answer": "торосенко",
            "count": 1
        },
        {
            "answer": "технологичное будущее",
            "count": 1
        },
        {
            "answer": "трудности",
            "count": 1
        },
        {
            "answer": "трудоустройство",
            "count": 1
        },
        {
            "answer": "трудоустройство в росатом",
            "count": 1
        },
        {
            "answer": "успешное трудоустройство",
            "count": 1
        },
        {
            "answer": "турция",
            "count": 1
        },
        {
            "answer": "тяга к новому",
            "count": 1
        },
        {
            "answer": "уважение в обществе",
            "count": 1
        },
        {
            "answer": "уверенность",
            "count": 1
        },
        {
            "answer": "уверенность в завтрашнем дне",
            "count": 1
        },
        {
            "answer": "уверенность в своем будущем",
            "count": 1
        },
        {
            "answer": "увидеть северное сияние",
            "count": 1
        },
        {
            "answer": "улучшение жизни в зато",
            "count": 1
        },
        {
            "answer": "улучшение качества жизней",
            "count": 1
        },
        {
            "answer": "улучшение качества жизни сотру",
            "count": 1
        },
        {
            "answer": "улучшение условий жизни людей",
            "count": 1
        },
        {
            "answer": "улучшение системы образования",
            "count": 1
        },
        {
            "answer": "успех",
            "count": 3
        },
        {
            "answer": "успех моего дивизиона",
            "count": 1
        },
        {
            "answer": "успешный результат",
            "count": 1
        },
        {
            "answer": "успех других людей",
            "count": 1
        },
        {
            "answer": "успешные люди",
            "count": 1
        },
        {
            "answer": "успешная карьера",
            "count": 12
        },
        {
            "answer": "успешная карьера в медиа",
            "count": 1
        },
        {
            "answer": "успешный карьерный путь",
            "count": 1
        },
        {
            "answer": "успешная карьера и учеба",
            "count": 1
        },
        {
            "answer": "участие и победы на турнирах",
            "count": 1
        },
        {
            "answer": "финансовая независимость",
            "count": 1
        },
        {
            "answer": "финансовая стабильность",
            "count": 2
        },
        {
            "answer": "фисташки не казались дорогими",
            "count": 1
        },
        {
            "answer": "хочу быть там с вами а не тут",
            "count": 1
        },
        {
            "answer": "хочу дожить до 97082 лет",
            "count": 1
        },
        {
            "answer": "хочу завести полезные знакомст",
            "count": 1
        },
        {
            "answer": "хочу переехать жить в сочи",
            "count": 1
        },
        {
            "answer": "хочу работать в команде тат",
            "count": 1
        },
        {
            "answer": "хочу стать ведущей",
            "count": 1
        },
        {
            "answer": "хочу стать успешной ведущей",
            "count": 1
        },
        {
            "answer": "человечество",
            "count": 1
        },
        {
            "answer": "эльвира марковцева",
            "count": 1
        },
        {
            "answer": "эля марковцева",
            "count": 3
        },
        {
            "answer": "эмоции",
            "count": 1
        },
        {
            "answer": "энергия",
            "count": 1
        },
        {
            "answer": "юниоры росатома",
            "count": 20
        },
        {
            "answer": "юниоры росатома!!",
            "count": 1
        },
        {
            "answer": "юниорыросатома",
            "count": 1
        },
        {
            "answer": "яхты",
            "count": 1
        }
    ]
}