{
    "id": 27500,
    "question": "Какие большие препятствия сейчас вдохновляют лично вас?",
    "answers": [
        {
            "answer": "\"невспаханное поле\"",
            "count": 1
        },
        {
            "answer": "1 страх",
            "count": 1
        },
        {
            "answer": "ограниченное время",
            "count": 1
        },
        {
            "answer": "24 часа в сутках",
            "count": 1
        },
        {
            "answer": "esg",
            "count": 1
        },
        {
            "answer": "qt creator",
            "count": 1
        },
        {
            "answer": "амбициозные цели",
            "count": 1
        },
        {
            "answer": "анализ ошибок",
            "count": 1
        },
        {
            "answer": "антипрогресс",
            "count": 1
        },
        {
            "answer": "бассейн",
            "count": 3
        },
        {
            "answer": "бви",
            "count": 1
        },
        {
            "answer": "бедность",
            "count": 1
        },
        {
            "answer": "безработица",
            "count": 1
        },
        {
            "answer": "болезни",
            "count": 1
        },
        {
            "answer": "большой объем информации",
            "count": 1
        },
        {
            "answer": "борьба",
            "count": 1
        },
        {
            "answer": "борьба с ленью",
            "count": 1
        },
        {
            "answer": "будильник",
            "count": 1
        },
        {
            "answer": "быстротечность времени",
            "count": 1
        },
        {
            "answer": "быстрый ритм жизни",
            "count": 1
        },
        {
            "answer": "быть лучшей версией себя",
            "count": 1
        },
        {
            "answer": "бюрократизация",
            "count": 1
        },
        {
            "answer": "бюрократизм",
            "count": 1
        },
        {
            "answer": "бюрократия",
            "count": 16
        },
        {
            "answer": "бюрократия в городах",
            "count": 1
        },
        {
            "answer": "бюрократы",
            "count": 1
        },
        {
            "answer": "бюрократия многозадачность",
            "count": 1
        },
        {
            "answer": "вдохновляет будущий результат",
            "count": 1
        },
        {
            "answer": "взаимодействие с людьми",
            "count": 1
        },
        {
            "answer": "взаимоотношения",
            "count": 1
        },
        {
            "answer": "взрослаяжизнь",
            "count": 1
        },
        {
            "answer": "видеть только цель",
            "count": 1
        },
        {
            "answer": "вкр",
            "count": 2
        },
        {
            "answer": "диплом",
            "count": 6
        },
        {
            "answer": "диплом 😅",
            "count": 1
        },
        {
            "answer": "вкусная еда",
            "count": 1
        },
        {
            "answer": "владимир путин",
            "count": 6
        },
        {
            "answer": "внедрение digital-технологий",
            "count": 1
        },
        {
            "answer": "возможность получить опыт",
            "count": 1
        },
        {
            "answer": "возраст",
            "count": 3
        },
        {
            "answer": "война",
            "count": 1
        },
        {
            "answer": "сво",
            "count": 1
        },
        {
            "answer": "вопросы детей",
            "count": 1
        },
        {
            "answer": "вредный начальник",
            "count": 1
        },
        {
            "answer": "начальник",
            "count": 1
        },
        {
            "answer": "начальство",
            "count": 2
        },
        {
            "answer": "время",
            "count": 6
        },
        {
            "answer": "нехватка времени",
            "count": 1
        },
        {
            "answer": "все возможно",
            "count": 1
        },
        {
            "answer": "нет ничего невозможного",
            "count": 1
        },
        {
            "answer": "все новое",
            "count": 1
        },
        {
            "answer": "все умнее тебя",
            "count": 1
        },
        {
            "answer": "всерос",
            "count": 1
        },
        {
            "answer": "вставать в 6 утра на работу",
            "count": 1
        },
        {
            "answer": "встать с кровати",
            "count": 2
        },
        {
            "answer": "выбор актуальной профессии",
            "count": 1
        },
        {
            "answer": "вывод из эксплуатации",
            "count": 1
        },
        {
            "answer": "вызов",
            "count": 1
        },
        {
            "answer": "выйти из зоны комфорта",
            "count": 1
        },
        {
            "answer": "геополитические изменения",
            "count": 1
        },
        {
            "answer": "горящие дедлайны",
            "count": 1
        },
        {
            "answer": "дедлайн",
            "count": 4
        },
        {
            "answer": "границаскитаем",
            "count": 1
        },
        {
            "answer": "двух часового",
            "count": 1
        },
        {
            "answer": "дорогая ипотека",
            "count": 1
        },
        {
            "answer": "ипотека",
            "count": 4
        },
        {
            "answer": "кредит",
            "count": 1
        },
        {
            "answer": "ставка по ипотеке",
            "count": 3
        },
        {
            "answer": "достижения",
            "count": 1
        },
        {
            "answer": "дэньги",
            "count": 1
        },
        {
            "answer": "з/п",
            "count": 1
        },
        {
            "answer": "маленькая зарплата",
            "count": 1
        },
        {
            "answer": "нет денег",
            "count": 3
        },
        {
            "answer": "ограниченный семейный бюджет",
            "count": 1
        },
        {
            "answer": "отсутствие денег",
            "count": 3
        },
        {
            "answer": "егэ",
            "count": 6
        },
        {
            "answer": "егэ ;(",
            "count": 1
        },
        {
            "answer": "есть и не толстеть!",
            "count": 1
        },
        {
            "answer": "закрытие спа в 22:00",
            "count": 1
        },
        {
            "answer": "закрытость",
            "count": 1
        },
        {
            "answer": "закупки",
            "count": 1
        },
        {
            "answer": "зачет по английскому",
            "count": 1
        },
        {
            "answer": "знание того что ты разбираешь",
            "count": 1
        },
        {
            "answer": "знания",
            "count": 1
        },
        {
            "answer": "и незнание",
            "count": 1
        },
        {
            "answer": "незнание",
            "count": 1
        },
        {
            "answer": "нехватка знаний",
            "count": 1
        },
        {
            "answer": "изменение мирового порядка",
            "count": 1
        },
        {
            "answer": "изменения",
            "count": 1
        },
        {
            "answer": "импортозамещение",
            "count": 6
        },
        {
            "answer": "камень",
            "count": 1
        },
        {
            "answer": "их преодолевание",
            "count": 1
        },
        {
            "answer": "преодоление препятствий",
            "count": 1
        },
        {
            "answer": "карьерный портал росатом",
            "count": 2
        },
        {
            "answer": "карьерный портал росатома",
            "count": 8
        },
        {
            "answer": "карьерный портал росатома,",
            "count": 1
        },
        {
            "answer": "кейс чемпионат вшэ",
            "count": 1
        },
        {
            "answer": "климат крайнего севера",
            "count": 1
        },
        {
            "answer": "когда в меня не верят",
            "count": 1
        },
        {
            "answer": "отсутствие веры в меня",
            "count": 1
        },
        {
            "answer": "уверенность в себе",
            "count": 1
        },
        {
            "answer": "коммуникация",
            "count": 1
        },
        {
            "answer": "комфорт",
            "count": 1
        },
        {
            "answer": "конкуренты",
            "count": 2
        },
        {
            "answer": "конкуренция",
            "count": 20
        },
        {
            "answer": "конкуренция конкуренция",
            "count": 1
        },
        {
            "answer": "соперничество",
            "count": 2
        },
        {
            "answer": "консерватизм",
            "count": 1
        },
        {
            "answer": "критика",
            "count": 1
        },
        {
            "answer": "курсач",
            "count": 2
        },
        {
            "answer": "курсовая",
            "count": 1
        },
        {
            "answer": "лежачие полицейские",
            "count": 1
        },
        {
            "answer": "лежачий полицейский",
            "count": 22
        },
        {
            "answer": "лежащий полицейский",
            "count": 1
        },
        {
            "answer": "ленность",
            "count": 1
        },
        {
            "answer": "лень",
            "count": 5
        },
        {
            "answer": "лицензирование",
            "count": 1
        },
        {
            "answer": "личные противоречия",
            "count": 1
        },
        {
            "answer": "личный барьер",
            "count": 1
        },
        {
            "answer": "лсо",
            "count": 1
        },
        {
            "answer": "льготники",
            "count": 1
        },
        {
            "answer": "любовь",
            "count": 1
        },
        {
            "answer": "любые",
            "count": 1
        },
        {
            "answer": "люди",
            "count": 5
        },
        {
            "answer": "люди бегающие в 6:00",
            "count": 1
        },
        {
            "answer": "маленький город",
            "count": 1
        },
        {
            "answer": "мама",
            "count": 1
        },
        {
            "answer": "матанализ",
            "count": 1
        },
        {
            "answer": "много работы",
            "count": 1
        },
        {
            "answer": "многозадачность",
            "count": 2
        },
        {
            "answer": "мотивация",
            "count": 1
        },
        {
            "answer": "мурмурация",
            "count": 3
        },
        {
            "answer": "наука)))",
            "count": 1
        },
        {
            "answer": "не вдохновляют",
            "count": 1
        },
        {
            "answer": "не вдохновляют препятствия",
            "count": 1
        },
        {
            "answer": "не какие",
            "count": 1
        },
        {
            "answer": "никакие",
            "count": 3
        },
        {
            "answer": "отсутствуют",
            "count": 1
        },
        {
            "answer": "невозможность",
            "count": 2
        },
        {
            "answer": "негибкая культура отрасли",
            "count": 1
        },
        {
            "answer": "негибкость коллег",
            "count": 1
        },
        {
            "answer": "нежелание",
            "count": 1
        },
        {
            "answer": "нежелание людей делать лучше",
            "count": 1
        },
        {
            "answer": "неизвестность",
            "count": 4
        },
        {
            "answer": "неизученные технологии",
            "count": 1
        },
        {
            "answer": "необходимость отказа от целей",
            "count": 1
        },
        {
            "answer": "непонимание",
            "count": 1
        },
        {
            "answer": "непонятные задачи",
            "count": 1
        },
        {
            "answer": "нереализованные возможности",
            "count": 1
        },
        {
            "answer": "нерешённые вопросы",
            "count": 1
        },
        {
            "answer": "нестабильность",
            "count": 1
        },
        {
            "answer": "нет повышения",
            "count": 1
        },
        {
            "answer": "новые вызовы и перемены",
            "count": 1
        },
        {
            "answer": "новые задачи",
            "count": 1
        },
        {
            "answer": "нужно спать",
            "count": 3
        },
        {
            "answer": "о.п. щербакова",
            "count": 1
        },
        {
            "answer": "щербакова о.п.",
            "count": 1
        },
        {
            "answer": "щербакова ольга петровна",
            "count": 1
        },
        {
            "answer": "обэд",
            "count": 1
        },
        {
            "answer": "ольга петровна щербакова",
            "count": 1
        },
        {
            "answer": "ограничения",
            "count": 1
        },
        {
            "answer": "окружение",
            "count": 1
        },
        {
            "answer": "отсутствие жилья",
            "count": 1
        },
        {
            "answer": "отсутствие информации",
            "count": 1
        },
        {
            "answer": "отсутствие опыта",
            "count": 1
        },
        {
            "answer": "отсутствие препятствий",
            "count": 1
        },
        {
            "answer": "отсутствие свободного времени",
            "count": 1
        },
        {
            "answer": "первая пара",
            "count": 1
        },
        {
            "answer": "переезд в новую страну",
            "count": 1
        },
        {
            "answer": "планирование",
            "count": 1
        },
        {
            "answer": "побороть себя",
            "count": 1
        },
        {
            "answer": "побороть собственную лень",
            "count": 1
        },
        {
            "answer": "подготовка к олимпиадам",
            "count": 1
        },
        {
            "answer": "поиск новых решений",
            "count": 1
        },
        {
            "answer": "получение научной степени",
            "count": 1
        },
        {
            "answer": "постановка эксперимента",
            "count": 1
        },
        {
            "answer": "поступление",
            "count": 2
        },
        {
            "answer": "поступление на бютжет",
            "count": 1
        },
        {
            "answer": "практика",
            "count": 1
        },
        {
            "answer": "преодоление санкций",
            "count": 1
        },
        {
            "answer": "препятствие",
            "count": 1
        },
        {
            "answer": "препятствие - наличие препятси",
            "count": 1
        },
        {
            "answer": "препятствие не может вдохновит",
            "count": 1
        },
        {
            "answer": "препятствия не вдохновляют",
            "count": 1
        },
        {
            "answer": "проблемы науки",
            "count": 1
        },
        {
            "answer": "проблемы с корпорат культурой",
            "count": 1
        },
        {
            "answer": "программирование",
            "count": 1
        },
        {
            "answer": "продвижение за счёт связей",
            "count": 1
        },
        {
            "answer": "проект оптимизации и дебюр",
            "count": 1
        },
        {
            "answer": "прокрастинация",
            "count": 3
        },
        {
            "answer": "просыпаться",
            "count": 1
        },
        {
            "answer": "профессиональный стресс",
            "count": 1
        },
        {
            "answer": "работа",
            "count": 1
        },
        {
            "answer": "работа в лабе до 23:00",
            "count": 1
        },
        {
            "answer": "работа над собой",
            "count": 1
        },
        {
            "answer": "работа с неприятием",
            "count": 1
        },
        {
            "answer": "разбираться в людях",
            "count": 1
        },
        {
            "answer": "развитие",
            "count": 1
        },
        {
            "answer": "рандомность событий",
            "count": 1
        },
        {
            "answer": "разногласия с руководством",
            "count": 1
        },
        {
            "answer": "расскажи о главном",
            "count": 1
        },
        {
            "answer": "расстояние",
            "count": 1
        },
        {
            "answer": "решение нестандартной задачи",
            "count": 1
        },
        {
            "answer": "решение сложных задач",
            "count": 1
        },
        {
            "answer": "росатом",
            "count": 1
        },
        {
            "answer": "рсо",
            "count": 12
        },
        {
            "answer": "самодисциплина",
            "count": 1
        },
        {
            "answer": "самообладание",
            "count": 1
        },
        {
            "answer": "санкции",
            "count": 2
        },
        {
            "answer": "свой предел отток персонала",
            "count": 1
        },
        {
            "answer": "сделать зарядку после сна",
            "count": 1
        },
        {
            "answer": "сделать то что не могут други",
            "count": 1
        },
        {
            "answer": "сессия",
            "count": 17
        },
        {
            "answer": "сисечки",
            "count": 3
        },
        {
            "answer": "система",
            "count": 1
        },
        {
            "answer": "система_образования",
            "count": 1
        },
        {
            "answer": "ситуация в мире",
            "count": 1
        },
        {
            "answer": "ситуация в стране",
            "count": 1
        },
        {
            "answer": "скорость изменений",
            "count": 1
        },
        {
            "answer": "сложности в мире",
            "count": 1
        },
        {
            "answer": "сложность решения проблемы",
            "count": 1
        },
        {
            "answer": "смена обстановки",
            "count": 1
        },
        {
            "answer": "создание всего с нуля",
            "count": 1
        },
        {
            "answer": "сон",
            "count": 3
        },
        {
            "answer": "сопротивление изменениям",
            "count": 1
        },
        {
            "answer": "сопротивление коллег",
            "count": 1
        },
        {
            "answer": "спать два часа",
            "count": 1
        },
        {
            "answer": "спать хочется",
            "count": 1
        },
        {
            "answer": "старость",
            "count": 1
        },
        {
            "answer": "стать президентом",
            "count": 1
        },
        {
            "answer": "страх",
            "count": 3
        },
        {
            "answer": "страх потери близких",
            "count": 1
        },
        {
            "answer": "технологический суверенитет",
            "count": 1
        },
        {
            "answer": "то что до меня никто не делал",
            "count": 1
        },
        {
            "answer": "ториевый цикл",
            "count": 1
        },
        {
            "answer": "травма ноги",
            "count": 1
        },
        {
            "answer": "ты не сможешь",
            "count": 1
        },
        {
            "answer": "увеличение условия жизни",
            "count": 1
        },
        {
            "answer": "умение находить компромиссы",
            "count": 1
        },
        {
            "answer": "универ",
            "count": 1
        },
        {
            "answer": "успех",
            "count": 1
        },
        {
            "answer": "учеба",
            "count": 1
        },
        {
            "answer": "учёба",
            "count": 1
        },
        {
            "answer": "учится жить по новому",
            "count": 1
        },
        {
            "answer": "формализм",
            "count": 1
        },
        {
            "answer": "холод",
            "count": 1
        },
        {
            "answer": "цели",
            "count": 1
        },
        {
            "answer": "холодное море",
            "count": 1
        },
        {
            "answer": "цели устойчивого развития",
            "count": 20
        },
        {
            "answer": "цур",
            "count": 1
        },
        {
            "answer": "цены",
            "count": 4
        },
        {
            "answer": "человеческая глупость",
            "count": 1
        },
        {
            "answer": "чужая сила",
            "count": 1
        },
        {
            "answer": "чужие ошибки",
            "count": 1
        },
        {
            "answer": "чужое мнение",
            "count": 1
        },
        {
            "answer": "экзамены",
            "count": 2
        },
        {
            "answer": "экология",
            "count": 1
        },
        {
            "answer": "юниоры росатома",
            "count": 1
        },
        {
            "answer": "юху",
            "count": 1
        },
        {
            "answer": "я",
            "count": 2
        },
        {
            "answer": "я сам",
            "count": 1
        }
    ]
}