{
    "id": 27503,
    "question": "Какой лидер актуален сегодня для вас?",
    "answers": [
        {
            "answer": "авторитетный",
            "count": 3
        },
        {
            "answer": "адаптивный",
            "count": 1
        },
        {
            "answer": "адаптируемый",
            "count": 2
        },
        {
            "answer": "быстробучаемый",
            "count": 1
        },
        {
            "answer": "быстрообучаемый",
            "count": 3
        },
        {
            "answer": "быстрообучающийся",
            "count": 1
        },
        {
            "answer": "адекватный",
            "count": 8
        },
        {
            "answer": "благоразумный",
            "count": 1
        },
        {
            "answer": "азартный",
            "count": 1
        },
        {
            "answer": "активный",
            "count": 8
        },
        {
            "answer": "деятельный",
            "count": 1
        },
        {
            "answer": "проактивный",
            "count": 3
        },
        {
            "answer": "актуальный",
            "count": 2
        },
        {
            "answer": "амбициозный",
            "count": 6
        },
        {
            "answer": "аналитик",
            "count": 1
        },
        {
            "answer": "атомный",
            "count": 1
        },
        {
            "answer": "берет ответственность",
            "count": 1
        },
        {
            "answer": "берущий ответственность за ком",
            "count": 1
        },
        {
            "answer": "готовый брать ответственность",
            "count": 1
        },
        {
            "answer": "готовый взять ответсвенность",
            "count": 1
        },
        {
            "answer": "отвественный",
            "count": 2
        },
        {
            "answer": "ответсвенный",
            "count": 1
        },
        {
            "answer": "ответственность",
            "count": 1
        },
        {
            "answer": "ответственный",
            "count": 115
        },
        {
            "answer": "бесчеловечный",
            "count": 1
        },
        {
            "answer": "богатый",
            "count": 1
        },
        {
            "answer": "болеющий целью",
            "count": 1
        },
        {
            "answer": "борцовый",
            "count": 1
        },
        {
            "answer": "вах какой лидер",
            "count": 2
        },
        {
            "answer": "вах какой лидер!",
            "count": 1
        },
        {
            "answer": "вдохновляющий",
            "count": 18
        },
        {
            "answer": "зажигающий",
            "count": 1
        },
        {
            "answer": "заряжающий",
            "count": 1
        },
        {
            "answer": "мотивирующие",
            "count": 1
        },
        {
            "answer": "мотивирующий",
            "count": 13
        },
        {
            "answer": "ведущий",
            "count": 1
        },
        {
            "answer": "готов вести за собой",
            "count": 1
        },
        {
            "answer": "который ведёт за собой",
            "count": 1
        },
        {
            "answer": "лидирующий",
            "count": 1
        },
        {
            "answer": "стимулирующий",
            "count": 2
        },
        {
            "answer": "веселый",
            "count": 1
        },
        {
            "answer": "весёлый",
            "count": 1
        },
        {
            "answer": "видит за горизонты",
            "count": 1
        },
        {
            "answer": "дальновидный",
            "count": 1
        },
        {
            "answer": "внимательный",
            "count": 10
        },
        {
            "answer": "вовлекающий",
            "count": 3
        },
        {
            "answer": "вовлеченный",
            "count": 4
        },
        {
            "answer": "заинтересованный",
            "count": 3
        },
        {
            "answer": "интересующийся",
            "count": 1
        },
        {
            "answer": "вовлеченный и вовлекающий",
            "count": 3
        },
        {
            "answer": "выносливый",
            "count": 1
        },
        {
            "answer": "гибкий",
            "count": 45
        },
        {
            "answer": "гибким",
            "count": 1
        },
        {
            "answer": "гибкость",
            "count": 1
        },
        {
            "answer": "гибкий человечный",
            "count": 1
        },
        {
            "answer": "горящий",
            "count": 2
        },
        {
            "answer": "готов помогать команде",
            "count": 1
        },
        {
            "answer": "готовый к жертве",
            "count": 1
        },
        {
            "answer": "готовый к переменам",
            "count": 1
        },
        {
            "answer": "готовый к саморазвитию",
            "count": 1
        },
        {
            "answer": "грамотный",
            "count": 1
        },
        {
            "answer": "движовый",
            "count": 1
        },
        {
            "answer": "демократичный",
            "count": 1
        },
        {
            "answer": "держащий удар",
            "count": 1
        },
        {
            "answer": "держит удар/устойчивый",
            "count": 1
        },
        {
            "answer": "стойкий",
            "count": 1
        },
        {
            "answer": "диктующий",
            "count": 1
        },
        {
            "answer": "динамичный",
            "count": 1
        },
        {
            "answer": "дипломатичный",
            "count": 3
        },
        {
            "answer": "дисциплинированный",
            "count": 2
        },
        {
            "answer": "организованный",
            "count": 3
        },
        {
            "answer": "добродушный",
            "count": 1
        },
        {
            "answer": "добрый",
            "count": 6
        },
        {
            "answer": "достойный",
            "count": 1
        },
        {
            "answer": "доступный",
            "count": 4
        },
        {
            "answer": "драйвовый",
            "count": 1
        },
        {
            "answer": "дружелюбный",
            "count": 1
        },
        {
            "answer": "евгений герасимов",
            "count": 1
        },
        {
            "answer": "егор",
            "count": 1
        },
        {
            "answer": "елена якуничкина",
            "count": 1
        },
        {
            "answer": "жизнерадостный",
            "count": 4
        },
        {
            "answer": "заботливый",
            "count": 7
        },
        {
            "answer": "заводила",
            "count": 1
        },
        {
            "answer": "защищает команду",
            "count": 2
        },
        {
            "answer": "командозащищающий",
            "count": 1
        },
        {
            "answer": "знающий",
            "count": 2
        },
        {
            "answer": "знающий язык рабочих",
            "count": 1
        },
        {
            "answer": "зрелый",
            "count": 1
        },
        {
            "answer": "идейный",
            "count": 8
        },
        {
            "answer": "изобретательный",
            "count": 5
        },
        {
            "answer": "инициативный",
            "count": 3
        },
        {
            "answer": "инновационный",
            "count": 3
        },
        {
            "answer": "иновационный",
            "count": 1
        },
        {
            "answer": "новатор",
            "count": 1
        },
        {
            "answer": "интеллектуальный",
            "count": 1
        },
        {
            "answer": "умный",
            "count": 23
        },
        {
            "answer": "интересный",
            "count": 1
        },
        {
            "answer": "искрений",
            "count": 1
        },
        {
            "answer": "искренне",
            "count": 1
        },
        {
            "answer": "искренний",
            "count": 1
        },
        {
            "answer": "правдивый",
            "count": 1
        },
        {
            "answer": "исполнительный",
            "count": 4
        },
        {
            "answer": "камуникабельный",
            "count": 1
        },
        {
            "answer": "коммуникабельный",
            "count": 27
        },
        {
            "answer": "коммуникабельный",
            "count": 1
        },
        {
            "answer": "коммуникативный",
            "count": 1
        },
        {
            "answer": "комуникабельный",
            "count": 4
        },
        {
            "answer": "комуникативный",
            "count": 1
        },
        {
            "answer": "общительный",
            "count": 3
        },
        {
            "answer": "когнитивно гибкий",
            "count": 1
        },
        {
            "answer": "когнитивно гибкий!!!!",
            "count": 1
        },
        {
            "answer": "когнитивно-гибкий",
            "count": 1
        },
        {
            "answer": "комбинированный",
            "count": 1
        },
        {
            "answer": "коммунистический",
            "count": 1
        },
        {
            "answer": "компетентен",
            "count": 1
        },
        {
            "answer": "компетентный",
            "count": 9
        },
        {
            "answer": "компитетный",
            "count": 1
        },
        {
            "answer": "комплексный",
            "count": 1
        },
        {
            "answer": "конкретный",
            "count": 1
        },
        {
            "answer": "консервативный",
            "count": 1
        },
        {
            "answer": "координирующий",
            "count": 4
        },
        {
            "answer": "кофейный",
            "count": 3
        },
        {
            "answer": "красивый",
            "count": 2
        },
        {
            "answer": "красноречивый",
            "count": 1
        },
        {
            "answer": "оратор",
            "count": 1
        },
        {
            "answer": "умеющий говорить",
            "count": 1
        },
        {
            "answer": "креативный",
            "count": 7
        },
        {
            "answer": "творческий",
            "count": 2
        },
        {
            "answer": "крутой",
            "count": 2
        },
        {
            "answer": "культурный",
            "count": 4
        },
        {
            "answer": "кучерявый",
            "count": 1
        },
        {
            "answer": "лена константинова",
            "count": 3
        },
        {
            "answer": "ленин",
            "count": 1
        },
        {
            "answer": "ленских андрей",
            "count": 1
        },
        {
            "answer": "логичный",
            "count": 1
        },
        {
            "answer": "любящий",
            "count": 1
        },
        {
            "answer": "максим гревцев",
            "count": 3
        },
        {
            "answer": "максимовый",
            "count": 1
        },
        {
            "answer": "максимогревцевый",
            "count": 1
        },
        {
            "answer": "марина",
            "count": 7
        },
        {
            "answer": "медийный",
            "count": 1
        },
        {
            "answer": "милый",
            "count": 1
        },
        {
            "answer": "многознающий",
            "count": 1
        },
        {
            "answer": "мобилизирующий",
            "count": 1
        },
        {
            "answer": "мобилизующий",
            "count": 5
        },
        {
            "answer": "мобильный",
            "count": 1
        },
        {
            "answer": "молодой",
            "count": 1
        },
        {
            "answer": "мудрый",
            "count": 11
        },
        {
            "answer": "мудрый + умный",
            "count": 1
        },
        {
            "answer": "на зазнающийся",
            "count": 1
        },
        {
            "answer": "на одной волне",
            "count": 1
        },
        {
            "answer": "надежный",
            "count": 4
        },
        {
            "answer": "надёжный",
            "count": 2
        },
        {
            "answer": "настойчивость",
            "count": 1
        },
        {
            "answer": "настойчивый",
            "count": 4
        },
        {
            "answer": "настойчыввй",
            "count": 1
        },
        {
            "answer": "находчивый",
            "count": 3
        },
        {
            "answer": "нацеленный на результат",
            "count": 2
        },
        {
            "answer": "ориентированный на результат",
            "count": 2
        },
        {
            "answer": "ориентируемый на результат",
            "count": 1
        },
        {
            "answer": "не льющий воду",
            "count": 1
        },
        {
            "answer": "не никита гнеушев",
            "count": 1
        },
        {
            "answer": "не пунктуальный",
            "count": 3
        },
        {
            "answer": "неленский",
            "count": 8
        },
        {
            "answer": "неотступный",
            "count": 1
        },
        {
            "answer": "неравнодушный",
            "count": 4
        },
        {
            "answer": "обаятельный",
            "count": 1
        },
        {
            "answer": "объединяющий",
            "count": 1
        },
        {
            "answer": "объективный",
            "count": 4
        },
        {
            "answer": "обьединяющий",
            "count": 1
        },
        {
            "answer": "оптимистичный",
            "count": 3
        },
        {
            "answer": "позитивный",
            "count": 4
        },
        {
            "answer": "опытный",
            "count": 2
        },
        {
            "answer": "организующий",
            "count": 1
        },
        {
            "answer": "осведомлённый",
            "count": 1
        },
        {
            "answer": "осознанный",
            "count": 3
        },
        {
            "answer": "отзывчивый",
            "count": 1
        },
        {
            "answer": "открытый",
            "count": 7
        },
        {
            "answer": "открытый к новому",
            "count": 1
        },
        {
            "answer": "офигенный",
            "count": 1
        },
        {
            "answer": "ох--енный",
            "count": 1
        },
        {
            "answer": "павел немков",
            "count": 1
        },
        {
            "answer": "патриотичный",
            "count": 1
        },
        {
            "answer": "перспективный",
            "count": 1
        },
        {
            "answer": "поддерживающий",
            "count": 3
        },
        {
            "answer": "политичный",
            "count": 1
        },
        {
            "answer": "понимающий",
            "count": 19
        },
        {
            "answer": "понимающий и разделяющий",
            "count": 1
        },
        {
            "answer": "понятливый",
            "count": 4
        },
        {
            "answer": "понятный",
            "count": 3
        },
        {
            "answer": "последовательный",
            "count": 1
        },
        {
            "answer": "преданный",
            "count": 4
        },
        {
            "answer": "пример во всем для всех",
            "count": 1
        },
        {
            "answer": "экспертный",
            "count": 2
        },
        {
            "answer": "принципиальный",
            "count": 1
        },
        {
            "answer": "принципиальный (верен себе)",
            "count": 1
        },
        {
            "answer": "причастный",
            "count": 1
        },
        {
            "answer": "пробивной",
            "count": 4
        },
        {
            "answer": "прогрессивный",
            "count": 3
        },
        {
            "answer": "прозрачный",
            "count": 1
        },
        {
            "answer": "проницательный",
            "count": 3
        },
        {
            "answer": "прорицательный",
            "count": 4
        },
        {
            "answer": "простой в общении",
            "count": 1
        },
        {
            "answer": "профессиональный",
            "count": 2
        },
        {
            "answer": "прямолинейный",
            "count": 1
        },
        {
            "answer": "пунктуальный",
            "count": 8
        },
        {
            "answer": "путин",
            "count": 2
        },
        {
            "answer": "путинистмческий",
            "count": 1
        },
        {
            "answer": "работаюший",
            "count": 1
        },
        {
            "answer": "работоспособный",
            "count": 1
        },
        {
            "answer": "равноправный",
            "count": 1
        },
        {
            "answer": "разносторонний",
            "count": 4
        },
        {
            "answer": "рассудительный",
            "count": 1
        },
        {
            "answer": "рациональный",
            "count": 2
        },
        {
            "answer": "расчетливый",
            "count": 1
        },
        {
            "answer": "результативный",
            "count": 9
        },
        {
            "answer": "ресурсный",
            "count": 1
        },
        {
            "answer": "решительный",
            "count": 17
        },
        {
            "answer": "решительный,",
            "count": 1
        },
        {
            "answer": "россии",
            "count": 1
        },
        {
            "answer": "с интуицией",
            "count": 1
        },
        {
            "answer": "с развитой интуицией",
            "count": 1
        },
        {
            "answer": "с широким кругозором",
            "count": 1
        },
        {
            "answer": "эрудированный",
            "count": 5
        },
        {
            "answer": "самоуверенный",
            "count": 1
        },
        {
            "answer": "самоотверженней",
            "count": 1
        },
        {
            "answer": "самоотверженный",
            "count": 5
        },
        {
            "answer": "свой в доску",
            "count": 1
        },
        {
            "answer": "свой парень",
            "count": 1
        },
        {
            "answer": "святой",
            "count": 1
        },
        {
            "answer": "сдержанный",
            "count": 1
        },
        {
            "answer": "сексуальный",
            "count": 2
        },
        {
            "answer": "серьезный",
            "count": 1
        },
        {
            "answer": "сильный",
            "count": 6
        },
        {
            "answer": "системный",
            "count": 10
        },
        {
            "answer": "скоординированный",
            "count": 1
        },
        {
            "answer": "слушающий",
            "count": 2
        },
        {
            "answer": "слышащий",
            "count": 12
        },
        {
            "answer": "смекалистый",
            "count": 1
        },
        {
            "answer": "смелый",
            "count": 19
        },
        {
            "answer": "сменяемый",
            "count": 2
        },
        {
            "answer": "смотрящий матом",
            "count": 2
        },
        {
            "answer": "со сваями",
            "count": 1
        },
        {
            "answer": "собразительный",
            "count": 1
        },
        {
            "answer": "сообразительный",
            "count": 1
        },
        {
            "answer": "собранный",
            "count": 1
        },
        {
            "answer": "современный",
            "count": 10
        },
        {
            "answer": "справедливый",
            "count": 13
        },
        {
            "answer": "стабильный",
            "count": 1
        },
        {
            "answer": "сталин",
            "count": 10
        },
        {
            "answer": "сталиноподобный",
            "count": 1
        },
        {
            "answer": "статусный",
            "count": 1
        },
        {
            "answer": "стратегический",
            "count": 1
        },
        {
            "answer": "стресоуточевый,",
            "count": 1
        },
        {
            "answer": "стрессоустойчивый",
            "count": 24
        },
        {
            "answer": "структурный",
            "count": 2
        },
        {
            "answer": "существующий",
            "count": 1
        },
        {
            "answer": "счастливый",
            "count": 1
        },
        {
            "answer": "тактичный",
            "count": 1
        },
        {
            "answer": "терпеливый",
            "count": 1
        },
        {
            "answer": "технологичный",
            "count": 1
        },
        {
            "answer": "толерантный",
            "count": 1
        },
        {
            "answer": "требовательный",
            "count": 1
        },
        {
            "answer": "трезвый",
            "count": 2
        },
        {
            "answer": "трендовость",
            "count": 1
        },
        {
            "answer": "трудолюбивый",
            "count": 3
        },
        {
            "answer": "убедительный",
            "count": 2
        },
        {
            "answer": "уважающий",
            "count": 5
        },
        {
            "answer": "уважающий других",
            "count": 1
        },
        {
            "answer": "уважающий свою команду",
            "count": 1
        },
        {
            "answer": "уважение",
            "count": 1
        },
        {
            "answer": "уверенный",
            "count": 7
        },
        {
            "answer": "уверенный в себе",
            "count": 2
        },
        {
            "answer": "увлечённый",
            "count": 1
        },
        {
            "answer": "удачливый",
            "count": 1
        },
        {
            "answer": "удивительный",
            "count": 1
        },
        {
            "answer": "уместный",
            "count": 1
        },
        {
            "answer": "умнее меня",
            "count": 1
        },
        {
            "answer": "умный яркий сильный",
            "count": 1
        },
        {
            "answer": "уравновешенный",
            "count": 7
        },
        {
            "answer": "устойчивый",
            "count": 1
        },
        {
            "answer": "участливый",
            "count": 1
        },
        {
            "answer": "участный",
            "count": 1
        },
        {
            "answer": "уютный",
            "count": 1
        },
        {
            "answer": "харизма",
            "count": 1
        },
        {
            "answer": "харизматичеый",
            "count": 1
        },
        {
            "answer": "харизматичный",
            "count": 45
        },
        {
            "answer": "хитрый",
            "count": 1
        },
        {
            "answer": "целеустремленный",
            "count": 8
        },
        {
            "answer": "целеустремлённый",
            "count": 5
        },
        {
            "answer": "целеустремлённый вдохновляющий",
            "count": 1
        },
        {
            "answer": "целеустремлённый,",
            "count": 1
        },
        {
            "answer": "целлостный",
            "count": 1
        },
        {
            "answer": "целостный",
            "count": 1
        },
        {
            "answer": "ценящий",
            "count": 1
        },
        {
            "answer": "частично мобилизирующий",
            "count": 1
        },
        {
            "answer": "человек слова",
            "count": 1
        },
        {
            "answer": "человечносмелопонимающий",
            "count": 1
        },
        {
            "answer": "человечный",
            "count": 31
        },
        {
            "answer": "честный",
            "count": 8
        },
        {
            "answer": "четенький",
            "count": 1
        },
        {
            "answer": "член совета юниоров",
            "count": 2
        },
        {
            "answer": "чувствующий",
            "count": 1
        },
        {
            "answer": "чуткий",
            "count": 5
        },
        {
            "answer": "эмпатичный",
            "count": 7
        },
        {
            "answer": "щедрый",
            "count": 2
        },
        {
            "answer": "эмоцианальноустойчивый",
            "count": 1
        },
        {
            "answer": "эмоционально устойчивый",
            "count": 1
        },
        {
            "answer": "эмоциональноустойчивый",
            "count": 1
        },
        {
            "answer": "эмоциональный",
            "count": 1
        },
        {
            "answer": "эмоциональный (лидерство)",
            "count": 1
        },
        {
            "answer": "энергичный",
            "count": 2
        },
        {
            "answer": "эталонный",
            "count": 1
        },
        {
            "answer": "яркий",
            "count": 8
        }
    ]
}