{
    "id": 27501,
    "question": "Какие большие примеры вас сейчас вдохновляют?",
    "answers": [
        {
            "answer": "#трудкрут",
            "count": 1
        },
        {
            "answer": "astra",
            "count": 1
        },
        {
            "answer": "atomic heart",
            "count": 1
        },
        {
            "answer": "atomskills",
            "count": 1
        },
        {
            "answer": "gigachad",
            "count": 1
        },
        {
            "answer": "one piece",
            "count": 1
        },
        {
            "answer": "абмассадоры росатома",
            "count": 1
        },
        {
            "answer": "амбасадоры росатома",
            "count": 1
        },
        {
            "answer": "амбассадоры",
            "count": 1
        },
        {
            "answer": "амбассадоры росатома",
            "count": 19
        },
        {
            "answer": "алексей евгеньевич",
            "count": 3
        },
        {
            "answer": "алексей евгеньевич лихачев",
            "count": 2
        },
        {
            "answer": "генеральный директор",
            "count": 1
        },
        {
            "answer": "лихаев а.е.",
            "count": 1
        },
        {
            "answer": "лихачев",
            "count": 11
        },
        {
            "answer": "лихачёв",
            "count": 4
        },
        {
            "answer": "лихачёв а.е.",
            "count": 1
        },
        {
            "answer": "лихачев алексей евгеньевич",
            "count": 5
        },
        {
            "answer": "лихачёв алексей евгеньевич",
            "count": 1
        },
        {
            "answer": "алексей тонкошкуров",
            "count": 1
        },
        {
            "answer": "аллах",
            "count": 3
        },
        {
            "answer": "бог",
            "count": 1
        },
        {
            "answer": "аллочка шишкина",
            "count": 1
        },
        {
            "answer": "анищук",
            "count": 1
        },
        {
            "answer": "арктика",
            "count": 1
        },
        {
            "answer": "асмолов",
            "count": 1
        },
        {
            "answer": "атомные спецы",
            "count": 1
        },
        {
            "answer": "атомный ледокол",
            "count": 1
        },
        {
            "answer": "атомный проект",
            "count": 1
        },
        {
            "answer": "бпшники",
            "count": 1
        },
        {
            "answer": "бьорндален",
            "count": 1
        },
        {
            "answer": "в любом примере вдохновление",
            "count": 1
        },
        {
            "answer": "ваня дмитриенко",
            "count": 1
        },
        {
            "answer": "верховцев в.н.",
            "count": 1
        },
        {
            "answer": "виктор боярский",
            "count": 1
        },
        {
            "answer": "владимир владимирович путин",
            "count": 1
        },
        {
            "answer": "владимир путин",
            "count": 9
        },
        {
            "answer": "мудрость владимира путина",
            "count": 1
        },
        {
            "answer": "путин",
            "count": 7
        },
        {
            "answer": "путин владимир владимирович",
            "count": 1
        },
        {
            "answer": "волонтеры",
            "count": 2
        },
        {
            "answer": "вызовы страны",
            "count": 1
        },
        {
            "answer": "галя баранова",
            "count": 1
        },
        {
            "answer": "герои книг",
            "count": 1
        },
        {
            "answer": "литературные герои",
            "count": 1
        },
        {
            "answer": "герои фильмов",
            "count": 1
        },
        {
            "answer": "гигабайты данных",
            "count": 1
        },
        {
            "answer": "да",
            "count": 1
        },
        {
            "answer": "данилов сергей альбертович",
            "count": 1
        },
        {
            "answer": "дети росатома",
            "count": 1
        },
        {
            "answer": "директор окбм африкантов",
            "count": 1
        },
        {
            "answer": "дмитрий юрьевич пучков",
            "count": 1
        },
        {
            "answer": "дрожжина",
            "count": 1
        },
        {
            "answer": "друзья",
            "count": 2
        },
        {
            "answer": "евгений",
            "count": 1
        },
        {
            "answer": "евгений герасимов",
            "count": 2
        },
        {
            "answer": "женя",
            "count": 7
        },
        {
            "answer": "егор",
            "count": 14
        },
        {
            "answer": "егорй",
            "count": 1
        },
        {
            "answer": "елена",
            "count": 7
        },
        {
            "answer": "елена якуничкина",
            "count": 2
        },
        {
            "answer": "лена",
            "count": 2
        },
        {
            "answer": "женщины \"атомфлота\"",
            "count": 1
        },
        {
            "answer": "женщины атомного флота",
            "count": 1
        },
        {
            "answer": "женщины атомногофлота",
            "count": 1
        },
        {
            "answer": "личны",
            "count": 1
        },
        {
            "answer": "сам себя",
            "count": 1
        },
        {
            "answer": "я",
            "count": 2
        },
        {
            "answer": "женщины атомной отрасли",
            "count": 1
        },
        {
            "answer": "личный рост",
            "count": 1
        },
        {
            "answer": "женя и елена",
            "count": 1
        },
        {
            "answer": "локшин а.м",
            "count": 1
        },
        {
            "answer": "локшин ам",
            "count": 1
        },
        {
            "answer": "заведующий лаборатории",
            "count": 1
        },
        {
            "answer": "ломоносов",
            "count": 1
        },
        {
            "answer": "зарубежные проекты",
            "count": 3
        },
        {
            "answer": "люди",
            "count": 3
        },
        {
            "answer": "люди вокруг",
            "count": 1
        },
        {
            "answer": "зеленский",
            "count": 1
        },
        {
            "answer": "люди и города",
            "count": 1
        },
        {
            "answer": "игорь 9 стол",
            "count": 3
        },
        {
            "answer": "люди любящие свою работу",
            "count": 1
        },
        {
            "answer": "илон маск",
            "count": 12
        },
        {
            "answer": "люди росатома",
            "count": 9
        },
        {
            "answer": "интегралы",
            "count": 1
        },
        {
            "answer": "макс гревцев",
            "count": 3
        },
        {
            "answer": "максим гревцев",
            "count": 33
        },
        {
            "answer": "камиля юнусова",
            "count": 2
        },
        {
            "answer": "максим михайлов",
            "count": 1
        },
        {
            "answer": "карьерный рост коллеги",
            "count": 1
        },
        {
            "answer": "максим",
            "count": 7
        },
        {
            "answer": "кипящий реактор",
            "count": 1
        },
        {
            "answer": "мама",
            "count": 4
        },
        {
            "answer": "моя мама",
            "count": 3
        },
        {
            "answer": "китай",
            "count": 1
        },
        {
            "answer": "мандрова",
            "count": 1
        },
        {
            "answer": "княгиня ольга",
            "count": 1
        },
        {
            "answer": "маресьев",
            "count": 1
        },
        {
            "answer": "коллеги",
            "count": 1
        },
        {
            "answer": "мари кюри",
            "count": 3
        },
        {
            "answer": "мария кюри",
            "count": 1
        },
        {
            "answer": "мария склодовская-кюри",
            "count": 1
        },
        {
            "answer": "команда дебюр",
            "count": 1
        },
        {
            "answer": "маша зотова",
            "count": 1
        },
        {
            "answer": "команда молодежных лидеров яок",
            "count": 1
        },
        {
            "answer": "медики в пандемию",
            "count": 1
        },
        {
            "answer": "конрад цузе",
            "count": 1
        },
        {
            "answer": "михаил корельский",
            "count": 1
        },
        {
            "answer": "королев",
            "count": 1
        },
        {
            "answer": "михаил семьянинов",
            "count": 3
        },
        {
            "answer": "корпоративная культура росатом",
            "count": 1
        },
        {
            "answer": "многочлен",
            "count": 2
        },
        {
            "answer": "кпи",
            "count": 1
        },
        {
            "answer": "мой папа ❤️❤️❤️",
            "count": 1
        },
        {
            "answer": "отец",
            "count": 1
        },
        {
            "answer": "отец отец отец",
            "count": 1
        },
        {
            "answer": "папа",
            "count": 4
        },
        {
            "answer": "красная плесень",
            "count": 1
        },
        {
            "answer": "мой парень",
            "count": 1
        },
        {
            "answer": "кредит",
            "count": 1
        },
        {
            "answer": "мой руководитель",
            "count": 1
        },
        {
            "answer": "наставник",
            "count": 2
        },
        {
            "answer": "курчатов",
            "count": 2
        },
        {
            "answer": "мой сын",
            "count": 1
        },
        {
            "answer": "ландау",
            "count": 1
        },
        {
            "answer": "молодёжь росатома",
            "count": 1
        },
        {
            "answer": "ледокол открытий 2022",
            "count": 5
        },
        {
            "answer": "муж",
            "count": 2
        },
        {
            "answer": "мэй маск",
            "count": 1
        },
        {
            "answer": "наставники юниоров росатома",
            "count": 5
        },
        {
            "answer": "наставники юниоров росатома ❤️",
            "count": 2
        },
        {
            "answer": "наталья владимировна",
            "count": 36
        },
        {
            "answer": "научные исследования",
            "count": 1
        },
        {
            "answer": "научный руководитель",
            "count": 1
        },
        {
            "answer": "не у меня одного проблемы",
            "count": 1
        },
        {
            "answer": "ник вуйчич",
            "count": 1
        },
        {
            "answer": "никипелов ав",
            "count": 1
        },
        {
            "answer": "никола тесла",
            "count": 1
        },
        {
            "answer": "нил тг яэу",
            "count": 1
        },
        {
            "answer": "отвага наших ребят в сво",
            "count": 1
        },
        {
            "answer": "павел дуров",
            "count": 1
        },
        {
            "answer": "павел немков",
            "count": 11
        },
        {
            "answer": "патэс",
            "count": 1
        },
        {
            "answer": "паша",
            "count": 3
        },
        {
            "answer": "перспективы развития",
            "count": 1
        },
        {
            "answer": "победы коллег",
            "count": 1
        },
        {
            "answer": "позитивный настрой",
            "count": 1
        },
        {
            "answer": "посмотри на меня",
            "count": 1
        },
        {
            "answer": "поступки людей",
            "count": 1
        },
        {
            "answer": "преподаватели",
            "count": 1
        },
        {
            "answer": "проектировщики аэс",
            "count": 1
        },
        {
            "answer": "психически устойчивые люди!",
            "count": 1
        },
        {
            "answer": "путешествия",
            "count": 1
        },
        {
            "answer": "рабочие производства",
            "count": 1
        },
        {
            "answer": "развитие метро москвы",
            "count": 1
        },
        {
            "answer": "рамзан кадыров",
            "count": 1
        },
        {
            "answer": "рбмк 1000",
            "count": 1
        },
        {
            "answer": "ребята из моей команды",
            "count": 1
        },
        {
            "answer": "ритм-400",
            "count": 1
        },
        {
            "answer": "родители",
            "count": 4
        },
        {
            "answer": "росатом",
            "count": 10
        },
        {
            "answer": "росатом лучший",
            "count": 1
        },
        {
            "answer": "российский народ",
            "count": 1
        },
        {
            "answer": "руаль амундсен",
            "count": 1
        },
        {
            "answer": "рудник #6",
            "count": 1
        },
        {
            "answer": "руководство",
            "count": 1
        },
        {
            "answer": "руководство отрасли",
            "count": 1
        },
        {
            "answer": "руслан",
            "count": 2
        },
        {
            "answer": "я в прошлом",
            "count": 1
        },
        {
            "answer": "сахаров",
            "count": 1
        },
        {
            "answer": "свой прогресс",
            "count": 1
        },
        {
            "answer": "семья",
            "count": 3
        },
        {
            "answer": "сильвестр сталлоне",
            "count": 1
        },
        {
            "answer": "слободчук",
            "count": 1
        },
        {
            "answer": "собственные ошибки",
            "count": 1
        },
        {
            "answer": "создатели ремикс-топливп",
            "count": 1
        },
        {
            "answer": "сопромат",
            "count": 1
        },
        {
            "answer": "стандартная модель",
            "count": 14
        },
        {
            "answer": "старики отрядов политеха",
            "count": 6
        },
        {
            "answer": "старики ссо",
            "count": 1
        },
        {
            "answer": "старики студенческих отрядов",
            "count": 1
        },
        {
            "answer": "старшая сестра",
            "count": 1
        },
        {
            "answer": "старший брат",
            "count": 1
        },
        {
            "answer": "стас асафьев",
            "count": 1
        },
        {
            "answer": "стив джобс",
            "count": 1
        },
        {
            "answer": "стивен кинг",
            "count": 1
        },
        {
            "answer": "стивен хокинг",
            "count": 2
        },
        {
            "answer": "столик 28",
            "count": 2
        },
        {
            "answer": "строительство зарубежных аэс",
            "count": 1
        },
        {
            "answer": "строительство ледокола",
            "count": 1
        },
        {
            "answer": "стройка атомного ледокола",
            "count": 1
        },
        {
            "answer": "темченко",
            "count": 1
        },
        {
            "answer": "теоремы коши",
            "count": 1
        },
        {
            "answer": "терентьева",
            "count": 1
        },
        {
            "answer": "терентьева татьяна анатольевна",
            "count": 1
        },
        {
            "answer": "тереньтева татьяна анатольевна",
            "count": 1
        },
        {
            "answer": "тимофей",
            "count": 2
        },
        {
            "answer": "тимофей ермаков",
            "count": 2
        },
        {
            "answer": "тимофей и станислав",
            "count": 7
        },
        {
            "answer": "тимофей-станислав",
            "count": 1
        },
        {
            "answer": "тригонометрия",
            "count": 10
        },
        {
            "answer": "умные люди",
            "count": 1
        },
        {
            "answer": "успешный человек в бизнесе",
            "count": 1
        },
        {
            "answer": "участники \"большой перемены\"",
            "count": 1
        },
        {
            "answer": "федоров евгений юрьевич",
            "count": 3
        },
        {
            "answer": "физики-ядерщики",
            "count": 1
        },
        {
            "answer": "финалисты прошлого года",
            "count": 2
        },
        {
            "answer": "целеустремленные",
            "count": 1
        },
        {
            "answer": "человек года (попкова❤️)",
            "count": 1
        },
        {
            "answer": "человек играющий на органе",
            "count": 1
        },
        {
            "answer": "чистая_арктика",
            "count": 1
        },
        {
            "answer": "шаманский в.а. згибн",
            "count": 1
        },
        {
            "answer": "эльвира марковцева",
            "count": 1
        },
        {
            "answer": "эля марковцева",
            "count": 4
        },
        {
            "answer": "эльдабаа",
            "count": 1
        },
        {
            "answer": "юлия дрожина",
            "count": 2
        },
        {
            "answer": "юниоры",
            "count": 1
        },
        {
            "answer": "юниоры росатома",
            "count": 7
        },
        {
            "answer": "юниорыросатома",
            "count": 1
        },
        {
            "answer": "японские болельщики на чм",
            "count": 3
        },
        {
            "answer": "ярослав брин",
            "count": 1
        }
    ]
}