{
    "id": 27511,
    "question": "Яркий лидер настоящего это...",
    "answers": [
        {
            "answer": "bts",
            "count": 2
        },
        {
            "answer": "joe biden",
            "count": 1
        },
        {
            "answer": "байден",
            "count": 3
        },
        {
            "answer": "адекватный человек",
            "count": 1
        },
        {
            "answer": "александр македонский",
            "count": 1
        },
        {
            "answer": "алексей евгеньевич лихачёв",
            "count": 1
        },
        {
            "answer": "лихачев",
            "count": 19
        },
        {
            "answer": "лихачёв",
            "count": 6
        },
        {
            "answer": "лихачёв а.е.",
            "count": 1
        },
        {
            "answer": "лихачев алексей евгеньевич",
            "count": 1
        },
        {
            "answer": "лихачёв алексей евгеньевич",
            "count": 2
        },
        {
            "answer": "лихачёв е.а.",
            "count": 1
        },
        {
            "answer": "алина костягина",
            "count": 1
        },
        {
            "answer": "ангела меркель",
            "count": 1
        },
        {
            "answer": "апри",
            "count": 1
        },
        {
            "answer": "в. путин",
            "count": 1
        },
        {
            "answer": "в.в. путин",
            "count": 1
        },
        {
            "answer": "в.п. путин",
            "count": 1
        },
        {
            "answer": "вв",
            "count": 1
        },
        {
            "answer": "вв путин",
            "count": 1
        },
        {
            "answer": "ввп",
            "count": 1
        },
        {
            "answer": "владимир владимирович",
            "count": 3
        },
        {
            "answer": "владимир владимирович путин",
            "count": 5
        },
        {
            "answer": "владимир владимирович пути🇷🇺",
            "count": 1
        },
        {
            "answer": "владимир путин",
            "count": 24
        },
        {
            "answer": "президент",
            "count": 2
        },
        {
            "answer": "путин",
            "count": 106
        },
        {
            "answer": "путин в. в.",
            "count": 3
        },
        {
            "answer": "путин в.в.",
            "count": 3
        },
        {
            "answer": "путин владимир владимирович",
            "count": 1
        },
        {
            "answer": "валерия берия",
            "count": 1
        },
        {
            "answer": "вика",
            "count": 1
        },
        {
            "answer": "внуков руслан)))))))))))",
            "count": 1
        },
        {
            "answer": "герман греф",
            "count": 1
        },
        {
            "answer": "движение вверх",
            "count": 1
        },
        {
            "answer": "дуров",
            "count": 1
        },
        {
            "answer": "евгений герасимов",
            "count": 1
        },
        {
            "answer": "его дело процветает",
            "count": 1
        },
        {
            "answer": "жириновский",
            "count": 5
        },
        {
            "answer": "зеленский",
            "count": 4
        },
        {
            "answer": "иван грозный",
            "count": 1
        },
        {
            "answer": "илон маск",
            "count": 35
        },
        {
            "answer": "илона маск",
            "count": 1
        },
        {
            "answer": "маск",
            "count": 9
        },
        {
            "answer": "илья яшин",
            "count": 1
        },
        {
            "answer": "инновационный",
            "count": 1
        },
        {
            "answer": "иосиф сталин",
            "count": 1
        },
        {
            "answer": "кадыров",
            "count": 2
        },
        {
            "answer": "катя муравьева",
            "count": 2
        },
        {
            "answer": "катя муравьёва",
            "count": 1
        },
        {
            "answer": "ким чен ыр",
            "count": 1
        },
        {
            "answer": "мистер ын",
            "count": 1
        },
        {
            "answer": "кириенко",
            "count": 4
        },
        {
            "answer": "сергей кириенко",
            "count": 1
        },
        {
            "answer": "курчатов",
            "count": 1
        },
        {
            "answer": "ленин",
            "count": 3
        },
        {
            "answer": "ленских андрей",
            "count": 1
        },
        {
            "answer": "локшин а.м.",
            "count": 1
        },
        {
            "answer": "льюис хэмилтон",
            "count": 1
        },
        {
            "answer": "макрон",
            "count": 1
        },
        {
            "answer": "макс гревцев",
            "count": 1
        },
        {
            "answer": "максим гревцев",
            "count": 3
        },
        {
            "answer": "мама",
            "count": 2
        },
        {
            "answer": "мандрова",
            "count": 1
        },
        {
            "answer": "мандрова н.а.",
            "count": 1
        },
        {
            "answer": "мария зотова",
            "count": 1
        },
        {
            "answer": "матвей крючков",
            "count": 1
        },
        {
            "answer": "мау",
            "count": 1
        },
        {
            "answer": "мгу",
            "count": 1
        },
        {
            "answer": "меркель",
            "count": 1
        },
        {
            "answer": "михаил семьянинов",
            "count": 2
        },
        {
            "answer": "мишустин",
            "count": 1
        },
        {
            "answer": "мой начальник",
            "count": 1
        },
        {
            "answer": "мой руководитель",
            "count": 1
        },
        {
            "answer": "мугивара луффи",
            "count": 1
        },
        {
            "answer": "навальный",
            "count": 1
        },
        {
            "answer": "наталья владимировна",
            "count": 9
        },
        {
            "answer": "не знаю",
            "count": 5
        },
        {
            "answer": "нет",
            "count": 3
        },
        {
            "answer": "нет такого",
            "count": 1
        },
        {
            "answer": "нету",
            "count": 1
        },
        {
            "answer": "ника локтионова",
            "count": 1
        },
        {
            "answer": "пастор",
            "count": 1
        },
        {
            "answer": "поваров",
            "count": 1
        },
        {
            "answer": "пригожин евгений",
            "count": 1
        },
        {
            "answer": "рокфеллер",
            "count": 1
        },
        {
            "answer": "росатом",
            "count": 1
        },
        {
            "answer": "россия",
            "count": 1
        },
        {
            "answer": "сергей галицкий",
            "count": 1
        },
        {
            "answer": "си цзинпинь",
            "count": 1
        },
        {
            "answer": "си цзиньпин",
            "count": 2
        },
        {
            "answer": "си цзиньпинь",
            "count": 1
        },
        {
            "answer": "сталин",
            "count": 3
        },
        {
            "answer": "староста",
            "count": 1
        },
        {
            "answer": "стив джобс",
            "count": 1
        },
        {
            "answer": "суворов",
            "count": 1
        },
        {
            "answer": "суровикин",
            "count": 1
        },
        {
            "answer": "тат",
            "count": 1
        },
        {
            "answer": "тимур сулей.",
            "count": 1
        },
        {
            "answer": "то за кем можно идти",
            "count": 1
        },
        {
            "answer": "тот у кого горят глаза",
            "count": 1
        },
        {
            "answer": "феликс юсупов",
            "count": 1
        },
        {
            "answer": "человек идеи и реализации",
            "count": 1
        },
        {
            "answer": "шаман",
            "count": 1
        },
        {
            "answer": "юлий цезарь",
            "count": 1
        },
        {
            "answer": "юрген клопп",
            "count": 1
        },
        {
            "answer": "юрий дудь ❤",
            "count": 1
        },
        {
            "answer": "я",
            "count": 8
        },
        {
            "answer": "я!!",
            "count": 1
        }
    ]
}