{
    "id": 27510,
    "question": "Яркий лидер прошлого это...",
    "answers": [
        {
            "answer": "а. е. лихачев",
            "count": 1
        },
        {
            "answer": "адольф гитлер",
            "count": 1
        },
        {
            "answer": "гитлер",
            "count": 9
        },
        {
            "answer": "александр 2",
            "count": 1
        },
        {
            "answer": "александр iii",
            "count": 1
        },
        {
            "answer": "александр горбатов",
            "count": 1
        },
        {
            "answer": "александр македонский",
            "count": 6
        },
        {
            "answer": "алексеев",
            "count": 1
        },
        {
            "answer": "алиночка костягина",
            "count": 1
        },
        {
            "answer": "антон шипулин",
            "count": 1
        },
        {
            "answer": "берия",
            "count": 2
        },
        {
            "answer": "билл гейтс",
            "count": 1
        },
        {
            "answer": "бисмарк",
            "count": 2
        },
        {
            "answer": "богдан хмельницький",
            "count": 1
        },
        {
            "answer": "вилли брандт",
            "count": 1
        },
        {
            "answer": "витте",
            "count": 1
        },
        {
            "answer": "владимир ильич ленин",
            "count": 1
        },
        {
            "answer": "владимир ленин",
            "count": 1
        },
        {
            "answer": "ленин",
            "count": 50
        },
        {
            "answer": "ленин владимир ильич",
            "count": 1
        },
        {
            "answer": "володин константин арсеньевич",
            "count": 1
        },
        {
            "answer": "гагарин",
            "count": 3
        },
        {
            "answer": "юрий алексеевич",
            "count": 1
        },
        {
            "answer": "юрий гагарин",
            "count": 1
        },
        {
            "answer": "генри форд",
            "count": 6
        },
        {
            "answer": "гермес трисмегист",
            "count": 1
        },
        {
            "answer": "горбачев",
            "count": 1
        },
        {
            "answer": "грозный",
            "count": 1
        },
        {
            "answer": "иван грозный",
            "count": 2
        },
        {
            "answer": "гус хиддинг",
            "count": 1
        },
        {
            "answer": "д'артаньян",
            "count": 1
        },
        {
            "answer": "джон фитцджеральд кеннеди",
            "count": 1
        },
        {
            "answer": "кеннеди",
            "count": 2
        },
        {
            "answer": "диктатор",
            "count": 1
        },
        {
            "answer": "династия романовых",
            "count": 1
        },
        {
            "answer": "доктор лиза",
            "count": 1
        },
        {
            "answer": "екатерина 2",
            "count": 1
        },
        {
            "answer": "екатерина ii",
            "count": 1
        },
        {
            "answer": "елена якуничкина",
            "count": 1
        },
        {
            "answer": "елизавета 2",
            "count": 1
        },
        {
            "answer": "жанна дарк",
            "count": 1
        },
        {
            "answer": "железный человек",
            "count": 1
        },
        {
            "answer": "жириновский",
            "count": 1
        },
        {
            "answer": "застой",
            "count": 1
        },
        {
            "answer": "и.а.винер",
            "count": 1
        },
        {
            "answer": "и.в сталин",
            "count": 1
        },
        {
            "answer": "и.в. сталин",
            "count": 1
        },
        {
            "answer": "иосиф джугашвили",
            "count": 1
        },
        {
            "answer": "иосиф сталин",
            "count": 6
        },
        {
            "answer": "сталин",
            "count": 85
        },
        {
            "answer": "тов. сталин",
            "count": 1
        },
        {
            "answer": "товарищ сталин",
            "count": 1
        },
        {
            "answer": "иисус",
            "count": 2
        },
        {
            "answer": "иисус люди грешны",
            "count": 1
        },
        {
            "answer": "илон маск",
            "count": 1
        },
        {
            "answer": "капица",
            "count": 1
        },
        {
            "answer": "кириенко",
            "count": 2
        },
        {
            "answer": "китами масао",
            "count": 1
        },
        {
            "answer": "коко шанель",
            "count": 1
        },
        {
            "answer": "колчак",
            "count": 1
        },
        {
            "answer": "королев",
            "count": 4
        },
        {
            "answer": "сергей королёв",
            "count": 1
        },
        {
            "answer": "сергей павлович королёв",
            "count": 1
        },
        {
            "answer": "который передал свои знания и",
            "count": 1
        },
        {
            "answer": "кузьма минин",
            "count": 1
        },
        {
            "answer": "курчатов",
            "count": 23
        },
        {
            "answer": "кутузов",
            "count": 4
        },
        {
            "answer": "легенда",
            "count": 1
        },
        {
            "answer": "ленских андрей",
            "count": 1
        },
        {
            "answer": "леонардо да винчи",
            "count": 1
        },
        {
            "answer": "лидер",
            "count": 1
        },
        {
            "answer": "лидер который не выгорел!",
            "count": 1
        },
        {
            "answer": "линкольн",
            "count": 1
        },
        {
            "answer": "мавроди",
            "count": 1
        },
        {
            "answer": "майк тайсон",
            "count": 1
        },
        {
            "answer": "майкл джексон",
            "count": 1
        },
        {
            "answer": "македонский",
            "count": 1
        },
        {
            "answer": "максвелл",
            "count": 1
        },
        {
            "answer": "манделла",
            "count": 1
        },
        {
            "answer": "мао цзэдун",
            "count": 1
        },
        {
            "answer": "мария кюри",
            "count": 1
        },
        {
            "answer": "мартин лютер кинг",
            "count": 1
        },
        {
            "answer": "маршал жуков",
            "count": 1
        },
        {
            "answer": "мой руководитель",
            "count": 1
        },
        {
            "answer": "навальный",
            "count": 1
        },
        {
            "answer": "наполеон",
            "count": 4
        },
        {
            "answer": "наталья владимировна",
            "count": 3
        },
        {
            "answer": "не знаю",
            "count": 2
        },
        {
            "answer": "не определилась",
            "count": 1
        },
        {
            "answer": "немцов",
            "count": 1
        },
        {
            "answer": "николай 2",
            "count": 1
        },
        {
            "answer": "обама",
            "count": 1
        },
        {
            "answer": "оленин ю. а.",
            "count": 1
        },
        {
            "answer": "оленин ю.а.",
            "count": 2
        },
        {
            "answer": "петр",
            "count": 1
        },
        {
            "answer": "петр 1",
            "count": 9
        },
        {
            "answer": "пётр 1",
            "count": 8
        },
        {
            "answer": "петр i",
            "count": 4
        },
        {
            "answer": "петр первый",
            "count": 2
        },
        {
            "answer": "пётр первый",
            "count": 2
        },
        {
            "answer": "петр1",
            "count": 1
        },
        {
            "answer": "пифагор",
            "count": 1
        },
        {
            "answer": "пример подражания",
            "count": 1
        },
        {
            "answer": "путин",
            "count": 5
        },
        {
            "answer": "путин в.в.",
            "count": 1
        },
        {
            "answer": "пушкин",
            "count": 1
        },
        {
            "answer": "распад ссср",
            "count": 1
        },
        {
            "answer": "рузвельт",
            "count": 1
        },
        {
            "answer": "сахаров",
            "count": 2
        },
        {
            "answer": "славский",
            "count": 1
        },
        {
            "answer": "спартак",
            "count": 1
        },
        {
            "answer": "стабильность",
            "count": 1
        },
        {
            "answer": "степан осипович макаров",
            "count": 1
        },
        {
            "answer": "стив джобс",
            "count": 10
        },
        {
            "answer": "столыпин",
            "count": 1
        },
        {
            "answer": "суворов",
            "count": 4
        },
        {
            "answer": "тарас шевченко",
            "count": 1
        },
        {
            "answer": "тим кук",
            "count": 1
        },
        {
            "answer": "томас эдисон",
            "count": 1
        },
        {
            "answer": "тот кого приводят в пример",
            "count": 1
        },
        {
            "answer": "троцкий",
            "count": 1
        },
        {
            "answer": "уже история",
            "count": 1
        },
        {
            "answer": "федель кастро",
            "count": 1
        },
        {
            "answer": "фидель кастро",
            "count": 1
        },
        {
            "answer": "хакамада",
            "count": 1
        },
        {
            "answer": "царь давид",
            "count": 1
        },
        {
            "answer": "цезарь",
            "count": 2
        },
        {
            "answer": "юлий цезарь",
            "count": 4
        },
        {
            "answer": "че",
            "count": 1
        },
        {
            "answer": "че гевара",
            "count": 3
        },
        {
            "answer": "чезаре борджиа",
            "count": 1
        },
        {
            "answer": "человек идеи и реализации",
            "count": 1
        },
        {
            "answer": "человек которого знают",
            "count": 1
        },
        {
            "answer": "черчилль",
            "count": 2
        },
        {
            "answer": "черчиль",
            "count": 4
        },
        {
            "answer": "чичерин",
            "count": 1
        },
        {
            "answer": "шмидт",
            "count": 1
        },
        {
            "answer": "элвис пресли",
            "count": 1
        }
    ]
}