{
    "id": 27599,
    "question": "Какие 3 информационные темы актуальны для молодежи Росатома сегодня?",
    "answers": [
        {
            "answer": "активная",
            "count": 1
        },
        {
            "answer": "активность",
            "count": 1
        },
        {
            "answer": "безразличие",
            "count": 1
        },
        {
            "answer": "бронь",
            "count": 1
        },
        {
            "answer": "вторая волна мобилизации",
            "count": 2
        },
        {
            "answer": "инфо о мобилизации",
            "count": 1
        },
        {
            "answer": "мобилизация",
            "count": 25
        },
        {
            "answer": "мобилизация 2.0",
            "count": 6
        },
        {
            "answer": "бюрократия",
            "count": 1
        },
        {
            "answer": "дебюрократизация",
            "count": 3
        },
        {
            "answer": "видение 2030",
            "count": 3
        },
        {
            "answer": "статус видение 2030",
            "count": 1
        },
        {
            "answer": "статус видения 2030",
            "count": 2
        },
        {
            "answer": "возможности",
            "count": 4
        },
        {
            "answer": "волонтерство",
            "count": 1
        },
        {
            "answer": "волонтеры",
            "count": 1
        },
        {
            "answer": "выгорание",
            "count": 1
        },
        {
            "answer": "город",
            "count": 6
        },
        {
            "answer": "города зато",
            "count": 1
        },
        {
            "answer": "города присутствия",
            "count": 3
        },
        {
            "answer": "деньги",
            "count": 4
        },
        {
            "answer": "деятельность осм",
            "count": 1
        },
        {
            "answer": "результаты деятельности осм",
            "count": 1
        },
        {
            "answer": "друзья",
            "count": 1
        },
        {
            "answer": "жилищная поддержка",
            "count": 1
        },
        {
            "answer": "жилье",
            "count": 1
        },
        {
            "answer": "заинтересованная",
            "count": 1
        },
        {
            "answer": "интересующаяся",
            "count": 1
        },
        {
            "answer": "заработная плата",
            "count": 1
        },
        {
            "answer": "зарплата",
            "count": 4
        },
        {
            "answer": "оплата труда",
            "count": 1
        },
        {
            "answer": "импортозамещение",
            "count": 8
        },
        {
            "answer": "интерес вопрос куда двигаться",
            "count": 1
        },
        {
            "answer": "информационный вакуум",
            "count": 1
        },
        {
            "answer": "отсутсвие информации",
            "count": 1
        },
        {
            "answer": "отсутствие информации",
            "count": 1
        },
        {
            "answer": "ипотека",
            "count": 1
        },
        {
            "answer": "кадровый потенциал",
            "count": 1
        },
        {
            "answer": "как вовлечь",
            "count": 1
        },
        {
            "answer": "картера",
            "count": 1
        },
        {
            "answer": "карьера",
            "count": 43
        },
        {
            "answer": "карьерная перспектива",
            "count": 1
        },
        {
            "answer": "карьерное развитие",
            "count": 1
        },
        {
            "answer": "карьерные возможности",
            "count": 5
        },
        {
            "answer": "карьерные перспективы",
            "count": 7
        },
        {
            "answer": "карьерный ро",
            "count": 1
        },
        {
            "answer": "карьерный рост",
            "count": 7
        },
        {
            "answer": "личное карьерное развитие",
            "count": 1
        },
        {
            "answer": "личные карьерные перспективы",
            "count": 1
        },
        {
            "answer": "карьера и развитие",
            "count": 1
        },
        {
            "answer": "карьера социалка мобилизация",
            "count": 1
        },
        {
            "answer": "когда все это закончится",
            "count": 1
        },
        {
            "answer": "коммуникация",
            "count": 1
        },
        {
            "answer": "личностное развитие",
            "count": 2
        },
        {
            "answer": "материальная мотивация",
            "count": 1
        },
        {
            "answer": "менеджмент",
            "count": 3
        },
        {
            "answer": "молодежная повестка",
            "count": 1
        },
        {
            "answer": "молодежная повестка корпорации",
            "count": 1
        },
        {
            "answer": "молодежные мероприятия",
            "count": 1
        },
        {
            "answer": "мотивация",
            "count": 8
        },
        {
            "answer": "мотивация труда",
            "count": 2
        },
        {
            "answer": "система мотивации",
            "count": 1
        },
        {
            "answer": "мотивация инициатив",
            "count": 1
        },
        {
            "answer": "не активная",
            "count": 1
        },
        {
            "answer": "непрозрачность карьерного план",
            "count": 1
        },
        {
            "answer": "обучение",
            "count": 1
        },
        {
            "answer": "отрицательный рост",
            "count": 1
        },
        {
            "answer": "переход на отечественное по",
            "count": 4
        },
        {
            "answer": "перспективные проекты",
            "count": 1
        },
        {
            "answer": "перспективы",
            "count": 1
        },
        {
            "answer": "перспективы бизнеса",
            "count": 1
        },
        {
            "answer": "перспективы развития",
            "count": 1
        },
        {
            "answer": "программы развития",
            "count": 1
        },
        {
            "answer": "развитие",
            "count": 8
        },
        {
            "answer": "перспективы своего предприятия",
            "count": 1
        },
        {
            "answer": "повышение квалификации",
            "count": 1
        },
        {
            "answer": "подавленность",
            "count": 1
        },
        {
            "answer": "подведение итогов года",
            "count": 1
        },
        {
            "answer": "поддержка",
            "count": 8
        },
        {
            "answer": "поддержка молодых ученых",
            "count": 1
        },
        {
            "answer": "полезность",
            "count": 1
        },
        {
            "answer": "полит состояние россии",
            "count": 1
        },
        {
            "answer": "политическая повестка",
            "count": 6
        },
        {
            "answer": "политическая ситуация",
            "count": 2
        },
        {
            "answer": "политическая ситуация в целом",
            "count": 1
        },
        {
            "answer": "положение проектов асэ",
            "count": 1
        },
        {
            "answer": "признание",
            "count": 1
        },
        {
            "answer": "про результаты",
            "count": 1
        },
        {
            "answer": "программа адаптации",
            "count": 1
        },
        {
            "answer": "продвижение проектов",
            "count": 1
        },
        {
            "answer": "прозрачная карьерная лестница",
            "count": 1
        },
        {
            "answer": "прозрачность бизнеса",
            "count": 1
        },
        {
            "answer": "прозрачность принятия решений",
            "count": 1
        },
        {
            "answer": "развитие компетенций",
            "count": 1
        },
        {
            "answer": "развитие отрасли в целом",
            "count": 1
        },
        {
            "answer": "росатом и сво",
            "count": 6
        },
        {
            "answer": "росатом на мировой арене",
            "count": 1
        },
        {
            "answer": "самореализация",
            "count": 1
        },
        {
            "answer": "светлое будущее",
            "count": 1
        },
        {
            "answer": "сво",
            "count": 17
        },
        {
            "answer": "современные рабочие места",
            "count": 1
        },
        {
            "answer": "соискание ученой степени",
            "count": 1
        },
        {
            "answer": "соискание учёной степени",
            "count": 1
        },
        {
            "answer": "социалка",
            "count": 10
        },
        {
            "answer": "социальная подддержка",
            "count": 1
        },
        {
            "answer": "социальная поддержка",
            "count": 7
        },
        {
            "answer": "социальная поддержки",
            "count": 1
        },
        {
            "answer": "социальная политика",
            "count": 1
        },
        {
            "answer": "социальная сфера",
            "count": 1
        },
        {
            "answer": "социальное обеспечение",
            "count": 1
        },
        {
            "answer": "соцпакет",
            "count": 1
        },
        {
            "answer": "социалка и зп",
            "count": 1
        },
        {
            "answer": "социальная сво карьера",
            "count": 1
        },
        {
            "answer": "спокойное",
            "count": 1
        },
        {
            "answer": "стабильность",
            "count": 1
        },
        {
            "answer": "стоит",
            "count": 1
        },
        {
            "answer": "стратегия",
            "count": 1
        },
        {
            "answer": "стратегия развития отрасли",
            "count": 1
        },
        {
            "answer": "тимбилдинг",
            "count": 1
        },
        {
            "answer": "чем занимаются советы",
            "count": 1
        },
        {
            "answer": "что делает молодежь",
            "count": 1
        },
        {
            "answer": "я в стратегии росатома",
            "count": 1
        }
    ]
}