{
    "id": 27598,
    "question": "Каким словом можно описать состояние молодежи вашего предприятия сегодня?",
    "answers": [
        {
            "answer": "активная",
            "count": 4
        },
        {
            "answer": "активность",
            "count": 1
        },
        {
            "answer": "активные",
            "count": 2
        },
        {
            "answer": "проактивные",
            "count": 1
        },
        {
            "answer": "амбиции",
            "count": 1
        },
        {
            "answer": "апатия",
            "count": 2
        },
        {
            "answer": "аппатия",
            "count": 3
        },
        {
            "answer": "вялая",
            "count": 1
        },
        {
            "answer": "мертвая",
            "count": 2
        },
        {
            "answer": "пассивная",
            "count": 1
        },
        {
            "answer": "пассивное",
            "count": 1
        },
        {
            "answer": "безинициативная",
            "count": 1
        },
        {
            "answer": "безынициативность",
            "count": 2
        },
        {
            "answer": "в  огне",
            "count": 1
        },
        {
            "answer": "в ресурсе",
            "count": 1
        },
        {
            "answer": "вдохновение",
            "count": 1
        },
        {
            "answer": "выгорание",
            "count": 1
        },
        {
            "answer": "усталость",
            "count": 4
        },
        {
            "answer": "демотивироваеное",
            "count": 1
        },
        {
            "answer": "не мотивированность",
            "count": 1
        },
        {
            "answer": "не хватка мотивации",
            "count": 1
        },
        {
            "answer": "для галочки",
            "count": 1
        },
        {
            "answer": "единая команда",
            "count": 1
        },
        {
            "answer": "единство",
            "count": 1
        },
        {
            "answer": "жива",
            "count": 1
        },
        {
            "answer": "замешательство",
            "count": 1
        },
        {
            "answer": "инициативность",
            "count": 1
        },
        {
            "answer": "интересная",
            "count": 1
        },
        {
            "answer": "кайф ❤",
            "count": 1
        },
        {
            "answer": "лучшие💪",
            "count": 1
        },
        {
            "answer": "маленький интерес",
            "count": 1
        },
        {
            "answer": "невовлеченность",
            "count": 1
        },
        {
            "answer": "незаинтересована",
            "count": 1
        },
        {
            "answer": "незаинтересованная",
            "count": 1
        },
        {
            "answer": "равнодушная",
            "count": 1
        },
        {
            "answer": "слабая вовлеченность",
            "count": 1
        },
        {
            "answer": "мало",
            "count": 1
        },
        {
            "answer": "масса",
            "count": 1
        },
        {
            "answer": "меркантильность",
            "count": 1
        },
        {
            "answer": "на волне",
            "count": 1
        },
        {
            "answer": "на те-же грабли",
            "count": 1
        },
        {
            "answer": "наверноепорабежать",
            "count": 1
        },
        {
            "answer": "наглость",
            "count": 1
        },
        {
            "answer": "напряжение",
            "count": 1
        },
        {
            "answer": "напряженный",
            "count": 1
        },
        {
            "answer": "начало",
            "count": 1
        },
        {
            "answer": "рождение",
            "count": 1
        },
        {
            "answer": "свежеиспечённые круассаны",
            "count": 1
        },
        {
            "answer": "становление",
            "count": 1
        },
        {
            "answer": "неизвестность",
            "count": 1
        },
        {
            "answer": "неопределенность",
            "count": 5
        },
        {
            "answer": "непонятное",
            "count": 1
        },
        {
            "answer": "непростое",
            "count": 1
        },
        {
            "answer": "нормальное",
            "count": 1
        },
        {
            "answer": "ок",
            "count": 2
        },
        {
            "answer": "ну такое",
            "count": 1
        },
        {
            "answer": "среднеунылое",
            "count": 1
        },
        {
            "answer": "унылое",
            "count": 1
        },
        {
            "answer": "уныние",
            "count": 1
        },
        {
            "answer": "обновление",
            "count": 1
        },
        {
            "answer": "ожидание",
            "count": 1
        },
        {
            "answer": "ожидание нового",
            "count": 1
        },
        {
            "answer": "оптимизм",
            "count": 1
        },
        {
            "answer": "позитивная",
            "count": 1
        },
        {
            "answer": "отрыв",
            "count": 1
        },
        {
            "answer": "разобщенность",
            "count": 1
        },
        {
            "answer": "разрозненность",
            "count": 1
        },
        {
            "answer": "перегрузка",
            "count": 1
        },
        {
            "answer": "перенасыщенная",
            "count": 1
        },
        {
            "answer": "племя",
            "count": 1
        },
        {
            "answer": "развиваемся но есть проблемы",
            "count": 1
        },
        {
            "answer": "развитие",
            "count": 2
        },
        {
            "answer": "понимание",
            "count": 1
        },
        {
            "answer": "прогрессивные",
            "count": 1
        },
        {
            "answer": "рабочее",
            "count": 1
        },
        {
            "answer": "расцвет",
            "count": 1
        },
        {
            "answer": "ровно",
            "count": 1
        },
        {
            "answer": "ровное",
            "count": 1
        },
        {
            "answer": "самостоятельность",
            "count": 1
        },
        {
            "answer": "скучненько",
            "count": 1
        },
        {
            "answer": "собираемся",
            "count": 1
        },
        {
            "answer": "состояние нестояния",
            "count": 1
        },
        {
            "answer": "спокойные",
            "count": 1
        },
        {
            "answer": "стабильно",
            "count": 1
        },
        {
            "answer": "стабильное",
            "count": 1
        },
        {
            "answer": "стабильность",
            "count": 1
        },
        {
            "answer": "стресс",
            "count": 1
        },
        {
            "answer": "требовательность",
            "count": 1
        },
        {
            "answer": "требующее внимание",
            "count": 1
        },
        {
            "answer": "тревога",
            "count": 2
        },
        {
            "answer": "тревожность",
            "count": 1
        },
        {
            "answer": "уверенность",
            "count": 2
        },
        {
            "answer": "удовлетворённость",
            "count": 1
        },
        {
            "answer": "успешное",
            "count": 1
        },
        {
            "answer": "устали морально",
            "count": 1
        },
        {
            "answer": "хорошее",
            "count": 1
        },
        {
            "answer": "хочу хинкали",
            "count": 1
        }
    ]
}