{
    "id": 27600,
    "question": "Какой информации вам сейчас не хватает?",
    "answers": [
        {
            "answer": "алгоритма что делать",
            "count": 1
        },
        {
            "answer": "бронь",
            "count": 2
        },
        {
            "answer": "быстрой информации",
            "count": 1
        },
        {
            "answer": "вапкансий в отрасли",
            "count": 1
        },
        {
            "answer": "всего",
            "count": 1
        },
        {
            "answer": "всего хватает",
            "count": 16
        },
        {
            "answer": "да хватает",
            "count": 1
        },
        {
            "answer": "инфо хватает но не прозрачно",
            "count": 1
        },
        {
            "answer": "хватает",
            "count": 9
        },
        {
            "answer": "дорожной карты отр мероприятий",
            "count": 1
        },
        {
            "answer": "достижение показ. видения 2030",
            "count": 1
        },
        {
            "answer": "достоверной и понятной",
            "count": 1
        },
        {
            "answer": "единого канала информации",
            "count": 1
        },
        {
            "answer": "информационная безопасность",
            "count": 1
        },
        {
            "answer": "как правильно строить карьеру",
            "count": 1
        },
        {
            "answer": "как строить карьеру",
            "count": 1
        },
        {
            "answer": "карьера",
            "count": 10
        },
        {
            "answer": "плана карьерного развития",
            "count": 2
        },
        {
            "answer": "как реализовать себя?",
            "count": 1
        },
        {
            "answer": "как стать руководителем",
            "count": 1
        },
        {
            "answer": "карьера город",
            "count": 1
        },
        {
            "answer": "карьерного направления",
            "count": 1
        },
        {
            "answer": "карьерное консультирование",
            "count": 1
        },
        {
            "answer": "карьерные возможности",
            "count": 2
        },
        {
            "answer": "карьерные перспективы",
            "count": 1
        },
        {
            "answer": "карьерные перспективы,",
            "count": 1
        },
        {
            "answer": "карьерный рост",
            "count": 2
        },
        {
            "answer": "карьерных возможностей",
            "count": 1
        },
        {
            "answer": "качественной",
            "count": 2
        },
        {
            "answer": "качество и каналы информации",
            "count": 1
        },
        {
            "answer": "обмен опытом с другими городам",
            "count": 1
        },
        {
            "answer": "обучение",
            "count": 1
        },
        {
            "answer": "обучение карьера",
            "count": 1
        },
        {
            "answer": "общего информационного блока",
            "count": 1
        },
        {
            "answer": "перегруз информации",
            "count": 1
        },
        {
            "answer": "переизбыток информации",
            "count": 1
        },
        {
            "answer": "слишком много информации",
            "count": 1
        },
        {
            "answer": "по вакансиям",
            "count": 1
        },
        {
            "answer": "полезной информации",
            "count": 1
        },
        {
            "answer": "политической",
            "count": 1
        },
        {
            "answer": "про мотивацию",
            "count": 1
        },
        {
            "answer": "прозрачной",
            "count": 1
        },
        {
            "answer": "прозрачность роста",
            "count": 1
        },
        {
            "answer": "производственные достижения",
            "count": 1
        },
        {
            "answer": "психологическая поддержка",
            "count": 1
        },
        {
            "answer": "результаты работы сообществ",
            "count": 1
        },
        {
            "answer": "события других дивизионов",
            "count": 1
        },
        {
            "answer": "соц поддержка молодежи",
            "count": 1
        },
        {
            "answer": "способы миграции внутри гк",
            "count": 1
        },
        {
            "answer": "стратегия 2030",
            "count": 1
        },
        {
            "answer": "точечной",
            "count": 1
        },
        {
            "answer": "четких инструкций",
            "count": 2
        },
        {
            "answer": "что будет дальше",
            "count": 1
        },
        {
            "answer": "что и как",
            "count": 1
        },
        {
            "answer": "что твориться в нашей стране!!",
            "count": 1
        }
    ]
}