{
    "id": 27602,
    "question": "Кто для вас является самой вдохновляющей личностью Росатома, как из истории атомной отрасли, так и современности? (укажите фамилию)",
    "answers": [
        {
            "answer": "артёмова виктория",
            "count": 1
        },
        {
            "answer": "африкантов",
            "count": 1
        },
        {
            "answer": "берия",
            "count": 3
        },
        {
            "answer": "в части hr николаева юм",
            "count": 1
        },
        {
            "answer": "в.н. верховцев",
            "count": 1
        },
        {
            "answer": "велихов",
            "count": 1
        },
        {
            "answer": "вернадский",
            "count": 1
        },
        {
            "answer": "викин",
            "count": 1
        },
        {
            "answer": "виктор сидоренко",
            "count": 1
        },
        {
            "answer": "володин",
            "count": 1
        },
        {
            "answer": "дима фомичев",
            "count": 1
        },
        {
            "answer": "завенягин",
            "count": 1
        },
        {
            "answer": "зотова",
            "count": 1
        },
        {
            "answer": "зотова чмок",
            "count": 1
        },
        {
            "answer": "мария зотова",
            "count": 1
        },
        {
            "answer": "и.г.щекин",
            "count": 1
        },
        {
            "answer": "игнатенко",
            "count": 1
        },
        {
            "answer": "игнатов виктор игоревич",
            "count": 1
        },
        {
            "answer": "игорь курчатов",
            "count": 1
        },
        {
            "answer": "курчатов",
            "count": 22
        },
        {
            "answer": "карболин",
            "count": 1
        },
        {
            "answer": "кириенко",
            "count": 12
        },
        {
            "answer": "конюшенко",
            "count": 1
        },
        {
            "answer": "корчагин",
            "count": 3
        },
        {
            "answer": "костюков в.е.",
            "count": 1
        },
        {
            "answer": "кюри",
            "count": 1
        },
        {
            "answer": "лихачев",
            "count": 1
        },
        {
            "answer": "новокшонов",
            "count": 1
        },
        {
            "answer": "сахаров",
            "count": 1
        },
        {
            "answer": "симонова",
            "count": 1
        },
        {
            "answer": "славский",
            "count": 1
        },
        {
            "answer": "тат",
            "count": 1
        },
        {
            "answer": "терентьева",
            "count": 6
        },
        {
            "answer": "терентьева т.а.",
            "count": 1
        },
        {
            "answer": "терентьева татьяна анатольевна",
            "count": 1
        },
        {
            "answer": "трутнев",
            "count": 1
        },
        {
            "answer": "ужакина",
            "count": 2
        },
        {
            "answer": "ужакина юб",
            "count": 1
        },
        {
            "answer": "харизма",
            "count": 2
        },
        {
            "answer": "шаманский в.а.",
            "count": 1
        },
        {
            "answer": "щёлоков",
            "count": 1
        },
        {
            "answer": "я сам",
            "count": 1
        }
    ]
}