{
    "id": 27603,
    "question": "Почему вас вдохновляет этот человек?",
    "answers": [
        {
            "answer": "авторитет",
            "count": 1
        },
        {
            "answer": "активный и инициативный лидер",
            "count": 1
        },
        {
            "answer": "лидер",
            "count": 4
        },
        {
            "answer": "лидер своего времени",
            "count": 1
        },
        {
            "answer": "лидерские качества",
            "count": 1
        },
        {
            "answer": "лидерством",
            "count": 1
        },
        {
            "answer": "борода",
            "count": 1
        },
        {
            "answer": "великий и настоящий",
            "count": 1
        },
        {
            "answer": "вера в своё дело",
            "count": 1
        },
        {
            "answer": "вовлеченность",
            "count": 1
        },
        {
            "answer": "гений 40-х годов",
            "count": 1
        },
        {
            "answer": "глобальная ответственность",
            "count": 1
        },
        {
            "answer": "ответственность за результат",
            "count": 1
        },
        {
            "answer": "дух средмаша на годы!✅",
            "count": 1
        },
        {
            "answer": "искренность",
            "count": 1
        },
        {
            "answer": "масштаб",
            "count": 1
        },
        {
            "answer": "масштабом мысли",
            "count": 1
        },
        {
            "answer": "мирный атом",
            "count": 1
        },
        {
            "answer": "молодец",
            "count": 1
        },
        {
            "answer": "моторчик",
            "count": 1
        },
        {
            "answer": "мужество",
            "count": 1
        },
        {
            "answer": "отвага",
            "count": 1
        },
        {
            "answer": "мужик",
            "count": 4
        },
        {
            "answer": "науч.рук пуска ввэр-210",
            "count": 1
        },
        {
            "answer": "научные открытия",
            "count": 1
        },
        {
            "answer": "обладает харизмой",
            "count": 1
        },
        {
            "answer": "харизма",
            "count": 4
        },
        {
            "answer": "харизмой",
            "count": 1
        },
        {
            "answer": "оперативность",
            "count": 1
        },
        {
            "answer": "опыт и знания",
            "count": 1
        },
        {
            "answer": "основатель",
            "count": 3
        },
        {
            "answer": "первопроходец",
            "count": 9
        },
        {
            "answer": "первопроходец атомной отрасли",
            "count": 1
        },
        {
            "answer": "первопроходец в атомной отрасл",
            "count": 1
        },
        {
            "answer": "создатель отрасли",
            "count": 1
        },
        {
            "answer": "потому",
            "count": 1
        },
        {
            "answer": "преодоление",
            "count": 1
        },
        {
            "answer": "пример",
            "count": 1
        },
        {
            "answer": "проводник",
            "count": 1
        },
        {
            "answer": "прогресс",
            "count": 1
        },
        {
            "answer": "професионал",
            "count": 1
        },
        {
            "answer": "результат",
            "count": 1
        },
        {
            "answer": "результатами своей деятельност",
            "count": 1
        },
        {
            "answer": "результаты",
            "count": 1
        },
        {
            "answer": "репутация",
            "count": 1
        },
        {
            "answer": "самоотверженность",
            "count": 1
        },
        {
            "answer": "сахаров",
            "count": 1
        },
        {
            "answer": "свежесть",
            "count": 1
        },
        {
            "answer": "своими делами",
            "count": 1
        },
        {
            "answer": "сила мысли",
            "count": 1
        },
        {
            "answer": "смог",
            "count": 1
        },
        {
            "answer": "согласна с позицией",
            "count": 1
        },
        {
            "answer": "создали контент на будущее",
            "count": 1
        },
        {
            "answer": "справедливость",
            "count": 1
        },
        {
            "answer": "стойкость",
            "count": 1
        },
        {
            "answer": "супер женщина",
            "count": 1
        },
        {
            "answer": "у курчатова крутая бородка",
            "count": 1
        },
        {
            "answer": "уверенность",
            "count": 1
        },
        {
            "answer": "ужакина умная и красивая",
            "count": 1
        },
        {
            "answer": "ум",
            "count": 1
        },
        {
            "answer": "умный",
            "count": 2
        },
        {
            "answer": "умница",
            "count": 1
        },
        {
            "answer": "управленец",
            "count": 1
        },
        {
            "answer": "успешная",
            "count": 1
        },
        {
            "answer": "харизматичен и целеустремлён",
            "count": 1
        },
        {
            "answer": "человек дела",
            "count": 1
        },
        {
            "answer": "человек с большой буквы",
            "count": 1
        },
        {
            "answer": "человечность",
            "count": 1
        },
        {
            "answer": "человечный",
            "count": 1
        },
        {
            "answer": "честный",
            "count": 1
        },
        {
            "answer": "энергетика",
            "count": 1
        },
        {
            "answer": "энергия",
            "count": 1
        }
    ]
}