{
    "id": 27601,
    "question": "Какие мероприятия за последние 4 года вас вдохновили?",
    "answers": [
        {
            "answer": "atomexpo",
            "count": 1
        },
        {
            "answer": "atomskills",
            "count": 2
        },
        {
            "answer": "атомскилс",
            "count": 2
        },
        {
            "answer": "hr-конференция",
            "count": 1
        },
        {
            "answer": "pro.yaok",
            "count": 1
        },
        {
            "answer": "форум прояок",
            "count": 1
        },
        {
            "answer": "proлюдей",
            "count": 1
        },
        {
            "answer": "skill talk",
            "count": 3
        },
        {
            "answer": "skilltalk",
            "count": 1
        },
        {
            "answer": "steam",
            "count": 1
        },
        {
            "answer": "мероприятия от steam",
            "count": 1
        },
        {
            "answer": "welcomday",
            "count": 1
        },
        {
            "answer": "worldskills kazan 2019",
            "count": 1
        },
        {
            "answer": "атомдрайв",
            "count": 6
        },
        {
            "answer": "атомпрофи",
            "count": 2
        },
        {
            "answer": "атомскилс и хайтек",
            "count": 1
        },
        {
            "answer": "атомслет",
            "count": 1
        },
        {
            "answer": "атомслёт",
            "count": 1
        },
        {
            "answer": "атомспорт",
            "count": 1
        },
        {
            "answer": "атомэкс регион 2022",
            "count": 1
        },
        {
            "answer": "вектор",
            "count": 1
        },
        {
            "answer": "велопробег",
            "count": 1
        },
        {
            "answer": "велопробег на предприятии",
            "count": 1
        },
        {
            "answer": "волонтерство",
            "count": 1
        },
        {
            "answer": "встреча с а.е. лихачевым",
            "count": 1
        },
        {
            "answer": "встреча с лае",
            "count": 2
        },
        {
            "answer": "встреча с лае в 2019 на хайтек",
            "count": 1
        },
        {
            "answer": "встреча с лае сентябрь",
            "count": 1
        },
        {
            "answer": "встреча с лихачевым",
            "count": 1
        },
        {
            "answer": "встреча с лихачевым а. е.",
            "count": 1
        },
        {
            "answer": "встречи с а. е.",
            "count": 1
        },
        {
            "answer": "встреча с терентьевой т.а.",
            "count": 1
        },
        {
            "answer": "гонка дивизионов",
            "count": 2
        },
        {
            "answer": "день донора",
            "count": 2
        },
        {
            "answer": "день информирования",
            "count": 3
        },
        {
            "answer": "день работника атомной промышн",
            "count": 1
        },
        {
            "answer": "дивизиональные",
            "count": 1
        },
        {
            "answer": "добро",
            "count": 1
        },
        {
            "answer": "забег атомных городов",
            "count": 1
        },
        {
            "answer": "запуск global partners network",
            "count": 1
        },
        {
            "answer": "карнавал",
            "count": 3
        },
        {
            "answer": "ковид",
            "count": 2
        },
        {
            "answer": "команда",
            "count": 1
        },
        {
            "answer": "конгресс",
            "count": 2
        },
        {
            "answer": "конгресс лидеров изменений",
            "count": 10
        },
        {
            "answer": "конгресс росатома",
            "count": 4
        },
        {
            "answer": "конкурс «энергетика лидеров»",
            "count": 1
        },
        {
            "answer": "конференция жао",
            "count": 1
        },
        {
            "answer": "конференция команды в воронеже",
            "count": 1
        },
        {
            "answer": "кубок по рационализации",
            "count": 1
        },
        {
            "answer": "кубок росатома",
            "count": 1
        },
        {
            "answer": "ледокол",
            "count": 1
        },
        {
            "answer": "ледокол открытий",
            "count": 1
        },
        {
            "answer": "лидеры россии",
            "count": 1
        },
        {
            "answer": "личная встреча с черниковым аа",
            "count": 1
        },
        {
            "answer": "мероприятия моей организации",
            "count": 1
        },
        {
            "answer": "мобилизация",
            "count": 1
        },
        {
            "answer": "молодежный конгресс 2019",
            "count": 1
        },
        {
            "answer": "мы вместе",
            "count": 1
        },
        {
            "answer": "мывместе",
            "count": 1
        },
        {
            "answer": "научная конференция",
            "count": 1
        },
        {
            "answer": "ничего",
            "count": 1
        },
        {
            "answer": "нтк",
            "count": 3
        },
        {
            "answer": "обучение в укр",
            "count": 1
        },
        {
            "answer": "открытие академии маяк",
            "count": 1
        },
        {
            "answer": "пмэф",
            "count": 1
        },
        {
            "answer": "поездка в атомфлот",
            "count": 1
        },
        {
            "answer": "посвят внииа",
            "count": 1
        },
        {
            "answer": "посвящение в \"марсиане\"",
            "count": 1
        },
        {
            "answer": "праздничный концерт 28.09",
            "count": 1
        },
        {
            "answer": "приёмка 1 серийного ледокола",
            "count": 1
        },
        {
            "answer": "пушистый атом",
            "count": 2
        },
        {
            "answer": "российская энергетическая неде",
            "count": 1
        },
        {
            "answer": "свадьба",
            "count": 1
        },
        {
            "answer": "слет",
            "count": 1
        },
        {
            "answer": "слёт кпи май",
            "count": 1
        },
        {
            "answer": "слёт лидеров в мае",
            "count": 1
        },
        {
            "answer": "слёт лидеров молодёжи",
            "count": 2
        },
        {
            "answer": "слёт молодёжи маиностроительно",
            "count": 1
        },
        {
            "answer": "сочи",
            "count": 1
        },
        {
            "answer": "спартакиада горнорудного",
            "count": 1
        },
        {
            "answer": "таврида-арт",
            "count": 1
        },
        {
            "answer": "танцевальный флешмоб атоммаш",
            "count": 2
        },
        {
            "answer": "техтуры",
            "count": 1
        },
        {
            "answer": "туристический слёт",
            "count": 1
        },
        {
            "answer": "фестиваль \"люди\"",
            "count": 2
        },
        {
            "answer": "фестиваль «люди»",
            "count": 1
        },
        {
            "answer": "форсаж 2019",
            "count": 1
        },
        {
            "answer": "форум мывместе клуб настольных",
            "count": 1
        },
        {
            "answer": "форум волонтёров яок",
            "count": 1
        },
        {
            "answer": "форум энергия снежинск",
            "count": 1
        },
        {
            "answer": "цифровая конференция росатома",
            "count": 1
        },
        {
            "answer": "человек года",
            "count": 6
        },
        {
            "answer": "человек года 2020",
            "count": 1
        },
        {
            "answer": "чемпионат мира по футболу",
            "count": 1
        },
        {
            "answer": "школа лидеров",
            "count": 5
        },
        {
            "answer": "школа лидеров мс",
            "count": 1
        },
        {
            "answer": "школа молодёжного лидера вао",
            "count": 1
        },
        {
            "answer": "экспо-2020",
            "count": 1
        },
        {
            "answer": "этот слет",
            "count": 1
        },
        {
            "answer": "ядерный форум в питере",
            "count": 1
        }
    ]
}