{
    "id": 27613,
    "question": "Ваши ожидания от Карьерного трека?",
    "answers": [
        {
            "answer": "большего",
            "count": 1
        },
        {
            "answer": "вакансии",
            "count": 1
        },
        {
            "answer": "найти место работы",
            "count": 1
        },
        {
            "answer": "найти работу",
            "count": 3
        },
        {
            "answer": "получить приглашение на работу",
            "count": 1
        },
        {
            "answer": "получить работу мечты",
            "count": 1
        },
        {
            "answer": "возможности",
            "count": 1
        },
        {
            "answer": "возможность",
            "count": 1
        },
        {
            "answer": "возможность попасть",
            "count": 1
        },
        {
            "answer": "дальнейшее трудоустройтво",
            "count": 1
        },
        {
            "answer": "поступить на работу в росатом",
            "count": 1
        },
        {
            "answer": "трудоустройства",
            "count": 1
        },
        {
            "answer": "трудоустройство",
            "count": 12
        },
        {
            "answer": "устроиться в росатом",
            "count": 1
        },
        {
            "answer": "гарантии при трудоустройстве",
            "count": 1
        },
        {
            "answer": "где я буду полезен",
            "count": 1
        },
        {
            "answer": "горизонтального движения",
            "count": 1
        },
        {
            "answer": "знакомства",
            "count": 1
        },
        {
            "answer": "нетворкинг",
            "count": 1
        },
        {
            "answer": "связи",
            "count": 2
        },
        {
            "answer": "инструкции",
            "count": 1
        },
        {
            "answer": "информация о вузах",
            "count": 1
        },
        {
            "answer": "как",
            "count": 1
        },
        {
            "answer": "карьера",
            "count": 1
        },
        {
            "answer": "карьера инженера на аэс",
            "count": 1
        },
        {
            "answer": "карьерная траектория",
            "count": 1
        },
        {
            "answer": "определиться с направлением",
            "count": 1
        },
        {
            "answer": "помощь в построении карьеры",
            "count": 1
        },
        {
            "answer": "понимание куда двигаться",
            "count": 1
        },
        {
            "answer": "понять вектор развития до вуза",
            "count": 1
        },
        {
            "answer": "построения карьерного трека",
            "count": 1
        },
        {
            "answer": "узнать развитие в карьере",
            "count": 1
        },
        {
            "answer": "курсы",
            "count": 1
        },
        {
            "answer": "найти своё место в жизни",
            "count": 1
        },
        {
            "answer": "найти себя",
            "count": 2
        },
        {
            "answer": "понять себя",
            "count": 1
        },
        {
            "answer": "найти стажировку",
            "count": 1
        },
        {
            "answer": "оплачиваемая стажировка",
            "count": 2
        },
        {
            "answer": "получить возможность стадировк",
            "count": 1
        },
        {
            "answer": "получить стажировку",
            "count": 2
        },
        {
            "answer": "попасть на стажировку",
            "count": 1
        },
        {
            "answer": "стажировка",
            "count": 3
        },
        {
            "answer": "стажировка в вниихт",
            "count": 1
        },
        {
            "answer": "необходимый опыт во время студ",
            "count": 1
        },
        {
            "answer": "нужен ли мне лично росатом",
            "count": 1
        },
        {
            "answer": "стоит ли работать в росатоме",
            "count": 1
        },
        {
            "answer": "огромные",
            "count": 1
        },
        {
            "answer": "определение своего работодател",
            "count": 1
        },
        {
            "answer": "ответ на вопрос",
            "count": 1
        },
        {
            "answer": "ответ на вопросы",
            "count": 1
        },
        {
            "answer": "ответы на вопросы",
            "count": 2
        },
        {
            "answer": "получение ответов на вопросы",
            "count": 1
        },
        {
            "answer": "четких ответов",
            "count": 1
        },
        {
            "answer": "отдых",
            "count": 1
        },
        {
            "answer": "открытие истинных желаний",
            "count": 1
        },
        {
            "answer": "план",
            "count": 1
        },
        {
            "answer": "план действий",
            "count": 1
        },
        {
            "answer": "побывать на собеседовании",
            "count": 1
        },
        {
            "answer": "пройти собеседование :)",
            "count": 1
        },
        {
            "answer": "собеседование",
            "count": 2
        },
        {
            "answer": "поиск наставника",
            "count": 1
        },
        {
            "answer": "полезная информация",
            "count": 1
        },
        {
            "answer": "понимание перспектив",
            "count": 1
        },
        {
            "answer": "понять каким я буду специалист",
            "count": 1
        },
        {
            "answer": "точное понимание профессии",
            "count": 1
        },
        {
            "answer": "узнать больше о профессии",
            "count": 1
        },
        {
            "answer": "узнать больше про работу",
            "count": 1
        },
        {
            "answer": "практика",
            "count": 2
        },
        {
            "answer": "прохождение практики",
            "count": 1
        },
        {
            "answer": "работа",
            "count": 2
        },
        {
            "answer": "работа",
            "count": 1
        },
        {
            "answer": "разъяснений",
            "count": 1
        },
        {
            "answer": "расшифровка",
            "count": 1
        },
        {
            "answer": "с чего начать карьеру?",
            "count": 1
        },
        {
            "answer": "саморазвитие",
            "count": 1
        },
        {
            "answer": "свободы действий",
            "count": 1
        },
        {
            "answer": "узнать что от меня требуется",
            "count": 1
        },
        {
            "answer": "услышать новое",
            "count": 1
        },
        {
            "answer": "хорошая зарплата",
            "count": 1
        },
        {
            "answer": "хоть что-то полезное для студ",
            "count": 1
        },
        {
            "answer": "целевое обучение",
            "count": 1
        },
        {
            "answer": "что предлагают что могу дать",
            "count": 1
        },
        {
            "answer": "ясность",
            "count": 1
        }
    ]
}