{
    "id": 27614,
    "question": "Чем вы готовы вложиться в процесс для максимальной пользы?",
    "answers": [
        {
            "answer": "вниманием",
            "count": 2
        },
        {
            "answer": "внимательность",
            "count": 1
        },
        {
            "answer": "временем",
            "count": 2
        },
        {
            "answer": "время",
            "count": 3
        },
        {
            "answer": "свое время",
            "count": 1
        },
        {
            "answer": "временем и усилиями",
            "count": 1
        },
        {
            "answer": "свое время и силы",
            "count": 1
        },
        {
            "answer": "все в чем компетентен",
            "count": 1
        },
        {
            "answer": "всем",
            "count": 1
        },
        {
            "answer": "герман",
            "count": 1
        },
        {
            "answer": "душой",
            "count": 2
        },
        {
            "answer": "желанием и трудом",
            "count": 1
        },
        {
            "answer": "креатив",
            "count": 1
        },
        {
            "answer": "любовью",
            "count": 1
        },
        {
            "answer": "мозгами",
            "count": 1
        },
        {
            "answer": "развитием для корпорации трудо",
            "count": 1
        },
        {
            "answer": "способности",
            "count": 1
        },
        {
            "answer": "телом",
            "count": 1
        },
        {
            "answer": "трудом",
            "count": 2
        },
        {
            "answer": "узнавать и знакомиться",
            "count": 1
        },
        {
            "answer": "хорошим настроением",
            "count": 1
        }
    ]
}