{
    "id": 27654,
    "question": "Назовите одно прилагательное, которое ассоциируется у вас с Росатомом",
    "answers": [
        {
            "answer": "sugar mommy",
            "count": 2
        },
        {
            "answer": "атомная",
            "count": 1
        },
        {
            "answer": "атомный",
            "count": 4
        },
        {
            "answer": "аэс",
            "count": 1
        },
        {
            "answer": "безопасность",
            "count": 4
        },
        {
            "answer": "безопасный",
            "count": 10
        },
        {
            "answer": "бесполезный",
            "count": 1
        },
        {
            "answer": "богатый",
            "count": 1
        },
        {
            "answer": "большой",
            "count": 4
        },
        {
            "answer": "внушительный",
            "count": 1
        },
        {
            "answer": "гигантский",
            "count": 1
        },
        {
            "answer": "масштабное",
            "count": 1
        },
        {
            "answer": "масштабность",
            "count": 1
        },
        {
            "answer": "масштабные",
            "count": 1
        },
        {
            "answer": "масштабный",
            "count": 4
        },
        {
            "answer": "монументальный",
            "count": 1
        },
        {
            "answer": "огромная",
            "count": 1
        },
        {
            "answer": "огромный",
            "count": 1
        },
        {
            "answer": "будущее",
            "count": 5
        },
        {
            "answer": "важный",
            "count": 1
        },
        {
            "answer": "вездесущий",
            "count": 1
        },
        {
            "answer": "возможности",
            "count": 3
        },
        {
            "answer": "дающий возможности",
            "count": 1
        },
        {
            "answer": "то что даёт возможность",
            "count": 1
        },
        {
            "answer": "всевозможный",
            "count": 1
        },
        {
            "answer": "всемирный",
            "count": 1
        },
        {
            "answer": "глобальная",
            "count": 1
        },
        {
            "answer": "всеобъемлющий",
            "count": 1
        },
        {
            "answer": "всероссийский",
            "count": 1
        },
        {
            "answer": "высокооплачиваемых",
            "count": 1
        },
        {
            "answer": "достойная зарплата",
            "count": 1
        },
        {
            "answer": "гибкий",
            "count": 1
        },
        {
            "answer": "гибкость",
            "count": 1
        },
        {
            "answer": "госкорпорация",
            "count": 1
        },
        {
            "answer": "государственный",
            "count": 1
        },
        {
            "answer": "градообразующий",
            "count": 1
        },
        {
            "answer": "движение",
            "count": 1
        },
        {
            "answer": "движимый",
            "count": 1
        },
        {
            "answer": "добродушный",
            "count": 1
        },
        {
            "answer": "дружелюбность",
            "count": 1
        },
        {
            "answer": "дружелюбный",
            "count": 2
        },
        {
            "answer": "заинтересованный",
            "count": 1
        },
        {
            "answer": "изобретательный",
            "count": 1
        },
        {
            "answer": "инновации",
            "count": 1
        },
        {
            "answer": "инновационный",
            "count": 1
        },
        {
            "answer": "интересный",
            "count": 1
        },
        {
            "answer": "карьера",
            "count": 2
        },
        {
            "answer": "качественность",
            "count": 1
        },
        {
            "answer": "командный",
            "count": 1
        },
        {
            "answer": "компетентность",
            "count": 1
        },
        {
            "answer": "комфорт",
            "count": 2
        },
        {
            "answer": "корпорация",
            "count": 1
        },
        {
            "answer": "красивый",
            "count": 2
        },
        {
            "answer": "крутой",
            "count": 1
        },
        {
            "answer": "лучший",
            "count": 2
        },
        {
            "answer": "суперский",
            "count": 1
        },
        {
            "answer": "любимый",
            "count": 1
        },
        {
            "answer": "любовь",
            "count": 2
        },
        {
            "answer": "люди",
            "count": 1
        },
        {
            "answer": "масштаб",
            "count": 1
        },
        {
            "answer": "мирный атом",
            "count": 1
        },
        {
            "answer": "многообразный",
            "count": 1
        },
        {
            "answer": "разнообразие",
            "count": 1
        },
        {
            "answer": "разносторонний",
            "count": 2
        },
        {
            "answer": "молниеносное",
            "count": 1
        },
        {
            "answer": "молодежь",
            "count": 1
        },
        {
            "answer": "мощность",
            "count": 1
        },
        {
            "answer": "мощный",
            "count": 3
        },
        {
            "answer": "надежное",
            "count": 1
        },
        {
            "answer": "надежность",
            "count": 7
        },
        {
            "answer": "надёжность",
            "count": 4
        },
        {
            "answer": "надежный",
            "count": 13
        },
        {
            "answer": "надёжный",
            "count": 5
        },
        {
            "answer": "надоедливый",
            "count": 1
        },
        {
            "answer": "направленный",
            "count": 1
        },
        {
            "answer": "наука",
            "count": 2
        },
        {
            "answer": "научное",
            "count": 2
        },
        {
            "answer": "научный",
            "count": 1
        },
        {
            "answer": "организованный",
            "count": 1
        },
        {
            "answer": "основа материи",
            "count": 1
        },
        {
            "answer": "ответственность",
            "count": 1
        },
        {
            "answer": "отзывчивые",
            "count": 1
        },
        {
            "answer": "открытый",
            "count": 4
        },
        {
            "answer": "перспективность",
            "count": 3
        },
        {
            "answer": "перспективный",
            "count": 7
        },
        {
            "answer": "перспективы",
            "count": 1
        },
        {
            "answer": "поддерживающий",
            "count": 1
        },
        {
            "answer": "постоянный",
            "count": 1
        },
        {
            "answer": "потенциал",
            "count": 1
        },
        {
            "answer": "престижный",
            "count": 1
        },
        {
            "answer": "прогресс",
            "count": 2
        },
        {
            "answer": "прогрессивный",
            "count": 4
        },
        {
            "answer": "прорыв",
            "count": 1
        },
        {
            "answer": "развивающийся",
            "count": 2
        },
        {
            "answer": "развитие",
            "count": 4
        },
        {
            "answer": "промышленность",
            "count": 1
        },
        {
            "answer": "профессионализм",
            "count": 1
        },
        {
            "answer": "профессиональный",
            "count": 1
        },
        {
            "answer": "работа",
            "count": 1
        },
        {
            "answer": "родной",
            "count": 1
        },
        {
            "answer": "светлое будущее",
            "count": 1
        },
        {
            "answer": "семейный",
            "count": 1
        },
        {
            "answer": "сила",
            "count": 1
        },
        {
            "answer": "современный",
            "count": 5
        },
        {
            "answer": "социальноориентированный",
            "count": 1
        },
        {
            "answer": "стабильность",
            "count": 7
        },
        {
            "answer": "стабильный",
            "count": 8
        },
        {
            "answer": "стабтльность",
            "count": 1
        },
        {
            "answer": "стратегичный",
            "count": 1
        },
        {
            "answer": "твердый",
            "count": 1
        },
        {
            "answer": "технолгично",
            "count": 1
        },
        {
            "answer": "технологичный",
            "count": 3
        },
        {
            "answer": "улучшение",
            "count": 1
        },
        {
            "answer": "умный",
            "count": 2
        },
        {
            "answer": "успешность",
            "count": 1
        },
        {
            "answer": "успешный",
            "count": 2
        },
        {
            "answer": "учёба",
            "count": 1
        },
        {
            "answer": "ценности",
            "count": 1
        },
        {
            "answer": "энергетика",
            "count": 1
        },
        {
            "answer": "энергичный",
            "count": 2
        },
        {
            "answer": "энергия",
            "count": 3
        },
        {
            "answer": "эффективный",
            "count": 1
        },
        {
            "answer": "ядерка",
            "count": 1
        },
        {
            "answer": "ядерный",
            "count": 5
        },
        {
            "answer": "яркий",
            "count": 1
        }
    ]
}