{
    "id": 27854,
    "question": "Кодекс проводника",
    "answers": [
        {
            "answer": "быть доступным",
            "count": 1
        },
        {
            "answer": "быть компетентным",
            "count": 1
        },
        {
            "answer": "быть общительным",
            "count": 3
        },
        {
            "answer": "быть открытым всему новому",
            "count": 3
        },
        {
            "answer": "быть открытым для изменений",
            "count": 8
        },
        {
            "answer": "быть открытым для новых идей",
            "count": 8
        },
        {
            "answer": "быть открытым к критике",
            "count": 5
        },
        {
            "answer": "быть последовательным",
            "count": 2
        },
        {
            "answer": "быть примером",
            "count": 2
        },
        {
            "answer": "быть сообщником для коллег",
            "count": 4
        },
        {
            "answer": "быть стрессоустойчивым",
            "count": 1
        },
        {
            "answer": "быть честным",
            "count": 1
        },
        {
            "answer": "быть эмоционально устойчивым",
            "count": 6
        },
        {
            "answer": "давать конструктивную критику",
            "count": 4
        },
        {
            "answer": "давать обратную связь",
            "count": 5
        },
        {
            "answer": "доводить дело до конца",
            "count": 4
        },
        {
            "answer": "искать возможность улучшения",
            "count": 1
        },
        {
            "answer": "искать проводников",
            "count": 1
        },
        {
            "answer": "искать сторонников",
            "count": 1
        },
        {
            "answer": "находить подход к людям",
            "count": 1
        },
        {
            "answer": "не делить на «своих» и «чужих»",
            "count": 3
        },
        {
            "answer": "обеспечивать взаимопомощь",
            "count": 5
        },
        {
            "answer": "оказывать поддержку",
            "count": 2
        },
        {
            "answer": "тестировать изменения на себе",
            "count": 8
        },
        {
            "answer": "уметь договариваться",
            "count": 3
        },
        {
            "answer": "уметь читать людей",
            "count": 1
        },
        {
            "answer": "ценить вклад каждого",
            "count": 3
        }
    ]
}