{
    "id": 27862,
    "question": "Что для меня лично эти 10 лет?",
    "answers": [
        {
            "answer": "tcm nc",
            "count": 1
        },
        {
            "answer": "большая работа",
            "count": 1
        },
        {
            "answer": "борьба",
            "count": 1
        },
        {
            "answer": "введёнными обьектами",
            "count": 1
        },
        {
            "answer": "вводимые объекты",
            "count": 1
        },
        {
            "answer": "новые объекты",
            "count": 1
        },
        {
            "answer": "воспитание и развитие",
            "count": 1
        },
        {
            "answer": "движение в перед",
            "count": 1
        },
        {
            "answer": "движение вперед",
            "count": 1
        },
        {
            "answer": "движение вперёд",
            "count": 1
        },
        {
            "answer": "гордость",
            "count": 2
        },
        {
            "answer": "горжусь результатом",
            "count": 1
        },
        {
            "answer": "достижения",
            "count": 2
        },
        {
            "answer": "победа",
            "count": 2
        },
        {
            "answer": "победы",
            "count": 1
        },
        {
            "answer": "успех",
            "count": 2
        },
        {
            "answer": "жизнь",
            "count": 1
        },
        {
            "answer": "знания",
            "count": 1
        },
        {
            "answer": "изменения постоянно",
            "count": 1
        },
        {
            "answer": "испытания",
            "count": 1
        },
        {
            "answer": "карьера",
            "count": 1
        },
        {
            "answer": "карьерный рост",
            "count": 1
        },
        {
            "answer": "профессиональный и карьерный",
            "count": 1
        },
        {
            "answer": "профессиональный пост",
            "count": 1
        },
        {
            "answer": "профессиональный рост",
            "count": 1
        },
        {
            "answer": "личностный рост",
            "count": 1
        },
        {
            "answer": "напряженная работа",
            "count": 1
        },
        {
            "answer": "напряжённая работа",
            "count": 1
        },
        {
            "answer": "работа",
            "count": 3
        },
        {
            "answer": "труд",
            "count": 1
        },
        {
            "answer": "тяжелый труд",
            "count": 1
        },
        {
            "answer": "усердная работа для мечты",
            "count": 1
        },
        {
            "answer": "непрерывный рост",
            "count": 1
        },
        {
            "answer": "нечто новое",
            "count": 1
        },
        {
            "answer": "переход на новый уровень",
            "count": 1
        },
        {
            "answer": "образ жизни",
            "count": 1
        },
        {
            "answer": "огромный опыт",
            "count": 1
        },
        {
            "answer": "ценный опыт",
            "count": 1
        },
        {
            "answer": "основной этап жизни",
            "count": 1
        },
        {
            "answer": "положительные изменения в цено",
            "count": 1
        },
        {
            "answer": "прогресс",
            "count": 1
        },
        {
            "answer": "прорыв",
            "count": 1
        },
        {
            "answer": "развитие",
            "count": 4
        },
        {
            "answer": "развитие рост новые проекты",
            "count": 1
        },
        {
            "answer": "рост",
            "count": 5
        },
        {
            "answer": "рост и развитие",
            "count": 2
        },
        {
            "answer": "проектный инжиниринг",
            "count": 1
        },
        {
            "answer": "процесс",
            "count": 1
        },
        {
            "answer": "работаю 4 год. круто",
            "count": 1
        },
        {
            "answer": "реализованные проекты",
            "count": 1
        },
        {
            "answer": "реальные результаты",
            "count": 1
        },
        {
            "answer": "результатами работы",
            "count": 1
        },
        {
            "answer": "рост компании",
            "count": 1
        },
        {
            "answer": "секс с мужчиной",
            "count": 1
        },
        {
            "answer": "семья",
            "count": 1
        },
        {
            "answer": "сохранили команду",
            "count": 1
        },
        {
            "answer": "старение",
            "count": 1
        },
        {
            "answer": "стоимостной инжиниринг",
            "count": 1
        },
        {
            "answer": "цифровой спринт с победами",
            "count": 1
        },
        {
            "answer": "челлендж на изменение",
            "count": 1
        }
    ]
}