{
    "id": 28474,
    "question": "Как ваше настроение?",
    "answers": [
        {
            "answer": "блаженное",
            "count": 1
        },
        {
            "answer": "чильное",
            "count": 1
        },
        {
            "answer": "больше символов в ответах кул",
            "count": 1
        },
        {
            "answer": "великолепно",
            "count": 1
        },
        {
            "answer": "за бест",
            "count": 1
        },
        {
            "answer": "замечательное",
            "count": 1
        },
        {
            "answer": "кайф",
            "count": 1
        },
        {
            "answer": "клевое",
            "count": 1
        },
        {
            "answer": "невероятное",
            "count": 1
        },
        {
            "answer": "огонь",
            "count": 1
        },
        {
            "answer": "огонь 🔥",
            "count": 1
        },
        {
            "answer": "отлично",
            "count": 1
        },
        {
            "answer": "отличное",
            "count": 5
        },
        {
            "answer": "отличное !",
            "count": 1
        },
        {
            "answer": "офигенное",
            "count": 1
        },
        {
            "answer": "прекрасно",
            "count": 1
        },
        {
            "answer": "прекрасное",
            "count": 1
        },
        {
            "answer": "супер",
            "count": 6
        },
        {
            "answer": "супер!",
            "count": 1
        },
        {
            "answer": "супер спасибо!",
            "count": 1
        },
        {
            "answer": "супер:)",
            "count": 1
        },
        {
            "answer": "суперррр",
            "count": 1
        },
        {
            "answer": "ядерное",
            "count": 1
        },
        {
            "answer": "волнуюсь🥲",
            "count": 1
        },
        {
            "answer": "всё👍но больше 🗨️ с амбасами",
            "count": 1
        },
        {
            "answer": "на взлёте",
            "count": 1
        },
        {
            "answer": "не оч",
            "count": 1
        },
        {
            "answer": "приуныл",
            "count": 1
        },
        {
            "answer": "норм",
            "count": 1
        },
        {
            "answer": "норма",
            "count": 1
        },
        {
            "answer": "радостная усталость",
            "count": 1
        },
        {
            "answer": "сегодня я немножечко шалю))",
            "count": 1
        },
        {
            "answer": "сил нет",
            "count": 1
        },
        {
            "answer": "устал",
            "count": 1
        },
        {
            "answer": "силы есть",
            "count": 1
        },
        {
            "answer": "тёплое и солнечное",
            "count": 1
        },
        {
            "answer": "тяжело но держимся бодро!",
            "count": 1
        },
        {
            "answer": "хорошее",
            "count": 3
        },
        {
            "answer": "хочу на аттракционы и веселья",
            "count": 1
        }
    ]
}