{
    "id": 28473,
    "question": "Кто такой амбассадор?",
    "answers": [
        {
            "answer": "pr щик брэнда",
            "count": 1
        },
        {
            "answer": "пиарщик",
            "count": 1
        },
        {
            "answer": "пиарщик росатома",
            "count": 1
        },
        {
            "answer": "продвиженец бренда работодател",
            "count": 1
        },
        {
            "answer": "ходячая реклама росатома",
            "count": 1
        },
        {
            "answer": "человек который пиарит",
            "count": 1
        },
        {
            "answer": "агитатор",
            "count": 1
        },
        {
            "answer": "вдохновение",
            "count": 1
        },
        {
            "answer": "вдохновитель",
            "count": 1
        },
        {
            "answer": "волшебник",
            "count": 1
        },
        {
            "answer": "воплощение лучшего что есть",
            "count": 1
        },
        {
            "answer": "лучший",
            "count": 1
        },
        {
            "answer": "душа росатома",
            "count": 1
        },
        {
            "answer": "жепа",
            "count": 2
        },
        {
            "answer": "злата",
            "count": 1
        },
        {
            "answer": "инфлюенсер",
            "count": 1
        },
        {
            "answer": "как комис почти мама студентов",
            "count": 1
        },
        {
            "answer": "кто любит и верит",
            "count": 1
        },
        {
            "answer": "лидер",
            "count": 3
        },
        {
            "answer": "лицо",
            "count": 1
        },
        {
            "answer": "лицо бренда",
            "count": 1
        },
        {
            "answer": "лицо компании",
            "count": 5
        },
        {
            "answer": "лицо отрасли",
            "count": 1
        },
        {
            "answer": "лицо росатома в глазах молодеж",
            "count": 1
        },
        {
            "answer": "лицо ростатома",
            "count": 1
        },
        {
            "answer": "люди которые круче магистров",
            "count": 1
        },
        {
            "answer": "мощщщный атомный львиный тигр",
            "count": 1
        },
        {
            "answer": "несет идеи росатома в массы",
            "count": 1
        },
        {
            "answer": "показывает гк через личность",
            "count": 1
        },
        {
            "answer": "популяризатор",
            "count": 1
        },
        {
            "answer": "человек который популяризует",
            "count": 1
        },
        {
            "answer": "представитель",
            "count": 1
        },
        {
            "answer": "представитель компании (семён)",
            "count": 1
        },
        {
            "answer": "проактивный сотрудник предприя",
            "count": 1
        },
        {
            "answer": "самый активный!",
            "count": 1
        },
        {
            "answer": "проводник",
            "count": 1
        },
        {
            "answer": "рассказывающий о компании чел)",
            "count": 1
        },
        {
            "answer": "семен",
            "count": 1
        },
        {
            "answer": "твой сторонник",
            "count": 1
        },
        {
            "answer": "фанат отрасли",
            "count": 1
        },
        {
            "answer": "фанат росатома",
            "count": 1
        },
        {
            "answer": "человек",
            "count": 1
        },
        {
            "answer": "человек - реактор",
            "count": 1
        },
        {
            "answer": "человек от отрасли",
            "count": 1
        },
        {
            "answer": "человек связанный с отраслью",
            "count": 1
        },
        {
            "answer": "это я",
            "count": 2
        },
        {
            "answer": "я",
            "count": 2
        }
    ]
}