{
    "id": 28568,
    "question": "Сеть - это",
    "answers": [
        {
            "answer": "взаимодейс по общим интересам",
            "count": 1
        },
        {
            "answer": "взаимодействие в общих интерес",
            "count": 1
        },
        {
            "answer": "взаимодействие единомышленнико",
            "count": 1
        },
        {
            "answer": "единиц объединённых одной зада",
            "count": 1
        },
        {
            "answer": "взаимодействие",
            "count": 9
        },
        {
            "answer": "глобальное взаимодействие",
            "count": 1
        },
        {
            "answer": "взаимодействие оо",
            "count": 1
        },
        {
            "answer": "взаимодействие оо и др. учрежд",
            "count": 1
        },
        {
            "answer": "взаимозависимость",
            "count": 1
        },
        {
            "answer": "взаимосвязь",
            "count": 2
        },
        {
            "answer": "взаимосвязь объектов",
            "count": 1
        },
        {
            "answer": "единая база",
            "count": 2
        },
        {
            "answer": "звенья одной цепи",
            "count": 1
        },
        {
            "answer": "идея",
            "count": 1
        },
        {
            "answer": "команда учреждений",
            "count": 1
        },
        {
            "answer": "командная работа",
            "count": 1
        },
        {
            "answer": "совместная работа по достижени",
            "count": 1
        },
        {
            "answer": "которую решают вместе",
            "count": 1
        },
        {
            "answer": "можно соединить недостающие",
            "count": 1
        },
        {
            "answer": "новые возможности",
            "count": 1
        },
        {
            "answer": "обмен",
            "count": 1
        },
        {
            "answer": "обмен идеями / опытом",
            "count": 1
        },
        {
            "answer": "общение",
            "count": 1
        },
        {
            "answer": "общие ресурсы",
            "count": 1
        },
        {
            "answer": "общие цели",
            "count": 1
        },
        {
            "answer": "объединение",
            "count": 1
        },
        {
            "answer": "объединения",
            "count": 1
        },
        {
            "answer": "соединение",
            "count": 1
        },
        {
            "answer": "объект который рассматривается",
            "count": 1
        },
        {
            "answer": "опыт других",
            "count": 1
        },
        {
            "answer": "партнеры",
            "count": 1
        },
        {
            "answer": "сотрудничество",
            "count": 1
        },
        {
            "answer": "паутина",
            "count": 1
        },
        {
            "answer": "развитие",
            "count": 1
        },
        {
            "answer": "распределение ресурсов",
            "count": 1
        },
        {
            "answer": "реализации различных целей",
            "count": 1
        },
        {
            "answer": "ресурс",
            "count": 1
        },
        {
            "answer": "ресурсы",
            "count": 1
        },
        {
            "answer": "совокупность ресурсов",
            "count": 1
        },
        {
            "answer": "секта",
            "count": 1
        },
        {
            "answer": "сеть - это то при помощи чего",
            "count": 1
        },
        {
            "answer": "система",
            "count": 1
        },
        {
            "answer": "система взаимодействия",
            "count": 1
        },
        {
            "answer": "система для взаимодействия",
            "count": 1
        },
        {
            "answer": "соединение элементов",
            "count": 1
        },
        {
            "answer": "созданное людьми для",
            "count": 1
        },
        {
            "answer": "способ обьединить ресурсы орг.",
            "count": 1
        },
        {
            "answer": "структура из самостоятельных е",
            "count": 1
        },
        {
            "answer": "то при помощи чего можно",
            "count": 1
        },
        {
            "answer": "это совокупность систем",
            "count": 1
        }
    ]
}