{
    "id": 28567,
    "question": "Зачем мы решили создать межрегиональную сеть \"Пересекающиеся параллели\"",
    "answers": [
        {
            "answer": "амбиции",
            "count": 1
        },
        {
            "answer": "внести в образование новое",
            "count": 1
        },
        {
            "answer": "возможности для детей",
            "count": 1
        },
        {
            "answer": "для помощи детям",
            "count": 1
        },
        {
            "answer": "делиться опытом",
            "count": 1
        },
        {
            "answer": "для обменя опытом",
            "count": 1
        },
        {
            "answer": "обмен опытом",
            "count": 10
        },
        {
            "answer": "обменяться опытом",
            "count": 1
        },
        {
            "answer": "для развития и расширения возм",
            "count": 1
        },
        {
            "answer": "расширение возможностей",
            "count": 1
        },
        {
            "answer": "расширить возможности",
            "count": 1
        },
        {
            "answer": "для самосовершенствования",
            "count": 1
        },
        {
            "answer": "для улучшения качества образов",
            "count": 1
        },
        {
            "answer": "повысить качество образования",
            "count": 1
        },
        {
            "answer": "повышение качества образования",
            "count": 1
        },
        {
            "answer": "инновации",
            "count": 1
        },
        {
            "answer": "кадры",
            "count": 1
        },
        {
            "answer": "новаторские идеи",
            "count": 1
        },
        {
            "answer": "новый опыт",
            "count": 1
        },
        {
            "answer": "общее образоват. пространство",
            "count": 1
        },
        {
            "answer": "пиар",
            "count": 1
        },
        {
            "answer": "плохо слышно нет четкой речи",
            "count": 1
        },
        {
            "answer": "повышение материальной базы уч",
            "count": 1
        },
        {
            "answer": "поддержка",
            "count": 1
        },
        {
            "answer": "развитие",
            "count": 4
        },
        {
            "answer": "расширить гругозор",
            "count": 1
        },
        {
            "answer": "расширить свой горизонт",
            "count": 1
        },
        {
            "answer": "региональный компонент",
            "count": 1
        },
        {
            "answer": "ресурсы",
            "count": 1
        },
        {
            "answer": "сотрудничество",
            "count": 1
        },
        {
            "answer": "удовлетворенность работой",
            "count": 1
        },
        {
            "answer": "услышать другие мнения",
            "count": 1
        },
        {
            "answer": "участие в пооекте",
            "count": 1
        },
        {
            "answer": "чтобы не было застоя",
            "count": 1
        },
        {
            "answer": "эффективные технологии",
            "count": 1
        }
    ]
}