{
    "id": 28661,
    "question": "Обозначьте одним словом основную проблему воспитания школьников в нашей школе",
    "answers": [
        {
            "answer": "безнаказанность",
            "count": 1
        },
        {
            "answer": "отсутствие применения санкций",
            "count": 1
        },
        {
            "answer": "безответственность",
            "count": 1
        },
        {
            "answer": "безразличие",
            "count": 2
        },
        {
            "answer": "бессистемность",
            "count": 1
        },
        {
            "answer": "бесструктурность",
            "count": 1
        },
        {
            "answer": "нет системы",
            "count": 1
        },
        {
            "answer": "бестактность",
            "count": 1
        },
        {
            "answer": "взаимопонимание",
            "count": 1
        },
        {
            "answer": "дисциплина",
            "count": 5
        },
        {
            "answer": "не хватка времени",
            "count": 1
        },
        {
            "answer": "невежество",
            "count": 1
        },
        {
            "answer": "невоспитанность учеников",
            "count": 1
        },
        {
            "answer": "недисциплинированность",
            "count": 1
        },
        {
            "answer": "неслаженность",
            "count": 1
        },
        {
            "answer": "расписание",
            "count": 1
        },
        {
            "answer": "родители",
            "count": 1
        },
        {
            "answer": "управление",
            "count": 1
        }
    ]
}