{
    "id": 2979,
    "question": "Каковы лидерские качества Юрия Алексеевича? (добавляйте по одному)",
    "answers": [
        {
            "answer": "честный",
            "count": 1
        },
        {
            "answer": "поддерживает изменения",
            "count": 1
        },
        {
            "answer": "думает на перспективу",
            "count": 1
        },
        {
            "answer": "строит команду",
            "count": 1
        },
        {
            "answer": "ориентирован на результат",
            "count": 1
        },
        {
            "answer": "целеустремленность",
            "count": 1
        },
        {
            "answer": "доверие вызывал",
            "count": 1
        },
        {
            "answer": "высокое качество решений",
            "count": 1
        },
        {
            "answer": "компетентный",
            "count": 1
        },
        {
            "answer": "компетентность",
            "count": 1
        },
        {
            "answer": "компетентный",
            "count": 1
        },
        {
            "answer": "честность",
            "count": 1
        },
        {
            "answer": "нацеленнсоть на результат",
            "count": 1
        },
        {
            "answer": "скорость принятия решений",
            "count": 1
        },
        {
            "answer": "готовность на изменения",
            "count": 1
        },
        {
            "answer": "берет ответственность на себя",
            "count": 1
        },
        {
            "answer": "дальновидный",
            "count": 1
        },
        {
            "answer": "амбициозность",
            "count": 1
        },
        {
            "answer": "настроен на результат",
            "count": 1
        },
        {
            "answer": "эффективный",
            "count": 1
        },
        {
            "answer": "проффесионал",
            "count": 1
        },
        {
            "answer": "настойчивость",
            "count": 1
        },
        {
            "answer": "экспертность и компетентность",
            "count": 1
        },
        {
            "answer": "авторитетность",
            "count": 1
        },
        {
            "answer": "берет ответственность на себя",
            "count": 1
        },
        {
            "answer": "настойчивость",
            "count": 1
        },
        {
            "answer": "готовность к изменениям",
            "count": 1
        },
        {
            "answer": "ответственность",
            "count": 1
        },
        {
            "answer": "честный",
            "count": 1
        },
        {
            "answer": "энтузиазм",
            "count": 1
        },
        {
            "answer": "дипломат",
            "count": 1
        },
        {
            "answer": "признанный авторитет",
            "count": 1
        },
        {
            "answer": "неравнодушие",
            "count": 1
        },
        {
            "answer": "дальновидность, честность,",
            "count": 1
        },
        {
            "answer": "амбициозность",
            "count": 1
        },
        {
            "answer": "умение  настроить на изменение",
            "count": 1
        },
        {
            "answer": "амбициозность;",
            "count": 1
        },
        {
            "answer": "любознательность",
            "count": 1
        },
        {
            "answer": "открытость новому",
            "count": 1
        },
        {
            "answer": "вдохновляющий",
            "count": 1
        },
        {
            "answer": "подбадривающий команду",
            "count": 1
        },
        {
            "answer": "целеустремленность",
            "count": 1
        },
        {
            "answer": "амбициозен",
            "count": 1
        },
        {
            "answer": "преданный интересам отрасли",
            "count": 1
        },
        {
            "answer": "мотивация",
            "count": 1
        },
        {
            "answer": "поддерживает",
            "count": 1
        },
        {
            "answer": "дальновидный",
            "count": 1
        },
        {
            "answer": "надежность",
            "count": 1
        },
        {
            "answer": "умение слушать и учиться",
            "count": 1
        },
        {
            "answer": "настойчивость",
            "count": 1
        },
        {
            "answer": "ответственность",
            "count": 1
        },
        {
            "answer": "дальновидность",
            "count": 1
        },
        {
            "answer": "мотивирующий",
            "count": 1
        },
        {
            "answer": "уверенность",
            "count": 1
        }
    ]
}