{
    "id": 3184,
    "question": "Как настроение?",
    "answers": [
        {
            "answer": "дежурно-среднее",
            "count": 1
        },
        {
            "answer": "нормально",
            "count": 1
        },
        {
            "answer": "в целом неплохо",
            "count": 1
        },
        {
            "answer": "хорошо",
            "count": 1
        },
        {
            "answer": "все плохо, но спасло бы овз))",
            "count": 1
        },
        {
            "answer": "всё тлен. жизнь - боль.",
            "count": 1
        },
        {
            "answer": "hello",
            "count": 1
        },
        {
            "answer": "таак себе",
            "count": 1
        },
        {
            "answer": "пойдет",
            "count": 1
        },
        {
            "answer": "бывало и лучше =)",
            "count": 1
        },
        {
            "answer": "такое себе",
            "count": 1
        },
        {
            "answer": "закупаемся продуктами",
            "count": 1
        },
        {
            "answer": "норм! :)",
            "count": 1
        },
        {
            "answer": "рабочее",
            "count": 1
        },
        {
            "answer": "рабочий день прошел плодотворн",
            "count": 1
        },
        {
            "answer": "депресняк",
            "count": 1
        },
        {
            "answer": "ок",
            "count": 1
        },
        {
            "answer": "очереди за цветами...",
            "count": 1
        },
        {
            "answer": "отлично",
            "count": 1
        },
        {
            "answer": "грустно",
            "count": 1
        },
        {
            "answer": "отличное, весеннее, цвету)",
            "count": 1
        },
        {
            "answer": "хорошее",
            "count": 1
        },
        {
            "answer": "устал",
            "count": 1
        },
        {
            "answer": "настрой ууууиииииии)",
            "count": 1
        },
        {
            "answer": "все сложно",
            "count": 1
        },
        {
            "answer": "♫",
            "count": 1
        },
        {
            "answer": "бывало и получше",
            "count": 1
        },
        {
            "answer": "средне",
            "count": 1
        }
    ]
}