{
    "id": 3215,
    "question": "Итоги предприятий (функций) за 2019-2020 год",
    "answers": [
        {
            "answer": "\"победа - псэ 1 блока клнаэс\nн",
            "count": 1
        },
        {
            "answer": "победы - опыт руководства боль",
            "count": 1
        },
        {
            "answer": "победа-мокс:удалось выполнить",
            "count": 1
        },
        {
            "answer": "победа- аккредитация лаборатор",
            "count": 1
        },
        {
            "answer": "победа - засчет вовлеченности",
            "count": 1
        },
        {
            "answer": "удалось - отношение к дистанци",
            "count": 1
        },
        {
            "answer": "победа- уже в 20м подтвердили",
            "count": 1
        },
        {
            "answer": "победа - слом сознания и возмо",
            "count": 1
        },
        {
            "answer": "победа - выполнение производст",
            "count": 1
        },
        {
            "answer": "\"задания выполнены.\nновые прог",
            "count": 1
        },
        {
            "answer": "победа - обеспечены непрерывны",
            "count": 1
        },
        {
            "answer": "победа - развитие новых местор",
            "count": 1
        },
        {
            "answer": "удалось-увеличить темпы реализ",
            "count": 1
        },
        {
            "answer": "победа - начало ресурсных испы",
            "count": 1
        },
        {
            "answer": "победа - энергопуск бл. 2 лён",
            "count": 1
        },
        {
            "answer": "продолжили строить цянт в боли",
            "count": 1
        },
        {
            "answer": "победы - выполнение гос. задач",
            "count": 1
        },
        {
            "answer": "победа - выполнили все заплани",
            "count": 1
        },
        {
            "answer": "2 года подряд были призерами к",
            "count": 1
        },
        {
            "answer": "обосновать для себя и коллег н",
            "count": 1
        },
        {
            "answer": "победа-выполнение плана по кон",
            "count": 1
        },
        {
            "answer": "\"победа - безубыточность  \nнеу",
            "count": 1
        },
        {
            "answer": "\"атомпроект\nпобеды\nbd, psar па",
            "count": 1
        },
        {
            "answer": "победа - согласование с минист",
            "count": 1
        },
        {
            "answer": "\"победа - выполнили кпэ\nне уда",
            "count": 1
        },
        {
            "answer": "победа - утверждение кп рттн (",
            "count": 1
        },
        {
            "answer": "\"победы: \nввод в эксплуатацию",
            "count": 1
        },
        {
            "answer": "победа - достижения по культур",
            "count": 1
        },
        {
            "answer": "победа-рекорд выработки за всю",
            "count": 1
        },
        {
            "answer": "победа-ровная реализация проек",
            "count": 1
        },
        {
            "answer": "победы - пуск белаэс, цифровиз",
            "count": 1
        },
        {
            "answer": "рост выручки на 30 % и перевып",
            "count": 1
        },
        {
            "answer": "победа - новые контракты, един",
            "count": 1
        },
        {
            "answer": "победа -правительство сменилос",
            "count": 1
        },
        {
            "answer": "победа-сохранили персонал и вы",
            "count": 1
        },
        {
            "answer": "победа - выполнили все стоящие",
            "count": 1
        },
        {
            "answer": "победа - унификация ряда проце",
            "count": 1
        },
        {
            "answer": "победа- сохранить управляемост",
            "count": 1
        },
        {
            "answer": "победы — успешная реализация п",
            "count": 1
        },
        {
            "answer": "победа - стенд спг идёт по пла",
            "count": 1
        },
        {
            "answer": "победа - корпоративная академи",
            "count": 1
        },
        {
            "answer": "выполнены все задачи минус фор",
            "count": 1
        },
        {
            "answer": "\"covid - победа\nвыручка - не у",
            "count": 1
        },
        {
            "answer": "победа - ритмичность производс",
            "count": 1
        },
        {
            "answer": "не удалось: снизить бюрократич",
            "count": 1
        },
        {
            "answer": "победа - ввод \"арктики\", закла",
            "count": 1
        },
        {
            "answer": "победа - выполнили бизнесс-пла",
            "count": 1
        },
        {
            "answer": "не удалось - наличие в 2019г.",
            "count": 1
        },
        {
            "answer": "победа: повышение эффективност",
            "count": 1
        },
        {
            "answer": "победа - прирост выручки от но",
            "count": 1
        },
        {
            "answer": "обеспечили поставку всего необ",
            "count": 1
        },
        {
            "answer": "победа - работа без сбоев на у",
            "count": 1
        },
        {
            "answer": "победа- рост зп и производител",
            "count": 1
        },
        {
            "answer": "победа. не смотря на пандемию",
            "count": 1
        },
        {
            "answer": "курс - настроена удаленная раб",
            "count": 1
        },
        {
            "answer": "победа- несмотря на удаленку в",
            "count": 1
        },
        {
            "answer": "победа - ввод в эксплуатацию п",
            "count": 1
        },
        {
            "answer": "победа- все обязательства по г",
            "count": 1
        },
        {
            "answer": "победа - развитие не остановил",
            "count": 1
        },
        {
            "answer": "выполнение амбициозных задач.",
            "count": 1
        },
        {
            "answer": "не удалось - сохранить всех со",
            "count": 1
        },
        {
            "answer": "победы  - молниеносно перевели",
            "count": 1
        },
        {
            "answer": "победа: конверсия, увеличение",
            "count": 1
        },
        {
            "answer": "победа - выполнение производст",
            "count": 1
        },
        {
            "answer": "\"рэин:\nудалось сохранить устой",
            "count": 1
        },
        {
            "answer": "победа: увеличение выручки, ре",
            "count": 1
        },
        {
            "answer": "не удалось - подготовить коман",
            "count": 1
        },
        {
            "answer": "тех пооект пакш сдан вовремя,",
            "count": 1
        },
        {
            "answer": "победа - организовали работу н",
            "count": 1
        },
        {
            "answer": "победа:  теперь мы точно фабри",
            "count": 1
        },
        {
            "answer": "победа-централизация инвестици",
            "count": 1
        },
        {
            "answer": "\"победы:\n1. цифровизация - вне",
            "count": 1
        },
        {
            "answer": "\"победа:\n - запуск пилота асмм",
            "count": 1
        },
        {
            "answer": "победа - устойчивый рост внешн",
            "count": 1
        },
        {
            "answer": "победа цифровизация!! новый ур",
            "count": 1
        },
        {
            "answer": "победа: научились работать в у",
            "count": 1
        },
        {
            "answer": "победы:",
            "count": 1
        },
        {
            "answer": "неудачи - не получилось реализ",
            "count": 1
        },
        {
            "answer": "подача документов на лицензию",
            "count": 1
        },
        {
            "answer": "победа - цифровизация и новые",
            "count": 1
        },
        {
            "answer": "удалось: решить все по 75- лет",
            "count": 1
        },
        {
            "answer": "\"победа - выполнение гоз\nпобед",
            "count": 1
        },
        {
            "answer": "для концерна выполнение всех к",
            "count": 1
        },
        {
            "answer": "победа - построили технологиче",
            "count": 1
        },
        {
            "answer": "победа - удалось сохранить люд",
            "count": 1
        },
        {
            "answer": "намеченные цели были достигнут",
            "count": 1
        },
        {
            "answer": "выполнение обязательств на 100",
            "count": 1
        },
        {
            "answer": "выдержали и исполнили все свои",
            "count": 1
        },
        {
            "answer": "победа - эффективно отработали",
            "count": 1
        },
        {
            "answer": "неудача: сдвиг сроков проектов",
            "count": 1
        },
        {
            "answer": "победа - 100 %  своевременное",
            "count": 1
        },
        {
            "answer": "победы - успешно реализовали п",
            "count": 1
        },
        {
            "answer": "победа :обьемы конверсии,строй",
            "count": 1
        },
        {
            "answer": "победа - решили многолетнюю пр",
            "count": 1
        },
        {
            "answer": "\"выполнен бюджет\n\nдлительное р",
            "count": 1
        },
        {
            "answer": "повышение эффективности работы",
            "count": 1
        },
        {
            "answer": "\"победы\n1. согласование  техпр",
            "count": 1
        },
        {
            "answer": "\"сдали белаэс\nруппур мчится\nпо",
            "count": 1
        },
        {
            "answer": "пакш- выполнение ключевых собы",
            "count": 1
        },
        {
            "answer": "неудачи: не удалось договорить",
            "count": 1
        },
        {
            "answer": "победы - уберегли коллектив от",
            "count": 1
        },
        {
            "answer": "политическая договоренность по",
            "count": 1
        },
        {
            "answer": "\"победы:\n1.план производства н",
            "count": 1
        },
        {
            "answer": "победы - кратно увеличили выру",
            "count": 1
        },
        {
            "answer": "\"победа - удержались\nне удалос",
            "count": 1
        },
        {
            "answer": "\"победа - открытие офиса\nне уд",
            "count": 1
        },
        {
            "answer": "командная победа - перезапуск",
            "count": 1
        },
        {
            "answer": "\"победа\n1. выполнили все кс гк",
            "count": 1
        },
        {
            "answer": "\"победа- цифровизация\nне удало",
            "count": 1
        },
        {
            "answer": "победа - перестроили работу в",
            "count": 1
        },
        {
            "answer": "перешли на удаленку без потерь",
            "count": 1
        },
        {
            "answer": "\"победа-ледокол\nне удалось-выс",
            "count": 1
        },
        {
            "answer": "не удалось - справиться с панд",
            "count": 1
        },
        {
            "answer": "рекорд выработки электроэнерги",
            "count": 1
        },
        {
            "answer": "победа-выполнили все взятые об",
            "count": 1
        },
        {
            "answer": "\"победа - спар\nне удалось - пр",
            "count": 1
        },
        {
            "answer": "\"победа- рекорд атоммаш \nне уд",
            "count": 1
        },
        {
            "answer": "победы- выполнили гоз, акт мвк",
            "count": 1
        },
        {
            "answer": "\"ренера\n\nпобеда - сделка с тех",
            "count": 1
        },
        {
            "answer": "\"победа:\n1) организованы беспе",
            "count": 1
        },
        {
            "answer": "победы-достигли рекордных пока",
            "count": 1
        },
        {
            "answer": "сплоченность и поддержка коман",
            "count": 1
        },
        {
            "answer": "победа - обучили 450 000 челов",
            "count": 1
        },
        {
            "answer": "печаль: отчетов стало больше,",
            "count": 1
        },
        {
            "answer": "победа - референции технологий",
            "count": 1
        },
        {
            "answer": "не удалось - срывы поставок от",
            "count": 1
        },
        {
            "answer": "все показатели выполнены, в сл",
            "count": 1
        },
        {
            "answer": "победа-повторное продление сро",
            "count": 1
        },
        {
            "answer": "победа - уал \"арктика\", патэс",
            "count": 1
        },
        {
            "answer": "победа - поданы документы на л",
            "count": 1
        },
        {
            "answer": "удалось в условиях ограничений",
            "count": 1
        },
        {
            "answer": "победа - удалось провести межд",
            "count": 1
        },
        {
            "answer": "\"гоз-100%\nпср-лидер\nрост выруч",
            "count": 1
        },
        {
            "answer": "победа - выполнили плановые по",
            "count": 1
        },
        {
            "answer": "победа- поход на восток в мае,",
            "count": 1
        },
        {
            "answer": "\"победы:\n1. ввод в эксплуатаци",
            "count": 1
        },
        {
            "answer": "победа-все поставленные задачи",
            "count": 1
        },
        {
            "answer": "победа-завершено объединение о",
            "count": 1
        },
        {
            "answer": "окончание формирования. выход",
            "count": 1
        },
        {
            "answer": "победа перевод работы и обучен",
            "count": 1
        },
        {
            "answer": "неудача: не удалось полностью",
            "count": 1
        },
        {
            "answer": "\"победа - цифровизация;\nне уда",
            "count": 1
        },
        {
            "answer": "\"победа - белорусская аэс\nнеуд",
            "count": 1
        },
        {
            "answer": "удачи: открытие цат, создан пр",
            "count": 1
        },
        {
            "answer": "\"победа - цифровизация\nне удал",
            "count": 1
        },
        {
            "answer": "победа исторический рекорд по",
            "count": 1
        },
        {
            "answer": "победа- увеличение объемов вып",
            "count": 1
        },
        {
            "answer": "\"победа-мобилизация\nне удалось",
            "count": 1
        },
        {
            "answer": "1. победа - сохранили людей, в",
            "count": 1
        },
        {
            "answer": "победы_ новые направления, нар",
            "count": 1
        },
        {
            "answer": "продолжили строить цянт в боли",
            "count": 1
        },
        {
            "answer": "победа - первая физическая отг",
            "count": 1
        },
        {
            "answer": "\"победы -\n1. выполнение ключев",
            "count": 1
        },
        {
            "answer": "\"победа\nзаключили госконтракты",
            "count": 1
        },
        {
            "answer": "победа продолжение строительст",
            "count": 1
        },
        {
            "answer": "\"увеличили объемы по году;\nмеж",
            "count": 1
        },
        {
            "answer": "победа - комплексное решение т",
            "count": 1
        },
        {
            "answer": "все задачи выполнены, все люди",
            "count": 1
        },
        {
            "answer": "удалось: выполнены все заявки",
            "count": 1
        },
        {
            "answer": "белаэс-сдача. руппур -выручка.",
            "count": 1
        },
        {
            "answer": "трансформация и цифровизация н",
            "count": 1
        },
        {
            "answer": "неудача - не настроена система",
            "count": 1
        },
        {
            "answer": "\"впервые начали вести вэд\nразр",
            "count": 1
        }
    ]
}