{
    "id": 3218,
    "question": "За счет каких моих качеств и качеств моей команды нам удалось достичь побед?&nbsp;",
    "answers": [
        {
            "answer": "вера в будущее )",
            "count": 1
        },
        {
            "answer": "системность",
            "count": 1
        },
        {
            "answer": "творческий подход",
            "count": 1
        },
        {
            "answer": "коммуникативные навыки",
            "count": 1
        },
        {
            "answer": "э",
            "count": 1
        },
        {
            "answer": "самосознание",
            "count": 1
        },
        {
            "answer": "неугомонность",
            "count": 1
        },
        {
            "answer": "многозадачность",
            "count": 1
        },
        {
            "answer": "слабоумие и отвага",
            "count": 1
        },
        {
            "answer": "единомышленники",
            "count": 1
        },
        {
            "answer": "профессионализм и упорство.",
            "count": 1
        },
        {
            "answer": "единство, взаимопомощь, компет",
            "count": 1
        },
        {
            "answer": "мобильность",
            "count": 1
        },
        {
            "answer": "работа на результат.",
            "count": 1
        },
        {
            "answer": "опыт",
            "count": 1
        },
        {
            "answer": "мобилизованность",
            "count": 1
        },
        {
            "answer": "молодость",
            "count": 1
        },
        {
            "answer": "любовь к жизни",
            "count": 1
        },
        {
            "answer": "патриотизм к предприятию",
            "count": 1
        },
        {
            "answer": "трудолюбие",
            "count": 1
        },
        {
            "answer": "преданность общему делу",
            "count": 1
        },
        {
            "answer": "активность- сплоченность",
            "count": 1
        },
        {
            "answer": "сплоченность, понимание",
            "count": 1
        },
        {
            "answer": "управленческая ответственность",
            "count": 1
        },
        {
            "answer": "вовлечённость",
            "count": 1
        },
        {
            "answer": "вера в росатом",
            "count": 1
        },
        {
            "answer": "любовь друг ко другу",
            "count": 1
        },
        {
            "answer": "сила духа",
            "count": 1
        },
        {
            "answer": "работа в команде",
            "count": 1
        },
        {
            "answer": "единая цель",
            "count": 1
        },
        {
            "answer": "дисциплина",
            "count": 1
        },
        {
            "answer": "обучаемость",
            "count": 1
        },
        {
            "answer": "адаптация к новым условиям",
            "count": 1
        },
        {
            "answer": "героизм",
            "count": 1
        },
        {
            "answer": "профессионализм, целеустремлен",
            "count": 1
        },
        {
            "answer": "позитив",
            "count": 1
        },
        {
            "answer": "не унывать",
            "count": 1
        },
        {
            "answer": "упорство и целеустремленность",
            "count": 1
        },
        {
            "answer": "взаимная поддержка",
            "count": 1
        },
        {
            "answer": "высокий уровень квалификации",
            "count": 1
        },
        {
            "answer": "неравнодушие",
            "count": 1
        },
        {
            "answer": "сплочённость коллектива",
            "count": 1
        },
        {
            "answer": "понимание",
            "count": 1
        },
        {
            "answer": "отзывчивость",
            "count": 1
        },
        {
            "answer": "амбициозные проекты",
            "count": 1
        },
        {
            "answer": "вера в команду",
            "count": 1
        },
        {
            "answer": "синергия",
            "count": 1
        },
        {
            "answer": "дальновидность и опыт",
            "count": 1
        },
        {
            "answer": "небезразличие",
            "count": 1
        },
        {
            "answer": "ответственность и сплоченность",
            "count": 1
        },
        {
            "answer": "компетенция",
            "count": 1
        },
        {
            "answer": "преданность делу",
            "count": 1
        },
        {
            "answer": "вера в победу",
            "count": 1
        },
        {
            "answer": "активность,сплоченность,",
            "count": 1
        },
        {
            "answer": "профессонализм",
            "count": 1
        },
        {
            "answer": "инициативность",
            "count": 1
        },
        {
            "answer": "единство на результат",
            "count": 1
        },
        {
            "answer": "одна команда",
            "count": 1
        },
        {
            "answer": "поддержка команды",
            "count": 1
        },
        {
            "answer": "стратегичеость",
            "count": 1
        },
        {
            "answer": "взаимовыручка целеустремленнос",
            "count": 1
        },
        {
            "answer": "командный дух",
            "count": 1
        },
        {
            "answer": "замотивированный патриотизм",
            "count": 1
        },
        {
            "answer": "единая команда",
            "count": 1
        },
        {
            "answer": "доводить дело до конца",
            "count": 1
        },
        {
            "answer": "уважение ко всем членам",
            "count": 1
        },
        {
            "answer": "привычка побеждать",
            "count": 1
        },
        {
            "answer": "решительность, трудолюбие",
            "count": 1
        },
        {
            "answer": "морально-волевые",
            "count": 1
        },
        {
            "answer": "ответственность и человечность",
            "count": 1
        },
        {
            "answer": "фанатизм",
            "count": 1
        },
        {
            "answer": "настойчивость, ответственность",
            "count": 1
        },
        {
            "answer": "специалисты",
            "count": 1
        },
        {
            "answer": "профессионализм и упорство",
            "count": 1
        },
        {
            "answer": "сплочённость и вера в победу!!",
            "count": 1
        },
        {
            "answer": "дружба",
            "count": 1
        },
        {
            "answer": "командная работа",
            "count": 1
        },
        {
            "answer": "компетенции",
            "count": 1
        },
        {
            "answer": "знания",
            "count": 1
        },
        {
            "answer": "моб-ация рез-в, единая команда",
            "count": 1
        },
        {
            "answer": "профессионализм настойчивость",
            "count": 1
        },
        {
            "answer": "моя уверенность,  вера в дело",
            "count": 1
        },
        {
            "answer": "гордость за предприятие",
            "count": 1
        },
        {
            "answer": "доверие и требовательность",
            "count": 1
        },
        {
            "answer": "нацеленность на победу",
            "count": 1
        },
        {
            "answer": "максимализм",
            "count": 1
        },
        {
            "answer": "ценности",
            "count": 1
        },
        {
            "answer": "воля и разум",
            "count": 1
        },
        {
            "answer": "целеполагание",
            "count": 1
        },
        {
            "answer": "доверие и уверенность",
            "count": 1
        },
        {
            "answer": "уверенность",
            "count": 1
        },
        {
            "answer": "интеллект",
            "count": 1
        },
        {
            "answer": "доброта",
            "count": 1
        },
        {
            "answer": "лидерство",
            "count": 1
        },
        {
            "answer": "квалификация",
            "count": 1
        },
        {
            "answer": "терпение",
            "count": 1
        },
        {
            "answer": "локомотивная энергия",
            "count": 1
        },
        {
            "answer": "наша лучшая команда",
            "count": 1
        },
        {
            "answer": "ориентация на результат",
            "count": 1
        },
        {
            "answer": "слаженность",
            "count": 1
        },
        {
            "answer": "упорство в достижении цели",
            "count": 1
        },
        {
            "answer": "амбициозность",
            "count": 1
        },
        {
            "answer": "психологическая устойчивость",
            "count": 1
        },
        {
            "answer": "чувство юмора",
            "count": 1
        },
        {
            "answer": "отвага",
            "count": 1
        },
        {
            "answer": "профессианализм, единомышление",
            "count": 1
        },
        {
            "answer": "стремление и ответствеееность",
            "count": 1
        },
        {
            "answer": "переключение",
            "count": 1
        },
        {
            "answer": "верность отрасли",
            "count": 1
        },
        {
            "answer": "стойкость",
            "count": 1
        },
        {
            "answer": "система",
            "count": 1
        },
        {
            "answer": "работа на единый результат",
            "count": 1
        },
        {
            "answer": "#дружба",
            "count": 1
        },
        {
            "answer": "открытые коммуникации",
            "count": 1
        },
        {
            "answer": "вера",
            "count": 1
        },
        {
            "answer": "ответственность",
            "count": 1
        },
        {
            "answer": "эмпатия",
            "count": 1
        },
        {
            "answer": "сплочённость, взаимовыручка",
            "count": 1
        },
        {
            "answer": "организованность",
            "count": 1
        },
        {
            "answer": "смысл",
            "count": 1
        },
        {
            "answer": "решимость",
            "count": 1
        },
        {
            "answer": "профессионализм",
            "count": 1
        },
        {
            "answer": "упертость",
            "count": 1
        },
        {
            "answer": "самоотдача",
            "count": 1
        },
        {
            "answer": "нет испугались",
            "count": 1
        },
        {
            "answer": "выдержка",
            "count": 1
        },
        {
            "answer": "пакш- международная команда",
            "count": 1
        },
        {
            "answer": "поддержка",
            "count": 1
        },
        {
            "answer": "воля и целеустремлённость",
            "count": 1
        },
        {
            "answer": "инновационность",
            "count": 1
        },
        {
            "answer": "терпение и настойчивость",
            "count": 1
        },
        {
            "answer": "оптимизм",
            "count": 1
        },
        {
            "answer": "сила воли",
            "count": 1
        },
        {
            "answer": "целеустремленность, квалификац",
            "count": 1
        },
        {
            "answer": "целеустремленность",
            "count": 1
        },
        {
            "answer": "культура правды",
            "count": 1
        },
        {
            "answer": "интуиция",
            "count": 1
        },
        {
            "answer": "устойчивость",
            "count": 1
        },
        {
            "answer": "целенаправленность",
            "count": 1
        },
        {
            "answer": "талант",
            "count": 1
        },
        {
            "answer": "рефлексия",
            "count": 1
        },
        {
            "answer": "упорство",
            "count": 1
        },
        {
            "answer": "гибкость",
            "count": 1
        },
        {
            "answer": "высокая вовлечённость",
            "count": 1
        },
        {
            "answer": "решительность",
            "count": 1
        },
        {
            "answer": "командность",
            "count": 1
        },
        {
            "answer": "адаптивность",
            "count": 1
        },
        {
            "answer": "несгибаемость",
            "count": 1
        },
        {
            "answer": "усердие",
            "count": 1
        },
        {
            "answer": "вопреки",
            "count": 1
        },
        {
            "answer": "сильная команда",
            "count": 1
        },
        {
            "answer": "работоспособность",
            "count": 1
        },
        {
            "answer": "компетенции, доверие, ответств",
            "count": 1
        },
        {
            "answer": "любовь и доброта",
            "count": 1
        },
        {
            "answer": "упорство и смелость",
            "count": 1
        },
        {
            "answer": "честность доверие",
            "count": 1
        },
        {
            "answer": "победа - цифровизация",
            "count": 1
        },
        {
            "answer": "креативность",
            "count": 1
        },
        {
            "answer": "никто кроме нас",
            "count": 1
        },
        {
            "answer": "планирование и работа на резул",
            "count": 1
        },
        {
            "answer": "воля к победе",
            "count": 1
        },
        {
            "answer": "эффективное взаимодействие",
            "count": 1
        },
        {
            "answer": "работа на результат",
            "count": 1
        },
        {
            "answer": "перфекционизм",
            "count": 1
        },
        {
            "answer": "въедливость",
            "count": 1
        },
        {
            "answer": "нонконформизм",
            "count": 1
        },
        {
            "answer": "воля, терпение, энергичность",
            "count": 1
        },
        {
            "answer": "единая профессиональнаякоманда",
            "count": 1
        },
        {
            "answer": "стойкость к неудачам",
            "count": 1
        },
        {
            "answer": "профессиализм.",
            "count": 1
        },
        {
            "answer": "доверие и открытость",
            "count": 1
        },
        {
            "answer": "доверие",
            "count": 1
        },
        {
            "answer": "#команда",
            "count": 1
        },
        {
            "answer": "вовлеченность",
            "count": 1
        },
        {
            "answer": "вдохновляющие цели",
            "count": 1
        },
        {
            "answer": "высокая квалификация",
            "count": 1
        },
        {
            "answer": "команда",
            "count": 1
        },
        {
            "answer": "вера в лучшее",
            "count": 1
        },
        {
            "answer": "кооперация",
            "count": 1
        },
        {
            "answer": "единство",
            "count": 1
        },
        {
            "answer": "сплоченность и опыт",
            "count": 1
        },
        {
            "answer": "самостоятельность",
            "count": 1
        },
        {
            "answer": "трудоголизм",
            "count": 1
        },
        {
            "answer": "взаимопомощь",
            "count": 1
        },
        {
            "answer": "сплоченность команды",
            "count": 1
        },
        {
            "answer": "упорства",
            "count": 1
        },
        {
            "answer": "позитивный настрой",
            "count": 1
        },
        {
            "answer": "#понимание",
            "count": 1
        },
        {
            "answer": "уверенность и единые цели",
            "count": 1
        },
        {
            "answer": "собранность",
            "count": 1
        },
        {
            "answer": "не испугались",
            "count": 1
        },
        {
            "answer": "адаптивность к изменениям",
            "count": 1
        },
        {
            "answer": "нет страхов",
            "count": 1
        },
        {
            "answer": "открытость",
            "count": 1
        },
        {
            "answer": "приверженность ценностям ра",
            "count": 1
        },
        {
            "answer": "взаимодействие",
            "count": 1
        },
        {
            "answer": "энтузиазм",
            "count": 1
        },
        {
            "answer": "взаимопомощь и амбициозность",
            "count": 1
        },
        {
            "answer": "4. обширные знания",
            "count": 1
        },
        {
            "answer": "мы профессионалы. мы вместе.",
            "count": 1
        },
        {
            "answer": "наглые",
            "count": 1
        },
        {
            "answer": "коммуникабельность",
            "count": 1
        },
        {
            "answer": "русский стиль",
            "count": 1
        },
        {
            "answer": "чувство долга",
            "count": 1
        },
        {
            "answer": "пример лидера команды",
            "count": 1
        },
        {
            "answer": "стремление к цели",
            "count": 1
        },
        {
            "answer": "3. иновационность",
            "count": 1
        },
        {
            "answer": "энергия",
            "count": 1
        },
        {
            "answer": "безысходность",
            "count": 1
        },
        {
            "answer": "профессинализм",
            "count": 1
        },
        {
            "answer": "единая команда - одни цели",
            "count": 1
        },
        {
            "answer": "осознание своего влияния",
            "count": 1
        },
        {
            "answer": "нацеленность на результат",
            "count": 1
        },
        {
            "answer": "профессионализм, компетентност",
            "count": 1
        },
        {
            "answer": "творчество",
            "count": 1
        },
        {
            "answer": "выносливость",
            "count": 1
        },
        {
            "answer": "воля к победе:)",
            "count": 1
        },
        {
            "answer": "сотрудничество",
            "count": 1
        },
        {
            "answer": "прозорливость",
            "count": 1
        },
        {
            "answer": "настойчивость",
            "count": 1
        },
        {
            "answer": "уважение",
            "count": 1
        },
        {
            "answer": "компетентность",
            "count": 1
        },
        {
            "answer": "взаимопонимание",
            "count": 1
        },
        {
            "answer": "любовь",
            "count": 1
        },
        {
            "answer": "хорошее понимание рынка",
            "count": 1
        },
        {
            "answer": "не теряли времени на споры",
            "count": 1
        },
        {
            "answer": "смелость",
            "count": 1
        },
        {
            "answer": "самоотверженность",
            "count": 1
        },
        {
            "answer": "знание и ответственность",
            "count": 1
        },
        {
            "answer": "взаимовыручка",
            "count": 1
        },
        {
            "answer": "целеустремлённость",
            "count": 1
        },
        {
            "answer": "сплоченность и взаимовыручка,",
            "count": 1
        },
        {
            "answer": "самоирония",
            "count": 1
        },
        {
            "answer": "стрессоустойчивость",
            "count": 1
        },
        {
            "answer": "единомыслие",
            "count": 1
        },
        {
            "answer": "ответственность за результат",
            "count": 1
        },
        {
            "answer": "осознанность",
            "count": 1
        },
        {
            "answer": "уважение друг друга.",
            "count": 1
        },
        {
            "answer": "единость",
            "count": 1
        },
        {
            "answer": "государственное мышление",
            "count": 1
        },
        {
            "answer": "любовь к своему делу",
            "count": 1
        },
        {
            "answer": "сплочённость",
            "count": 1
        },
        {
            "answer": "безбашенные",
            "count": 1
        }
    ]
}