{
    "id": 3229,
    "question": "Мои выводы / инсайты периода пандемии&nbsp;",
    "answers": [
        {
            "answer": "мы вместе",
            "count": 1
        },
        {
            "answer": "переосмысление сущности",
            "count": 1
        },
        {
            "answer": "it",
            "count": 1
        },
        {
            "answer": "сплоченность",
            "count": 1
        },
        {
            "answer": "все возможно",
            "count": 1
        },
        {
            "answer": "поддерживать команду",
            "count": 1
        },
        {
            "answer": "ничего невозможного нет",
            "count": 1
        },
        {
            "answer": "самоорганизация",
            "count": 1
        },
        {
            "answer": "только вперёд",
            "count": 1
        },
        {
            "answer": "поддержка",
            "count": 1
        },
        {
            "answer": "главное-не бояться",
            "count": 1
        },
        {
            "answer": "защита человека",
            "count": 1
        },
        {
            "answer": "личный контакт",
            "count": 1
        },
        {
            "answer": "сложные задачи рождают креатив",
            "count": 1
        },
        {
            "answer": "умеем мобилизоваться",
            "count": 1
        },
        {
            "answer": "цифровизация",
            "count": 1
        },
        {
            "answer": "переосмысление",
            "count": 1
        },
        {
            "answer": "единая команда",
            "count": 1
        },
        {
            "answer": "устойчивость",
            "count": 1
        },
        {
            "answer": "ощущение локтя",
            "count": 1
        },
        {
            "answer": "я способен на гораздо большее",
            "count": 1
        },
        {
            "answer": "интернет мобильность",
            "count": 1
        },
        {
            "answer": "работа не главное",
            "count": 1
        },
        {
            "answer": "мир меняется",
            "count": 1
        },
        {
            "answer": "дисциплина",
            "count": 1
        },
        {
            "answer": "жизнь, семья",
            "count": 1
        },
        {
            "answer": "личное общение важно",
            "count": 1
        },
        {
            "answer": "есть резервы",
            "count": 1
        },
        {
            "answer": "скайп",
            "count": 1
        },
        {
            "answer": "осознанность",
            "count": 1
        },
        {
            "answer": "отдых так же важен, как работа",
            "count": 1
        },
        {
            "answer": "выживание и вкус победы",
            "count": 1
        },
        {
            "answer": "быть всегда готов",
            "count": 1
        },
        {
            "answer": "не дождуться",
            "count": 1
        },
        {
            "answer": "можем",
            "count": 1
        },
        {
            "answer": "низкая продуктивность общения",
            "count": 1
        },
        {
            "answer": "все в наших силах",
            "count": 1
        },
        {
            "answer": "можем всё, когда припрёт",
            "count": 1
        },
        {
            "answer": "имеем - не ценим, теряем - жал",
            "count": 1
        },
        {
            "answer": "это надолго",
            "count": 1
        },
        {
            "answer": "главное - здоровье",
            "count": 1
        },
        {
            "answer": "дистанция - лучшая защита",
            "count": 1
        },
        {
            "answer": "живи сегодня",
            "count": 1
        },
        {
            "answer": "командная работа",
            "count": 1
        },
        {
            "answer": "мы можем работать удаленно!",
            "count": 1
        },
        {
            "answer": "можем и умеем",
            "count": 1
        },
        {
            "answer": "возможно все",
            "count": 1
        },
        {
            "answer": "загнанная наука",
            "count": 1
        },
        {
            "answer": "адаптивность",
            "count": 1
        },
        {
            "answer": "мы можем!",
            "count": 1
        },
        {
            "answer": "меньше совещаний",
            "count": 1
        },
        {
            "answer": "мы все можем",
            "count": 1
        },
        {
            "answer": "команда важнее всего",
            "count": 1
        },
        {
            "answer": "выгорание",
            "count": 1
        },
        {
            "answer": "люблю людей",
            "count": 1
        },
        {
            "answer": "живое общение - ценно",
            "count": 1
        },
        {
            "answer": "патриотизм",
            "count": 1
        },
        {
            "answer": "терпение",
            "count": 1
        },
        {
            "answer": "тишина коридоров",
            "count": 1
        },
        {
            "answer": "всё выполнимо!",
            "count": 1
        },
        {
            "answer": "замедление",
            "count": 1
        },
        {
            "answer": "можем работать в разных услови",
            "count": 1
        },
        {
            "answer": "видеть будущее",
            "count": 1
        },
        {
            "answer": "резервы",
            "count": 1
        },
        {
            "answer": "постоянный рост",
            "count": 1
        },
        {
            "answer": "цифра впереди",
            "count": 1
        },
        {
            "answer": "всё могу",
            "count": 1
        },
        {
            "answer": "победа",
            "count": 1
        },
        {
            "answer": "тесты",
            "count": 1
        },
        {
            "answer": "не все можно перевести в онлай",
            "count": 1
        },
        {
            "answer": "жизнь",
            "count": 1
        },
        {
            "answer": "удаленка это хорошо",
            "count": 1
        },
        {
            "answer": "забота о других",
            "count": 1
        },
        {
            "answer": "могу намного больше",
            "count": 1
        },
        {
            "answer": "всё возможно",
            "count": 1
        },
        {
            "answer": "организованность",
            "count": 1
        },
        {
            "answer": "изворотливость",
            "count": 1
        },
        {
            "answer": "прогресс",
            "count": 1
        },
        {
            "answer": "большая ответственность",
            "count": 1
        },
        {
            "answer": "уважение",
            "count": 1
        },
        {
            "answer": "сохранить удаленку",
            "count": 1
        },
        {
            "answer": "толчок к цифровизации",
            "count": 1
        },
        {
            "answer": "на удаленке можно давать резул",
            "count": 1
        },
        {
            "answer": "люблю свою команду",
            "count": 1
        },
        {
            "answer": "надо работать",
            "count": 1
        },
        {
            "answer": "окно возможностей",
            "count": 1
        },
        {
            "answer": "смена парадигм",
            "count": 1
        },
        {
            "answer": "уважать работников",
            "count": 1
        },
        {
            "answer": "ошибки это нормально",
            "count": 1
        },
        {
            "answer": "эффективность",
            "count": 1
        },
        {
            "answer": "время серьезных перемен",
            "count": 1
        },
        {
            "answer": "надо меняться",
            "count": 1
        },
        {
            "answer": "новые вызовы",
            "count": 1
        },
        {
            "answer": "могу всё",
            "count": 1
        },
        {
            "answer": "много лишних",
            "count": 1
        },
        {
            "answer": "здор и семья важнее 12 ч офиса",
            "count": 1
        },
        {
            "answer": "новые знакомства",
            "count": 1
        },
        {
            "answer": "работа с людьми",
            "count": 1
        },
        {
            "answer": "адаптация",
            "count": 1
        },
        {
            "answer": "технологии",
            "count": 1
        },
        {
            "answer": "стали мобильными",
            "count": 1
        },
        {
            "answer": "понимание",
            "count": 1
        },
        {
            "answer": "прорвемся",
            "count": 1
        },
        {
            "answer": "можно провести сокращение рабо",
            "count": 1
        },
        {
            "answer": "команда-сила",
            "count": 1
        },
        {
            "answer": "мы - команда",
            "count": 1
        },
        {
            "answer": "можем то, что не представляем",
            "count": 1
        },
        {
            "answer": "на удаленке работаешь больше",
            "count": 1
        },
        {
            "answer": "эффективность командной работы",
            "count": 1
        },
        {
            "answer": "мы едины несмотря ни на что",
            "count": 1
        },
        {
            "answer": "трудности временны",
            "count": 1
        },
        {
            "answer": "изменения",
            "count": 1
        },
        {
            "answer": "выдержка",
            "count": 1
        },
        {
            "answer": "сложность самоорганизации",
            "count": 1
        },
        {
            "answer": "жизнь продолжается",
            "count": 1
        },
        {
            "answer": "возможности",
            "count": 1
        },
        {
            "answer": "освоили русский стиль",
            "count": 1
        },
        {
            "answer": "забота",
            "count": 1
        },
        {
            "answer": "взаимодействие",
            "count": 1
        },
        {
            "answer": "люди!",
            "count": 1
        },
        {
            "answer": "живое общение все равно  лучше",
            "count": 1
        },
        {
            "answer": "доверие сотрудникам на удаленк",
            "count": 1
        },
        {
            "answer": "мы можем всё",
            "count": 1
        },
        {
            "answer": "самостоятельность",
            "count": 1
        },
        {
            "answer": "развитие в области ит",
            "count": 1
        },
        {
            "answer": "перестраховка",
            "count": 1
        },
        {
            "answer": "невозможное возможно",
            "count": 1
        },
        {
            "answer": "удаленка",
            "count": 1
        },
        {
            "answer": "баланс",
            "count": 1
        },
        {
            "answer": "классно жить",
            "count": 1
        },
        {
            "answer": "вместе можем всё",
            "count": 1
        },
        {
            "answer": "обнуление",
            "count": 1
        },
        {
            "answer": "люди",
            "count": 1
        },
        {
            "answer": "маски",
            "count": 1
        },
        {
            "answer": "собранность",
            "count": 1
        },
        {
            "answer": "дублеры компетенций",
            "count": 1
        },
        {
            "answer": "не страшно",
            "count": 1
        },
        {
            "answer": "не так страшен чёрт",
            "count": 1
        },
        {
            "answer": "определил балласт",
            "count": 1
        },
        {
            "answer": "нужен баланс работа-отдых",
            "count": 1
        },
        {
            "answer": "самоконтроль",
            "count": 1
        },
        {
            "answer": "помочь",
            "count": 1
        },
        {
            "answer": "друзья",
            "count": 1
        },
        {
            "answer": "развитие дистанционных услуг",
            "count": 1
        },
        {
            "answer": "важно личное общение",
            "count": 1
        },
        {
            "answer": "семья - это важно",
            "count": 1
        },
        {
            "answer": "личная эффективность",
            "count": 1
        },
        {
            "answer": "удаленка это навсегда",
            "count": 1
        },
        {
            "answer": "совещания в онлайн без поездок",
            "count": 1
        },
        {
            "answer": "я могу работать круглосуточно",
            "count": 1
        },
        {
            "answer": "без суеты",
            "count": 1
        },
        {
            "answer": "жить можно и нужно в любых усл",
            "count": 1
        },
        {
            "answer": "приверженность",
            "count": 1
        },
        {
            "answer": "взаимозаменяемость",
            "count": 1
        },
        {
            "answer": "вместе мы - сила",
            "count": 1
        },
        {
            "answer": "мобилизация",
            "count": 1
        },
        {
            "answer": "было бы желание, сделать можно",
            "count": 1
        },
        {
            "answer": "здоровье",
            "count": 1
        },
        {
            "answer": "есть место для оптииизации",
            "count": 1
        },
        {
            "answer": "безопасность - база",
            "count": 1
        },
        {
            "answer": "перестройка мозга",
            "count": 1
        },
        {
            "answer": "развитие",
            "count": 1
        },
        {
            "answer": "контроль",
            "count": 1
        },
        {
            "answer": "новые условия труда и жизни",
            "count": 1
        },
        {
            "answer": "доброта",
            "count": 1
        },
        {
            "answer": "очередной вызов",
            "count": 1
        },
        {
            "answer": "компетенции",
            "count": 1
        },
        {
            "answer": "команда",
            "count": 1
        },
        {
            "answer": "мы все можем!",
            "count": 1
        },
        {
            "answer": "депрессия",
            "count": 1
        },
        {
            "answer": "мы можем",
            "count": 1
        },
        {
            "answer": "укрепление",
            "count": 1
        },
        {
            "answer": "уверенность",
            "count": 1
        },
        {
            "answer": "возможность",
            "count": 1
        },
        {
            "answer": "главное - люди!",
            "count": 1
        },
        {
            "answer": "удаленка - хорошо",
            "count": 1
        },
        {
            "answer": "офис не нужен",
            "count": 1
        },
        {
            "answer": "covid",
            "count": 1
        },
        {
            "answer": "смогли",
            "count": 1
        },
        {
            "answer": "имей план б",
            "count": 1
        },
        {
            "answer": "работа в любых условиях",
            "count": 1
        },
        {
            "answer": "единство",
            "count": 1
        },
        {
            "answer": "люди - это главное",
            "count": 1
        },
        {
            "answer": "проявили лучшие качества",
            "count": 1
        },
        {
            "answer": "мобильность",
            "count": 1
        },
        {
            "answer": "эффективность возросла",
            "count": 1
        },
        {
            "answer": "скорость",
            "count": 1
        },
        {
            "answer": "новая реальность",
            "count": 1
        },
        {
            "answer": "лидеры",
            "count": 1
        },
        {
            "answer": "баланс работы и жизни есть!",
            "count": 1
        },
        {
            "answer": "следить за своим состоянием",
            "count": 1
        },
        {
            "answer": "работать эффективно можно",
            "count": 1
        },
        {
            "answer": "регулярные очные встречи необх",
            "count": 1
        },
        {
            "answer": "взаимопонимание",
            "count": 1
        },
        {
            "answer": "резервы для развития",
            "count": 1
        },
        {
            "answer": "можем работать удалённо",
            "count": 1
        },
        {
            "answer": "можно работать эффективнее",
            "count": 1
        },
        {
            "answer": "можем ещё больше",
            "count": 1
        },
        {
            "answer": "новичок",
            "count": 1
        },
        {
            "answer": "можно работать дома",
            "count": 1
        },
        {
            "answer": "новые возможности",
            "count": 1
        },
        {
            "answer": "все возможно преодолеть",
            "count": 1
        },
        {
            "answer": "онлайн очень эффективен",
            "count": 1
        },
        {
            "answer": "мы в цифровом пространстве",
            "count": 1
        },
        {
            "answer": "виртуальность",
            "count": 1
        },
        {
            "answer": "неопределённость",
            "count": 1
        },
        {
            "answer": "эффективно работать удаленно",
            "count": 1
        },
        {
            "answer": "новая реальность надолго",
            "count": 1
        },
        {
            "answer": "внимание здоровью",
            "count": 1
        },
        {
            "answer": "общение",
            "count": 1
        },
        {
            "answer": "семья",
            "count": 1
        },
        {
            "answer": "много ненужного",
            "count": 1
        },
        {
            "answer": "ответственность",
            "count": 1
        }
    ]
}