{
    "id": 3230,
    "question": "Какие задачи должны быть решены внутри отрасли, чтобы реализовать изложенную в докладе стратегию развития атомной энергетики в России?",
    "answers": [
        {
            "answer": "типовой блок, неизменямая кооп",
            "count": 1
        },
        {
            "answer": "поддержка ниокр, конкурентоспо",
            "count": 1
        },
        {
            "answer": "скорость принятия решений",
            "count": 1
        },
        {
            "answer": "опер эффективность",
            "count": 1
        },
        {
            "answer": "сосредоточиться на отраслевой",
            "count": 1
        },
        {
            "answer": "консолидация материальных и че",
            "count": 1
        },
        {
            "answer": "нужно повысить гибкость и скор",
            "count": 1
        },
        {
            "answer": "унификация",
            "count": 1
        },
        {
            "answer": "1. одинаковые приоритеты для у",
            "count": 1
        },
        {
            "answer": "привлекательность атомной энер",
            "count": 1
        },
        {
            "answer": "убрать еосдо",
            "count": 1
        },
        {
            "answer": "оптимизировать спектр операцио",
            "count": 1
        },
        {
            "answer": "новые технологии",
            "count": 1
        },
        {
            "answer": "синхронизация всех проектов в",
            "count": 1
        },
        {
            "answer": "безопасное обращение с рао",
            "count": 1
        },
        {
            "answer": "кадры, организационное развити",
            "count": 1
        },
        {
            "answer": "фокусность",
            "count": 1
        },
        {
            "answer": "снижение количества уровней пр",
            "count": 1
        },
        {
            "answer": "принимать решения",
            "count": 1
        },
        {
            "answer": "повышение эффективности, сниже",
            "count": 1
        },
        {
            "answer": "нормативная база",
            "count": 1
        },
        {
            "answer": "-технологическая преемственнос",
            "count": 1
        },
        {
            "answer": "команда",
            "count": 1
        },
        {
            "answer": "усовершенствование закупочны п",
            "count": 1
        },
        {
            "answer": "кадры",
            "count": 1
        },
        {
            "answer": "новые разработки и технологии",
            "count": 1
        },
        {
            "answer": "необходимо внедрение цифровых",
            "count": 1
        },
        {
            "answer": "революция в проектировании нуж",
            "count": 1
        },
        {
            "answer": "задачи повышения скорости пров",
            "count": 1
        },
        {
            "answer": "бизнес-самостоятельность дивиз",
            "count": 1
        },
        {
            "answer": "оптимизация административных б",
            "count": 1
        },
        {
            "answer": "соблюдение сроков и стоимости",
            "count": 1
        },
        {
            "answer": "регулятор госкорпопация",
            "count": 1
        },
        {
            "answer": "воссоздать блок строительства",
            "count": 1
        },
        {
            "answer": "сквозной график сооружения",
            "count": 1
        },
        {
            "answer": "утилизация трития",
            "count": 1
        },
        {
            "answer": "ускоренное создание технологий",
            "count": 1
        },
        {
            "answer": "наращивание компетенций",
            "count": 1
        },
        {
            "answer": "уменьшить уровень бюрократии",
            "count": 1
        },
        {
            "answer": "типизация, соблюдение сроков",
            "count": 1
        },
        {
            "answer": "мобилизация и эффективность в",
            "count": 1
        },
        {
            "answer": "фракционирование оят",
            "count": 1
        },
        {
            "answer": "внедрение аддитивных технологи",
            "count": 1
        },
        {
            "answer": "модернизация",
            "count": 1
        },
        {
            "answer": "обеспечение квалифицированными",
            "count": 1
        },
        {
            "answer": "поменять мотивацию компаний на",
            "count": 1
        },
        {
            "answer": "импортозамещение по. пока что",
            "count": 1
        },
        {
            "answer": "усилить работу с населением",
            "count": 1
        },
        {
            "answer": "должны быть созданы мощности п",
            "count": 1
        },
        {
            "answer": "внедрение новых методов проект",
            "count": 1
        },
        {
            "answer": "максимальное снижение стоимост",
            "count": 1
        },
        {
            "answer": "решить 4 проблемы со слайда ам",
            "count": 1
        },
        {
            "answer": "научиться строить в сроки и в",
            "count": 1
        },
        {
            "answer": "уменьшить нецелесообразную бюр",
            "count": 1
        },
        {
            "answer": "мобильность профессиональных к",
            "count": 1
        },
        {
            "answer": "подготовка двух-трех десятков",
            "count": 1
        },
        {
            "answer": "расширение зоны влияния на объ",
            "count": 1
        },
        {
            "answer": "оят",
            "count": 1
        },
        {
            "answer": "привлечение  дополнительных ин",
            "count": 1
        },
        {
            "answer": "устранить конкуренцию между ор",
            "count": 1
        },
        {
            "answer": "повышение ответственности за п",
            "count": 1
        },
        {
            "answer": "помещать своих людей в правите",
            "count": 1
        },
        {
            "answer": "референтная асмм в рф",
            "count": 1
        },
        {
            "answer": "управление стоимостью",
            "count": 1
        },
        {
            "answer": "1.кадры",
            "count": 1
        },
        {
            "answer": "1. соблюдение сроков сооружени",
            "count": 1
        },
        {
            "answer": "уменьшить сроки согласования д",
            "count": 1
        },
        {
            "answer": "гарантировано достичь бесспорн",
            "count": 1
        },
        {
            "answer": "1. масштабные кадровые переста",
            "count": 1
        },
        {
            "answer": "оптимизировать процесс сквозно",
            "count": 1
        },
        {
            "answer": "мотивация",
            "count": 1
        },
        {
            "answer": "пакетные предложения для устой",
            "count": 1
        },
        {
            "answer": "“кадры решают всё “",
            "count": 1
        },
        {
            "answer": "модульность линейки реакторов",
            "count": 1
        },
        {
            "answer": "убрать избыточность в технолог",
            "count": 1
        },
        {
            "answer": "гарантия безопасности аэ для ж",
            "count": 1
        },
        {
            "answer": "объединить гражданскую часть о",
            "count": 1
        },
        {
            "answer": "культура лидерства",
            "count": 1
        },
        {
            "answer": "1. кадры для всего жц",
            "count": 1
        },
        {
            "answer": "1. кадры 2.новые технологии и",
            "count": 1
        },
        {
            "answer": "упростить процесс закупок",
            "count": 1
        },
        {
            "answer": "молодые кадры с горящими глаза",
            "count": 1
        },
        {
            "answer": "серийный блок",
            "count": 1
        },
        {
            "answer": "привлечение и развитие персона",
            "count": 1
        },
        {
            "answer": "перестать брать на работу родс",
            "count": 1
        },
        {
            "answer": "дефицит кадров",
            "count": 1
        },
        {
            "answer": "предельно жесткие кпэ (до увол",
            "count": 1
        },
        {
            "answer": "амбиции",
            "count": 1
        },
        {
            "answer": "типизация и унификация, исключ",
            "count": 1
        },
        {
            "answer": "директивные решения",
            "count": 1
        },
        {
            "answer": "научиться считать полную себес",
            "count": 1
        },
        {
            "answer": "убедить в безопасности техноло",
            "count": 1
        },
        {
            "answer": "решить вопрос с подготовкой и",
            "count": 1
        },
        {
            "answer": "система мотивации",
            "count": 1
        },
        {
            "answer": "внутренняя интеграция",
            "count": 1
        },
        {
            "answer": "развитие российской уранодобыч",
            "count": 1
        },
        {
            "answer": "строить э/б всегда,",
            "count": 1
        },
        {
            "answer": "быть гибким и исходить из зада",
            "count": 1
        },
        {
            "answer": "кадры, серийный блок, меньше б",
            "count": 1
        },
        {
            "answer": "изменение отношения.",
            "count": 1
        },
        {
            "answer": "1. цифровизация рутины",
            "count": 1
        },
        {
            "answer": "уровень подготовки",
            "count": 1
        },
        {
            "answer": "цифровизация рутины",
            "count": 1
        },
        {
            "answer": "сократить количество процедур",
            "count": 1
        },
        {
            "answer": "нанять корейского/китайского т",
            "count": 1
        },
        {
            "answer": "наращивание мощностей строител",
            "count": 1
        },
        {
            "answer": "кратное увеличение производите",
            "count": 1
        },
        {
            "answer": "сократить бюрократизм, издержк",
            "count": 1
        },
        {
            "answer": "профессионалы",
            "count": 1
        },
        {
            "answer": "серийное проектирование",
            "count": 1
        },
        {
            "answer": "кадры развивать",
            "count": 1
        },
        {
            "answer": "улучшить междивизианальное вза",
            "count": 1
        },
        {
            "answer": "1. выход на новые рынки и прод",
            "count": 1
        },
        {
            "answer": "замыкание ятц, решение проблем",
            "count": 1
        },
        {
            "answer": "типизация, проектное управлени",
            "count": 1
        },
        {
            "answer": "серийность",
            "count": 1
        },
        {
            "answer": "водород",
            "count": 1
        },
        {
            "answer": "влияние на продвижение вопроса",
            "count": 1
        },
        {
            "answer": "типизация и снижение стоимости",
            "count": 1
        },
        {
            "answer": "кадровые",
            "count": 1
        },
        {
            "answer": "квалифицированные кадры во все",
            "count": 1
        },
        {
            "answer": "- дебюрократизация",
            "count": 1
        },
        {
            "answer": "цифровизация",
            "count": 1
        },
        {
            "answer": "решение вопроса с себестоимост",
            "count": 1
        },
        {
            "answer": "в основном должны быть решены",
            "count": 1
        },
        {
            "answer": "наука, кадры, компетенции, раз",
            "count": 1
        },
        {
            "answer": "развитие минерально-сырьевой б",
            "count": 1
        },
        {
            "answer": "отменить конкурсные процедуры",
            "count": 1
        },
        {
            "answer": "знания, компетенции, опыт, кул",
            "count": 1
        },
        {
            "answer": "сократить сроки протекания про",
            "count": 1
        },
        {
            "answer": "чёткая внутриотраслевая коопер",
            "count": 1
        },
        {
            "answer": "мини аэс, оят",
            "count": 1
        },
        {
            "answer": "сбалансированный ятц",
            "count": 1
        },
        {
            "answer": "типовой блок, стандартное обор",
            "count": 1
        },
        {
            "answer": "актиниды и стоимость 1квт на р",
            "count": 1
        },
        {
            "answer": "создание эффективной системы т",
            "count": 1
        },
        {
            "answer": "технологические решения на все",
            "count": 1
        },
        {
            "answer": "развитие технологий обращения",
            "count": 1
        },
        {
            "answer": "отмена внутри отрасли",
            "count": 1
        },
        {
            "answer": "решить вопрос с оят",
            "count": 1
        },
        {
            "answer": "фокус на типизацию и модульнос",
            "count": 1
        },
        {
            "answer": "отмена конкурсных процедур в а",
            "count": 1
        },
        {
            "answer": "1.довести \"сырые\" проекты ввэр",
            "count": 1
        },
        {
            "answer": "убрать зарегулированность",
            "count": 1
        },
        {
            "answer": "поставить правильные техническ",
            "count": 1
        },
        {
            "answer": "квалифицированные кадры на все",
            "count": 1
        },
        {
            "answer": "кадры, закупки, планирование!!",
            "count": 1
        },
        {
            "answer": "развитие людей, цифровизация,",
            "count": 1
        },
        {
            "answer": "прорывная наука, безусловная б",
            "count": 1
        },
        {
            "answer": "следовать базовой стратегии, с",
            "count": 1
        },
        {
            "answer": "взять сильного спеца по коммун",
            "count": 1
        },
        {
            "answer": "снижение себестоимости",
            "count": 1
        },
        {
            "answer": "эффективность и кадры",
            "count": 1
        },
        {
            "answer": "сроки и стоимость",
            "count": 1
        },
        {
            "answer": "квалифицированные кадры",
            "count": 1
        },
        {
            "answer": "актиниды",
            "count": 1
        },
        {
            "answer": "фокусировка на привлечение, мо",
            "count": 1
        },
        {
            "answer": "привлечение экспертов из разны",
            "count": 1
        },
        {
            "answer": "всеобщая мобилизация",
            "count": 1
        },
        {
            "answer": "детальная операционализация ст",
            "count": 1
        },
        {
            "answer": "стоимость и срок. зятц внедрен",
            "count": 1
        },
        {
            "answer": "сохранить и приумножить компет",
            "count": 1
        },
        {
            "answer": "отмена конкурсных процедур вну",
            "count": 1
        },
        {
            "answer": "своевременность и эффективност",
            "count": 1
        },
        {
            "answer": "единый цифровой процесс: требо",
            "count": 1
        },
        {
            "answer": "развитие новых продуктов",
            "count": 1
        },
        {
            "answer": "исключение проявления коррупци",
            "count": 1
        },
        {
            "answer": "1. типизация и унификация - сн",
            "count": 1
        },
        {
            "answer": "сделать ростехнадзор бизнесори",
            "count": 1
        },
        {
            "answer": "научные задачи в части:",
            "count": 1
        }
    ]
}