{
    "id": 324,
    "question": "Как началось ваше утро?",
    "answers": [
        {
            "answer": "утро началось отлично",
            "count": 1
        },
        {
            "answer": "с осознания, что выходных нет третью неделю(",
            "count": 1
        },
        {
            "answer": "классно",
            "count": 1
        },
        {
            "answer": "удаленка",
            "count": 1
        },
        {
            "answer": "супер",
            "count": 1
        },
        {
            "answer": "отлчино",
            "count": 1
        },
        {
            "answer": "идите все в лес!",
            "count": 1
        },
        {
            "answer": "супер",
            "count": 1
        },
        {
            "answer": "город",
            "count": 1
        },
        {
            "answer": "с разговора с алисой о смысле жизни",
            "count": 1
        },
        {
            "answer": "продуктивно",
            "count": 1
        },
        {
            "answer": "россия",
            "count": 1
        },
        {
            "answer": "сегодня понедельник, утро начинается с забот",
            "count": 1
        },
        {
            "answer": "шикарно",
            "count": 1
        },
        {
            "answer": "всё супер",
            "count": 1
        },
        {
            "answer": "турник",
            "count": 1
        },
        {
            "answer": "класно",
            "count": 1
        },
        {
            "answer": "великолепно",
            "count": 1
        },
        {
            "answer": "замечательно",
            "count": 1
        },
        {
            "answer": "работа",
            "count": 1
        },
        {
            "answer": "сгори в аду, ии",
            "count": 1
        },
        {
            "answer": "завтрак",
            "count": 1
        },
        {
            "answer": "с сообщения коллеги о том, что появилась неотложная задача.",
            "count": 1
        },
        {
            "answer": "гуд",
            "count": 1
        },
        {
            "answer": "душ",
            "count": 1
        },
        {
            "answer": "зарядка",
            "count": 1
        },
        {
            "answer": "niou",
            "count": 1
        },
        {
            "answer": "кофе с молоком",
            "count": 1
        },
        {
            "answer": "зачем вам это знать",
            "count": 1
        },
        {
            "answer": "пробежка",
            "count": 1
        },
        {
            "answer": "123",
            "count": 1
        },
        {
            "answer": "прекрасно",
            "count": 1
        },
        {
            "answer": "дружелюбно",
            "count": 1
        },
        {
            "answer": "хорошо",
            "count": 1
        },
        {
            "answer": "что за вопрос, конечно же прекрасно",
            "count": 1
        },
        {
            "answer": "на пятерочку",
            "count": 1
        },
        {
            "answer": "москва",
            "count": 1
        },
        {
            "answer": "отлично",
            "count": 1
        },
        {
            "answer": "расслабляющая ванна после пробежки",
            "count": 1
        },
        {
            "answer": "это личное",
            "count": 1
        },
        {
            "answer": "супер",
            "count": 1
        },
        {
            "answer": "задачи",
            "count": 1
        },
        {
            "answer": "харашо",
            "count": 1
        },
        {
            "answer": "интерес",
            "count": 1
        },
        {
            "answer": "просто великолепно",
            "count": 1
        },
        {
            "answer": "авто",
            "count": 1
        },
        {
            "answer": "отлично",
            "count": 1
        },
        {
            "answer": "its amazing",
            "count": 1
        },
        {
            "answer": "отвратительно",
            "count": 1
        },
        {
            "answer": "бодро",
            "count": 1
        },
        {
            "answer": "приемлемо",
            "count": 1
        },
        {
            "answer": "проверка",
            "count": 1
        },
        {
            "answer": "скайп",
            "count": 1
        },
        {
            "answer": "сонно",
            "count": 1
        },
        {
            "answer": "не хочу отвечать",
            "count": 1
        },
        {
            "answer": "снова на работу",
            "count": 1
        },
        {
            "answer": "норм",
            "count": 1
        }
    ]
}