{
    "id": 3277,
    "question": "Что вас поддерживает сейчас?",
    "answers": [
        {
            "answer": "test",
            "count": 1
        },
        {
            "answer": "test",
            "count": 1
        },
        {
            "answer": "команда",
            "count": 1
        },
        {
            "answer": "семья",
            "count": 1
        },
        {
            "answer": "единомышленники",
            "count": 1
        },
        {
            "answer": "объём и загрузка работой",
            "count": 1
        },
        {
            "answer": "музыка и новые программы",
            "count": 1
        },
        {
            "answer": "здравый ум",
            "count": 1
        },
        {
            "answer": "спорт",
            "count": 1
        },
        {
            "answer": "коллеги",
            "count": 1
        },
        {
            "answer": "работа",
            "count": 1
        },
        {
            "answer": "команда",
            "count": 1
        },
        {
            "answer": "поддержка руководителя",
            "count": 1
        },
        {
            "answer": "способность к изменениям",
            "count": 1
        },
        {
            "answer": "семья",
            "count": 1
        },
        {
            "answer": "спорт, семья",
            "count": 1
        },
        {
            "answer": "дети",
            "count": 1
        },
        {
            "answer": "вера в светлое будущее",
            "count": 1
        },
        {
            "answer": "моя команда",
            "count": 1
        },
        {
            "answer": "тренировки",
            "count": 1
        },
        {
            "answer": "руководитель",
            "count": 1
        },
        {
            "answer": "общение с коллегами",
            "count": 1
        },
        {
            "answer": "всё уже…",
            "count": 1
        },
        {
            "answer": "вебинары на актуальные темы",
            "count": 1
        },
        {
            "answer": "положительные эмоции",
            "count": 1
        },
        {
            "answer": "интересная рабочая задача",
            "count": 1
        },
        {
            "answer": "семья",
            "count": 1
        },
        {
            "answer": "проекты академии",
            "count": 1
        },
        {
            "answer": "семья",
            "count": 1
        },
        {
            "answer": "коллеги",
            "count": 1
        },
        {
            "answer": "кофе",
            "count": 1
        },
        {
            "answer": "желание личностного роста",
            "count": 1
        },
        {
            "answer": "психолог",
            "count": 1
        },
        {
            "answer": "семья",
            "count": 1
        },
        {
            "answer": "ничего",
            "count": 1
        },
        {
            "answer": "уверенность в наличие работы",
            "count": 1
        },
        {
            "answer": "семья",
            "count": 1
        },
        {
            "answer": "спорт, друзья, любовь",
            "count": 1
        },
        {
            "answer": "дом",
            "count": 1
        },
        {
            "answer": "гд академии",
            "count": 1
        },
        {
            "answer": "семья",
            "count": 1
        },
        {
            "answer": "весна скоро",
            "count": 1
        },
        {
            "answer": "семья, коллеги, работа",
            "count": 1
        },
        {
            "answer": "интересные рабочие задачи",
            "count": 1
        },
        {
            "answer": "магний",
            "count": 1
        },
        {
            "answer": "отраслевые задачи важнее локал",
            "count": 1
        },
        {
            "answer": "вера в стабильность гк",
            "count": 1
        },
        {
            "answer": "лекарства",
            "count": 1
        },
        {
            "answer": "вера в росатом",
            "count": 1
        },
        {
            "answer": "близкие",
            "count": 1
        },
        {
            "answer": "неформальное общение",
            "count": 1
        },
        {
            "answer": "друзья",
            "count": 1
        },
        {
            "answer": "семья",
            "count": 1
        },
        {
            "answer": "оптимизм",
            "count": 1
        },
        {
            "answer": "семья",
            "count": 1
        },
        {
            "answer": "психолог",
            "count": 1
        },
        {
            "answer": "хорошее настроение родителей",
            "count": 1
        },
        {
            "answer": "самоконтроль",
            "count": 1
        },
        {
            "answer": "антидепрессанты",
            "count": 1
        },
        {
            "answer": "спорт",
            "count": 1
        },
        {
            "answer": "работа",
            "count": 1
        },
        {
            "answer": "танцы",
            "count": 1
        },
        {
            "answer": "интерес",
            "count": 1
        },
        {
            "answer": "коллеги",
            "count": 1
        },
        {
            "answer": "вера, философия, политэкономия",
            "count": 1
        },
        {
            "answer": "друзья и семья",
            "count": 1
        },
        {
            "answer": "медитация",
            "count": 1
        },
        {
            "answer": "семья",
            "count": 1
        },
        {
            "answer": "вера в лучшее",
            "count": 1
        },
        {
            "answer": "семья и работа",
            "count": 1
        },
        {
            "answer": "семья и работа",
            "count": 1
        },
        {
            "answer": "руководитель, близкие, забота",
            "count": 1
        },
        {
            "answer": "хобби",
            "count": 1
        },
        {
            "answer": "вкусная еда",
            "count": 1
        },
        {
            "answer": "семья",
            "count": 1
        },
        {
            "answer": "команда",
            "count": 1
        },
        {
            "answer": "руководитель",
            "count": 1
        },
        {
            "answer": "адекватные люди",
            "count": 1
        },
        {
            "answer": "весна",
            "count": 1
        },
        {
            "answer": "вера в разум людей",
            "count": 1
        },
        {
            "answer": "команда",
            "count": 1
        },
        {
            "answer": "моя семья",
            "count": 1
        },
        {
            "answer": "семья, коллеги, работа",
            "count": 1
        },
        {
            "answer": "семья",
            "count": 1
        },
        {
            "answer": "семья",
            "count": 1
        },
        {
            "answer": "забота",
            "count": 1
        },
        {
            "answer": "семья",
            "count": 1
        },
        {
            "answer": "близкие",
            "count": 1
        },
        {
            "answer": "семья, спорт, смена обстановки",
            "count": 1
        },
        {
            "answer": "семья и работа",
            "count": 1
        },
        {
            "answer": "родные и близкие",
            "count": 1
        },
        {
            "answer": "ничего",
            "count": 1
        },
        {
            "answer": "стабильность росатома",
            "count": 1
        },
        {
            "answer": "профессиональные вызовы",
            "count": 1
        },
        {
            "answer": "семья",
            "count": 1
        },
        {
            "answer": "здравый смысл",
            "count": 1
        },
        {
            "answer": "юмор",
            "count": 1
        },
        {
            "answer": "искусство",
            "count": 1
        },
        {
            "answer": "цели",
            "count": 1
        },
        {
            "answer": "семья",
            "count": 1
        },
        {
            "answer": "спорт",
            "count": 1
        },
        {
            "answer": "работа",
            "count": 1
        },
        {
            "answer": "коллеги",
            "count": 1
        },
        {
            "answer": "даже не знаю теперь",
            "count": 1
        },
        {
            "answer": "муж",
            "count": 1
        },
        {
            "answer": "вера в лучшее",
            "count": 1
        },
        {
            "answer": "у меня есть работа",
            "count": 1
        },
        {
            "answer": "вера в светлое будущее",
            "count": 1
        },
        {
            "answer": "близкий человек",
            "count": 1
        },
        {
            "answer": "семья",
            "count": 1
        },
        {
            "answer": "здравый смысл",
            "count": 1
        },
        {
            "answer": "русский дух!!!!",
            "count": 1
        },
        {
            "answer": "семья",
            "count": 1
        },
        {
            "answer": "команда",
            "count": 1
        },
        {
            "answer": "понимание, любовь, аккуратност",
            "count": 1
        },
        {
            "answer": "разговоры с близкими",
            "count": 1
        },
        {
            "answer": "изучение языков",
            "count": 1
        },
        {
            "answer": "разумные решения в прошлом",
            "count": 1
        },
        {
            "answer": "родные люди, любимые занятия",
            "count": 1
        },
        {
            "answer": "дружный коллектив",
            "count": 1
        },
        {
            "answer": "семья",
            "count": 1
        },
        {
            "answer": "работа",
            "count": 1
        },
        {
            "answer": "коллектив",
            "count": 1
        },
        {
            "answer": "команда",
            "count": 1
        },
        {
            "answer": "любимый",
            "count": 1
        },
        {
            "answer": "юля ужакина",
            "count": 1
        },
        {
            "answer": "психотерапия",
            "count": 1
        },
        {
            "answer": "руководитель",
            "count": 1
        },
        {
            "answer": "разрешить не бежать",
            "count": 1
        },
        {
            "answer": "люди",
            "count": 1
        },
        {
            "answer": "коллектив",
            "count": 1
        },
        {
            "answer": "развитая сеть проф.контактов",
            "count": 1
        },
        {
            "answer": "новопассит",
            "count": 1
        }
    ]
}