{
    "id": 3278,
    "question": "Какие условия в Академии нужно создать, чтобы задуманное сбылось?",
    "answers": [
        {
            "answer": "test",
            "count": 1
        },
        {
            "answer": "индексация зп",
            "count": 1
        },
        {
            "answer": "соблюдать нейтральную позицию",
            "count": 1
        },
        {
            "answer": "кроссфункциональное взаимодейс",
            "count": 1
        },
        {
            "answer": "четкая постановка задач",
            "count": 1
        },
        {
            "answer": "поддерживать друг друга",
            "count": 1
        },
        {
            "answer": "общий обзор рисков",
            "count": 1
        },
        {
            "answer": "положительные эмоции",
            "count": 1
        },
        {
            "answer": "индексация зп, процессы",
            "count": 1
        },
        {
            "answer": "эмоциональные",
            "count": 1
        },
        {
            "answer": "выстроить процессы",
            "count": 1
        },
        {
            "answer": "фокус на \"порядок в доме\"",
            "count": 1
        },
        {
            "answer": "психологическая помощь",
            "count": 1
        },
        {
            "answer": "количество сотрудников",
            "count": 1
        },
        {
            "answer": "человеческое отношения к др др",
            "count": 1
        },
        {
            "answer": "наладить процессы",
            "count": 1
        },
        {
            "answer": "проредить проекты, фокусировка",
            "count": 1
        },
        {
            "answer": "не терять надежду",
            "count": 1
        },
        {
            "answer": "удаленная работа",
            "count": 1
        },
        {
            "answer": "все условия уже созданы",
            "count": 1
        },
        {
            "answer": "индексировать зарплату",
            "count": 1
        },
        {
            "answer": "длительные неоплач. отпуска",
            "count": 1
        },
        {
            "answer": "доступность работников",
            "count": 1
        },
        {
            "answer": "понятная процедура изменений",
            "count": 1
        },
        {
            "answer": "индексация зп",
            "count": 1
        },
        {
            "answer": "удаленный формат работы",
            "count": 1
        },
        {
            "answer": "инклюзивная среда",
            "count": 1
        },
        {
            "answer": "доход с поправкой на инфляцию",
            "count": 1
        },
        {
            "answer": "индексация зп",
            "count": 1
        },
        {
            "answer": "удержать сотрудника",
            "count": 1
        },
        {
            "answer": "оцифровка процессов в схему",
            "count": 1
        },
        {
            "answer": "не перекладывать свою работу",
            "count": 1
        },
        {
            "answer": "социальные",
            "count": 1
        },
        {
            "answer": "внутренний сервис,а не контрол",
            "count": 1
        },
        {
            "answer": "поддержку и людей",
            "count": 1
        },
        {
            "answer": "вера в светлое будущее",
            "count": 1
        },
        {
            "answer": "все закупки по еп",
            "count": 1
        },
        {
            "answer": "зп",
            "count": 1
        },
        {
            "answer": "автоматизация процессов",
            "count": 1
        },
        {
            "answer": "карьерный рост",
            "count": 1
        },
        {
            "answer": "employee experience management",
            "count": 1
        },
        {
            "answer": "дисциплина",
            "count": 1
        },
        {
            "answer": "открытый диалог по ситуации",
            "count": 1
        },
        {
            "answer": "уровень дохода vs инфляция",
            "count": 1
        },
        {
            "answer": "порядок в процессах",
            "count": 1
        },
        {
            "answer": "электронный документооборот",
            "count": 1
        },
        {
            "answer": "эмоциональная поддержка",
            "count": 1
        },
        {
            "answer": "открыто говорить о рисках",
            "count": 1
        },
        {
            "answer": "работоспособность систем",
            "count": 1
        },
        {
            "answer": "помягче к людям внутри",
            "count": 1
        },
        {
            "answer": "неформальные встречи",
            "count": 1
        },
        {
            "answer": "индексация зп",
            "count": 1
        },
        {
            "answer": "снижение нагрузки",
            "count": 1
        },
        {
            "answer": "индексация зп",
            "count": 1
        },
        {
            "answer": "неформальные встречи",
            "count": 1
        },
        {
            "answer": "эмоциональный самоконтроль",
            "count": 1
        },
        {
            "answer": "помнить, что академия держит с",
            "count": 1
        },
        {
            "answer": "чаще спрашивать: зачем?",
            "count": 1
        },
        {
            "answer": "единое информационное поле",
            "count": 1
        },
        {
            "answer": "работа в офисе",
            "count": 1
        },
        {
            "answer": "индексация зп",
            "count": 1
        },
        {
            "answer": "удобная площ. для онлайн ком-и",
            "count": 1
        },
        {
            "answer": "поддержка друг друга",
            "count": 1
        },
        {
            "answer": "обьединится",
            "count": 1
        },
        {
            "answer": "все условия уже есть",
            "count": 1
        },
        {
            "answer": "не заниматься самоцензурой",
            "count": 1
        },
        {
            "answer": "стратегию до 2030 года сделать",
            "count": 1
        },
        {
            "answer": "неформальные встречи",
            "count": 1
        },
        {
            "answer": "комната-антистресс",
            "count": 1
        },
        {
            "answer": "индексировать зарплату",
            "count": 1
        },
        {
            "answer": "корпоративные мероприятия",
            "count": 1
        },
        {
            "answer": "информирование о пр-тах коллег",
            "count": 1
        },
        {
            "answer": "регулярно синхронизироваться",
            "count": 1
        },
        {
            "answer": "доверие",
            "count": 1
        },
        {
            "answer": "возможность работать не в мо",
            "count": 1
        },
        {
            "answer": "ясность",
            "count": 1
        },
        {
            "answer": "индексация зп",
            "count": 1
        },
        {
            "answer": "наладить процессы",
            "count": 1
        },
        {
            "answer": "выстроить процессы",
            "count": 1
        },
        {
            "answer": "индексация зп",
            "count": 1
        },
        {
            "answer": "большая степень координации",
            "count": 1
        },
        {
            "answer": "больше людей",
            "count": 1
        },
        {
            "answer": "новые инструменты (программы)",
            "count": 1
        },
        {
            "answer": "регулярно ос от исполнителей",
            "count": 1
        },
        {
            "answer": "индексация зп",
            "count": 1
        },
        {
            "answer": "свободное время на развитие",
            "count": 1
        },
        {
            "answer": "не выполнять 1000 задач сразу",
            "count": 1
        }
    ]
}