{
    "id": 3357,
    "question": "Что для Вас цифровая трансформация?",
    "answers": [
        {
            "answer": "эволюция",
            "count": 1
        },
        {
            "answer": "боль",
            "count": 1
        },
        {
            "answer": "эффективность",
            "count": 1
        },
        {
            "answer": "изменение",
            "count": 1
        },
        {
            "answer": "переобучение",
            "count": 1
        },
        {
            "answer": "улучшение жизни",
            "count": 1
        },
        {
            "answer": "актуальный вариант инновации",
            "count": 1
        },
        {
            "answer": "новое название автоматизации",
            "count": 1
        },
        {
            "answer": "изменение философии бизнеса",
            "count": 1
        },
        {
            "answer": "изменение процессов",
            "count": 1
        },
        {
            "answer": "увеличение бизнес-ценности",
            "count": 1
        },
        {
            "answer": "новые технологии",
            "count": 1
        },
        {
            "answer": "смена_культуры_возможности",
            "count": 1
        },
        {
            "answer": "новые возможности",
            "count": 1
        },
        {
            "answer": "эффективные процессы",
            "count": 1
        },
        {
            "answer": "удобство",
            "count": 1
        },
        {
            "answer": "цифровизация  бизнес-процессов",
            "count": 1
        },
        {
            "answer": "неизбежные изменения к лучшему",
            "count": 1
        },
        {
            "answer": "шанс выжить",
            "count": 1
        },
        {
            "answer": "новое качество",
            "count": 1
        },
        {
            "answer": "бизнес через цифру",
            "count": 1
        },
        {
            "answer": "получение прибыли от цифры",
            "count": 1
        },
        {
            "answer": "маркетинг",
            "count": 1
        },
        {
            "answer": "коренное изменение бизнеса",
            "count": 1
        },
        {
            "answer": "изменение бизнес-процессов",
            "count": 1
        },
        {
            "answer": "изменение типового уклада",
            "count": 1
        },
        {
            "answer": "производительность труда",
            "count": 1
        },
        {
            "answer": "технологии",
            "count": 1
        },
        {
            "answer": "новые бизнес-модели",
            "count": 1
        },
        {
            "answer": "оптимизация процессов",
            "count": 1
        },
        {
            "answer": "эффективный бизнес",
            "count": 1
        },
        {
            "answer": "эффективность",
            "count": 1
        },
        {
            "answer": "изменение процессов",
            "count": 1
        },
        {
            "answer": "новые модели бизнеса",
            "count": 1
        },
        {
            "answer": "kean smart",
            "count": 1
        },
        {
            "answer": "эффективность",
            "count": 1
        },
        {
            "answer": "новые бизнес-процессы",
            "count": 1
        },
        {
            "answer": "прозрачность",
            "count": 1
        }
    ]
}