{
    "id": 3448,
    "question": "Какие ассоциации у Вас возникают с понятием «Сообщество»",
    "answers": [
        {
            "answer": "полезные контакты",
            "count": 1
        },
        {
            "answer": "дружба",
            "count": 1
        },
        {
            "answer": "общее видение, стремление",
            "count": 1
        },
        {
            "answer": "единые идея и контекст",
            "count": 1
        },
        {
            "answer": "интересно вместе",
            "count": 1
        },
        {
            "answer": "обсуждение",
            "count": 1
        },
        {
            "answer": "группа людей. общие идеи и цел",
            "count": 1
        },
        {
            "answer": "единение",
            "count": 1
        },
        {
            "answer": "единые интересы",
            "count": 1
        },
        {
            "answer": "общие ценности",
            "count": 1
        },
        {
            "answer": "разные вместе",
            "count": 1
        },
        {
            "answer": "команда",
            "count": 1
        },
        {
            "answer": "обмен опытом",
            "count": 1
        },
        {
            "answer": "партнерство",
            "count": 1
        },
        {
            "answer": "сотрудничество",
            "count": 1
        },
        {
            "answer": "единение",
            "count": 1
        },
        {
            "answer": "что-то общее",
            "count": 1
        },
        {
            "answer": "поддержка",
            "count": 1
        },
        {
            "answer": "единомышленники",
            "count": 1
        },
        {
            "answer": "много общего",
            "count": 1
        },
        {
            "answer": "коммуникации, обмен опытом",
            "count": 1
        },
        {
            "answer": "поддержка",
            "count": 1
        },
        {
            "answer": "поддержка",
            "count": 1
        },
        {
            "answer": "коллективный разум",
            "count": 1
        },
        {
            "answer": "сотрудничество",
            "count": 1
        },
        {
            "answer": "нетворкинг",
            "count": 1
        },
        {
            "answer": "синергия",
            "count": 1
        },
        {
            "answer": "совместное общение",
            "count": 1
        },
        {
            "answer": "сотрудничество",
            "count": 1
        },
        {
            "answer": "группа единомышленников",
            "count": 1
        },
        {
            "answer": "единомышленники",
            "count": 1
        },
        {
            "answer": "группа единомышленников",
            "count": 1
        }
    ]
}