{
    "id": 3453,
    "question": "Поделитесь Вашим настроением",
    "answers": [
        {
            "answer": "солнечно сонное",
            "count": 1
        },
        {
            "answer": "отличное",
            "count": 1
        },
        {
            "answer": "супер",
            "count": 1
        },
        {
            "answer": "замечательное",
            "count": 1
        },
        {
            "answer": "солнечное!",
            "count": 1
        },
        {
            "answer": "🌟отличное",
            "count": 1
        },
        {
            "answer": "крутое",
            "count": 1
        },
        {
            "answer": "радость",
            "count": 1
        },
        {
            "answer": "бодрое",
            "count": 1
        },
        {
            "answer": "отличное 😊",
            "count": 1
        },
        {
            "answer": "замечательное!",
            "count": 1
        },
        {
            "answer": "🤔",
            "count": 1
        },
        {
            "answer": "👍👏😆",
            "count": 1
        },
        {
            "answer": "отличное",
            "count": 1
        },
        {
            "answer": "отлично!",
            "count": 1
        },
        {
            "answer": "радужное",
            "count": 1
        },
        {
            "answer": "вдохновляюще",
            "count": 1
        },
        {
            "answer": "приподнятое",
            "count": 1
        },
        {
            "answer": "сонное",
            "count": 1
        },
        {
            "answer": "в предвкушении🔥",
            "count": 1
        },
        {
            "answer": "😍",
            "count": 1
        },
        {
            "answer": "отличное",
            "count": 1
        },
        {
            "answer": "радость",
            "count": 1
        },
        {
            "answer": "норм",
            "count": 1
        },
        {
            "answer": "радостное",
            "count": 1
        },
        {
            "answer": "🔥",
            "count": 1
        },
        {
            "answer": "🎉",
            "count": 1
        },
        {
            "answer": "возбужденное",
            "count": 1
        },
        {
            "answer": "☀️",
            "count": 1
        },
        {
            "answer": "🔥🔥🔥",
            "count": 1
        },
        {
            "answer": "драйв!",
            "count": 1
        },
        {
            "answer": "отлично",
            "count": 1
        }
    ]
}