{
    "id": 3513,
    "question": "Как ваше настроение?",
    "answers": [
        {
            "answer": "чичмч",
            "count": 1
        },
        {
            "answer": "прекрасно",
            "count": 1
        },
        {
            "answer": "великолепно",
            "count": 1
        },
        {
            "answer": "лучше всех",
            "count": 1
        },
        {
            "answer": "..............................",
            "count": 1
        },
        {
            "answer": "отлично",
            "count": 1
        },
        {
            "answer": "ура",
            "count": 1
        },
        {
            "answer": "приятное",
            "count": 1
        },
        {
            "answer": "супер",
            "count": 1
        },
        {
            "answer": "хорошее",
            "count": 1
        },
        {
            "answer": "отлично",
            "count": 1
        },
        {
            "answer": "норм",
            "count": 1
        },
        {
            "answer": "не фонтан",
            "count": 1
        },
        {
            "answer": "отличное",
            "count": 1
        },
        {
            "answer": "шикарное",
            "count": 1
        },
        {
            "answer": "великолепное",
            "count": 1
        },
        {
            "answer": "отличное",
            "count": 1
        },
        {
            "answer": "боевое",
            "count": 1
        },
        {
            "answer": "отличное",
            "count": 1
        },
        {
            "answer": "готов ко всему",
            "count": 1
        },
        {
            "answer": "спать хочу!",
            "count": 1
        },
        {
            "answer": "супер",
            "count": 1
        },
        {
            "answer": "отлично",
            "count": 1
        },
        {
            "answer": "вечернее",
            "count": 1
        },
        {
            "answer": "пора отдохну",
            "count": 1
        },
        {
            "answer": "уверенное",
            "count": 1
        },
        {
            "answer": "спокойное",
            "count": 1
        },
        {
            "answer": "позитивное",
            "count": 1
        },
        {
            "answer": "замечательное",
            "count": 1
        }
    ]
}