{
    "id": 3571,
    "question": "Какие темы вас волнуют сегодня?",
    "answers": [
        {
            "answer": "весна",
            "count": 1
        },
        {
            "answer": "весна",
            "count": 1
        },
        {
            "answer": "что там у  хохлов",
            "count": 1
        },
        {
            "answer": "10",
            "count": 1
        },
        {
            "answer": "цены на продукты",
            "count": 1
        },
        {
            "answer": "опрос",
            "count": 1
        },
        {
            "answer": "мир",
            "count": 1
        },
        {
            "answer": "мир",
            "count": 1
        },
        {
            "answer": "зачем все это?",
            "count": 1
        },
        {
            "answer": "работа",
            "count": 1
        },
        {
            "answer": "мир",
            "count": 1
        },
        {
            "answer": "любые",
            "count": 1
        },
        {
            "answer": "например",
            "count": 1
        },
        {
            "answer": "мир",
            "count": 1
        },
        {
            "answer": "хорошо",
            "count": 1
        },
        {
            "answer": "хорошо",
            "count": 1
        },
        {
            "answer": "хорошо",
            "count": 1
        },
        {
            "answer": "хорошо",
            "count": 1
        },
        {
            "answer": "мир мир мир",
            "count": 1
        },
        {
            "answer": "саморазвитие",
            "count": 1
        },
        {
            "answer": "деньги",
            "count": 1
        },
        {
            "answer": "деньги и стоимость товаров",
            "count": 1
        },
        {
            "answer": "финансы",
            "count": 1
        },
        {
            "answer": "наука и инновации",
            "count": 1
        },
        {
            "answer": "весеннее обострение",
            "count": 1
        },
        {
            "answer": "ит-ипотека",
            "count": 1
        },
        {
            "answer": "украина",
            "count": 1
        },
        {
            "answer": "цены",
            "count": 1
        },
        {
            "answer": "еда",
            "count": 1
        },
        {
            "answer": "крепкий сон",
            "count": 1
        },
        {
            "answer": "образование детей",
            "count": 1
        },
        {
            "answer": "урожай пасленовых",
            "count": 1
        },
        {
            "answer": "личное развитие",
            "count": 1
        },
        {
            "answer": "профессиональное развитие",
            "count": 1
        },
        {
            "answer": "осознанное потребление",
            "count": 1
        },
        {
            "answer": "устойчивое развитие",
            "count": 1
        },
        {
            "answer": "война",
            "count": 1
        },
        {
            "answer": "что будет дальше?",
            "count": 1
        },
        {
            "answer": "есть ли продуктовая жизнь в гк",
            "count": 1
        },
        {
            "answer": "успею ли я закончить проект?",
            "count": 1
        },
        {
            "answer": "почему так мало символов для в",
            "count": 1
        },
        {
            "answer": "перспективы",
            "count": 1
        },
        {
            "answer": "рост цен",
            "count": 1
        },
        {
            "answer": "экономика россии",
            "count": 1
        },
        {
            "answer": "цена на корм для собак",
            "count": 1
        },
        {
            "answer": "личные",
            "count": 1
        },
        {
            "answer": "хочу в отпуск 😭",
            "count": 1
        },
        {
            "answer": "развитие продуктов",
            "count": 1
        },
        {
            "answer": "повышение зп",
            "count": 1
        },
        {
            "answer": "стабильность",
            "count": 1
        },
        {
            "answer": "мир",
            "count": 1
        },
        {
            "answer": "отсутствие новых багов",
            "count": 1
        },
        {
            "answer": "продам гараж в химках!",
            "count": 1
        },
        {
            "answer": "результаты круглых столов",
            "count": 1
        },
        {
            "answer": "импортозамещение",
            "count": 1
        },
        {
            "answer": "будущее",
            "count": 1
        },
        {
            "answer": "новые веяния в it",
            "count": 1
        }
    ]
}