{
    "id": 3757,
    "question": "Значимость этих проблем настолько очевидна, что укрепление и развитие структуры требуют от нас анализа позиций, занимаемых участниками в отношении поставленных задач. Задача организации, в особенности же начало повседневной работы по формированию поз",
    "answers": [
        {
            "answer": "весело",
            "count": 1
        },
        {
            "answer": "здорово",
            "count": 1
        },
        {
            "answer": "прикрасно",
            "count": 1
        },
        {
            "answer": "домашнее",
            "count": 1
        },
        {
            "answer": "дом",
            "count": 1
        },
        {
            "answer": "дома",
            "count": 1
        },
        {
            "answer": "в доме",
            "count": 1
        },
        {
            "answer": "у дома",
            "count": 1
        },
        {
            "answer": "отлично",
            "count": 1
        },
        {
            "answer": "плохо",
            "count": 1
        },
        {
            "answer": "норм",
            "count": 1
        },
        {
            "answer": "нормально",
            "count": 1
        },
        {
            "answer": "норма",
            "count": 1
        },
        {
            "answer": "круто",
            "count": 1
        },
        {
            "answer": "ужасно",
            "count": 1
        },
        {
            "answer": "отвратительно",
            "count": 1
        },
        {
            "answer": "мерзко",
            "count": 1
        },
        {
            "answer": "холодно",
            "count": 1
        },
        {
            "answer": "хорошо",
            "count": 1
        },
        {
            "answer": "прекрасно",
            "count": 1
        },
        {
            "answer": "отлично",
            "count": 1
        },
        {
            "answer": "замечательно",
            "count": 1
        },
        {
            "answer": "здорово",
            "count": 1
        },
        {
            "answer": "здарова",
            "count": 1
        },
        {
            "answer": "плоха",
            "count": 1
        },
        {
            "answer": "харашо",
            "count": 1
        },
        {
            "answer": "хорошо",
            "count": 1
        },
        {
            "answer": "хорошо",
            "count": 1
        }
    ]
}