{
    "id": 3847,
    "question": "Как инструмент дизайн-мышление помогает улучшить опыт работы с клиентом?",
    "answers": [
        {
            "answer": "влезть в шкуру клиента",
            "count": 1
        },
        {
            "answer": "больше возможностей",
            "count": 1
        },
        {
            "answer": "никак",
            "count": 1
        },
        {
            "answer": "разнонаправленно",
            "count": 1
        },
        {
            "answer": "оптимизация",
            "count": 1
        },
        {
            "answer": "помогает понять потребность",
            "count": 1
        },
        {
            "answer": "взаимопонимание",
            "count": 1
        },
        {
            "answer": "не применял ни разу",
            "count": 1
        },
        {
            "answer": "с точки зрения клиента смотрим",
            "count": 1
        },
        {
            "answer": "шпионаж ))",
            "count": 1
        },
        {
            "answer": "структурированный подход",
            "count": 1
        },
        {
            "answer": "никак",
            "count": 1
        },
        {
            "answer": "осмыслить потребности клиента",
            "count": 1
        },
        {
            "answer": "понять клиента",
            "count": 1
        },
        {
            "answer": "системный подход",
            "count": 1
        },
        {
            "answer": "работа на одной волне",
            "count": 1
        },
        {
            "answer": "понять клиента лучше",
            "count": 1
        },
        {
            "answer": "коммуникация",
            "count": 1
        },
        {
            "answer": "понять клиента",
            "count": 1
        },
        {
            "answer": "лучше понять",
            "count": 1
        },
        {
            "answer": "посмотреть со всех сторон",
            "count": 1
        },
        {
            "answer": "понять заказчика",
            "count": 1
        },
        {
            "answer": "никак",
            "count": 1
        },
        {
            "answer": "взаимопонимание",
            "count": 1
        },
        {
            "answer": "увидеть глазами клиента",
            "count": 1
        },
        {
            "answer": "лучше понять",
            "count": 1
        },
        {
            "answer": "быстрее реагировать",
            "count": 1
        },
        {
            "answer": "помогает выстроить совместную",
            "count": 1
        },
        {
            "answer": "качество обратной связи",
            "count": 1
        },
        {
            "answer": "сбор обратной связи",
            "count": 1
        },
        {
            "answer": "пытаюсь выяснить, что же нужно",
            "count": 1
        },
        {
            "answer": "пока никак",
            "count": 1
        },
        {
            "answer": "анализ",
            "count": 1
        },
        {
            "answer": "фокус на клиенте",
            "count": 1
        },
        {
            "answer": "обратная связь важна",
            "count": 1
        },
        {
            "answer": "повысить привлекательность",
            "count": 1
        },
        {
            "answer": "клиент получает нужную услугу",
            "count": 1
        },
        {
            "answer": "пока не применял",
            "count": 1
        },
        {
            "answer": "повысилась эффект-ть взаимодей",
            "count": 1
        },
        {
            "answer": "найти подходы к заказчику",
            "count": 1
        },
        {
            "answer": "несколько структурировал подхо",
            "count": 1
        },
        {
            "answer": "помогает лучше понять",
            "count": 1
        },
        {
            "answer": "сфокусировать решение",
            "count": 1
        },
        {
            "answer": "взаимопонимание",
            "count": 1
        },
        {
            "answer": "повышается эффективность",
            "count": 1
        },
        {
            "answer": "быть клиентом",
            "count": 1
        },
        {
            "answer": "системный подход с обратной св",
            "count": 1
        },
        {
            "answer": "понять требования",
            "count": 1
        },
        {
            "answer": "пока никак",
            "count": 1
        },
        {
            "answer": "помогает понять потребность",
            "count": 1
        },
        {
            "answer": "наладить отношения с клиентом",
            "count": 1
        },
        {
            "answer": "достичь клиентоцентричности",
            "count": 1
        },
        {
            "answer": "помогает понять что нужно клие",
            "count": 1
        },
        {
            "answer": "прямо",
            "count": 1
        },
        {
            "answer": "понять клиента лучше",
            "count": 1
        },
        {
            "answer": "на все 100",
            "count": 1
        },
        {
            "answer": "помогает понять",
            "count": 1
        },
        {
            "answer": "никак",
            "count": 1
        },
        {
            "answer": "эффективно",
            "count": 1
        },
        {
            "answer": "структурировать",
            "count": 1
        },
        {
            "answer": "лучше понимать",
            "count": 1
        },
        {
            "answer": "помогает лучше понять клиента,",
            "count": 1
        },
        {
            "answer": "лучшее понимание",
            "count": 1
        },
        {
            "answer": "увидеть глазами клиента",
            "count": 1
        },
        {
            "answer": "помогает лучше понимать",
            "count": 1
        },
        {
            "answer": "найти общий язык",
            "count": 1
        },
        {
            "answer": "слушай клиента",
            "count": 1
        },
        {
            "answer": "лучше понять клиента",
            "count": 1
        },
        {
            "answer": "пока не удалось применить",
            "count": 1
        },
        {
            "answer": "повышается клиентоцентричность",
            "count": 1
        },
        {
            "answer": "структурированы знания",
            "count": 1
        },
        {
            "answer": "быть ближе к клиенту",
            "count": 1
        },
        {
            "answer": "фокус на точные слова ответов",
            "count": 1
        },
        {
            "answer": "никак",
            "count": 1
        },
        {
            "answer": "встать на сторону клиента",
            "count": 1
        },
        {
            "answer": "никак",
            "count": 1
        },
        {
            "answer": "пока не пригодилось...",
            "count": 1
        },
        {
            "answer": "помогает проявить эмпатию",
            "count": 1
        },
        {
            "answer": "существенно, удовлетворить все",
            "count": 1
        },
        {
            "answer": "помогает,стараемся испов произ",
            "count": 1
        },
        {
            "answer": "достичь максимального результа",
            "count": 1
        },
        {
            "answer": "клиентоориентированность",
            "count": 1
        },
        {
            "answer": "исключительно",
            "count": 1
        },
        {
            "answer": "сбор обратной связи",
            "count": 1
        },
        {
            "answer": "очень помогает",
            "count": 1
        },
        {
            "answer": "эмпатия",
            "count": 1
        },
        {
            "answer": "настраиваться на волну клиента",
            "count": 1
        },
        {
            "answer": "я не работаю с клиентами",
            "count": 1
        },
        {
            "answer": "улучшить качество продукта",
            "count": 1
        },
        {
            "answer": "помогает лучше понять клиента",
            "count": 1
        },
        {
            "answer": "оо",
            "count": 1
        },
        {
            "answer": "повышает эффективность",
            "count": 1
        },
        {
            "answer": "не понятно",
            "count": 1
        }
    ]
}