{
    "id": 4038,
    "question": "Поделитесь вашими инсайтами, выводами дня",
    "answers": [
        {
            "answer": "традиции надо менять",
            "count": 1
        },
        {
            "answer": "очень познавательно",
            "count": 1
        },
        {
            "answer": "разные области применения",
            "count": 1
        },
        {
            "answer": "полезный  инструмент",
            "count": 1
        },
        {
            "answer": "понять, кто твой заказчик",
            "count": 1
        },
        {
            "answer": "в центре заказчик",
            "count": 1
        },
        {
            "answer": "преодолевать барьеры",
            "count": 1
        },
        {
            "answer": "необходимо сегодня",
            "count": 1
        },
        {
            "answer": "получение полезной информации",
            "count": 1
        },
        {
            "answer": "интересно",
            "count": 1
        },
        {
            "answer": "очень важный инструмент",
            "count": 1
        },
        {
            "answer": "интересно",
            "count": 1
        },
        {
            "answer": "уметь слушать",
            "count": 1
        },
        {
            "answer": "доступно",
            "count": 1
        },
        {
            "answer": "надо пробовать",
            "count": 1
        },
        {
            "answer": "нужный и хороший инструмент",
            "count": 1
        },
        {
            "answer": "рабочий инструмент",
            "count": 1
        },
        {
            "answer": "дм хорошо но жизнь вносит свое",
            "count": 1
        },
        {
            "answer": "главное, это применимо",
            "count": 1
        },
        {
            "answer": "важно услышать клиента",
            "count": 1
        },
        {
            "answer": "универсальный инструмент",
            "count": 1
        },
        {
            "answer": "дм - отличный инструмент",
            "count": 1
        },
        {
            "answer": "внимательно слушать",
            "count": 1
        },
        {
            "answer": "норм",
            "count": 1
        },
        {
            "answer": "не бояться. слушать",
            "count": 1
        },
        {
            "answer": "широчайшее применение",
            "count": 1
        },
        {
            "answer": "с разных сторон увидеть клиент",
            "count": 1
        },
        {
            "answer": "универсальный инструмент",
            "count": 1
        },
        {
            "answer": "важно правильно услышать клиен",
            "count": 1
        },
        {
            "answer": "фокусировка на людей, услышать",
            "count": 1
        },
        {
            "answer": "полезно не только для работы",
            "count": 1
        },
        {
            "answer": "уметь слышать клиента - сложно",
            "count": 1
        },
        {
            "answer": "умение слушать, понимать, дела",
            "count": 1
        },
        {
            "answer": "применяй не смотря на трудност",
            "count": 1
        },
        {
            "answer": "хорошая подготовка  проектов",
            "count": 1
        },
        {
            "answer": "любую ситуацию можно оценить",
            "count": 1
        },
        {
            "answer": "атомспейс- отдельный проект)",
            "count": 1
        },
        {
            "answer": "как много разнообразных задач",
            "count": 1
        },
        {
            "answer": "нужно ломать установки",
            "count": 1
        },
        {
            "answer": "много проектов разных и нужных",
            "count": 1
        },
        {
            "answer": "полезная информация",
            "count": 1
        },
        {
            "answer": "активнее искать сферы применен",
            "count": 1
        },
        {
            "answer": "дм в целом и в частности хорош",
            "count": 1
        },
        {
            "answer": "широкая область применения дм",
            "count": 1
        },
        {
            "answer": "нас теперь много (с дм)",
            "count": 1
        },
        {
            "answer": "дизрапт",
            "count": 1
        },
        {
            "answer": "взаимопомощь в продвижении",
            "count": 1
        },
        {
            "answer": "вместе мы сила!",
            "count": 1
        }
    ]
}