{
    "id": 4039,
    "question": "Что было нового для вас",
    "answers": [
        {
            "answer": "в целом организация мероприяти",
            "count": 1
        },
        {
            "answer": "понятие зрелости отрасли",
            "count": 1
        },
        {
            "answer": "скорее повторение пройденного",
            "count": 1
        },
        {
            "answer": "новые методики, расширение кру",
            "count": 1
        },
        {
            "answer": "ничего",
            "count": 1
        },
        {
            "answer": "много практического применения",
            "count": 1
        },
        {
            "answer": "проекты коллег",
            "count": 1
        },
        {
            "answer": "новые проекты",
            "count": 1
        },
        {
            "answer": "интерес участников",
            "count": 1
        },
        {
            "answer": "победа проектов вне учебы",
            "count": 1
        },
        {
            "answer": "инструменты дизайн мышления",
            "count": 1
        },
        {
            "answer": "формат и реализация мероприяти",
            "count": 1
        },
        {
            "answer": "сколько энтузиастов в отрасли",
            "count": 1
        },
        {
            "answer": "глубина проработки проектов",
            "count": 1
        },
        {
            "answer": "разносторонность применения",
            "count": 1
        },
        {
            "answer": "применение дм во многих направ",
            "count": 1
        },
        {
            "answer": "реальный инструмент",
            "count": 1
        },
        {
            "answer": "способы сбора информации",
            "count": 1
        },
        {
            "answer": "все",
            "count": 1
        },
        {
            "answer": "обмен мнениями и проектами",
            "count": 1
        },
        {
            "answer": "разнообразие взятых тем",
            "count": 1
        },
        {
            "answer": "карты эмпатии",
            "count": 1
        },
        {
            "answer": "взгляд коллег",
            "count": 1
        },
        {
            "answer": "новые грани применения",
            "count": 1
        },
        {
            "answer": "чужой опыт",
            "count": 1
        },
        {
            "answer": "реализация на практике",
            "count": 1
        },
        {
            "answer": "все",
            "count": 1
        },
        {
            "answer": "пср и дм идут рядом",
            "count": 1
        },
        {
            "answer": "структурированность подхода",
            "count": 1
        },
        {
            "answer": "много опыта",
            "count": 1
        },
        {
            "answer": "ничего",
            "count": 1
        },
        {
            "answer": "все новое!",
            "count": 1
        },
        {
            "answer": "проекты, взгляды",
            "count": 1
        },
        {
            "answer": "глобальность подобных проектов",
            "count": 1
        },
        {
            "answer": "---",
            "count": 1
        },
        {
            "answer": "положительный опыт",
            "count": 1
        },
        {
            "answer": "интересные проекты смежных",
            "count": 1
        },
        {
            "answer": "немного",
            "count": 1
        },
        {
            "answer": "широта применения",
            "count": 1
        },
        {
            "answer": "широта применения",
            "count": 1
        },
        {
            "answer": "ничего",
            "count": 1
        },
        {
            "answer": "примеры примения",
            "count": 1
        }
    ]
}