{
    "id": 4041,
    "question": "С какой эмоцией вы завершаете конференцию",
    "answers": [
        {
            "answer": "удовлетворение",
            "count": 1
        },
        {
            "answer": "решимость",
            "count": 1
        },
        {
            "answer": "удовлетворение",
            "count": 1
        },
        {
            "answer": "с воодушевлением",
            "count": 1
        },
        {
            "answer": "положительной",
            "count": 1
        },
        {
            "answer": "удовлетворение",
            "count": 1
        },
        {
            "answer": "воодушевление",
            "count": 1
        },
        {
            "answer": "с позитивом и желанием использ",
            "count": 1
        },
        {
            "answer": "положительной",
            "count": 1
        },
        {
            "answer": "позитив",
            "count": 1
        },
        {
            "answer": "замечательное",
            "count": 1
        },
        {
            "answer": "приятно поучаствовать",
            "count": 1
        },
        {
            "answer": "с хорошей",
            "count": 1
        },
        {
            "answer": "удовлетворение",
            "count": 1
        },
        {
            "answer": "радость",
            "count": 1
        },
        {
            "answer": "оптимизм",
            "count": 1
        },
        {
            "answer": "ура, ура, ураааа!",
            "count": 1
        },
        {
            "answer": "уважение",
            "count": 1
        },
        {
            "answer": "нет предела соверщенству",
            "count": 1
        },
        {
            "answer": "позитивно",
            "count": 1
        },
        {
            "answer": "заинтересованность",
            "count": 1
        },
        {
            "answer": "улыбка",
            "count": 1
        },
        {
            "answer": "супер",
            "count": 1
        },
        {
            "answer": "эмоциональный подъем",
            "count": 1
        },
        {
            "answer": "безусловно позитив",
            "count": 1
        },
        {
            "answer": "позитив",
            "count": 1
        },
        {
            "answer": "положительная",
            "count": 1
        },
        {
            "answer": "положительной",
            "count": 1
        },
        {
            "answer": "точно не отрицательной",
            "count": 1
        },
        {
            "answer": "спокойно",
            "count": 1
        },
        {
            "answer": "неодназначная",
            "count": 1
        },
        {
            "answer": "удовлетворение",
            "count": 1
        },
        {
            "answer": "задумчивость",
            "count": 1
        },
        {
            "answer": "высокая мотивация",
            "count": 1
        },
        {
            "answer": "максимально позитивно",
            "count": 1
        },
        {
            "answer": "надо работать",
            "count": 1
        },
        {
            "answer": "потратил полдня",
            "count": 1
        },
        {
            "answer": "воодушевление",
            "count": 1
        },
        {
            "answer": "все супер!",
            "count": 1
        },
        {
            "answer": "эмоциональный подъем",
            "count": 1
        },
        {
            "answer": "оптимизм",
            "count": 1
        },
        {
            "answer": "воодушевление",
            "count": 1
        },
        {
            "answer": "подустал",
            "count": 1
        }
    ]
}