{
    "id": 4190,
    "question": "Что точно не будете делать, если ваш ребенок задаст неудобный вопрос?",
    "answers": [
        {
            "answer": "периодическое информирование",
            "count": 1
        },
        {
            "answer": "построить модель опасностей",
            "count": 1
        },
        {
            "answer": "обучать тех",
            "count": 1
        },
        {
            "answer": "говорить о рисках открыто",
            "count": 1
        },
        {
            "answer": "понимать последствия опасных д",
            "count": 1
        },
        {
            "answer": "вырабатывать прав привычки",
            "count": 1
        },
        {
            "answer": "обучение",
            "count": 1
        },
        {
            "answer": "не замалчивать риски перед вип",
            "count": 1
        },
        {
            "answer": "личная примерность и диалог",
            "count": 1
        },
        {
            "answer": "минутка безопасности",
            "count": 1
        },
        {
            "answer": "встроить безопасность в курсы",
            "count": 1
        },
        {
            "answer": "во взаимоотношениях",
            "count": 1
        },
        {
            "answer": "птмлалспмп",
            "count": 1
        },
        {
            "answer": "глухой",
            "count": 1
        },
        {
            "answer": "слепой",
            "count": 1
        },
        {
            "answer": "пунктуальность",
            "count": 1
        },
        {
            "answer": "быстрота реакции",
            "count": 1
        },
        {
            "answer": "фывфыв",
            "count": 1
        },
        {
            "answer": "1234",
            "count": 1
        },
        {
            "answer": "проверка",
            "count": 1
        }
    ]
}