{
    "id": 4262,
    "question": "Ваша первая эмоция, когда Вы узнали, что прошли на акселератор",
    "answers": [
        {
            "answer": "й",
            "count": 1
        },
        {
            "answer": "удивление",
            "count": 1
        },
        {
            "answer": "удача",
            "count": 1
        },
        {
            "answer": "положительная",
            "count": 1
        },
        {
            "answer": "интерес",
            "count": 1
        },
        {
            "answer": "удивление",
            "count": 1
        },
        {
            "answer": "радость",
            "count": 1
        },
        {
            "answer": "неожиданность",
            "count": 1
        },
        {
            "answer": "почему я проснулся в 3.00",
            "count": 1
        },
        {
            "answer": "удивление",
            "count": 1
        },
        {
            "answer": "волнение",
            "count": 1
        },
        {
            "answer": "радость",
            "count": 1
        },
        {
            "answer": "хехей)",
            "count": 1
        },
        {
            "answer": "удивление",
            "count": 1
        },
        {
            "answer": "спокойствие",
            "count": 1
        },
        {
            "answer": "удовольствие",
            "count": 1
        },
        {
            "answer": "неожиданность",
            "count": 1
        },
        {
            "answer": "возможности",
            "count": 1
        },
        {
            "answer": "ожидаемо",
            "count": 1
        },
        {
            "answer": "радость",
            "count": 1
        },
        {
            "answer": "ок",
            "count": 1
        },
        {
            "answer": "за что?",
            "count": 1
        },
        {
            "answer": "интерес к теме",
            "count": 1
        },
        {
            "answer": "наконец-то",
            "count": 1
        },
        {
            "answer": "радость",
            "count": 1
        },
        {
            "answer": "любопытно",
            "count": 1
        },
        {
            "answer": "удивление",
            "count": 1
        },
        {
            "answer": "доволен",
            "count": 1
        },
        {
            "answer": "интересно",
            "count": 1
        },
        {
            "answer": "радость",
            "count": 1
        },
        {
            "answer": "радость",
            "count": 1
        },
        {
            "answer": "удивление",
            "count": 1
        },
        {
            "answer": "гордость",
            "count": 1
        },
        {
            "answer": "радость",
            "count": 1
        },
        {
            "answer": "удивление",
            "count": 1
        },
        {
            "answer": "удивление",
            "count": 1
        },
        {
            "answer": "удивление",
            "count": 1
        },
        {
            "answer": "ответственность",
            "count": 1
        },
        {
            "answer": "удивление",
            "count": 1
        },
        {
            "answer": "страх",
            "count": 1
        }
    ]
}