{
    "id": 4467,
    "question": "Опишите ваши впечатления от сессии одним словом",
    "answers": [
        {
            "answer": "надежда !",
            "count": 1
        },
        {
            "answer": "единство",
            "count": 1
        },
        {
            "answer": "продуктивный диалог",
            "count": 1
        },
        {
            "answer": "нужно повторить!",
            "count": 1
        },
        {
            "answer": "продуктивно",
            "count": 1
        },
        {
            "answer": "команда",
            "count": 1
        },
        {
            "answer": "продуктивно",
            "count": 1
        },
        {
            "answer": "эффективность",
            "count": 1
        },
        {
            "answer": "прелесть",
            "count": 1
        },
        {
            "answer": "продуктивно",
            "count": 1
        },
        {
            "answer": "продуктивная коммуникация",
            "count": 1
        },
        {
            "answer": "радость",
            "count": 1
        },
        {
            "answer": "хорошо",
            "count": 1
        },
        {
            "answer": "супер",
            "count": 1
        },
        {
            "answer": "сообщество",
            "count": 1
        },
        {
            "answer": "восторг",
            "count": 1
        },
        {
            "answer": "отличное",
            "count": 1
        },
        {
            "answer": "классно!",
            "count": 1
        },
        {
            "answer": "полезные коммуникации",
            "count": 1
        },
        {
            "answer": "продуктивно",
            "count": 1
        },
        {
            "answer": "восторг",
            "count": 1
        }
    ]
}