{
    "id": 4469,
    "question": "Какой Ваш любимый предмет на рабочем столе?",
    "answers": [
        {
            "answer": "документы",
            "count": 1
        },
        {
            "answer": "чай",
            "count": 1
        },
        {
            "answer": "телефон",
            "count": 1
        },
        {
            "answer": "ноутбук",
            "count": 1
        },
        {
            "answer": "калькулятор",
            "count": 1
        },
        {
            "answer": "кружка",
            "count": 1
        },
        {
            "answer": "вода",
            "count": 1
        },
        {
            "answer": "микрофон",
            "count": 1
        },
        {
            "answer": "ручка",
            "count": 1
        },
        {
            "answer": "блокнот",
            "count": 1
        },
        {
            "answer": "мышь",
            "count": 1
        },
        {
            "answer": "мышь",
            "count": 1
        },
        {
            "answer": "клавиатура",
            "count": 1
        },
        {
            "answer": "монитор",
            "count": 1
        },
        {
            "answer": "ручка",
            "count": 1
        },
        {
            "answer": "тетрадь",
            "count": 1
        },
        {
            "answer": "лампа",
            "count": 1
        },
        {
            "answer": "ярлык рекорд 2.0",
            "count": 1
        },
        {
            "answer": "ярлык рекорд",
            "count": 1
        },
        {
            "answer": "рулетка",
            "count": 1
        },
        {
            "answer": "ручка",
            "count": 1
        },
        {
            "answer": "декоративный иульпан",
            "count": 1
        },
        {
            "answer": "кампуиер",
            "count": 1
        },
        {
            "answer": "любимый монитор",
            "count": 1
        },
        {
            "answer": "календарь",
            "count": 1
        },
        {
            "answer": "чашка",
            "count": 1
        },
        {
            "answer": "тарелка",
            "count": 1
        },
        {
            "answer": "клавиатура",
            "count": 1
        },
        {
            "answer": "мышка",
            "count": 1
        },
        {
            "answer": "кокошник",
            "count": 1
        },
        {
            "answer": "кошка",
            "count": 1
        },
        {
            "answer": "кот",
            "count": 1
        },
        {
            "answer": "компот",
            "count": 1
        },
        {
            "answer": "карандаш",
            "count": 1
        },
        {
            "answer": "select * from dual;",
            "count": 1
        },
        {
            "answer": "delete",
            "count": 1
        },
        {
            "answer": "ручка",
            "count": 1
        },
        {
            "answer": "корондаш",
            "count": 1
        },
        {
            "answer": "стикер",
            "count": 1
        },
        {
            "answer": "ленейка",
            "count": 1
        },
        {
            "answer": "карандаж",
            "count": 1
        },
        {
            "answer": "карандаш",
            "count": 1
        },
        {
            "answer": "фламастер",
            "count": 1
        },
        {
            "answer": "блокнот",
            "count": 1
        },
        {
            "answer": "кружка",
            "count": 1
        },
        {
            "answer": "кофе машина",
            "count": 1
        },
        {
            "answer": "тапок",
            "count": 1
        },
        {
            "answer": "стакан",
            "count": 1
        },
        {
            "answer": "скрепка",
            "count": 1
        },
        {
            "answer": "лом",
            "count": 1
        },
        {
            "answer": "скотч",
            "count": 1
        },
        {
            "answer": "карьинка",
            "count": 1
        },
        {
            "answer": "кирпач",
            "count": 1
        },
        {
            "answer": "клавиатура",
            "count": 1
        },
        {
            "answer": "мышка",
            "count": 1
        },
        {
            "answer": "карандаш",
            "count": 1
        },
        {
            "answer": "ручка",
            "count": 1
        },
        {
            "answer": "кружка",
            "count": 1
        },
        {
            "answer": "тарелка",
            "count": 1
        },
        {
            "answer": "завтрак",
            "count": 1
        },
        {
            "answer": "кот",
            "count": 1
        },
        {
            "answer": "подушка",
            "count": 1
        },
        {
            "answer": "пиво",
            "count": 1
        },
        {
            "answer": "компьютер",
            "count": 1
        },
        {
            "answer": "кошка",
            "count": 1
        },
        {
            "answer": "лампа",
            "count": 1
        },
        {
            "answer": "блокнот",
            "count": 1
        },
        {
            "answer": "валерьянка",
            "count": 1
        },
        {
            "answer": "успокоительное",
            "count": 1
        },
        {
            "answer": "наушники",
            "count": 1
        },
        {
            "answer": "мышь",
            "count": 1
        },
        {
            "answer": "ноутбук",
            "count": 1
        },
        {
            "answer": "шоколадка",
            "count": 1
        },
        {
            "answer": "привет",
            "count": 1
        },
        {
            "answer": "как дела",
            "count": 1
        },
        {
            "answer": "отлично",
            "count": 1
        },
        {
            "answer": "что делаем",
            "count": 1
        },
        {
            "answer": "нут",
            "count": 1
        },
        {
            "answer": "ноутбук",
            "count": 1
        },
        {
            "answer": "что то еще",
            "count": 1
        },
        {
            "answer": "баги править люблю",
            "count": 1
        },
        {
            "answer": "))))",
            "count": 1
        },
        {
            "answer": "фаллос",
            "count": 1
        },
        {
            "answer": "пенис",
            "count": 1
        },
        {
            "answer": "ежедневник",
            "count": 1
        },
        {
            "answer": "лампа",
            "count": 1
        },
        {
            "answer": "ноут",
            "count": 1
        },
        {
            "answer": "телефон",
            "count": 1
        },
        {
            "answer": "еда",
            "count": 1
        },
        {
            "answer": "кружка",
            "count": 1
        },
        {
            "answer": "фото",
            "count": 1
        },
        {
            "answer": "пиво",
            "count": 1
        },
        {
            "answer": "моник",
            "count": 1
        },
        {
            "answer": "монитор",
            "count": 1
        },
        {
            "answer": "блокнот",
            "count": 1
        },
        {
            "answer": "мышь мышь",
            "count": 1
        },
        {
            "answer": "ручка",
            "count": 1
        },
        {
            "answer": "ноут",
            "count": 1
        },
        {
            "answer": "клавиатура",
            "count": 1
        },
        {
            "answer": "часы",
            "count": 1
        },
        {
            "answer": "код - чистый код",
            "count": 1
        },
        {
            "answer": "монитор",
            "count": 1
        },
        {
            "answer": "улитка",
            "count": 1
        },
        {
            "answer": "бамага",
            "count": 1
        },
        {
            "answer": "ножницы",
            "count": 1
        },
        {
            "answer": "линейка",
            "count": 1
        },
        {
            "answer": "подушка",
            "count": 1
        },
        {
            "answer": "ноут",
            "count": 1
        },
        {
            "answer": "салфитки",
            "count": 1
        },
        {
            "answer": "дуршлаг",
            "count": 1
        },
        {
            "answer": "клава",
            "count": 1
        },
        {
            "answer": "монитор",
            "count": 1
        },
        {
            "answer": "нож",
            "count": 1
        },
        {
            "answer": "тарелка",
            "count": 1
        },
        {
            "answer": "вилка",
            "count": 1
        },
        {
            "answer": "еда",
            "count": 1
        },
        {
            "answer": "кружка",
            "count": 1
        },
        {
            "answer": "стакан",
            "count": 1
        },
        {
            "answer": "пища",
            "count": 1
        },
        {
            "answer": "монитор",
            "count": 1
        },
        {
            "answer": "ноут",
            "count": 1
        },
        {
            "answer": "флэшка",
            "count": 1
        },
        {
            "answer": "фикус",
            "count": 1
        },
        {
            "answer": "герань",
            "count": 1
        },
        {
            "answer": "гирань",
            "count": 1
        },
        {
            "answer": "горшок",
            "count": 1
        },
        {
            "answer": "гаршок",
            "count": 1
        },
        {
            "answer": "кавиатура",
            "count": 1
        },
        {
            "answer": "клавиатура",
            "count": 1
        },
        {
            "answer": "клава",
            "count": 1
        },
        {
            "answer": "мыш",
            "count": 1
        },
        {
            "answer": "мышка",
            "count": 1
        },
        {
            "answer": "рыжий кот",
            "count": 1
        },
        {
            "answer": "блокнот",
            "count": 1
        },
        {
            "answer": "наушники",
            "count": 1
        },
        {
            "answer": "кружка",
            "count": 1
        },
        {
            "answer": "рочка",
            "count": 1
        },
        {
            "answer": "лист",
            "count": 1
        },
        {
            "answer": "бомага",
            "count": 1
        },
        {
            "answer": "комп",
            "count": 1
        },
        {
            "answer": "мышь",
            "count": 1
        },
        {
            "answer": "мыш",
            "count": 1
        },
        {
            "answer": "маус",
            "count": 1
        },
        {
            "answer": "экран",
            "count": 1
        },
        {
            "answer": "стакан воды",
            "count": 1
        },
        {
            "answer": "ноутбук",
            "count": 1
        },
        {
            "answer": "ежедневник",
            "count": 1
        },
        {
            "answer": "листы а4 для записей",
            "count": 1
        },
        {
            "answer": "ручка",
            "count": 1
        },
        {
            "answer": "микрофон",
            "count": 1
        },
        {
            "answer": "анекдоты",
            "count": 1
        },
        {
            "answer": "кофе",
            "count": 1
        },
        {
            "answer": "ручка",
            "count": 1
        },
        {
            "answer": "карандаш",
            "count": 1
        },
        {
            "answer": "тетрадка",
            "count": 1
        },
        {
            "answer": "клавиатура",
            "count": 1
        },
        {
            "answer": "машина",
            "count": 1
        },
        {
            "answer": "компьютер",
            "count": 1
        },
        {
            "answer": "чай",
            "count": 1
        },
        {
            "answer": "блокнот",
            "count": 1
        },
        {
            "answer": "сткан",
            "count": 1
        },
        {
            "answer": "ноут",
            "count": 1
        },
        {
            "answer": "цветочег",
            "count": 1
        },
        {
            "answer": "часы",
            "count": 1
        },
        {
            "answer": "кружка",
            "count": 1
        },
        {
            "answer": "ложка",
            "count": 1
        },
        {
            "answer": "ручка",
            "count": 1
        },
        {
            "answer": "слан",
            "count": 1
        },
        {
            "answer": "свеча",
            "count": 1
        },
        {
            "answer": "бутылка для воды",
            "count": 1
        },
        {
            "answer": "листы а4 для записей",
            "count": 1
        },
        {
            "answer": "пинал и розетку",
            "count": 1
        }
    ]
}