{
    "id": 4580,
    "question": "Что ждете от сессии? (одним словом)",
    "answers": [
        {
            "answer": "много",
            "count": 1
        },
        {
            "answer": "хорошей погоды!",
            "count": 1
        },
        {
            "answer": "масштабов",
            "count": 1
        },
        {
            "answer": "цель",
            "count": 1
        },
        {
            "answer": "направления развития",
            "count": 1
        },
        {
            "answer": "новых идей",
            "count": 1
        },
        {
            "answer": "прорыв",
            "count": 1
        },
        {
            "answer": "единого понимания",
            "count": 1
        },
        {
            "answer": "передовой опыт",
            "count": 1
        },
        {
            "answer": "задачи",
            "count": 1
        },
        {
            "answer": "развития",
            "count": 1
        },
        {
            "answer": "понимания",
            "count": 1
        },
        {
            "answer": "конкретики",
            "count": 1
        },
        {
            "answer": "дорожной карты",
            "count": 1
        },
        {
            "answer": "информацию",
            "count": 1
        },
        {
            "answer": "понять как реализовать",
            "count": 1
        },
        {
            "answer": "прорыв",
            "count": 1
        },
        {
            "answer": "задачи на 3 года",
            "count": 1
        },
        {
            "answer": "узнать об успешных проектах",
            "count": 1
        },
        {
            "answer": "feedback",
            "count": 1
        },
        {
            "answer": "продуктивных дискуссий",
            "count": 1
        },
        {
            "answer": "информация",
            "count": 1
        },
        {
            "answer": "конструктивный диалог",
            "count": 1
        },
        {
            "answer": "определить вектор развития",
            "count": 1
        },
        {
            "answer": "драйверов проектов от бизнеса",
            "count": 1
        },
        {
            "answer": "целеполагание",
            "count": 1
        },
        {
            "answer": "ответов",
            "count": 1
        },
        {
            "answer": "результата",
            "count": 1
        },
        {
            "answer": "четкий план действий",
            "count": 1
        },
        {
            "answer": "взаимопонимания",
            "count": 1
        },
        {
            "answer": "протокол с поручениями",
            "count": 1
        },
        {
            "answer": "понимание целей",
            "count": 1
        },
        {
            "answer": "эффекты",
            "count": 1
        },
        {
            "answer": "целей в области цифры",
            "count": 1
        },
        {
            "answer": "задачи",
            "count": 1
        },
        {
            "answer": "стратегия по цифровизации",
            "count": 1
        },
        {
            "answer": "вовлечённости в цифру",
            "count": 1
        },
        {
            "answer": "новые знания",
            "count": 1
        },
        {
            "answer": "связь цифры с бизнесом",
            "count": 1
        },
        {
            "answer": "цифру в дивизионе",
            "count": 1
        },
        {
            "answer": "16995",
            "count": 1
        },
        {
            "answer": "конкретизации задач",
            "count": 1
        }
    ]
}