{
    "id": 4587,
    "question": "Что было для меня самым полезным\\ценным за эти 3 дня?",
    "answers": [
        {
            "answer": "все",
            "count": 1
        },
        {
            "answer": "мсз",
            "count": 1
        },
        {
            "answer": "вовлеченность",
            "count": 1
        },
        {
            "answer": "обмен опытом",
            "count": 1
        },
        {
            "answer": "понимание",
            "count": 1
        },
        {
            "answer": "понимание общего уровня знаний",
            "count": 1
        },
        {
            "answer": "обмен опытом, новые идеи",
            "count": 1
        },
        {
            "answer": "обмен опытом",
            "count": 1
        },
        {
            "answer": "выявление напряженных тем",
            "count": 1
        },
        {
            "answer": "lean smart plant требования",
            "count": 1
        },
        {
            "answer": "ощение с коллегами обмен опыто",
            "count": 1
        },
        {
            "answer": "вовлеченность бизнеса",
            "count": 1
        },
        {
            "answer": "много нового",
            "count": 1
        },
        {
            "answer": "вовлечение бизнеса",
            "count": 1
        },
        {
            "answer": "общение",
            "count": 1
        },
        {
            "answer": "скоуп проектов дивизионов",
            "count": 1
        },
        {
            "answer": "информация о потребностях",
            "count": 1
        },
        {
            "answer": "производственное планирование",
            "count": 1
        },
        {
            "answer": "понимание целей",
            "count": 1
        },
        {
            "answer": "обсуждение, кейсы",
            "count": 1
        },
        {
            "answer": "узнал куда двигаемся",
            "count": 1
        },
        {
            "answer": "чужой опыт",
            "count": 1
        },
        {
            "answer": "чужие наработки",
            "count": 1
        },
        {
            "answer": "опыт предприятий",
            "count": 1
        },
        {
            "answer": "личное общение",
            "count": 1
        },
        {
            "answer": "оценка позиций",
            "count": 1
        },
        {
            "answer": "коммуникация",
            "count": 1
        },
        {
            "answer": "обратная связь",
            "count": 1
        },
        {
            "answer": "информация",
            "count": 1
        },
        {
            "answer": "общение",
            "count": 1
        }
    ]
}