{
    "id": 4822,
    "question": "Что получилось по итогам 2021 года? Какие основные победы и достижения?",
    "answers": [
        {
            "answer": "гпр",
            "count": 1
        },
        {
            "answer": "гпр",
            "count": 1
        },
        {
            "answer": "гпр",
            "count": 1
        },
        {
            "answer": "гпр",
            "count": 1
        },
        {
            "answer": "гпр",
            "count": 1
        },
        {
            "answer": "противостоять кибератакам",
            "count": 1
        },
        {
            "answer": "стажеры",
            "count": 1
        },
        {
            "answer": "атомспейс",
            "count": 1
        },
        {
            "answer": "стратегия доу",
            "count": 1
        },
        {
            "answer": "новая платформа еосдо 2.0",
            "count": 1
        },
        {
            "answer": "проекты",
            "count": 1
        },
        {
            "answer": "пилот юр.сервисов",
            "count": 1
        },
        {
            "answer": "карьерный рост",
            "count": 1
        },
        {
            "answer": "мессенджер atomspace",
            "count": 1
        },
        {
            "answer": "собрать команду",
            "count": 1
        },
        {
            "answer": "рекорд",
            "count": 1
        },
        {
            "answer": "выросла роль импортозамещения",
            "count": 1
        },
        {
            "answer": "астра линукс",
            "count": 1
        },
        {
            "answer": "удовл. возросшую потребность",
            "count": 1
        },
        {
            "answer": "импортозамещение",
            "count": 1
        },
        {
            "answer": "пережили ковид",
            "count": 1
        },
        {
            "answer": "сохранили людей",
            "count": 1
        },
        {
            "answer": "бесперебойные сервисы",
            "count": 1
        },
        {
            "answer": "все проекты реализованы",
            "count": 1
        },
        {
            "answer": "росатом всех победил на хайтек",
            "count": 1
        },
        {
            "answer": "цели достигнуты, кпэ получено",
            "count": 1
        },
        {
            "answer": "гринатом простые решения",
            "count": 1
        },
        {
            "answer": "тарм",
            "count": 1
        },
        {
            "answer": "новые проекты,",
            "count": 1
        },
        {
            "answer": "реализовали задачи по стратеги",
            "count": 1
        },
        {
            "answer": "рекорд 2.0",
            "count": 1
        },
        {
            "answer": "запущены hr проекты",
            "count": 1
        },
        {
            "answer": "iam (единый вход)",
            "count": 1
        },
        {
            "answer": "работа в новых условиях",
            "count": 1
        },
        {
            "answer": "все",
            "count": 1
        },
        {
            "answer": "рекорд",
            "count": 1
        },
        {
            "answer": "прибыль",
            "count": 1
        },
        {
            "answer": "перезаключили госконтракты",
            "count": 1
        },
        {
            "answer": "невероятные результаты",
            "count": 1
        },
        {
            "answer": "преодоление препятствий",
            "count": 1
        },
        {
            "answer": "командный дух",
            "count": 1
        },
        {
            "answer": "рост",
            "count": 1
        },
        {
            "answer": "новые направления",
            "count": 1
        },
        {
            "answer": "жить достаточно стабильно",
            "count": 1
        },
        {
            "answer": "жить достаточно стабильно",
            "count": 1
        },
        {
            "answer": "клиенты довольны нашей работой",
            "count": 1
        },
        {
            "answer": "лыжи",
            "count": 1
        },
        {
            "answer": "гпр",
            "count": 1
        },
        {
            "answer": "новая ассоциация",
            "count": 1
        },
        {
            "answer": "цифровизация",
            "count": 1
        },
        {
            "answer": "зарубежка",
            "count": 1
        },
        {
            "answer": "новые сервисы",
            "count": 1
        },
        {
            "answer": "защитили стратегию",
            "count": 1
        },
        {
            "answer": "корпоративная архитектура",
            "count": 1
        },
        {
            "answer": "создать команду",
            "count": 1
        },
        {
            "answer": "рекорд 2.0",
            "count": 1
        },
        {
            "answer": "мой голос",
            "count": 1
        },
        {
            "answer": "атомкор",
            "count": 1
        },
        {
            "answer": "импортозамес",
            "count": 1
        },
        {
            "answer": "проекты",
            "count": 1
        },
        {
            "answer": "отпуск",
            "count": 1
        },
        {
            "answer": "тираж пдс",
            "count": 1
        },
        {
            "answer": "лучшее подразделение 2021",
            "count": 1
        },
        {
            "answer": "задачи выполнены",
            "count": 1
        },
        {
            "answer": "цифровизация",
            "count": 1
        },
        {
            "answer": "выполнение стратегии",
            "count": 1
        },
        {
            "answer": "почувствовать команду",
            "count": 1
        },
        {
            "answer": "гринатом простые решения",
            "count": 1
        },
        {
            "answer": "всё",
            "count": 1
        },
        {
            "answer": "гпр",
            "count": 1
        },
        {
            "answer": "шаг к импортозамещению",
            "count": 1
        },
        {
            "answer": "рекорд",
            "count": 1
        },
        {
            "answer": "развитие регионов",
            "count": 1
        },
        {
            "answer": "рекорд 2.0",
            "count": 1
        },
        {
            "answer": "выжили!",
            "count": 1
        },
        {
            "answer": "рекорд 2.0",
            "count": 1
        },
        {
            "answer": "рекорд 2.0 мой голос",
            "count": 1
        },
        {
            "answer": "выжил )",
            "count": 1
        },
        {
            "answer": "мой голос",
            "count": 1
        },
        {
            "answer": "рекорд 2.0",
            "count": 1
        },
        {
            "answer": "запустили продукты hr",
            "count": 1
        },
        {
            "answer": "закрыли hr проекты в срок",
            "count": 1
        },
        {
            "answer": "налоговый мониторинг",
            "count": 1
        },
        {
            "answer": "сохранить команду",
            "count": 1
        },
        {
            "answer": "поработать",
            "count": 1
        },
        {
            "answer": "запуск фгис опвк",
            "count": 1
        },
        {
            "answer": "полное развертывание тс уп яок",
            "count": 1
        },
        {
            "answer": "новые внешние клиенты",
            "count": 1
        },
        {
            "answer": "развитие",
            "count": 1
        },
        {
            "answer": "сохранить команду",
            "count": 1
        },
        {
            "answer": "правильные решения",
            "count": 1
        },
        {
            "answer": "проекты запустили",
            "count": 1
        },
        {
            "answer": "отпуск",
            "count": 1
        },
        {
            "answer": "рекорд 2.0",
            "count": 1
        }
    ]
}