{
    "id": 4830,
    "question": "Планировали, но...",
    "answers": [
        {
            "answer": "ерп2.0",
            "count": 1
        },
        {
            "answer": "остались квадратными",
            "count": 1
        },
        {
            "answer": "1с",
            "count": 1
        },
        {
            "answer": "остались квадратными",
            "count": 1
        },
        {
            "answer": "модернизировать атс",
            "count": 1
        },
        {
            "answer": "центры компетенций",
            "count": 1
        },
        {
            "answer": "1c erp не взлетела",
            "count": 1
        },
        {
            "answer": "остались квадратными",
            "count": 1
        },
        {
            "answer": "зарплата ит в филиалах",
            "count": 1
        },
        {
            "answer": "кадровый дефицит рынка",
            "count": 1
        },
        {
            "answer": "ит-инфраструктура для еосдо 20",
            "count": 1
        },
        {
            "answer": "субсидии",
            "count": 1
        },
        {
            "answer": "1с",
            "count": 1
        },
        {
            "answer": "импортозамещение",
            "count": 1
        },
        {
            "answer": "1c erp 2.0",
            "count": 1
        },
        {
            "answer": "запуск проекта дтс",
            "count": 1
        },
        {
            "answer": "остались квадратными",
            "count": 1
        },
        {
            "answer": "обеспечить набор людей в ит",
            "count": 1
        },
        {
            "answer": "выровнять с рынком зарплаты",
            "count": 1
        },
        {
            "answer": "импортозаместить арм и ос",
            "count": 1
        },
        {
            "answer": "не привлекательны для итспецов",
            "count": 1
        },
        {
            "answer": "не реализовали проекты в срок",
            "count": 1
        },
        {
            "answer": "1с erp 2.0,",
            "count": 1
        },
        {
            "answer": "закупка оборуд. для прослеж",
            "count": 1
        },
        {
            "answer": "не запуск новых инициатив",
            "count": 1
        },
        {
            "answer": "потеряно много времени",
            "count": 1
        },
        {
            "answer": "выручка",
            "count": 1
        },
        {
            "answer": "нет техники",
            "count": 1
        },
        {
            "answer": "рекрутинг персонала",
            "count": 1
        },
        {
            "answer": "нет техники",
            "count": 1
        },
        {
            "answer": "подбор ит специалистов",
            "count": 1
        },
        {
            "answer": "1с",
            "count": 1
        },
        {
            "answer": "закупка",
            "count": 1
        },
        {
            "answer": "решить кадровые вопросы.",
            "count": 1
        },
        {
            "answer": "баланс между работой и семьёй",
            "count": 1
        },
        {
            "answer": "не укомплектовали штат",
            "count": 1
        },
        {
            "answer": "все поменялось",
            "count": 1
        },
        {
            "answer": "централизация управления",
            "count": 1
        },
        {
            "answer": "нет пк",
            "count": 1
        },
        {
            "answer": "внешняя выручка",
            "count": 1
        },
        {
            "answer": "1с 2.0",
            "count": 1
        },
        {
            "answer": "закупки 2.0",
            "count": 1
        },
        {
            "answer": "закупка по",
            "count": 1
        },
        {
            "answer": "внешняя выручка",
            "count": 1
        },
        {
            "answer": "1с 2.0",
            "count": 1
        },
        {
            "answer": "получить технику в срок",
            "count": 1
        },
        {
            "answer": "отдохнуть",
            "count": 1
        },
        {
            "answer": "внешняя выручка",
            "count": 1
        },
        {
            "answer": ".",
            "count": 1
        },
        {
            "answer": "нет техники",
            "count": 1
        },
        {
            "answer": "набрать нужный персонал",
            "count": 1
        },
        {
            "answer": "закупить технику",
            "count": 1
        },
        {
            "answer": "erp 2.0",
            "count": 1
        },
        {
            "answer": "импортозамещение",
            "count": 1
        },
        {
            "answer": "нет техники!",
            "count": 1
        },
        {
            "answer": "нет пк",
            "count": 1
        },
        {
            "answer": "развитие",
            "count": 1
        }
    ]
}