{
    "id": 4851,
    "question": "5 слов, которые характеризуют произошедшее с вами с прошедшей конференции?",
    "answers": [
        {
            "answer": "нервы",
            "count": 1
        },
        {
            "answer": "перегруз",
            "count": 1
        },
        {
            "answer": "все хорошо",
            "count": 1
        },
        {
            "answer": "перезагрузка",
            "count": 1
        },
        {
            "answer": "удивление",
            "count": 1
        },
        {
            "answer": "неопределённость, новые реалии",
            "count": 1
        },
        {
            "answer": "стресс",
            "count": 1
        },
        {
            "answer": "ужас",
            "count": 1
        },
        {
            "answer": "нагрузка",
            "count": 1
        },
        {
            "answer": "команда",
            "count": 1
        },
        {
            "answer": "росатом",
            "count": 1
        },
        {
            "answer": "воля",
            "count": 1
        },
        {
            "answer": "преодоление",
            "count": 1
        },
        {
            "answer": "вызов",
            "count": 1
        },
        {
            "answer": "развитие",
            "count": 1
        },
        {
            "answer": "неопределенность",
            "count": 1
        },
        {
            "answer": "перегруз",
            "count": 1
        },
        {
            "answer": "вызовы",
            "count": 1
        },
        {
            "answer": "развитие",
            "count": 1
        },
        {
            "answer": "спорт",
            "count": 1
        },
        {
            "answer": "неопределенность",
            "count": 1
        },
        {
            "answer": "работа",
            "count": 1
        },
        {
            "answer": "тревожность",
            "count": 1
        },
        {
            "answer": "рутина",
            "count": 1
        },
        {
            "answer": "вызов",
            "count": 1
        },
        {
            "answer": "новые цели",
            "count": 1
        },
        {
            "answer": "озабоченность",
            "count": 1
        },
        {
            "answer": "неопределённость",
            "count": 1
        },
        {
            "answer": "ужас",
            "count": 1
        },
        {
            "answer": "концентрация",
            "count": 1
        },
        {
            "answer": "выходну",
            "count": 1
        },
        {
            "answer": "энтузиазм",
            "count": 1
        },
        {
            "answer": "возможность",
            "count": 1
        },
        {
            "answer": "проблемы",
            "count": 1
        },
        {
            "answer": "упорство",
            "count": 1
        },
        {
            "answer": "деньги",
            "count": 1
        },
        {
            "answer": "рост",
            "count": 1
        },
        {
            "answer": "новые увлечения",
            "count": 1
        },
        {
            "answer": "спорт",
            "count": 1
        },
        {
            "answer": "кпэ",
            "count": 1
        },
        {
            "answer": "неопределенность",
            "count": 1
        },
        {
            "answer": "н",
            "count": 1
        },
        {
            "answer": "вызов",
            "count": 1
        },
        {
            "answer": "неопределенность",
            "count": 1
        },
        {
            "answer": "ускорение",
            "count": 1
        },
        {
            "answer": "неопределённость",
            "count": 1
        },
        {
            "answer": "стабильный ростом",
            "count": 1
        },
        {
            "answer": "движение",
            "count": 1
        },
        {
            "answer": "активность",
            "count": 1
        },
        {
            "answer": "вызов",
            "count": 1
        },
        {
            "answer": "неопределённость",
            "count": 1
        },
        {
            "answer": "спорт",
            "count": 1
        },
        {
            "answer": "стресс работа развитие",
            "count": 1
        },
        {
            "answer": "ничего",
            "count": 1
        },
        {
            "answer": "кпэ",
            "count": 1
        },
        {
            "answer": "проекты",
            "count": 1
        },
        {
            "answer": "трансформация",
            "count": 1
        },
        {
            "answer": "насыщенная жизнь",
            "count": 1
        },
        {
            "answer": "питер",
            "count": 1
        },
        {
            "answer": "дождь",
            "count": 1
        },
        {
            "answer": "изменения",
            "count": 1
        },
        {
            "answer": "стресс",
            "count": 1
        },
        {
            "answer": "ожидание",
            "count": 1
        },
        {
            "answer": "развитие",
            "count": 1
        },
        {
            "answer": "какой конференции?",
            "count": 1
        },
        {
            "answer": "bani",
            "count": 1
        },
        {
            "answer": "вперёд",
            "count": 1
        },
        {
            "answer": "жизнь",
            "count": 1
        },
        {
            "answer": "неопределенность",
            "count": 1
        },
        {
            "answer": "стресс",
            "count": 1
        },
        {
            "answer": "развитие",
            "count": 1
        },
        {
            "answer": "успех",
            "count": 1
        },
        {
            "answer": "стресс вызов неопределенность",
            "count": 1
        },
        {
            "answer": "промавтоматизация",
            "count": 1
        },
        {
            "answer": "мотивация",
            "count": 1
        },
        {
            "answer": "вызов",
            "count": 1
        },
        {
            "answer": "прорыв",
            "count": 1
        },
        {
            "answer": "начало",
            "count": 1
        },
        {
            "answer": "преодоление",
            "count": 1
        },
        {
            "answer": "преобразования",
            "count": 1
        },
        {
            "answer": "развитие",
            "count": 1
        },
        {
            "answer": "вызов",
            "count": 1
        },
        {
            "answer": "много работы",
            "count": 1
        },
        {
            "answer": "новая реальность",
            "count": 1
        },
        {
            "answer": "вызов",
            "count": 1
        },
        {
            "answer": "мало сплю",
            "count": 1
        },
        {
            "answer": "стресс",
            "count": 1
        },
        {
            "answer": "интересно",
            "count": 1
        },
        {
            "answer": "общение",
            "count": 1
        },
        {
            "answer": "развитие",
            "count": 1
        },
        {
            "answer": "перемены",
            "count": 1
        },
        {
            "answer": "новые цели",
            "count": 1
        },
        {
            "answer": "драйв",
            "count": 1
        },
        {
            "answer": "мотивация",
            "count": 1
        },
        {
            "answer": "инновации",
            "count": 1
        },
        {
            "answer": "вызов",
            "count": 1
        },
        {
            "answer": "стратегия",
            "count": 1
        },
        {
            "answer": "стресс",
            "count": 1
        },
        {
            "answer": "стресс",
            "count": 1
        },
        {
            "answer": "росатом стабильность",
            "count": 1
        },
        {
            "answer": "выход цель новые вместе",
            "count": 1
        },
        {
            "answer": "будущее?",
            "count": 1
        },
        {
            "answer": "вызов",
            "count": 1
        },
        {
            "answer": "шторм",
            "count": 1
        },
        {
            "answer": "новое время",
            "count": 1
        },
        {
            "answer": "опустошение",
            "count": 1
        },
        {
            "answer": "неопределенность",
            "count": 1
        },
        {
            "answer": "осознание",
            "count": 1
        },
        {
            "answer": "стабильность",
            "count": 1
        },
        {
            "answer": "новый год)",
            "count": 1
        },
        {
            "answer": "загрузка",
            "count": 1
        },
        {
            "answer": "неопределенность",
            "count": 1
        },
        {
            "answer": "новые возможности",
            "count": 1
        },
        {
            "answer": "тревожность",
            "count": 1
        },
        {
            "answer": "новые цели",
            "count": 1
        },
        {
            "answer": "новизна",
            "count": 1
        },
        {
            "answer": "изменения",
            "count": 1
        },
        {
            "answer": "другой мир",
            "count": 1
        },
        {
            "answer": "возможности",
            "count": 1
        },
        {
            "answer": "успех",
            "count": 1
        },
        {
            "answer": "неопределенность",
            "count": 1
        },
        {
            "answer": "вышел",
            "count": 1
        },
        {
            "answer": "bani",
            "count": 1
        },
        {
            "answer": "зима прошла",
            "count": 1
        },
        {
            "answer": "неопределенность",
            "count": 1
        },
        {
            "answer": "жизнь",
            "count": 1
        },
        {
            "answer": "равновесие",
            "count": 1
        },
        {
            "answer": "вулкан",
            "count": 1
        },
        {
            "answer": "вызов",
            "count": 1
        },
        {
            "answer": "хрупкость",
            "count": 1
        },
        {
            "answer": "развитие",
            "count": 1
        },
        {
            "answer": "импульс",
            "count": 1
        },
        {
            "answer": "новые вызовы",
            "count": 1
        },
        {
            "answer": "ожидание",
            "count": 1
        },
        {
            "answer": "ермолаев абакумов победа",
            "count": 1
        },
        {
            "answer": "стресс",
            "count": 1
        },
        {
            "answer": "тревожность",
            "count": 1
        },
        {
            "answer": "вызов",
            "count": 1
        },
        {
            "answer": "вывоз",
            "count": 1
        },
        {
            "answer": "развитие",
            "count": 1
        },
        {
            "answer": "ускорение",
            "count": 1
        },
        {
            "answer": "удивление",
            "count": 1
        },
        {
            "answer": "подросла",
            "count": 1
        },
        {
            "answer": "вызов",
            "count": 1
        },
        {
            "answer": "изменения",
            "count": 1
        },
        {
            "answer": "стресс",
            "count": 1
        },
        {
            "answer": "шок интерес рост изменения ура",
            "count": 1
        },
        {
            "answer": "новые цели",
            "count": 1
        },
        {
            "answer": "вектор развития",
            "count": 1
        },
        {
            "answer": "новый горизонты",
            "count": 1
        },
        {
            "answer": "стресс",
            "count": 1
        },
        {
            "answer": "z",
            "count": 1
        },
        {
            "answer": "новые вызовы",
            "count": 1
        },
        {
            "answer": "борьба",
            "count": 1
        },
        {
            "answer": "интенсивность",
            "count": 1
        },
        {
            "answer": "неопределенность",
            "count": 1
        },
        {
            "answer": "стала любить гринатом",
            "count": 1
        },
        {
            "answer": "ничего",
            "count": 1
        },
        {
            "answer": "изменение",
            "count": 1
        },
        {
            "answer": "трансыормация",
            "count": 1
        },
        {
            "answer": "преодоление",
            "count": 1
        },
        {
            "answer": "жизнь",
            "count": 1
        },
        {
            "answer": "неопределенность",
            "count": 1
        },
        {
            "answer": "вызов",
            "count": 1
        }
    ]
}