{
    "id": 4924,
    "question": "Какие правила бесполезны или устарели?",
    "answers": [
        {
            "answer": "еоусот",
            "count": 1
        },
        {
            "answer": "носить маски",
            "count": 1
        },
        {
            "answer": "бюрокр процедуры - бум.подписи",
            "count": 1
        },
        {
            "answer": "закупки. вышли из вто",
            "count": 1
        },
        {
            "answer": "3х часовые совещания.",
            "count": 1
        },
        {
            "answer": "наведение \"красоты\" гринатомом",
            "count": 1
        },
        {
            "answer": "-",
            "count": 1
        },
        {
            "answer": "избыточная отчетность в ук",
            "count": 1
        },
        {
            "answer": "дублирование требований",
            "count": 1
        },
        {
            "answer": "перегруженные нд",
            "count": 1
        },
        {
            "answer": "неэффективное использование ис",
            "count": 1
        },
        {
            "answer": "категория обеспечения качества",
            "count": 1
        },
        {
            "answer": "еос -качество. модернизация!",
            "count": 1
        },
        {
            "answer": "подробные протоколы совещаний",
            "count": 1
        },
        {
            "answer": "каскадирование процедур",
            "count": 1
        },
        {
            "answer": "распечатывать электронные доку",
            "count": 1
        },
        {
            "answer": "количество согласований миними",
            "count": 1
        },
        {
            "answer": "нормоконтроль в еосдо в помощь",
            "count": 1
        },
        {
            "answer": "отсутствие правил, где они нуж",
            "count": 1
        },
        {
            "answer": "рассылка нововведений приказам",
            "count": 1
        },
        {
            "answer": "количество бумаг по еосз",
            "count": 1
        },
        {
            "answer": "процедура согласования’",
            "count": 1
        },
        {
            "answer": "еосз",
            "count": 1
        },
        {
            "answer": "еосз",
            "count": 1
        },
        {
            "answer": "лна на лна",
            "count": 1
        },
        {
            "answer": "распечатывать электронные доку",
            "count": 1
        },
        {
            "answer": "приказ на приказ",
            "count": 1
        },
        {
            "answer": "повсеместное распространение",
            "count": 1
        },
        {
            "answer": "декларации доходов не позакону",
            "count": 1
        },
        {
            "answer": "перевыпус приказов",
            "count": 1
        },
        {
            "answer": "п",
            "count": 1
        },
        {
            "answer": "рассылки веерные в еосдо",
            "count": 1
        },
        {
            "answer": "невозможно найти документы",
            "count": 1
        },
        {
            "answer": "обозначить зоны согласования",
            "count": 1
        },
        {
            "answer": "бумажный архив",
            "count": 1
        },
        {
            "answer": "ограничения численности персон",
            "count": 1
        },
        {
            "answer": "лимит повышения по рекорду",
            "count": 1
        },
        {
            "answer": "\"колокол\" рекорда по зонам abc",
            "count": 1
        },
        {
            "answer": "согласования оргструктур",
            "count": 1
        },
        {
            "answer": "правила в области блока безопа",
            "count": 1
        },
        {
            "answer": "подключение к системам",
            "count": 1
        },
        {
            "answer": "не работает на полную эл.докум",
            "count": 1
        },
        {
            "answer": "множество согласований",
            "count": 1
        },
        {
            "answer": "мероприятия на мероприятия",
            "count": 1
        },
        {
            "answer": "приказ на приказ",
            "count": 1
        },
        {
            "answer": "ознакомление на бумаге",
            "count": 1
        },
        {
            "answer": "декларационная компания",
            "count": 1
        },
        {
            "answer": "принятие лна во исполнение лна",
            "count": 1
        },
        {
            "answer": "процесс бюджетирования",
            "count": 1
        },
        {
            "answer": "закупки",
            "count": 1
        },
        {
            "answer": "утверждение подтвержденных док",
            "count": 1
        },
        {
            "answer": "тс уп приказ на каждый чих",
            "count": 1
        },
        {
            "answer": "многоступенчатые согласования",
            "count": 1
        },
        {
            "answer": "цепочки согласований",
            "count": 1
        },
        {
            "answer": "еосз",
            "count": 1
        },
        {
            "answer": "ссылки в документах на другие",
            "count": 1
        },
        {
            "answer": "распечатывать электронные доки",
            "count": 1
        }
    ]
}