{
    "id": 5080,
    "question": "5 слов, которые характеризуют произошедшее с вами в 2022 году?",
    "answers": [
        {
            "answer": "вдохновение",
            "count": 1
        },
        {
            "answer": "радость",
            "count": 1
        },
        {
            "answer": "треш",
            "count": 1
        },
        {
            "answer": "успех",
            "count": 1
        },
        {
            "answer": "счастье",
            "count": 1
        },
        {
            "answer": "!@##$%^&&&*()_",
            "count": 1
        },
        {
            "answer": "гадость",
            "count": 1
        },
        {
            "answer": "мерзость",
            "count": 1
        },
        {
            "answer": "мерзопакастность",
            "count": 1
        },
        {
            "answer": "х**ня",
            "count": 1
        },
        {
            "answer": "радость",
            "count": 1
        },
        {
            "answer": "успех",
            "count": 1
        },
        {
            "answer": "работа",
            "count": 1
        },
        {
            "answer": "ремонт",
            "count": 1
        },
        {
            "answer": "волнение",
            "count": 1
        },
        {
            "answer": "тревога",
            "count": 1
        },
        {
            "answer": "радость",
            "count": 1
        },
        {
            "answer": "живой",
            "count": 1
        },
        {
            "answer": "зарплата",
            "count": 1
        },
        {
            "answer": "напряжение",
            "count": 1
        },
        {
            "answer": "ремонт",
            "count": 1
        },
        {
            "answer": "ремонт",
            "count": 1
        },
        {
            "answer": "запуск рекорд",
            "count": 1
        },
        {
            "answer": "налоговая декларация",
            "count": 1
        },
        {
            "answer": "приключения",
            "count": 1
        },
        {
            "answer": "аврал",
            "count": 1
        },
        {
            "answer": "награждение",
            "count": 1
        },
        {
            "answer": "ремонт, жесть, нервы, перемены",
            "count": 1
        },
        {
            "answer": "работа",
            "count": 1
        },
        {
            "answer": "приколдесы",
            "count": 1
        },
        {
            "answer": "отсутствие концертов",
            "count": 1
        },
        {
            "answer": "гринатом",
            "count": 1
        },
        {
            "answer": "шок",
            "count": 1
        },
        {
            "answer": "усталость",
            "count": 1
        },
        {
            "answer": "дичь",
            "count": 1
        },
        {
            "answer": "нелепица",
            "count": 1
        },
        {
            "answer": "надежда",
            "count": 1
        },
        {
            "answer": "походы",
            "count": 1
        },
        {
            "answer": "сессия",
            "count": 1
        },
        {
            "answer": "лес",
            "count": 1
        },
        {
            "answer": "путешествие",
            "count": 1
        },
        {
            "answer": "позитив",
            "count": 1
        },
        {
            "answer": "апатия",
            "count": 1
        },
        {
            "answer": "депрессия",
            "count": 1
        },
        {
            "answer": "позитив",
            "count": 1
        },
        {
            "answer": "безнадежность",
            "count": 1
        },
        {
            "answer": "работа",
            "count": 1
        },
        {
            "answer": "учиться",
            "count": 1
        },
        {
            "answer": "учиться",
            "count": 1
        },
        {
            "answer": "ещё раз учиться",
            "count": 1
        },
        {
            "answer": "кризис",
            "count": 1
        },
        {
            "answer": "выгорание",
            "count": 1
        },
        {
            "answer": "перемены",
            "count": 1
        },
        {
            "answer": "усталость",
            "count": 1
        },
        {
            "answer": "стресс",
            "count": 1
        },
        {
            "answer": "радость",
            "count": 1
        },
        {
            "answer": "переезд",
            "count": 1
        },
        {
            "answer": "шок",
            "count": 1
        },
        {
            "answer": "стресс",
            "count": 1
        },
        {
            "answer": "вызов",
            "count": 1
        },
        {
            "answer": "успешные запуски",
            "count": 1
        },
        {
            "answer": "вдохновение",
            "count": 1
        },
        {
            "answer": "hr рулит",
            "count": 1
        },
        {
            "answer": "тестирование системы мой голос",
            "count": 1
        },
        {
            "answer": "второй вариант ответа",
            "count": 1
        },
        {
            "answer": "результат",
            "count": 1
        },
        {
            "answer": "кадры",
            "count": 1
        },
        {
            "answer": "безопасностт",
            "count": 1
        },
        {
            "answer": "египет",
            "count": 1
        },
        {
            "answer": "кризис",
            "count": 1
        },
        {
            "answer": "много работы",
            "count": 1
        },
        {
            "answer": "спец операция",
            "count": 1
        },
        {
            "answer": "рост",
            "count": 1
        },
        {
            "answer": "4 курс",
            "count": 1
        },
        {
            "answer": "радость",
            "count": 1
        },
        {
            "answer": "жесть",
            "count": 1
        },
        {
            "answer": "нелепица",
            "count": 1
        },
        {
            "answer": "новые цели",
            "count": 1
        },
        {
            "answer": "удивление",
            "count": 1
        },
        {
            "answer": "радость",
            "count": 1
        },
        {
            "answer": "ремонт",
            "count": 1
        },
        {
            "answer": "новый статус",
            "count": 1
        },
        {
            "answer": "треш",
            "count": 1
        },
        {
            "answer": "жуть",
            "count": 1
        },
        {
            "answer": "перевод",
            "count": 1
        },
        {
            "answer": "спецоперация",
            "count": 1
        },
        {
            "answer": "переход в другое управление",
            "count": 1
        },
        {
            "answer": "вдохновение",
            "count": 1
        },
        {
            "answer": "радость",
            "count": 1
        },
        {
            "answer": "перемены",
            "count": 1
        },
        {
            "answer": "выгорание",
            "count": 1
        },
        {
            "answer": "хобби",
            "count": 1
        },
        {
            "answer": "треш",
            "count": 1
        },
        {
            "answer": "напряжение",
            "count": 1
        },
        {
            "answer": "нельзя такие слова писать)",
            "count": 1
        },
        {
            "answer": "опир",
            "count": 1
        },
        {
            "answer": "перезапуск",
            "count": 1
        },
        {
            "answer": "ну ок",
            "count": 1
        },
        {
            "answer": "кризис",
            "count": 1
        },
        {
            "answer": "турбулентность",
            "count": 1
        },
        {
            "answer": "странность",
            "count": 1
        },
        {
            "answer": "любовь",
            "count": 1
        },
        {
            "answer": "искусственный интеллект",
            "count": 1
        },
        {
            "answer": "приключение",
            "count": 1
        },
        {
            "answer": "такие дела",
            "count": 1
        },
        {
            "answer": "преобразование",
            "count": 1
        },
        {
            "answer": "обалдел",
            "count": 1
        },
        {
            "answer": "треш",
            "count": 1
        },
        {
            "answer": "новые хобби",
            "count": 1
        },
        {
            "answer": "повышение квалификации",
            "count": 1
        },
        {
            "answer": "волнение",
            "count": 1
        },
        {
            "answer": "смена",
            "count": 1
        },
        {
            "answer": "вдохновение",
            "count": 1
        },
        {
            "answer": "неожиданность",
            "count": 1
        }
    ]
}