{
    "id": 5082,
    "question": "Планировали, но...",
    "answers": [
        {
            "answer": "макдональдс",
            "count": 1
        },
        {
            "answer": "теперь я пишу текст на 30 симв",
            "count": 1
        },
        {
            "answer": "как всегда",
            "count": 1
        },
        {
            "answer": "лето",
            "count": 1
        },
        {
            "answer": "люто",
            "count": 1
        },
        {
            "answer": "гусь",
            "count": 1
        },
        {
            "answer": "куркуль",
            "count": 1
        },
        {
            "answer": "планы",
            "count": 1
        },
        {
            "answer": "амбициозные цели",
            "count": 1
        },
        {
            "answer": "планы",
            "count": 1
        },
        {
            "answer": "передумали",
            "count": 1
        },
        {
            "answer": "устали",
            "count": 1
        },
        {
            "answer": "все поменяли",
            "count": 1
        },
        {
            "answer": "что-то не то",
            "count": 1
        },
        {
            "answer": "бог располагает",
            "count": 1
        },
        {
            "answer": "не вышло",
            "count": 1
        },
        {
            "answer": "вышло",
            "count": 1
        },
        {
            "answer": "зашло",
            "count": 1
        },
        {
            "answer": "лень",
            "count": 1
        },
        {
            "answer": "деньги",
            "count": 1
        },
        {
            "answer": "простыла",
            "count": 1
        },
        {
            "answer": "планы",
            "count": 1
        },
        {
            "answer": ".",
            "count": 1
        },
        {
            "answer": "нет ресурсов",
            "count": 1
        },
        {
            "answer": "получилось ещё лучше",
            "count": 1
        },
        {
            "answer": "планы",
            "count": 1
        },
        {
            "answer": "не вышло",
            "count": 1
        },
        {
            "answer": "получилось лучше чем планирова",
            "count": 1
        },
        {
            "answer": "как-то так",
            "count": 1
        },
        {
            "answer": "кусь",
            "count": 1
        },
        {
            "answer": "перепланировали",
            "count": 1
        },
        {
            "answer": "планировали, но...",
            "count": 1
        },
        {
            "answer": "...",
            "count": 1
        },
        {
            "answer": "обламались",
            "count": 1
        },
        {
            "answer": "офигели",
            "count": 1
        },
        {
            "answer": "сошли с ума",
            "count": 1
        },
        {
            "answer": "перепланировали",
            "count": 1
        },
        {
            "answer": "что-то пошло не так)",
            "count": 1
        },
        {
            "answer": "устали",
            "count": 1
        },
        {
            "answer": "забыли",
            "count": 1
        },
        {
            "answer": "вскакивали в последний вагон",
            "count": 1
        },
        {
            "answer": "переререркпланировали",
            "count": 1
        },
        {
            "answer": "корабли лавировали",
            "count": 1
        },
        {
            "answer": "зря)",
            "count": 1
        },
        {
            "answer": "перепланировали",
            "count": 1
        },
        {
            "answer": "никак",
            "count": 1
        },
        {
            "answer": "не судьба",
            "count": 1
        },
        {
            "answer": "несудьба",
            "count": 1
        },
        {
            "answer": "не сутьба",
            "count": 1
        },
        {
            "answer": "не все получилось",
            "count": 1
        },
        {
            "answer": "запланированы",
            "count": 1
        },
        {
            "answer": "вычислили",
            "count": 1
        },
        {
            "answer": "сб",
            "count": 1
        },
        {
            "answer": "get{ip}",
            "count": 1
        },
        {
            "answer": "нашли",
            "count": 1
        },
        {
            "answer": "планы",
            "count": 1
        },
        {
            "answer": "сделали больше",
            "count": 1
        },
        {
            "answer": "факт был другим",
            "count": 1
        },
        {
            "answer": "здрасьте до свидания",
            "count": 1
        },
        {
            "answer": "продам гараж",
            "count": 1
        },
        {
            "answer": "работаем по agile",
            "count": 1
        },
        {
            "answer": "проекты 1с, еос-закупки",
            "count": 1
        },
        {
            "answer": "передумали",
            "count": 1
        },
        {
            "answer": "получилось",
            "count": 1
        },
        {
            "answer": "перепланировали",
            "count": 1
        },
        {
            "answer": "передумали",
            "count": 1
        },
        {
            "answer": "как обычно",
            "count": 1
        },
        {
            "answer": "что-то пошло не так…",
            "count": 1
        },
        {
            "answer": "запланировали",
            "count": 1
        },
        {
            "answer": "распланировали",
            "count": 1
        },
        {
            "answer": "выполнили",
            "count": 1
        },
        {
            "answer": "спецоперация",
            "count": 1
        },
        {
            "answer": "многозадачность",
            "count": 1
        },
        {
            "answer": "закрыты границы",
            "count": 1
        },
        {
            "answer": "что-то пошло не так",
            "count": 1
        },
        {
            "answer": "перепланировали",
            "count": 1
        },
        {
            "answer": "никаких но",
            "count": 1
        },
        {
            "answer": "недопланировали",
            "count": 1
        },
        {
            "answer": "нет денег",
            "count": 1
        },
        {
            "answer": "нет ресурсов",
            "count": 1
        },
        {
            "answer": "жизнь внесла свои коррективы",
            "count": 1
        },
        {
            "answer": "1234",
            "count": 1
        },
        {
            "answer": "недопланировали",
            "count": 1
        },
        {
            "answer": "перепланировали",
            "count": 1
        },
        {
            "answer": "не судьба",
            "count": 1
        },
        {
            "answer": "что-то пошло ни так",
            "count": 1
        }
    ]
}