{
    "id": 5108,
    "question": "Как ваше настроение?",
    "answers": [
        {
            "answer": "отгонь",
            "count": 1
        },
        {
            "answer": "классна",
            "count": 1
        },
        {
            "answer": "отличное",
            "count": 1
        },
        {
            "answer": "отвратительное",
            "count": 1
        },
        {
            "answer": "отличное",
            "count": 1
        },
        {
            "answer": "бобр и весел",
            "count": 1
        },
        {
            "answer": "перекрасно",
            "count": 1
        },
        {
            "answer": "замечательное",
            "count": 1
        },
        {
            "answer": "классное",
            "count": 1
        },
        {
            "answer": "замечательно!",
            "count": 1
        },
        {
            "answer": "отличное",
            "count": 1
        },
        {
            "answer": "классно",
            "count": 1
        },
        {
            "answer": "хорошо",
            "count": 1
        },
        {
            "answer": "супер",
            "count": 1
        },
        {
            "answer": "супер",
            "count": 1
        },
        {
            "answer": "amazing",
            "count": 1
        },
        {
            "answer": "радость",
            "count": 1
        },
        {
            "answer": "пятница :)",
            "count": 1
        },
        {
            "answer": "нейтральное",
            "count": 1
        },
        {
            "answer": "бодрое",
            "count": 1
        },
        {
            "answer": "кринжовое",
            "count": 1
        },
        {
            "answer": "супер, пятница!",
            "count": 1
        },
        {
            "answer": "огонь!",
            "count": 1
        },
        {
            "answer": "дурное",
            "count": 1
        },
        {
            "answer": "супир",
            "count": 1
        },
        {
            "answer": "прекрасное",
            "count": 1
        },
        {
            "answer": "отличное",
            "count": 1
        },
        {
            "answer": "супир",
            "count": 1
        },
        {
            "answer": "жааааарко",
            "count": 1
        },
        {
            "answer": "потрясающе",
            "count": 1
        },
        {
            "answer": "крутотенюшка",
            "count": 1
        },
        {
            "answer": "супер",
            "count": 1
        },
        {
            "answer": "веселенькое",
            "count": 1
        },
        {
            "answer": "пасмурное",
            "count": 1
        },
        {
            "answer": "отлично",
            "count": 1
        },
        {
            "answer": "беспокойное",
            "count": 1
        },
        {
            "answer": "бодрое!",
            "count": 1
        },
        {
            "answer": "отличное настроение!!!",
            "count": 1
        },
        {
            "answer": "блестящее!",
            "count": 1
        },
        {
            "answer": "отлично",
            "count": 1
        },
        {
            "answer": "отличное",
            "count": 1
        },
        {
            "answer": "супер",
            "count": 1
        },
        {
            "answer": "Классное",
            "count": 1
        },
        {
            "answer": "Собака",
            "count": 1
        },
        {
            "answer": "Отлично!",
            "count": 1
        },
        {
            "answer": "Пойдёт",
            "count": 1
        },
        {
            "answer": "Взьерошенное",
            "count": 1
        },
        {
            "answer": "Сппсибо ничего",
            "count": 1
        },
        {
            "answer": "Отличное",
            "count": 1
        },
        {
            "answer": "Классное",
            "count": 1
        },
        {
            "answer": "Прекрасное",
            "count": 1
        },
        {
            "answer": "Унылое",
            "count": 1
        },
        {
            "answer": "Огонь",
            "count": 1
        },
        {
            "answer": "Харашо",
            "count": 1
        },
        {
            "answer": "Супер",
            "count": 1
        },
        {
            "answer": "Супер",
            "count": 1
        },
        {
            "answer": "Отличное",
            "count": 1
        },
        {
            "answer": "Отлично",
            "count": 1
        },
        {
            "answer": "Отлично",
            "count": 1
        },
        {
            "answer": "отличное",
            "count": 1
        },
        {
            "answer": "крутое",
            "count": 1
        },
        {
            "answer": "классное",
            "count": 1
        },
        {
            "answer": "хорошее",
            "count": 1
        },
        {
            "answer": "отличное",
            "count": 1
        },
        {
            "answer": "супер!",
            "count": 1
        },
        {
            "answer": "пазитивное",
            "count": 1
        },
        {
            "answer": "отличное",
            "count": 1
        },
        {
            "answer": "хорошее",
            "count": 1
        },
        {
            "answer": "++",
            "count": 1
        },
        {
            "answer": "хорошее",
            "count": 1
        },
        {
            "answer": "отличное",
            "count": 1
        },
        {
            "answer": "прекрасно",
            "count": 1
        },
        {
            "answer": "хорошее",
            "count": 1
        },
        {
            "answer": "супер",
            "count": 1
        },
        {
            "answer": "атличное",
            "count": 1
        },
        {
            "answer": "виселое",
            "count": 1
        },
        {
            "answer": "отличное",
            "count": 1
        },
        {
            "answer": "хорошее",
            "count": 1
        },
        {
            "answer": "радастное",
            "count": 1
        },
        {
            "answer": "грустное",
            "count": 1
        },
        {
            "answer": "грусть",
            "count": 1
        },
        {
            "answer": "грусное",
            "count": 1
        },
        {
            "answer": "великодушное",
            "count": 1
        },
        {
            "answer": "радосное",
            "count": 1
        },
        {
            "answer": "веселое",
            "count": 1
        },
        {
            "answer": "злое",
            "count": 1
        },
        {
            "answer": "негативное",
            "count": 1
        },
        {
            "answer": "хрошее",
            "count": 1
        },
        {
            "answer": "отличное",
            "count": 1
        },
        {
            "answer": "хорошее",
            "count": 1
        },
        {
            "answer": "доброе",
            "count": 1
        },
        {
            "answer": "плохое",
            "count": 1
        }
    ]
}