{
    "id": 5157,
    "question": "Ключевые проблемы",
    "answers": [
        {
            "answer": "самоуспокоения",
            "count": 1
        },
        {
            "answer": "дефицит оборотных средств",
            "count": 1
        },
        {
            "answer": "рост цен на материалы",
            "count": 1
        },
        {
            "answer": "импортная элементная база",
            "count": 1
        },
        {
            "answer": "дефицит востребованных компете",
            "count": 1
        },
        {
            "answer": "отсутствие структурированного",
            "count": 1
        },
        {
            "answer": "бюрократия",
            "count": 1
        },
        {
            "answer": "бюрократия",
            "count": 1
        },
        {
            "answer": "неполная инфраструктура",
            "count": 1
        },
        {
            "answer": "импортозависимость",
            "count": 1
        },
        {
            "answer": "логистика",
            "count": 1
        },
        {
            "answer": "санкции, финансирование, импор",
            "count": 1
        },
        {
            "answer": "бюрократия",
            "count": 1
        },
        {
            "answer": "импортозависимость",
            "count": 1
        },
        {
            "answer": "формализм, бюрократия,",
            "count": 1
        },
        {
            "answer": "дорогие деньги",
            "count": 1
        },
        {
            "answer": "логистические цепочки",
            "count": 1
        },
        {
            "answer": "перегруженность",
            "count": 1
        },
        {
            "answer": "импортозамещение",
            "count": 1
        },
        {
            "answer": "комплексное предложение",
            "count": 1
        },
        {
            "answer": "медленная адаптация управления",
            "count": 1
        },
        {
            "answer": "сложная технол кооперация",
            "count": 1
        },
        {
            "answer": "дорогие деньги",
            "count": 1
        },
        {
            "answer": "потеря зарубежных заказчиков",
            "count": 1
        },
        {
            "answer": "нет",
            "count": 1
        },
        {
            "answer": "нет!",
            "count": 1
        },
        {
            "answer": "разрыв цепочек поставок",
            "count": 1
        },
        {
            "answer": "планирование",
            "count": 1
        },
        {
            "answer": "развитие базовых технологий",
            "count": 1
        },
        {
            "answer": "сокращение рынка",
            "count": 1
        },
        {
            "answer": "импортозависимость",
            "count": 1
        },
        {
            "answer": "риски международных проектов",
            "count": 1
        },
        {
            "answer": "отсутсвие ед. цифровой инф-ры",
            "count": 1
        },
        {
            "answer": "отсутсвие ед. цифровой инф-ры",
            "count": 1
        },
        {
            "answer": "отсутсвие ед. цифровой инф-ры",
            "count": 1
        },
        {
            "answer": "отсутсвие ед. цифровой инф-ры",
            "count": 1
        },
        {
            "answer": "отсутсвие ед. цифровой инф-ры",
            "count": 1
        },
        {
            "answer": "логистика",
            "count": 1
        },
        {
            "answer": "дорогие деньги",
            "count": 1
        },
        {
            "answer": "политизированность экспорта",
            "count": 1
        },
        {
            "answer": "импорт",
            "count": 1
        },
        {
            "answer": "развитие базовых технологий",
            "count": 1
        },
        {
            "answer": "импорт",
            "count": 1
        },
        {
            "answer": "потеря зарубежных заказчиков",
            "count": 1
        },
        {
            "answer": "слабая координация смежников",
            "count": 1
        },
        {
            "answer": "инерционность системы",
            "count": 1
        },
        {
            "answer": "потеря зарубежн заказчиков",
            "count": 1
        },
        {
            "answer": "ограничение технологий",
            "count": 1
        },
        {
            "answer": "сооружение аэс в рф",
            "count": 1
        },
        {
            "answer": "импортонезависимость",
            "count": 1
        },
        {
            "answer": "импортозависимость",
            "count": 1
        },
        {
            "answer": "новые рынки",
            "count": 1
        },
        {
            "answer": "импортозависимость",
            "count": 1
        },
        {
            "answer": "нет критичных технологий",
            "count": 1
        },
        {
            "answer": "микроэлектроника",
            "count": 1
        },
        {
            "answer": "санкции",
            "count": 1
        },
        {
            "answer": "закупки",
            "count": 1
        },
        {
            "answer": "бюрократия",
            "count": 1
        },
        {
            "answer": "логистика",
            "count": 1
        },
        {
            "answer": "отрыв от глобальных рынков",
            "count": 1
        },
        {
            "answer": "медленная адаптация управления",
            "count": 1
        },
        {
            "answer": "конкурентноспособность",
            "count": 1
        },
        {
            "answer": "искажение результатов",
            "count": 1
        },
        {
            "answer": "формализм",
            "count": 1
        },
        {
            "answer": "заорганизованность",
            "count": 1
        },
        {
            "answer": "отсутствие персонала",
            "count": 1
        },
        {
            "answer": "микроэлектроника",
            "count": 1
        },
        {
            "answer": "инерционность системы.",
            "count": 1
        },
        {
            "answer": "импортозависимость",
            "count": 1
        },
        {
            "answer": "риски международных проектов",
            "count": 1
        },
        {
            "answer": "импортозависимость",
            "count": 1
        },
        {
            "answer": "неопределенность",
            "count": 1
        },
        {
            "answer": "санкции",
            "count": 1
        },
        {
            "answer": "логистикп",
            "count": 1
        },
        {
            "answer": "финансы",
            "count": 1
        },
        {
            "answer": "зависимость от импорта",
            "count": 1
        },
        {
            "answer": "отсутствие правды",
            "count": 1
        },
        {
            "answer": "цифровая инфраструктура",
            "count": 1
        },
        {
            "answer": "отсутствие полномочий",
            "count": 1
        },
        {
            "answer": "дорогие деньги",
            "count": 1
        },
        {
            "answer": "технологические зависимости",
            "count": 1
        },
        {
            "answer": "политизированность экспорта",
            "count": 1
        },
        {
            "answer": "импортозамещение",
            "count": 1
        },
        {
            "answer": "отсутствие ед. цифровой инф-ры",
            "count": 1
        },
        {
            "answer": "культура правды",
            "count": 1
        },
        {
            "answer": "бюрократия",
            "count": 1
        },
        {
            "answer": "избыточность отчетов",
            "count": 1
        },
        {
            "answer": "медлительность",
            "count": 1
        },
        {
            "answer": "ограниченный доступ к ресурсам",
            "count": 1
        },
        {
            "answer": "оборотные средства (цена)",
            "count": 1
        },
        {
            "answer": "цены рвут бюджеты",
            "count": 1
        },
        {
            "answer": "импортная элементная база",
            "count": 1
        },
        {
            "answer": "ограничен доступ к it продукта",
            "count": 1
        },
        {
            "answer": "микроэлектроника",
            "count": 1
        },
        {
            "answer": "менталитет,разрозненность,экб",
            "count": 1
        },
        {
            "answer": "бюрократия",
            "count": 1
        },
        {
            "answer": "импортозависимость",
            "count": 1
        },
        {
            "answer": "импортозамещение",
            "count": 1
        },
        {
            "answer": "финансирование",
            "count": 1
        },
        {
            "answer": "финансирование",
            "count": 1
        },
        {
            "answer": "импорт",
            "count": 1
        },
        {
            "answer": "импортозависимость",
            "count": 1
        },
        {
            "answer": "импортозависимость",
            "count": 1
        },
        {
            "answer": "скорость процессов",
            "count": 1
        },
        {
            "answer": "масштабность целей",
            "count": 1
        },
        {
            "answer": "разрывы технологических цепоче",
            "count": 1
        },
        {
            "answer": "недоразвитость технологии",
            "count": 1
        },
        {
            "answer": "логистика",
            "count": 1
        },
        {
            "answer": "сырьевой голод",
            "count": 1
        },
        {
            "answer": "импортозависомость",
            "count": 1
        },
        {
            "answer": "экб",
            "count": 1
        },
        {
            "answer": "менталитет",
            "count": 1
        },
        {
            "answer": "разрозненность",
            "count": 1
        },
        {
            "answer": "экб",
            "count": 1
        },
        {
            "answer": "разрозненность",
            "count": 1
        },
        {
            "answer": "несогласованность",
            "count": 1
        },
        {
            "answer": "ума у нас нет",
            "count": 1
        },
        {
            "answer": "медленная адаптация управления",
            "count": 1
        },
        {
            "answer": "конкурентоспособность на рынке",
            "count": 1
        },
        {
            "answer": "экб",
            "count": 1
        },
        {
            "answer": "менталитет",
            "count": 1
        },
        {
            "answer": "разрозненность",
            "count": 1
        },
        {
            "answer": "импортозависимость  оборудован",
            "count": 1
        },
        {
            "answer": "логистика запчастей и инструм",
            "count": 1
        },
        {
            "answer": "мало стратегич менеджеров",
            "count": 1
        },
        {
            "answer": "цикл адаптации 3-4 года",
            "count": 1
        },
        {
            "answer": "ставка 20℅",
            "count": 1
        },
        {
            "answer": "отсутствие культуры правды",
            "count": 1
        },
        {
            "answer": "отсутствие ед. цифровой инфр",
            "count": 1
        },
        {
            "answer": "отсутствие полномочий",
            "count": 1
        },
        {
            "answer": "острый дефицит средств по гоз",
            "count": 1
        },
        {
            "answer": "ограничения поставки технологи",
            "count": 1
        },
        {
            "answer": "1. менталитет импорта",
            "count": 1
        },
        {
            "answer": "2. разрозненный гос заказ",
            "count": 1
        },
        {
            "answer": "импортозависимость",
            "count": 1
        },
        {
            "answer": "инфраструктура",
            "count": 1
        },
        {
            "answer": "системный заказ в рф",
            "count": 1
        },
        {
            "answer": "отсутствие технологий",
            "count": 1
        },
        {
            "answer": "импортозамещение",
            "count": 1
        },
        {
            "answer": "разное понимание целей на уров",
            "count": 1
        },
        {
            "answer": "политика правды для всех",
            "count": 1
        },
        {
            "answer": "отсутствие высокотехнологичног",
            "count": 1
        },
        {
            "answer": "нет критичных технологий",
            "count": 1
        },
        {
            "answer": "импортозамещение",
            "count": 1
        },
        {
            "answer": "бюрократия",
            "count": 1
        },
        {
            "answer": "сценарное планирование",
            "count": 1
        },
        {
            "answer": "работа с клиентом",
            "count": 1
        },
        {
            "answer": "работа с рисками",
            "count": 1
        },
        {
            "answer": "нарушение логистически",
            "count": 1
        },
        {
            "answer": "отложенный спрос",
            "count": 1
        },
        {
            "answer": "импорт",
            "count": 1
        },
        {
            "answer": "политика",
            "count": 1
        },
        {
            "answer": "импортозависимость",
            "count": 1
        },
        {
            "answer": "перманентный надрыв (прорыв)",
            "count": 1
        },
        {
            "answer": "импортозависимость",
            "count": 1
        },
        {
            "answer": "высокие цены на материалы",
            "count": 1
        },
        {
            "answer": "экб",
            "count": 1
        },
        {
            "answer": "менталитет",
            "count": 1
        },
        {
            "answer": "разрозненность",
            "count": 1
        },
        {
            "answer": "шаг назад",
            "count": 1
        },
        {
            "answer": "отсутствуют ресурсы",
            "count": 1
        },
        {
            "answer": "срыв стоков контрактации",
            "count": 1
        },
        {
            "answer": "импортозависимость",
            "count": 1
        },
        {
            "answer": "планирование",
            "count": 1
        },
        {
            "answer": "импортозависимость",
            "count": 1
        },
        {
            "answer": "работа с колес",
            "count": 1
        },
        {
            "answer": "отсутствие ед. цифровой инф-ры",
            "count": 1
        },
        {
            "answer": "бюрократия",
            "count": 1
        },
        {
            "answer": "долгое принятие решений",
            "count": 1
        },
        {
            "answer": "отсутствие полномочий",
            "count": 1
        },
        {
            "answer": "зависимость от импорта",
            "count": 1
        },
        {
            "answer": "импортозависимость",
            "count": 1
        },
        {
            "answer": "бюрократия",
            "count": 1
        },
        {
            "answer": "зависимость от импорт",
            "count": 1
        },
        {
            "answer": "недостаток людских ресурсов",
            "count": 1
        },
        {
            "answer": "импортозамещение",
            "count": 1
        },
        {
            "answer": "бюррократия",
            "count": 1
        },
        {
            "answer": "сценарное планирование",
            "count": 1
        },
        {
            "answer": "работа с клиентом",
            "count": 1
        },
        {
            "answer": "работа с рисками",
            "count": 1
        },
        {
            "answer": "инерционность системы",
            "count": 1
        },
        {
            "answer": "планирование",
            "count": 1
        },
        {
            "answer": "импортозависимость оборудовани",
            "count": 1
        },
        {
            "answer": "финансирование",
            "count": 1
        },
        {
            "answer": "еосз",
            "count": 1
        },
        {
            "answer": "наличие импортных составляющих",
            "count": 1
        },
        {
            "answer": "ослабление научного задела",
            "count": 1
        },
        {
            "answer": "неопределенность",
            "count": 1
        },
        {
            "answer": "санкции",
            "count": 1
        },
        {
            "answer": "логистика",
            "count": 1
        },
        {
            "answer": "зависимость от импорта",
            "count": 1
        },
        {
            "answer": "формализм",
            "count": 1
        },
        {
            "answer": "не хватит ресурсов",
            "count": 1
        },
        {
            "answer": "бюрократия",
            "count": 1
        },
        {
            "answer": "отсутствие ед.инф.платформы",
            "count": 1
        },
        {
            "answer": "импортозависимость оборудовани",
            "count": 1
        },
        {
            "answer": "недостаточная скорость",
            "count": 1
        },
        {
            "answer": "импортозависимость в технол",
            "count": 1
        },
        {
            "answer": "импортозамещение",
            "count": 1
        },
        {
            "answer": "бюрократия",
            "count": 1
        },
        {
            "answer": "сценарное планирование",
            "count": 1
        },
        {
            "answer": "работа с клиентом",
            "count": 1
        },
        {
            "answer": "работа с рисками",
            "count": 1
        },
        {
            "answer": "импортозависимость",
            "count": 1
        },
        {
            "answer": "нет системного заказа в рф",
            "count": 1
        },
        {
            "answer": "неполная инфраструктура",
            "count": 1
        },
        {
            "answer": "импортозамещение",
            "count": 1
        },
        {
            "answer": "импортозависимость",
            "count": 1
        },
        {
            "answer": "импортозависимость",
            "count": 1
        },
        {
            "answer": "экб",
            "count": 1
        },
        {
            "answer": "менталитет",
            "count": 1
        },
        {
            "answer": "разрозненность",
            "count": 1
        },
        {
            "answer": "политическая зависимость",
            "count": 1
        },
        {
            "answer": "технологическая зависимость",
            "count": 1
        },
        {
            "answer": "логистические цепочки",
            "count": 1
        },
        {
            "answer": "it зависимость",
            "count": 1
        },
        {
            "answer": "дорогие деньги",
            "count": 1
        },
        {
            "answer": "отсутствие отечественной микро",
            "count": 1
        },
        {
            "answer": "микроэлектроника",
            "count": 1
        },
        {
            "answer": "контроль цен в стране",
            "count": 1
        },
        {
            "answer": "импортозамещение",
            "count": 1
        },
        {
            "answer": "импорт ресурсов",
            "count": 1
        },
        {
            "answer": "элементная и компонентная база",
            "count": 1
        },
        {
            "answer": "технологическая зависимость",
            "count": 1
        },
        {
            "answer": "отсутствие долгосрочных заказо",
            "count": 1
        },
        {
            "answer": "импортозависимость",
            "count": 1
        },
        {
            "answer": "не полная инфраструктура",
            "count": 1
        },
        {
            "answer": "импортозависимость",
            "count": 1
        },
        {
            "answer": "нет системного заказа в рф",
            "count": 1
        },
        {
            "answer": "неполная инфраструктура",
            "count": 1
        },
        {
            "answer": "бюрократия",
            "count": 1
        },
        {
            "answer": "бюрократия",
            "count": 1
        },
        {
            "answer": "бюрократия",
            "count": 1
        },
        {
            "answer": "бюрократия",
            "count": 1
        },
        {
            "answer": "бюрократия",
            "count": 1
        },
        {
            "answer": "поставки комплектующих",
            "count": 1
        },
        {
            "answer": "экспорт",
            "count": 1
        },
        {
            "answer": "импорт",
            "count": 1
        },
        {
            "answer": "внешнее давление",
            "count": 1
        },
        {
            "answer": "инерционность системы",
            "count": 1
        },
        {
            "answer": "медленная адаптация управления",
            "count": 1
        },
        {
            "answer": "медленная адаптация управления",
            "count": 1
        },
        {
            "answer": "формализм",
            "count": 1
        },
        {
            "answer": "инерционность",
            "count": 1
        },
        {
            "answer": "импортозаисимость",
            "count": 1
        },
        {
            "answer": "нет системного заказа в рф",
            "count": 1
        },
        {
            "answer": "неполная инфоаструктура",
            "count": 1
        },
        {
            "answer": "медленная адаптация управления",
            "count": 1
        },
        {
            "answer": "риски импортонезависимости",
            "count": 1
        },
        {
            "answer": "импортозависимость",
            "count": 1
        },
        {
            "answer": "нет системного заказа в рф",
            "count": 1
        },
        {
            "answer": "неполная инфраструктура",
            "count": 1
        },
        {
            "answer": "осознать изменения",
            "count": 1
        },
        {
            "answer": "контроль",
            "count": 1
        },
        {
            "answer": "формализм",
            "count": 1
        },
        {
            "answer": "отсутствие новых идей и прод",
            "count": 1
        },
        {
            "answer": "свободные средства",
            "count": 1
        },
        {
            "answer": "не готовность инфраструктуры",
            "count": 1
        },
        {
            "answer": "импортозависимость",
            "count": 1
        },
        {
            "answer": "плохое планирование",
            "count": 1
        },
        {
            "answer": "импортозависимость",
            "count": 1
        },
        {
            "answer": "импортозависимость оборудовани",
            "count": 1
        },
        {
            "answer": "инерционность системы",
            "count": 1
        },
        {
            "answer": "срочность",
            "count": 1
        },
        {
            "answer": "бюрократия",
            "count": 1
        },
        {
            "answer": "многозадачность",
            "count": 1
        },
        {
            "answer": "бюрократия",
            "count": 1
        },
        {
            "answer": "импортозависимостть",
            "count": 1
        },
        {
            "answer": "нет критичных технологий",
            "count": 1
        },
        {
            "answer": "неготовность работать в европе",
            "count": 1
        },
        {
            "answer": "отсутствие культуры правды",
            "count": 1
        },
        {
            "answer": "бюрократия",
            "count": 1
        },
        {
            "answer": "система оплаты труда",
            "count": 1
        },
        {
            "answer": "импорт ресурсов",
            "count": 1
        },
        {
            "answer": "импортозависимость",
            "count": 1
        },
        {
            "answer": "импорт",
            "count": 1
        },
        {
            "answer": "несогласованность целей",
            "count": 1
        },
        {
            "answer": "несогласованность путей достиж",
            "count": 1
        },
        {
            "answer": "боязнь говорить правду",
            "count": 1
        },
        {
            "answer": "санкции",
            "count": 1
        },
        {
            "answer": "уровень доходы",
            "count": 1
        },
        {
            "answer": "формализм",
            "count": 1
        },
        {
            "answer": "излишняя оптимистичность",
            "count": 1
        },
        {
            "answer": "осознать изменения",
            "count": 1
        },
        {
            "answer": "ограниченность людских ресурсо",
            "count": 1
        },
        {
            "answer": "осознать изменения",
            "count": 1
        },
        {
            "answer": "остановка строек аэс за рубежо",
            "count": 1
        },
        {
            "answer": "еосз",
            "count": 1
        },
        {
            "answer": "самоуспокоенность руководителе",
            "count": 1
        },
        {
            "answer": "потеря зарубежн заказчиков",
            "count": 1
        },
        {
            "answer": "самоуспокоенность руководителе",
            "count": 1
        },
        {
            "answer": "медленная адаптация системы уп",
            "count": 1
        },
        {
            "answer": "импортозависимость",
            "count": 1
        },
        {
            "answer": "длительность принятия решений",
            "count": 1
        },
        {
            "answer": "импортозамещение",
            "count": 1
        },
        {
            "answer": "💵",
            "count": 1
        },
        {
            "answer": "импорт ресурсов",
            "count": 1
        },
        {
            "answer": "экб",
            "count": 1
        },
        {
            "answer": "наличие спроса",
            "count": 1
        },
        {
            "answer": "неопределенность",
            "count": 1
        },
        {
            "answer": "санкции",
            "count": 1
        },
        {
            "answer": "логистика",
            "count": 1
        },
        {
            "answer": "финансы",
            "count": 1
        },
        {
            "answer": "оптимизм",
            "count": 1
        },
        {
            "answer": "логистические цепочки",
            "count": 1
        },
        {
            "answer": "технологическая зависимость",
            "count": 1
        },
        {
            "answer": "ит",
            "count": 1
        },
        {
            "answer": "политическая окраска экспорта",
            "count": 1
        },
        {
            "answer": "дорогие деньги",
            "count": 1
        },
        {
            "answer": "отсутствие культуры правды",
            "count": 1
        },
        {
            "answer": "импорт ресурсов",
            "count": 1
        },
        {
            "answer": "отсутствие культуры правды",
            "count": 1
        },
        {
            "answer": "асу тп",
            "count": 1
        },
        {
            "answer": "финансирование",
            "count": 1
        },
        {
            "answer": "бюрократия",
            "count": 1
        },
        {
            "answer": "кредитование",
            "count": 1
        },
        {
            "answer": "технологические санкции",
            "count": 1
        },
        {
            "answer": "нет технологий",
            "count": 1
        },
        {
            "answer": "слабая гибкость",
            "count": 1
        },
        {
            "answer": "чрезмерная роль дза",
            "count": 1
        },
        {
            "answer": "система мотивации персонала",
            "count": 1
        },
        {
            "answer": "бюрократия",
            "count": 1
        },
        {
            "answer": "экб",
            "count": 1
        },
        {
            "answer": "жёсткая структура",
            "count": 1
        },
        {
            "answer": "закрытие финансовых рынков",
            "count": 1
        },
        {
            "answer": "взаимодействие с заказчиком",
            "count": 1
        },
        {
            "answer": "импортозамещение",
            "count": 1
        },
        {
            "answer": "потеря зарубежных рынков",
            "count": 1
        },
        {
            "answer": "компетенции",
            "count": 1
        },
        {
            "answer": "безнаказанность",
            "count": 1
        },
        {
            "answer": "мотивация",
            "count": 1
        },
        {
            "answer": "ит-обеспечение",
            "count": 1
        },
        {
            "answer": "отсутствие культуры правды",
            "count": 1
        },
        {
            "answer": "бюрократия",
            "count": 1
        },
        {
            "answer": "безумная отчетность",
            "count": 1
        },
        {
            "answer": "поставка имп. оборудования",
            "count": 1
        },
        {
            "answer": "отсутствие технологий",
            "count": 1
        },
        {
            "answer": "санкции",
            "count": 1
        },
        {
            "answer": "рост цен на металл",
            "count": 1
        },
        {
            "answer": "стабильность в эру перемен",
            "count": 1
        },
        {
            "answer": "отсутствие ед. цифровой инф-ры",
            "count": 1
        },
        {
            "answer": "отсутствие ед. цифровой инф-ры",
            "count": 1
        },
        {
            "answer": "отсутствие ед. цифровой инф-ры",
            "count": 1
        },
        {
            "answer": "отсутствие ед. цифровой инф-ры",
            "count": 1
        },
        {
            "answer": "отсутствие ед. цифровой инф-ры",
            "count": 1
        },
        {
            "answer": "сложное управление деньгами",
            "count": 1
        },
        {
            "answer": "импортозависимость",
            "count": 1
        },
        {
            "answer": "дорогие деньги",
            "count": 1
        },
        {
            "answer": "импортозависимость",
            "count": 1
        },
        {
            "answer": "росатом до сих пор не един",
            "count": 1
        },
        {
            "answer": "недостаток финансирования",
            "count": 1
        },
        {
            "answer": "костность мышления",
            "count": 1
        },
        {
            "answer": "бюрократия",
            "count": 1
        },
        {
            "answer": "росатом до сих пор не един",
            "count": 1
        },
        {
            "answer": "снижение реальных доходов",
            "count": 1
        },
        {
            "answer": "импортонезависимость",
            "count": 1
        },
        {
            "answer": "росатом до сих пор не един",
            "count": 1
        },
        {
            "answer": "импортозависимость",
            "count": 1
        }
    ]
}