{
    "id": 5192,
    "question": "Что было самым интересным / к чему-то подтолкнуло вас?",
    "answers": [
        {
            "answer": "командная работа, формат.",
            "count": 1
        },
        {
            "answer": "взаимодействие в команде",
            "count": 1
        },
        {
            "answer": "собрать команду",
            "count": 1
        },
        {
            "answer": "новый опыт",
            "count": 1
        },
        {
            "answer": "участие",
            "count": 1
        },
        {
            "answer": "развитие",
            "count": 1
        },
        {
            "answer": "новый формат обучения",
            "count": 1
        },
        {
            "answer": "новый опыт",
            "count": 1
        },
        {
            "answer": "планка!",
            "count": 1
        },
        {
            "answer": "поделились опытом/задуматься",
            "count": 1
        },
        {
            "answer": "работа в команде",
            "count": 1
        },
        {
            "answer": "командная работа",
            "count": 1
        },
        {
            "answer": "творчество",
            "count": 1
        },
        {
            "answer": "работа в команде",
            "count": 1
        },
        {
            "answer": "плохая организация",
            "count": 1
        },
        {
            "answer": "взаимодействие с коллегами",
            "count": 1
        },
        {
            "answer": "креативные задания",
            "count": 1
        },
        {
            "answer": "разработка проекта",
            "count": 1
        },
        {
            "answer": "разнообразие заданий",
            "count": 1
        },
        {
            "answer": "интенсивность",
            "count": 1
        },
        {
            "answer": "задания",
            "count": 1
        },
        {
            "answer": "организация работы с командой",
            "count": 1
        },
        {
            "answer": "работа с командой",
            "count": 1
        },
        {
            "answer": "баланс работы и личной жизни",
            "count": 1
        },
        {
            "answer": "команда",
            "count": 1
        },
        {
            "answer": "вдохновлять",
            "count": 1
        },
        {
            "answer": "генерировать идеи",
            "count": 1
        },
        {
            "answer": "опросы",
            "count": 1
        },
        {
            "answer": "совместная работа с коллегами",
            "count": 1
        },
        {
            "answer": "задания",
            "count": 1
        },
        {
            "answer": "интенсивность",
            "count": 1
        },
        {
            "answer": "нервозность",
            "count": 1
        },
        {
            "answer": "активность",
            "count": 1
        },
        {
            "answer": "мотивация к онлайн обучению",
            "count": 1
        },
        {
            "answer": "общение с коллегами",
            "count": 1
        },
        {
            "answer": "принципиально новая активность",
            "count": 1
        },
        {
            "answer": "расширение кругозора",
            "count": 1
        },
        {
            "answer": "веб семинар/",
            "count": 1
        },
        {
            "answer": "адаптировать задания к себе",
            "count": 1
        },
        {
            "answer": "собрать команду,",
            "count": 1
        },
        {
            "answer": "разработка проекта",
            "count": 1
        },
        {
            "answer": "работа в команде",
            "count": 1
        },
        {
            "answer": "взаимодействие с коллегами",
            "count": 1
        },
        {
            "answer": "ничего",
            "count": 1
        },
        {
            "answer": "работа в команде в стрессовых",
            "count": 1
        },
        {
            "answer": "быть в кругу единомышленников",
            "count": 1
        },
        {
            "answer": "творческие задания",
            "count": 1
        },
        {
            "answer": "собрать команду",
            "count": 1
        },
        {
            "answer": "сплотить команду, к азарту",
            "count": 1
        },
        {
            "answer": "творческие конкурсы",
            "count": 1
        },
        {
            "answer": "подбор команды",
            "count": 1
        },
        {
            "answer": "поддержка команды",
            "count": 1
        }
    ]
}