{
    "id": 5193,
    "question": "Что нового для себя узнали в марафоне?",
    "answers": [
        {
            "answer": "творческий потенциал коллег",
            "count": 1
        },
        {
            "answer": "как работать с барьерами",
            "count": 1
        },
        {
            "answer": "ничего",
            "count": 1
        },
        {
            "answer": "как сделать работу других",
            "count": 1
        },
        {
            "answer": "время",
            "count": 1
        },
        {
            "answer": "идеи",
            "count": 1
        },
        {
            "answer": "создание команды",
            "count": 1
        },
        {
            "answer": "ничего",
            "count": 1
        },
        {
            "answer": "новые подходы",
            "count": 1
        },
        {
            "answer": "новый опыт",
            "count": 1
        },
        {
            "answer": "чуть-чуть всего",
            "count": 1
        },
        {
            "answer": "про экопси",
            "count": 1
        },
        {
            "answer": "барьеры",
            "count": 1
        },
        {
            "answer": "саморазвитие",
            "count": 1
        },
        {
            "answer": "у всех свои проблемы)",
            "count": 1
        },
        {
            "answer": "ничего",
            "count": 1
        },
        {
            "answer": "новые подходы",
            "count": 1
        },
        {
            "answer": "барьеры",
            "count": 1
        },
        {
            "answer": "барьеры",
            "count": 1
        },
        {
            "answer": "идеи",
            "count": 1
        },
        {
            "answer": "надо больше времени",
            "count": 1
        },
        {
            "answer": "новые возможности",
            "count": 1
        },
        {
            "answer": "сплочённость коллектива",
            "count": 1
        },
        {
            "answer": "возможность держать планку",
            "count": 1
        },
        {
            "answer": "нового нет",
            "count": 1
        },
        {
            "answer": "цель объединяет",
            "count": 1
        },
        {
            "answer": "умение воодушевить коллег",
            "count": 1
        },
        {
            "answer": "свои возможности",
            "count": 1
        },
        {
            "answer": "программы для взаимодействия",
            "count": 1
        },
        {
            "answer": "семинары",
            "count": 1
        },
        {
            "answer": "идеи",
            "count": 1
        },
        {
            "answer": "примеры из разных организаций",
            "count": 1
        },
        {
            "answer": "новые подходы",
            "count": 1
        },
        {
            "answer": "барьера",
            "count": 1
        },
        {
            "answer": "о том, как работать в ситуауия",
            "count": 1
        },
        {
            "answer": "-",
            "count": 1
        },
        {
            "answer": "заставить их работать",
            "count": 1
        },
        {
            "answer": "ничего",
            "count": 1
        },
        {
            "answer": "выявление барьеров",
            "count": 1
        },
        {
            "answer": "разоичные взгляды",
            "count": 1
        },
        {
            "answer": "ничего",
            "count": 1
        },
        {
            "answer": "мнение людей на проблемы",
            "count": 1
        },
        {
            "answer": "свои внутренние резервы",
            "count": 1
        }
    ]
}