{
    "id": 5194,
    "question": "Что было самым сложным?",
    "answers": [
        {
            "answer": "найти время",
            "count": 1
        },
        {
            "answer": "дефицит времени",
            "count": 1
        },
        {
            "answer": "вовлечь коллег из за занятости",
            "count": 1
        },
        {
            "answer": "собрать коллег",
            "count": 1
        },
        {
            "answer": "найти время",
            "count": 1
        },
        {
            "answer": "сроки",
            "count": 1
        },
        {
            "answer": "договориться с уч-ками команды",
            "count": 1
        },
        {
            "answer": "цейтнот",
            "count": 1
        },
        {
            "answer": "найти время",
            "count": 1
        },
        {
            "answer": "найти время",
            "count": 1
        },
        {
            "answer": "убедить команду работать)",
            "count": 1
        },
        {
            "answer": "выделить время",
            "count": 1
        },
        {
            "answer": "время",
            "count": 1
        },
        {
            "answer": "найти время",
            "count": 1
        },
        {
            "answer": "найти время",
            "count": 1
        },
        {
            "answer": "недостаток времени",
            "count": 1
        },
        {
            "answer": "заставить себя мыслить творчес",
            "count": 1
        },
        {
            "answer": "сроки",
            "count": 1
        },
        {
            "answer": "сохранить баланс",
            "count": 1
        },
        {
            "answer": "дефицит времени",
            "count": 1
        },
        {
            "answer": "найти время для выполнения мар",
            "count": 1
        },
        {
            "answer": "найти время",
            "count": 1
        },
        {
            "answer": "соблюдать дедлайны",
            "count": 1
        },
        {
            "answer": "замотивировать людей",
            "count": 1
        },
        {
            "answer": "дедлайны",
            "count": 1
        },
        {
            "answer": "найти время в конце года",
            "count": 1
        },
        {
            "answer": "нехватка времени; сроки",
            "count": 1
        },
        {
            "answer": "интенсивность",
            "count": 1
        },
        {
            "answer": "найти свободное время",
            "count": 1
        },
        {
            "answer": "выделять доп.время",
            "count": 1
        },
        {
            "answer": "найти время",
            "count": 1
        },
        {
            "answer": "быть лидером",
            "count": 1
        },
        {
            "answer": "мотивировать команду",
            "count": 1
        },
        {
            "answer": "найти ответы по делу",
            "count": 1
        },
        {
            "answer": "успевать выполнять",
            "count": 1
        },
        {
            "answer": "мотивировать команду",
            "count": 1
        },
        {
            "answer": "проект",
            "count": 1
        },
        {
            "answer": "привлечь коллег",
            "count": 1
        },
        {
            "answer": "итоговый проект",
            "count": 1
        },
        {
            "answer": "удаленная коммуникация",
            "count": 1
        },
        {
            "answer": "слушать, как льют много воды",
            "count": 1
        },
        {
            "answer": "проект",
            "count": 1
        },
        {
            "answer": "совмещение учёбы и конца года",
            "count": 1
        },
        {
            "answer": "реализация проекта",
            "count": 1
        },
        {
            "answer": "объяснять задания",
            "count": 1
        },
        {
            "answer": "уложиться в срок",
            "count": 1
        },
        {
            "answer": "найти время",
            "count": 1
        },
        {
            "answer": "наложение осн. работы и обучен",
            "count": 1
        }
    ]
}