{
    "id": 5564,
    "question": "Назовите 1-2 словами, что Вы ожидаете от курса (зачем пришли?)",
    "answers": [
        {
            "answer": "узнать новое",
            "count": 1
        },
        {
            "answer": "получить знания",
            "count": 1
        },
        {
            "answer": "мировые практики",
            "count": 1
        },
        {
            "answer": "лучший опыт",
            "count": 1
        },
        {
            "answer": "применять в своей организации",
            "count": 1
        },
        {
            "answer": "новые знания",
            "count": 1
        },
        {
            "answer": "новые знания",
            "count": 1
        },
        {
            "answer": "хочу быть экспертом",
            "count": 1
        },
        {
            "answer": "новые компетенции",
            "count": 1
        },
        {
            "answer": "получить новые энания",
            "count": 1
        },
        {
            "answer": "разработка курсов",
            "count": 1
        },
        {
            "answer": "получить опыт лучших практик.",
            "count": 1
        },
        {
            "answer": "получение новых знаний",
            "count": 1
        },
        {
            "answer": "знания по проектированию курсо",
            "count": 1
        },
        {
            "answer": "повысить уровень и качество об",
            "count": 1
        },
        {
            "answer": "получение опыта лучших практик",
            "count": 1
        },
        {
            "answer": "повысить уровень эксперности",
            "count": 1
        },
        {
            "answer": "получить новые знания",
            "count": 1
        },
        {
            "answer": "новые знания",
            "count": 1
        },
        {
            "answer": "узнать новые методики обучения",
            "count": 1
        },
        {
            "answer": "стать экспертом",
            "count": 1
        },
        {
            "answer": "новые знания, получение опыта",
            "count": 1
        },
        {
            "answer": "расширение области компетенций",
            "count": 1
        },
        {
            "answer": "саморазвитие, применение знани",
            "count": 1
        },
        {
            "answer": "систематизация знаний",
            "count": 1
        },
        {
            "answer": "новые методики",
            "count": 1
        },
        {
            "answer": "получить знания",
            "count": 1
        },
        {
            "answer": "новые возможности",
            "count": 1
        },
        {
            "answer": "новые инструменты",
            "count": 1
        },
        {
            "answer": "системность",
            "count": 1
        },
        {
            "answer": "научиться",
            "count": 1
        },
        {
            "answer": "структуризация знаний",
            "count": 1
        },
        {
            "answer": "повысить уровень эксперта",
            "count": 1
        },
        {
            "answer": "новые образовательные практики",
            "count": 1
        },
        {
            "answer": "знаний",
            "count": 1
        },
        {
            "answer": "новая профессия",
            "count": 1
        },
        {
            "answer": "профессиональный рост",
            "count": 1
        }
    ]
}