{
    "id": 5571,
    "question": "Чего вы ожидаете от обучения на курсе?   Напишите ответ в 4 – 5 словах",
    "answers": [
        {
            "answer": "стать эффективным наставником",
            "count": 1
        },
        {
            "answer": "развитие в обучении студентов",
            "count": 1
        },
        {
            "answer": "узнать что то новое",
            "count": 1
        },
        {
            "answer": "разработать курс",
            "count": 1
        },
        {
            "answer": "получение новых знаний",
            "count": 1
        },
        {
            "answer": "передача опыта",
            "count": 1
        },
        {
            "answer": "овладеть наставничеством",
            "count": 1
        },
        {
            "answer": "получение навыков наставничест",
            "count": 1
        },
        {
            "answer": "получение новых навыков",
            "count": 1
        },
        {
            "answer": "получение методик",
            "count": 1
        },
        {
            "answer": "новые направления",
            "count": 1
        },
        {
            "answer": "улучшить свою коммуникабельнос",
            "count": 1
        },
        {
            "answer": "овладеть методикой насавнич.",
            "count": 1
        },
        {
            "answer": "повышение навыков",
            "count": 1
        },
        {
            "answer": "получить знания",
            "count": 1
        },
        {
            "answer": "приобретение новых знаний",
            "count": 1
        },
        {
            "answer": "получение новых навыков",
            "count": 1
        },
        {
            "answer": "разработка программ наставнич",
            "count": 1
        },
        {
            "answer": "компетенции, коммуникацию",
            "count": 1
        },
        {
            "answer": "опыт, коллег",
            "count": 1
        },
        {
            "answer": "методику преподавания",
            "count": 1
        },
        {
            "answer": "повышение квалификации",
            "count": 1
        },
        {
            "answer": "навыков общения со студентами",
            "count": 1
        },
        {
            "answer": "система наставничества в росат",
            "count": 1
        },
        {
            "answer": "выработать инструменты по наст",
            "count": 1
        },
        {
            "answer": "системности подачи информации",
            "count": 1
        },
        {
            "answer": "передавать опыт другим работни",
            "count": 1
        },
        {
            "answer": "развитие ключевых навыков",
            "count": 1
        },
        {
            "answer": "получение новых знаний,навыков",
            "count": 1
        },
        {
            "answer": "работать с молодыми",
            "count": 1
        },
        {
            "answer": "новые знания",
            "count": 1
        },
        {
            "answer": "знанмя",
            "count": 1
        },
        {
            "answer": "разработка инструмета",
            "count": 1
        }
    ]
}