{
    "id": 5845,
    "question": "Опишите 1-2 словами, что было для вас самым ценным за этот день.",
    "answers": [
        {
            "answer": "взаимодействие",
            "count": 1
        },
        {
            "answer": "общение",
            "count": 1
        },
        {
            "answer": "надёжность",
            "count": 1
        },
        {
            "answer": "все!",
            "count": 1
        },
        {
            "answer": "плавучий мсз и филипп киркоров",
            "count": 1
        },
        {
            "answer": "веселые люди",
            "count": 1
        },
        {
            "answer": "опыт",
            "count": 1
        },
        {
            "answer": "общение, новые идеи, цели",
            "count": 1
        },
        {
            "answer": "клиентоцентричность",
            "count": 1
        },
        {
            "answer": "командная работа",
            "count": 1
        },
        {
            "answer": "импортозамещение",
            "count": 1
        },
        {
            "answer": "общение",
            "count": 1
        },
        {
            "answer": "вовлеченность",
            "count": 1
        },
        {
            "answer": "комаров",
            "count": 1
        },
        {
            "answer": "общение",
            "count": 1
        },
        {
            "answer": "масштаб стратегии",
            "count": 1
        },
        {
            "answer": "перспективы развитие",
            "count": 1
        },
        {
            "answer": "понимание направления деятельн",
            "count": 1
        },
        {
            "answer": "плавучий мсз",
            "count": 1
        },
        {
            "answer": "клиентоуннтричность",
            "count": 1
        },
        {
            "answer": "общение с коллегами",
            "count": 1
        },
        {
            "answer": "общение",
            "count": 1
        },
        {
            "answer": "общение",
            "count": 1
        },
        {
            "answer": "тендер саудовская аравия",
            "count": 1
        },
        {
            "answer": "возможности",
            "count": 1
        },
        {
            "answer": "выступление кбк",
            "count": 1
        },
        {
            "answer": "общение",
            "count": 1
        },
        {
            "answer": "работа в командах",
            "count": 1
        },
        {
            "answer": "общение",
            "count": 1
        },
        {
            "answer": "общение с коллегами",
            "count": 1
        },
        {
            "answer": "общение",
            "count": 1
        },
        {
            "answer": "активная работа",
            "count": 1
        },
        {
            "answer": "общение",
            "count": 1
        },
        {
            "answer": "командность",
            "count": 1
        },
        {
            "answer": "живое общение",
            "count": 1
        },
        {
            "answer": "коммуникация",
            "count": 1
        },
        {
            "answer": "личное общение",
            "count": 1
        },
        {
            "answer": "общение",
            "count": 1
        },
        {
            "answer": "общение",
            "count": 1
        }
    ]
}