{
    "id": 5846,
    "question": "На каком предприятии стоит провести следующую стратегическую сессию?",
    "answers": [
        {
            "answer": "аэм-технологии ижора/спецсталь",
            "count": 1
        },
        {
            "answer": "спецсталь",
            "count": 1
        },
        {
            "answer": "арако",
            "count": 1
        },
        {
            "answer": "верфь аэм",
            "count": 1
        },
        {
            "answer": "амт",
            "count": 1
        },
        {
            "answer": "аэм ижора",
            "count": 1
        },
        {
            "answer": "ижорский завод",
            "count": 1
        },
        {
            "answer": "арако",
            "count": 1
        },
        {
            "answer": "гидропресс",
            "count": 1
        },
        {
            "answer": "окбм",
            "count": 1
        },
        {
            "answer": "arako",
            "count": 1
        },
        {
            "answer": "пзм",
            "count": 1
        },
        {
            "answer": "разнообразие взлядов",
            "count": 1
        },
        {
            "answer": "ганз или академик ломоносов",
            "count": 1
        },
        {
            "answer": "сверднит",
            "count": 1
        },
        {
            "answer": "аэм пропульсия",
            "count": 1
        },
        {
            "answer": "арако",
            "count": 1
        },
        {
            "answer": "арако",
            "count": 1
        },
        {
            "answer": "зио-подольск",
            "count": 1
        },
        {
            "answer": "арако",
            "count": 1
        },
        {
            "answer": "сверднии",
            "count": 1
        },
        {
            "answer": "сниихм",
            "count": 1
        },
        {
            "answer": "ганз",
            "count": 1
        },
        {
            "answer": "пзм",
            "count": 1
        },
        {
            "answer": "сверднихиммаш",
            "count": 1
        },
        {
            "answer": "цкбм",
            "count": 1
        },
        {
            "answer": "ганз",
            "count": 1
        },
        {
            "answer": "окбм африкантов",
            "count": 1
        },
        {
            "answer": "цкбм",
            "count": 1
        },
        {
            "answer": "окбм",
            "count": 1
        },
        {
            "answer": "свердниихиммаш",
            "count": 1
        },
        {
            "answer": "спецсталь",
            "count": 1
        },
        {
            "answer": "ганз",
            "count": 1
        },
        {
            "answer": "пзм",
            "count": 1
        },
        {
            "answer": "филиал аэм в турции",
            "count": 1
        },
        {
            "answer": "филиал аэм в турции",
            "count": 1
        },
        {
            "answer": "не на аэмт",
            "count": 1
        },
        {
            "answer": "филиал в турции",
            "count": 1
        },
        {
            "answer": "клиент",
            "count": 1
        },
        {
            "answer": "зио подольск",
            "count": 1
        },
        {
            "answer": "арако",
            "count": 1
        },
        {
            "answer": "арако",
            "count": 1
        },
        {
            "answer": "арако",
            "count": 1
        }
    ]
}