{
    "id": 5877,
    "question": "Чем гордитесь за 2021 год?",
    "answers": [
        {
            "answer": "бизнес-клубы gp с отр.эксперта",
            "count": 1
        },
        {
            "answer": "пилот переговорного чемпионата",
            "count": 1
        },
        {
            "answer": "освоила новую позицию",
            "count": 1
        },
        {
            "answer": "переехала",
            "count": 1
        },
        {
            "answer": "закончила семестр",
            "count": 1
        },
        {
            "answer": "встреча с трегуловой",
            "count": 1
        },
        {
            "answer": "сессиями моя лучшая ошибка",
            "count": 1
        },
        {
            "answer": "командой",
            "count": 1
        },
        {
            "answer": "собой",
            "count": 1
        },
        {
            "answer": "нашей командой",
            "count": 1
        },
        {
            "answer": "бупр самый влиятельный блок",
            "count": 1
        },
        {
            "answer": "дочь пошла в первый класс",
            "count": 1
        },
        {
            "answer": "командой",
            "count": 1
        },
        {
            "answer": "устойчивостью своей психики",
            "count": 1
        },
        {
            "answer": "результатом",
            "count": 1
        },
        {
            "answer": "у меня появились новые друзья",
            "count": 1
        },
        {
            "answer": "проектами блока",
            "count": 1
        },
        {
            "answer": "обучение в крутом месте",
            "count": 1
        },
        {
            "answer": "work life balance",
            "count": 1
        },
        {
            "answer": "карьерный рост",
            "count": 1
        },
        {
            "answer": "внутренним балансом",
            "count": 1
        },
        {
            "answer": "выносливостью",
            "count": 1
        },
        {
            "answer": "организация мероприятия в 1 ра",
            "count": 1
        },
        {
            "answer": "сиала частью росатома",
            "count": 1
        },
        {
            "answer": "получила признание от клиентов",
            "count": 1
        },
        {
            "answer": "развитие",
            "count": 1
        },
        {
            "answer": "начала масштабный проект",
            "count": 1
        },
        {
            "answer": "личностный рост",
            "count": 1
        },
        {
            "answer": "друзья",
            "count": 1
        },
        {
            "answer": "пересмотр ценностей",
            "count": 1
        },
        {
            "answer": "художественными результатами",
            "count": 1
        },
        {
            "answer": "создала семью",
            "count": 1
        },
        {
            "answer": "работой в росатоме",
            "count": 1
        },
        {
            "answer": "все что запланировали сделали",
            "count": 1
        },
        {
            "answer": "победа на ws",
            "count": 1
        },
        {
            "answer": "сплочение команды",
            "count": 1
        },
        {
            "answer": "сын",
            "count": 1
        },
        {
            "answer": "работой над собой",
            "count": 1
        },
        {
            "answer": "смелостью",
            "count": 1
        },
        {
            "answer": "смена работы",
            "count": 1
        },
        {
            "answer": "учёба",
            "count": 1
        },
        {
            "answer": "собой",
            "count": 1
        },
        {
            "answer": "спасибо что живой)",
            "count": 1
        },
        {
            "answer": "своей командой",
            "count": 1
        },
        {
            "answer": "собой",
            "count": 1
        }
    ]
}