{
    "id": 5888,
    "question": "Что нужно сделать в первую очередь, чтобы моя вовлеченность выросла?",
    "answers": [
        {
            "answer": "командировки, работа в полях",
            "count": 1
        },
        {
            "answer": "признания благодарность от юб",
            "count": 1
        },
        {
            "answer": "лаборатория новых идей",
            "count": 1
        },
        {
            "answer": "работа в \"полях\", командировки",
            "count": 1
        },
        {
            "answer": "моя вовлечённость высокая",
            "count": 1
        },
        {
            "answer": "перестать быть напоминалкой",
            "count": 1
        },
        {
            "answer": "признание от руководителей",
            "count": 1
        },
        {
            "answer": "чувствовать что ты важен",
            "count": 1
        },
        {
            "answer": "осозн. отношение сотр-ка к ип",
            "count": 1
        },
        {
            "answer": "поддерживать переходы внутри а",
            "count": 1
        },
        {
            "answer": "ничего",
            "count": 1
        },
        {
            "answer": "обеспеч  возм-ть внешн обуч-я",
            "count": 1
        },
        {
            "answer": "больше делегировать задач",
            "count": 1
        },
        {
            "answer": "повыс.ответст.за общ.результат",
            "count": 1
        },
        {
            "answer": "повысить з/п",
            "count": 1
        },
        {
            "answer": "четко выстроить процессы",
            "count": 1
        },
        {
            "answer": "соблюдение сроков",
            "count": 1
        },
        {
            "answer": "выбор место распр ролей и отв",
            "count": 1
        },
        {
            "answer": "большая ответственности на мес",
            "count": 1
        },
        {
            "answer": "чаще встречаться и обсуждать",
            "count": 1
        },
        {
            "answer": "доход ка выше -- выше зп сотру",
            "count": 1
        },
        {
            "answer": "прокачка экспертизы с наставни",
            "count": 1
        },
        {
            "answer": "работа с ментором, наставником",
            "count": 1
        },
        {
            "answer": "возм-ть работы в другом городе",
            "count": 1
        },
        {
            "answer": "вернуть кофе машину",
            "count": 1
        },
        {
            "answer": "индексация зп как в отрасли",
            "count": 1
        },
        {
            "answer": "доступность внеш обучения",
            "count": 1
        },
        {
            "answer": "площадка инициатив: не дубл",
            "count": 1
        },
        {
            "answer": "сделать прозрачной финансовую",
            "count": 1
        }
    ]
}