{
    "id": 5909,
    "question": "Ваши открытия за время обучения на модуле.",
    "answers": [
        {
            "answer": "продолжить очное обучение",
            "count": 1
        },
        {
            "answer": "больше двух модулей в год",
            "count": 1
        },
        {
            "answer": "10 дней курса для закрепления",
            "count": 1
        },
        {
            "answer": "формирование групп приблизител",
            "count": 1
        },
        {
            "answer": "очное обучение",
            "count": 1
        },
        {
            "answer": "немного короче сессии",
            "count": 1
        },
        {
            "answer": "нет предложений",
            "count": 1
        },
        {
            "answer": "больге активностей",
            "count": 1
        },
        {
            "answer": "всё и так отлично",
            "count": 1
        },
        {
            "answer": "влиять на результат",
            "count": 1
        },
        {
            "answer": "всё",
            "count": 1
        },
        {
            "answer": "умение находить компромисс",
            "count": 1
        },
        {
            "answer": "5 шагов решения конфликтов",
            "count": 1
        },
        {
            "answer": "алгоритм возражений",
            "count": 1
        },
        {
            "answer": "конструкты",
            "count": 1
        },
        {
            "answer": "буду применять на практике",
            "count": 1
        },
        {
            "answer": "выявление конструктов коллег",
            "count": 1
        },
        {
            "answer": "конструкторы",
            "count": 1
        },
        {
            "answer": "влияние",
            "count": 1
        },
        {
            "answer": "все",
            "count": 1
        }
    ]
}