{
    "id": 5911,
    "question": "Что планируете применять из пройденного обучения в ближайшее время?",
    "answers": [
        {
            "answer": "техники влияния",
            "count": 1
        },
        {
            "answer": "полученные на практике навыки",
            "count": 1
        },
        {
            "answer": "планирую практиковать навыки",
            "count": 1
        },
        {
            "answer": "убеждения со своими коллегами",
            "count": 1
        },
        {
            "answer": "пока не планирую",
            "count": 1
        },
        {
            "answer": "классный тренинг!!!",
            "count": 1
        },
        {
            "answer": "навыки влияния",
            "count": 1
        },
        {
            "answer": "анализ результатов влияния",
            "count": 1
        },
        {
            "answer": "фиксация договорённостей",
            "count": 1
        },
        {
            "answer": "все очень полезное!",
            "count": 1
        },
        {
            "answer": "методики убеждения",
            "count": 1
        },
        {
            "answer": "написание писем",
            "count": 1
        },
        {
            "answer": "тактики общения",
            "count": 1
        },
        {
            "answer": "окно джохари",
            "count": 1
        },
        {
            "answer": "корпоративная валюта обмена",
            "count": 1
        },
        {
            "answer": "все имеет применение на практи",
            "count": 1
        },
        {
            "answer": "колесо влияния, тактики по бар",
            "count": 1
        },
        {
            "answer": "окно джохари, техники влияния.",
            "count": 1
        },
        {
            "answer": "всё",
            "count": 1
        },
        {
            "answer": "донесение свое идеи до коллег",
            "count": 1
        }
    ]
}