{
    "id": 5975,
    "question": "На какой машине вы приехали? (марка)",
    "answers": [
        {
            "answer": "уаз",
            "count": 1
        },
        {
            "answer": "велосипед",
            "count": 1
        },
        {
            "answer": "айрбас",
            "count": 1
        },
        {
            "answer": "метро",
            "count": 1
        },
        {
            "answer": "метро",
            "count": 1
        },
        {
            "answer": "тверской вагоностроительный",
            "count": 1
        },
        {
            "answer": "метро",
            "count": 1
        },
        {
            "answer": "ниссан",
            "count": 1
        },
        {
            "answer": "на метро",
            "count": 1
        },
        {
            "answer": "mercedes",
            "count": 1
        },
        {
            "answer": "метро",
            "count": 1
        },
        {
            "answer": "шкода",
            "count": 1
        },
        {
            "answer": "ауди",
            "count": 1
        },
        {
            "answer": "метро",
            "count": 1
        },
        {
            "answer": "метро",
            "count": 1
        },
        {
            "answer": "тайота",
            "count": 1
        },
        {
            "answer": "бмв",
            "count": 1
        },
        {
            "answer": "московский метрополитен",
            "count": 1
        },
        {
            "answer": "метро",
            "count": 1
        },
        {
            "answer": "мерседесс",
            "count": 1
        },
        {
            "answer": "московское метро:)",
            "count": 1
        },
        {
            "answer": "такси",
            "count": 1
        },
        {
            "answer": "метро",
            "count": 1
        },
        {
            "answer": "мосметро",
            "count": 1
        },
        {
            "answer": "ауди",
            "count": 1
        },
        {
            "answer": "деньги",
            "count": 1
        },
        {
            "answer": "bmw, но будет и лада ларгус",
            "count": 1
        },
        {
            "answer": "таурег",
            "count": 1
        },
        {
            "answer": "ford",
            "count": 1
        }
    ]
}