{
    "id": 6144,
    "question": "Что планируете применять из пройденного обучения в ближайшее время?",
    "answers": [
        {
            "answer": "методы руководства",
            "count": 1
        },
        {
            "answer": "диагностику",
            "count": 1
        },
        {
            "answer": "практиковать знания",
            "count": 1
        },
        {
            "answer": "диагностика, выбор стиля",
            "count": 1
        },
        {
            "answer": "обходить и общаться",
            "count": 1
        },
        {
            "answer": "полученные знания",
            "count": 1
        },
        {
            "answer": "полученные знания",
            "count": 1
        },
        {
            "answer": "подход, внедрение стиля рукова",
            "count": 1
        },
        {
            "answer": "ещё раз протестирую себя",
            "count": 1
        },
        {
            "answer": "стили руководства",
            "count": 1
        },
        {
            "answer": "разные стили руководства",
            "count": 1
        },
        {
            "answer": "диагностика",
            "count": 1
        },
        {
            "answer": "гибкость",
            "count": 1
        },
        {
            "answer": "диалог",
            "count": 1
        },
        {
            "answer": "диагностику руководства",
            "count": 1
        },
        {
            "answer": "диагностирование",
            "count": 1
        },
        {
            "answer": "налаживать регулярное общение",
            "count": 1
        },
        {
            "answer": "диагностику",
            "count": 1
        },
        {
            "answer": "периодическое общение с подчин",
            "count": 1
        },
        {
            "answer": "обратная связь",
            "count": 1
        },
        {
            "answer": "все",
            "count": 1
        },
        {
            "answer": "все",
            "count": 1
        },
        {
            "answer": "менять стили управления",
            "count": 1
        },
        {
            "answer": "гибкость в стилях руководства",
            "count": 1
        }
    ]
}