{
    "id": 6145,
    "question": "Ваши открытия за время обучения на модуле",
    "answers": [
        {
            "answer": "принципы руководства",
            "count": 1
        },
        {
            "answer": "-",
            "count": 1
        },
        {
            "answer": "ситуационное рук-во работает",
            "count": 1
        },
        {
            "answer": "что можно так просто менять си",
            "count": 1
        },
        {
            "answer": "важность коммуникации",
            "count": 1
        },
        {
            "answer": "прекрасная практика",
            "count": 1
        },
        {
            "answer": "есть к чему стремиться",
            "count": 1
        },
        {
            "answer": "осознание своего стиля руковод",
            "count": 1
        },
        {
            "answer": "тест, навыки",
            "count": 1
        },
        {
            "answer": "все хотят обучаться",
            "count": 1
        },
        {
            "answer": "река это поток)))",
            "count": 1
        },
        {
            "answer": "можно всех понять",
            "count": 1
        },
        {
            "answer": "методы влияния на подч.",
            "count": 1
        },
        {
            "answer": "обмана связь обязательна",
            "count": 1
        },
        {
            "answer": "хорошая методика",
            "count": 1
        },
        {
            "answer": "гибкость стилей руководства",
            "count": 1
        },
        {
            "answer": "начал применять на работе",
            "count": 1
        },
        {
            "answer": "-",
            "count": 1
        },
        {
            "answer": "не гибок",
            "count": 1
        },
        {
            "answer": "-",
            "count": 1
        }
    ]
}