{
    "id": 6146,
    "question": "Что поможет сделать программу более полезной для вас?",
    "answers": [
        {
            "answer": "полезная программа",
            "count": 1
        },
        {
            "answer": "-",
            "count": 1
        },
        {
            "answer": "больше тренировок, кейсов, игр",
            "count": 1
        },
        {
            "answer": "все устраивает",
            "count": 1
        },
        {
            "answer": "больше примеров",
            "count": 1
        },
        {
            "answer": "программа идеальная",
            "count": 1
        },
        {
            "answer": "отличный трейнер",
            "count": 1
        },
        {
            "answer": "выберу очное",
            "count": 1
        },
        {
            "answer": "программа оптимальна",
            "count": 1
        },
        {
            "answer": "все достаточно об’емно",
            "count": 1
        },
        {
            "answer": "-",
            "count": 1
        },
        {
            "answer": "кейсы новые из опыта предпр гк",
            "count": 1
        },
        {
            "answer": "практические игры",
            "count": 1
        },
        {
            "answer": "все отлично",
            "count": 1
        },
        {
            "answer": "все хорошо",
            "count": 1
        },
        {
            "answer": "очные семинары",
            "count": 1
        },
        {
            "answer": "все хорошо, понравилось",
            "count": 1
        },
        {
            "answer": "тренинги",
            "count": 1
        },
        {
            "answer": "достаточно",
            "count": 1
        },
        {
            "answer": "все и так отл",
            "count": 1
        },
        {
            "answer": "интерактивные игры",
            "count": 1
        }
    ]
}