{
    "id": 6211,
    "question": "Что планируете применять из пройденного обучения в ближайшее время?",
    "answers": [
        {
            "answer": "disc",
            "count": 1
        },
        {
            "answer": "разборка коллег по моделям",
            "count": 1
        },
        {
            "answer": "выдача задач по моделям",
            "count": 1
        },
        {
            "answer": "чаще давать обратную связь",
            "count": 1
        },
        {
            "answer": "эмпатия-обязательно пробовать",
            "count": 1
        },
        {
            "answer": "как бороться с эмоциями",
            "count": 1
        },
        {
            "answer": "повысить лидерские качества",
            "count": 1
        },
        {
            "answer": "код по адизесу",
            "count": 1
        },
        {
            "answer": "типы личностей",
            "count": 1
        },
        {
            "answer": "стратегия влияния",
            "count": 1
        },
        {
            "answer": "понимание себя и других",
            "count": 1
        },
        {
            "answer": "disc",
            "count": 1
        },
        {
            "answer": "управление эмоциями",
            "count": 1
        },
        {
            "answer": "подход к коллегам и близким с",
            "count": 1
        },
        {
            "answer": "анализ эмоций",
            "count": 1
        },
        {
            "answer": "позитивная обратная связь",
            "count": 1
        },
        {
            "answer": "типология disc",
            "count": 1
        },
        {
            "answer": "управление чужими эмоциями",
            "count": 1
        },
        {
            "answer": "обратную связь",
            "count": 1
        },
        {
            "answer": "disc",
            "count": 1
        },
        {
            "answer": "paei",
            "count": 1
        }
    ]
}