{
    "id": 6244,
    "question": "Назовите 10 признаков идеальной московской школы",
    "answers": [
        {
            "answer": "использование ресурсов города",
            "count": 1
        },
        {
            "answer": "использование эл.ресурсов",
            "count": 1
        },
        {
            "answer": "внедрение проектов, конкурсов",
            "count": 1
        },
        {
            "answer": "высокая тех.оснащенность",
            "count": 1
        },
        {
            "answer": "доступность для детей с овз",
            "count": 1
        },
        {
            "answer": "доп.обр. и проф. обучение",
            "count": 1
        },
        {
            "answer": "хорошая подготовка кадров",
            "count": 1
        },
        {
            "answer": "стремление к новому",
            "count": 1
        },
        {
            "answer": "современная",
            "count": 1
        },
        {
            "answer": "получение проф. навыков",
            "count": 1
        },
        {
            "answer": "адаптация обучения",
            "count": 1
        },
        {
            "answer": "развитие soft skills",
            "count": 1
        },
        {
            "answer": "проектная деятельность",
            "count": 1
        },
        {
            "answer": "гибридное обучение",
            "count": 1
        },
        {
            "answer": "ученик сам выбирает предметы",
            "count": 1
        },
        {
            "answer": "творчество",
            "count": 1
        },
        {
            "answer": "развитие любопытства",
            "count": 1
        },
        {
            "answer": "развитие личности",
            "count": 1
        },
        {
            "answer": "охрана здан., подготовл.сотруд",
            "count": 1
        },
        {
            "answer": "наличие психолог. помощи детям",
            "count": 1
        },
        {
            "answer": "вкусная и полезная еда в буфет",
            "count": 1
        },
        {
            "answer": "эстетичный и безопасный ремонт",
            "count": 1
        },
        {
            "answer": "оснащ-ть новейшими технологиям",
            "count": 1
        },
        {
            "answer": "квалифицированные педагоги",
            "count": 1
        },
        {
            "answer": "участие школы в гор. мероприят",
            "count": 1
        },
        {
            "answer": "наличие предпроф. классов",
            "count": 1
        },
        {
            "answer": "предоставл. выбора шк. програм",
            "count": 1
        },
        {
            "answer": "внеурочные мероприятия и кружк",
            "count": 1
        },
        {
            "answer": "технологии",
            "count": 1
        },
        {
            "answer": "хороший педагогический состав",
            "count": 1
        },
        {
            "answer": "использование ресурсов города",
            "count": 1
        },
        {
            "answer": "разностороннее развитие",
            "count": 1
        },
        {
            "answer": "психологическая поддержка",
            "count": 1
        },
        {
            "answer": "высокий процент поступивших",
            "count": 1
        },
        {
            "answer": "мэш",
            "count": 1
        },
        {
            "answer": "цетрализованность",
            "count": 1
        },
        {
            "answer": "инклюзия",
            "count": 1
        },
        {
            "answer": "инфраструктура",
            "count": 1
        },
        {
            "answer": "инклюзивность",
            "count": 1
        },
        {
            "answer": "качество образования",
            "count": 1
        },
        {
            "answer": "разнообразие учебных программ",
            "count": 1
        },
        {
            "answer": "хорошая психологичес атмосфера",
            "count": 1
        },
        {
            "answer": "инновационная",
            "count": 1
        },
        {
            "answer": "современная",
            "count": 1
        },
        {
            "answer": "благоустроенная",
            "count": 1
        },
        {
            "answer": "компетентные учителя",
            "count": 1
        },
        {
            "answer": "равные деньги за каждого ребен",
            "count": 1
        },
        {
            "answer": "качество образования",
            "count": 1
        },
        {
            "answer": "рейтинг",
            "count": 1
        }
    ]
}