{
    "id": 6331,
    "question": "Что планируете применять из пройденного обучения в ближайшее время?",
    "answers": [
        {
            "answer": "стратегию влияния",
            "count": 1
        },
        {
            "answer": "типологию адизеса",
            "count": 1
        },
        {
            "answer": "развитие положительных качеств",
            "count": 1
        },
        {
            "answer": "стратегии влияния.",
            "count": 1
        },
        {
            "answer": "оченку лидерства",
            "count": 1
        },
        {
            "answer": "развивать лидерские качества",
            "count": 1
        },
        {
            "answer": "методы влияния.",
            "count": 1
        },
        {
            "answer": "стуктурный подход к убеждению",
            "count": 1
        },
        {
            "answer": "главенство идеи над продукцией",
            "count": 1
        },
        {
            "answer": "типология, методики влияния",
            "count": 1
        },
        {
            "answer": "методы влияния",
            "count": 1
        },
        {
            "answer": "типология лидерства по и. адиз",
            "count": 1
        },
        {
            "answer": "концепция золотого круга",
            "count": 1
        },
        {
            "answer": "анализ типов сотрудников",
            "count": 1
        },
        {
            "answer": "методы убеждения",
            "count": 1
        },
        {
            "answer": "руководитель и лидер по адизес",
            "count": 1
        },
        {
            "answer": "типология адизиса",
            "count": 1
        },
        {
            "answer": "стратегии влияния",
            "count": 1
        },
        {
            "answer": "концепция золотого круга. заче",
            "count": 1
        },
        {
            "answer": "не могу сейчас ответить",
            "count": 1
        },
        {
            "answer": "навык убеждения",
            "count": 1
        },
        {
            "answer": "активное слушание",
            "count": 1
        },
        {
            "answer": "тип лидерства по адизесу",
            "count": 1
        },
        {
            "answer": "навык убеждения",
            "count": 1
        }
    ]
}