{
    "id": 6332,
    "question": "Ваши открытия за время обучения на модуле",
    "answers": [
        {
            "answer": "типология адизеса",
            "count": 1
        },
        {
            "answer": "стратегии влияния",
            "count": 1
        },
        {
            "answer": "вариативность лидерства",
            "count": 1
        },
        {
            "answer": "подбор лидера для задачи",
            "count": 1
        },
        {
            "answer": "презентация изменений",
            "count": 1
        },
        {
            "answer": "помогает как стоить вертикаль",
            "count": 1
        },
        {
            "answer": "\"чёрный лебедь\", адизес",
            "count": 1
        },
        {
            "answer": "руководство часто влияет через",
            "count": 1
        },
        {
            "answer": "навык принуждения, а нужно",
            "count": 1
        },
        {
            "answer": "через навык убеждения",
            "count": 1
        },
        {
            "answer": "все качества можно развивать,",
            "count": 1
        },
        {
            "answer": "информация была новой",
            "count": 1
        },
        {
            "answer": "лидерство-это труд)",
            "count": 1
        },
        {
            "answer": "bani мир",
            "count": 1
        },
        {
            "answer": "разбор себя по адизесу",
            "count": 1
        },
        {
            "answer": "определение своего типа лидерс",
            "count": 1
        },
        {
            "answer": "руководитель и лидер по адизес",
            "count": 1
        },
        {
            "answer": "способы воздействия",
            "count": 1
        },
        {
            "answer": "типы лидерства по адизесу",
            "count": 1
        },
        {
            "answer": "как много я не знал :)",
            "count": 1
        },
        {
            "answer": "метод адизиса",
            "count": 1
        }
    ]
}