{
    "id": 6341,
    "question": "Что планируете применять из пройденного обучения в ближайшее время?",
    "answers": [
        {
            "answer": "Типы личности,борьба со стресо",
            "count": 1
        },
        {
            "answer": "Типы личности, DICS",
            "count": 1
        },
        {
            "answer": "взаимод. по модели disc",
            "count": 1
        },
        {
            "answer": "эмоциональный интеллект",
            "count": 1
        },
        {
            "answer": "тренировать эмпатию",
            "count": 1
        },
        {
            "answer": "оценку по disc",
            "count": 1
        },
        {
            "answer": "алгоритм определения профиля",
            "count": 1
        },
        {
            "answer": "постановку задачи",
            "count": 1
        },
        {
            "answer": "модель эи",
            "count": 1
        },
        {
            "answer": "типологию disk",
            "count": 1
        },
        {
            "answer": "работу со стрессом",
            "count": 1
        },
        {
            "answer": "эмоциональный интеллект",
            "count": 1
        },
        {
            "answer": "хвалить коллег",
            "count": 1
        },
        {
            "answer": "все",
            "count": 1
        },
        {
            "answer": "взаимодействие на основе disc",
            "count": 1
        },
        {
            "answer": "анализ эмоций",
            "count": 1
        },
        {
            "answer": "способы соморегуляции",
            "count": 1
        },
        {
            "answer": "метод disc",
            "count": 1
        },
        {
            "answer": "disc",
            "count": 1
        },
        {
            "answer": "disc и все вытекающее",
            "count": 1
        },
        {
            "answer": "disc",
            "count": 1
        },
        {
            "answer": "управление эмоциями",
            "count": 1
        },
        {
            "answer": "управление стрессом, диск типо",
            "count": 1
        },
        {
            "answer": "disc",
            "count": 1
        },
        {
            "answer": "диск",
            "count": 1
        },
        {
            "answer": "все))",
            "count": 1
        },
        {
            "answer": "все",
            "count": 1
        },
        {
            "answer": "методы воздействия",
            "count": 1
        },
        {
            "answer": "модели анализа коллег",
            "count": 1
        },
        {
            "answer": "disc",
            "count": 1
        }
    ]
}