{
    "id": 6342,
    "question": "Ваши открытия за время обучения на модуле",
    "answers": [
        {
            "answer": "алгоритм определения профиля",
            "count": 1
        },
        {
            "answer": "постановку задачи",
            "count": 1
        },
        {
            "answer": "модель эи",
            "count": 1
        },
        {
            "answer": "типологию disk",
            "count": 1
        },
        {
            "answer": "работу со стрессом",
            "count": 1
        },
        {
            "answer": "эмоциональный интеллект",
            "count": 1
        },
        {
            "answer": "хвалить коллег",
            "count": 1
        },
        {
            "answer": "все",
            "count": 1
        },
        {
            "answer": "взаимодействие на основе disc",
            "count": 1
        },
        {
            "answer": "анализ эмоций",
            "count": 1
        },
        {
            "answer": "способы соморегуляции",
            "count": 1
        },
        {
            "answer": "метод disc",
            "count": 1
        },
        {
            "answer": "disc",
            "count": 1
        },
        {
            "answer": "disc и все вытекающее",
            "count": 1
        },
        {
            "answer": "disc",
            "count": 1
        },
        {
            "answer": "управление эмоциями",
            "count": 1
        },
        {
            "answer": "диск типо",
            "count": 1
        },
        {
            "answer": "disc",
            "count": 1
        },
        {
            "answer": "диск",
            "count": 1
        },
        {
            "answer": "все))",
            "count": 1
        }
    ]
}