{
    "id": 6343,
    "question": "Что поможет сделать программу более полезной для вас?",
    "answers": [
        {
            "answer": "очная работа",
            "count": 1
        },
        {
            "answer": "очная работа",
            "count": 1
        },
        {
            "answer": "очный формат обучения",
            "count": 1
        },
        {
            "answer": "преодоление напряжения",
            "count": 1
        },
        {
            "answer": "очное участие",
            "count": 1
        },
        {
            "answer": "программа достойная",
            "count": 1
        },
        {
            "answer": "программа отличная!",
            "count": 1
        },
        {
            "answer": "очный формат",
            "count": 1
        },
        {
            "answer": "очный формат",
            "count": 1
        },
        {
            "answer": "некий рейтинг во время обучени",
            "count": 1
        },
        {
            "answer": "больше примеров из реальной пр",
            "count": 1
        },
        {
            "answer": "из реальной практики",
            "count": 1
        },
        {
            "answer": "все понятно",
            "count": 1
        },
        {
            "answer": "всё и так хорошо",
            "count": 1
        },
        {
            "answer": "очное обучение",
            "count": 1
        },
        {
            "answer": "все замечательно",
            "count": 1
        },
        {
            "answer": "больше практики",
            "count": 1
        },
        {
            "answer": "ничего. все отлично",
            "count": 1
        },
        {
            "answer": "все хорошо",
            "count": 1
        },
        {
            "answer": "офлайн формат",
            "count": 1
        },
        {
            "answer": "практика",
            "count": 1
        }
    ]
}