{
    "id": 6350,
    "question": "Что планируете применять из пройденного обучения в ближайшее время?",
    "answers": [
        {
            "answer": "инструменты влияния",
            "count": 1
        },
        {
            "answer": "золотой круг.",
            "count": 1
        },
        {
            "answer": "золотой круг, типы лидеров",
            "count": 1
        },
        {
            "answer": "проработать механизмы влияния",
            "count": 1
        },
        {
            "answer": "стратегии влияния",
            "count": 1
        },
        {
            "answer": "типизация работников по адизис",
            "count": 1
        },
        {
            "answer": "порядок презентации изменений",
            "count": 1
        },
        {
            "answer": "адизис",
            "count": 1
        },
        {
            "answer": "убеждение",
            "count": 1
        },
        {
            "answer": "вдохновление",
            "count": 1
        },
        {
            "answer": "идентификацию работников paei",
            "count": 1
        },
        {
            "answer": "взаимодействие типов лидеров",
            "count": 1
        },
        {
            "answer": "способы убеждения",
            "count": 1
        },
        {
            "answer": "влохноволяющее лидерство",
            "count": 1
        },
        {
            "answer": "основные стратегии влияния",
            "count": 1
        },
        {
            "answer": "адизес, globe, why/how/what",
            "count": 1
        },
        {
            "answer": "модель бартрама",
            "count": 1
        },
        {
            "answer": "типы лидеров по адизису",
            "count": 1
        },
        {
            "answer": "рефлексия инструментов",
            "count": 1
        },
        {
            "answer": "типы лидеров",
            "count": 1
        },
        {
            "answer": "стратегии влияния",
            "count": 1
        },
        {
            "answer": "кольцо",
            "count": 1
        },
        {
            "answer": "анализ качеств",
            "count": 1
        },
        {
            "answer": "знания по мотивации",
            "count": 1
        },
        {
            "answer": "бартрам",
            "count": 1
        },
        {
            "answer": "работать над собой. применять",
            "count": 1
        }
    ]
}