{
    "id": 6353,
    "question": "Какие средства ИКТ применяет школьник?",
    "answers": [
        {
            "answer": "why/how/what",
            "count": 1
        },
        {
            "answer": "как оказывать влияние",
            "count": 1
        },
        {
            "answer": "вога",
            "count": 1
        },
        {
            "answer": "инструменты",
            "count": 1
        },
        {
            "answer": "модели формы",
            "count": 1
        },
        {
            "answer": "и.адизес",
            "count": 1
        },
        {
            "answer": "-",
            "count": 1
        },
        {
            "answer": "классные люди",
            "count": 1
        },
        {
            "answer": "отечественные примеры",
            "count": 1
        },
        {
            "answer": "практические задания.",
            "count": 1
        },
        {
            "answer": "больше практических занятий",
            "count": 1
        },
        {
            "answer": "практика выступлений",
            "count": 1
        },
        {
            "answer": "все материалы этого обучения",
            "count": 1
        },
        {
            "answer": "точечные примеры из отрасли",
            "count": 1
        },
        {
            "answer": "актуальные примеры",
            "count": 1
        },
        {
            "answer": "более высокая специализация",
            "count": 1
        },
        {
            "answer": "копия презентации",
            "count": 1
        },
        {
            "answer": "всё отлично!",
            "count": 1
        },
        {
            "answer": "больше обучающих задачь технич",
            "count": 1
        },
        {
            "answer": "больше дополнительных матеалов",
            "count": 1
        },
        {
            "answer": "меньше теории больше практики",
            "count": 1
        },
        {
            "answer": "отношение внутри дивизиона",
            "count": 1
        },
        {
            "answer": "побольше практики",
            "count": 1
        },
        {
            "answer": "затрудняюсь ответить",
            "count": 1
        },
        {
            "answer": "реальные примеры",
            "count": 1
        },
        {
            "answer": "предложений нет",
            "count": 1
        },
        {
            "answer": "все отлично",
            "count": 1
        },
        {
            "answer": "Телефон",
            "count": 1
        }
    ]
}