{
    "id": 6354,
    "question": "Из чего состоит цифровая грамотность школьника?",
    "answers": [
        {
            "answer": "обрабатывать",
            "count": 1
        },
        {
            "answer": "анализ информации сети",
            "count": 1
        },
        {
            "answer": "находить",
            "count": 1
        },
        {
            "answer": "находить",
            "count": 1
        },
        {
            "answer": "находить цифр информацию",
            "count": 1
        },
        {
            "answer": "ум-е находить",
            "count": 1
        },
        {
            "answer": "умение искать информацию",
            "count": 1
        },
        {
            "answer": "умение находить ответы в сети",
            "count": 1
        },
        {
            "answer": "умение находить ответы с помощ",
            "count": 1
        },
        {
            "answer": "передавать",
            "count": 1
        },
        {
            "answer": "передавать",
            "count": 1
        },
        {
            "answer": "передавать",
            "count": 1
        },
        {
            "answer": "ум-е передавать",
            "count": 1
        },
        {
            "answer": "использовать",
            "count": 1
        },
        {
            "answer": "оценивать",
            "count": 1
        },
        {
            "answer": "оценивать",
            "count": 1
        },
        {
            "answer": "изучение программ",
            "count": 1
        },
        {
            "answer": "ресурсы рекомендованные",
            "count": 1
        },
        {
            "answer": "создание презентаций",
            "count": 1
        },
        {
            "answer": "выбирать информ",
            "count": 1
        }
    ]
}