{
    "id": 6361,
    "question": "Что планируете применять из пройденного обучения в ближайшее время?",
    "answers": [
        {
            "answer": "попробовать",
            "count": 1
        },
        {
            "answer": "донести это своим детям",
            "count": 1
        },
        {
            "answer": "орг-ть встречу кол-ва с дир-ом",
            "count": 1
        },
        {
            "answer": "сформ-ть план корп.мероп-й",
            "count": 1
        },
        {
            "answer": "оцифровка коллег :)",
            "count": 1
        },
        {
            "answer": "попробую оценить работников",
            "count": 1
        },
        {
            "answer": "распределю задачи с учётом оце",
            "count": 1
        },
        {
            "answer": "disc",
            "count": 1
        },
        {
            "answer": "модель disc",
            "count": 1
        },
        {
            "answer": "управление эмоциями",
            "count": 1
        },
        {
            "answer": "развивать эи",
            "count": 1
        },
        {
            "answer": "разбирать людей по диск",
            "count": 1
        },
        {
            "answer": "оценить подчиненных",
            "count": 1
        },
        {
            "answer": "поведенческие модели",
            "count": 1
        },
        {
            "answer": "систему disc",
            "count": 1
        },
        {
            "answer": "работу с эмоциями в коллективе",
            "count": 1
        },
        {
            "answer": "типизацию",
            "count": 1
        },
        {
            "answer": "буду учиться эмпатии",
            "count": 1
        },
        {
            "answer": "дифференцирование по disc",
            "count": 1
        },
        {
            "answer": "рекомендации по профилактике",
            "count": 1
        },
        {
            "answer": "эи",
            "count": 1
        },
        {
            "answer": "disk",
            "count": 1
        }
    ]
}