{
    "id": 6474,
    "question": "Охарактеризуйте мир сегодня одним словом",
    "answers": [
        {
            "answer": "выздоравливающтй",
            "count": 1
        },
        {
            "answer": "новый",
            "count": 1
        },
        {
            "answer": "заражённый",
            "count": 1
        },
        {
            "answer": "испорченный",
            "count": 1
        },
        {
            "answer": "интересный",
            "count": 1
        },
        {
            "answer": "безумный",
            "count": 1
        },
        {
            "answer": "непонятный",
            "count": 1
        },
        {
            "answer": "интересный",
            "count": 1
        },
        {
            "answer": "заправду",
            "count": 1
        },
        {
            "answer": "светлый",
            "count": 1
        },
        {
            "answer": "сильнаяроссия",
            "count": 1
        },
        {
            "answer": "безграниц",
            "count": 1
        },
        {
            "answer": "мирноенебо",
            "count": 1
        },
        {
            "answer": "человечный",
            "count": 1
        },
        {
            "answer": "интеллектуальный",
            "count": 1
        },
        {
            "answer": "креативный",
            "count": 1
        },
        {
            "answer": "коммуникативный",
            "count": 1
        },
        {
            "answer": "#переустройствомира",
            "count": 1
        },
        {
            "answer": "#переделвлияния",
            "count": 1
        },
        {
            "answer": "бардак",
            "count": 1
        },
        {
            "answer": "ложь",
            "count": 1
        },
        {
            "answer": "предательство",
            "count": 1
        },
        {
            "answer": "продажность",
            "count": 1
        },
        {
            "answer": "сплоченность",
            "count": 1
        },
        {
            "answer": "стремительный",
            "count": 1
        },
        {
            "answer": "меняющийся",
            "count": 1
        },
        {
            "answer": "креативный",
            "count": 1
        },
        {
            "answer": "сво россия новое прорыв",
            "count": 1
        },
        {
            "answer": "хаос",
            "count": 1
        },
        {
            "answer": "интенсив",
            "count": 1
        },
        {
            "answer": "глупость",
            "count": 1
        },
        {
            "answer": "безбашность",
            "count": 1
        },
        {
            "answer": "меняющийся",
            "count": 1
        },
        {
            "answer": "новый",
            "count": 1
        },
        {
            "answer": "открытый",
            "count": 1
        },
        {
            "answer": "итреснулмирнапополам",
            "count": 1
        },
        {
            "answer": "непрежниймир",
            "count": 1
        },
        {
            "answer": "мирумир",
            "count": 1
        },
        {
            "answer": "zaмир",
            "count": 1
        },
        {
            "answer": "вектор",
            "count": 1
        },
        {
            "answer": "движение",
            "count": 1
        },
        {
            "answer": "коллаборация",
            "count": 1
        },
        {
            "answer": "которогонет",
            "count": 1
        },
        {
            "answer": "которогонет",
            "count": 1
        },
        {
            "answer": "турбулетность",
            "count": 1
        },
        {
            "answer": "новый",
            "count": 1
        },
        {
            "answer": "возможный",
            "count": 1
        },
        {
            "answer": "неожиданный",
            "count": 1
        },
        {
            "answer": "прекрасный",
            "count": 1
        },
        {
            "answer": "нестабильный",
            "count": 1
        },
        {
            "answer": "не мир",
            "count": 1
        },
        {
            "answer": "занавес",
            "count": 1
        },
        {
            "answer": "изменения",
            "count": 1
        },
        {
            "answer": "быстрый",
            "count": 1
        },
        {
            "answer": "новый",
            "count": 1
        },
        {
            "answer": "смелый",
            "count": 1
        },
        {
            "answer": "ограничение  хаос",
            "count": 1
        },
        {
            "answer": "взаимопроникающий",
            "count": 1
        },
        {
            "answer": "трендовый",
            "count": 1
        },
        {
            "answer": "развивающийся",
            "count": 1
        },
        {
            "answer": "трансформация",
            "count": 1
        },
        {
            "answer": "мирный",
            "count": 1
        },
        {
            "answer": "контактный",
            "count": 1
        },
        {
            "answer": "изменяющий",
            "count": 1
        },
        {
            "answer": "непредсказуемый",
            "count": 1
        },
        {
            "answer": "непредсказуемый, интересный",
            "count": 1
        },
        {
            "answer": "переломное",
            "count": 1
        },
        {
            "answer": "ломающее",
            "count": 1
        },
        {
            "answer": "шокирующее",
            "count": 1
        },
        {
            "answer": "новое",
            "count": 1
        },
        {
            "answer": "шокирующее",
            "count": 1
        },
        {
            "answer": "неопределенность",
            "count": 1
        },
        {
            "answer": "трансформация",
            "count": 1
        },
        {
            "answer": "фаталити",
            "count": 1
        },
        {
            "answer": "прорыв",
            "count": 1
        },
        {
            "answer": "шанс",
            "count": 1
        },
        {
            "answer": "возможность",
            "count": 1
        },
        {
            "answer": "вместе мы сила",
            "count": 1
        },
        {
            "answer": "возможный",
            "count": 1
        },
        {
            "answer": "открытый",
            "count": 1
        },
        {
            "answer": "стремительный",
            "count": 1
        },
        {
            "answer": "опасный",
            "count": 1
        },
        {
            "answer": "нестабильный",
            "count": 1
        },
        {
            "answer": "трансформация",
            "count": 1
        },
        {
            "answer": "контрастный",
            "count": 1
        },
        {
            "answer": "эклектичный",
            "count": 1
        },
        {
            "answer": "#дерзкий #опасный #патриотичн",
            "count": 1
        },
        {
            "answer": "изменяемый",
            "count": 1
        },
        {
            "answer": "опасный",
            "count": 1
        },
        {
            "answer": "забавный",
            "count": 1
        },
        {
            "answer": "удивительный",
            "count": 1
        },
        {
            "answer": "непредсказуемый",
            "count": 1
        },
        {
            "answer": "напряжение!",
            "count": 1
        },
        {
            "answer": "лицемерие",
            "count": 1
        },
        {
            "answer": "единая россия!!! 🇷🇺",
            "count": 1
        },
        {
            "answer": "мир родина",
            "count": 1
        },
        {
            "answer": "стремительный",
            "count": 1
        },
        {
            "answer": "быстрый",
            "count": 1
        },
        {
            "answer": "неоднозначный",
            "count": 1
        },
        {
            "answer": "разнонаправленный",
            "count": 1
        },
        {
            "answer": "трансформация",
            "count": 1
        },
        {
            "answer": "информацмя",
            "count": 1
        },
        {
            "answer": "нехватка сна",
            "count": 1
        },
        {
            "answer": "тревожность",
            "count": 1
        },
        {
            "answer": "вызовы",
            "count": 1
        },
        {
            "answer": "отсутствие границ",
            "count": 1
        },
        {
            "answer": "возможности",
            "count": 1
        },
        {
            "answer": "новые вселенные",
            "count": 1
        },
        {
            "answer": "хрупкий",
            "count": 1
        },
        {
            "answer": "цифровизация",
            "count": 1
        },
        {
            "answer": "гордость",
            "count": 1
        },
        {
            "answer": "уверенность",
            "count": 1
        },
        {
            "answer": "патриотизм",
            "count": 1
        },
        {
            "answer": "весна",
            "count": 1
        },
        {
            "answer": "тепло",
            "count": 1
        },
        {
            "answer": "нестабильный",
            "count": 1
        },
        {
            "answer": "здоровье",
            "count": 1
        },
        {
            "answer": "патриотизм",
            "count": 1
        },
        {
            "answer": "единение",
            "count": 1
        },
        {
            "answer": "русский",
            "count": 1
        },
        {
            "answer": "апокалипсис",
            "count": 1
        },
        {
            "answer": "хаос",
            "count": 1
        },
        {
            "answer": "винегрет",
            "count": 1
        },
        {
            "answer": "время возможностей",
            "count": 1
        },
        {
            "answer": "перемены",
            "count": 1
        },
        {
            "answer": "кризис",
            "count": 1
        },
        {
            "answer": "быстроменяющийся",
            "count": 1
        },
        {
            "answer": "технологичный",
            "count": 1
        },
        {
            "answer": "сумасбродный",
            "count": 1
        },
        {
            "answer": "бегущий",
            "count": 1
        },
        {
            "answer": "небезопасный",
            "count": 1
        },
        {
            "answer": "быстроменяющийся",
            "count": 1
        },
        {
            "answer": "нестабильный",
            "count": 1
        },
        {
            "answer": "цифровой",
            "count": 1
        },
        {
            "answer": "сильная россия",
            "count": 1
        },
        {
            "answer": "противостояние. прогресс",
            "count": 1
        },
        {
            "answer": "быстрый",
            "count": 1
        },
        {
            "answer": "злой",
            "count": 1
        },
        {
            "answer": "информационный",
            "count": 1
        },
        {
            "answer": "субъективный",
            "count": 1
        },
        {
            "answer": "финансовый",
            "count": 1
        },
        {
            "answer": "перспективный",
            "count": 1
        },
        {
            "answer": "открытый",
            "count": 1
        },
        {
            "answer": "возможность",
            "count": 1
        },
        {
            "answer": "глобальный",
            "count": 1
        },
        {
            "answer": "опасный",
            "count": 1
        },
        {
            "answer": "удивительный",
            "count": 1
        },
        {
            "answer": "тревожный",
            "count": 1
        },
        {
            "answer": "русский",
            "count": 1
        },
        {
            "answer": "расколовшийся",
            "count": 1
        },
        {
            "answer": "тревожный",
            "count": 1
        },
        {
            "answer": "переменчивый",
            "count": 1
        },
        {
            "answer": "меняющийся",
            "count": 1
        },
        {
            "answer": "раздраженный",
            "count": 1
        },
        {
            "answer": "нытик с огромным эго \"эксперта",
            "count": 1
        },
        {
            "answer": "конкурентный",
            "count": 1
        },
        {
            "answer": "жестокий",
            "count": 1
        },
        {
            "answer": "сильных людей",
            "count": 1
        },
        {
            "answer": "безответственность",
            "count": 1
        },
        {
            "answer": "возможность",
            "count": 1
        },
        {
            "answer": "baby мир",
            "count": 1
        },
        {
            "answer": "bani мир",
            "count": 1
        },
        {
            "answer": "сложный",
            "count": 1
        },
        {
            "answer": "напряженный",
            "count": 1
        },
        {
            "answer": "конфликтный",
            "count": 1
        },
        {
            "answer": "скорость",
            "count": 1
        },
        {
            "answer": "патриотизм",
            "count": 1
        },
        {
            "answer": "миру быть",
            "count": 1
        },
        {
            "answer": "экология",
            "count": 1
        },
        {
            "answer": "жизнь",
            "count": 1
        },
        {
            "answer": "непредсказуемый",
            "count": 1
        },
        {
            "answer": "неопределённость",
            "count": 1
        },
        {
            "answer": "быстро меняющийся",
            "count": 1
        },
        {
            "answer": "нестабильность",
            "count": 1
        },
        {
            "answer": "треш",
            "count": 1
        },
        {
            "answer": "непредсказуемый",
            "count": 1
        },
        {
            "answer": "изменчивый",
            "count": 1
        },
        {
            "answer": "динамичный",
            "count": 1
        },
        {
            "answer": "жестокий",
            "count": 1
        },
        {
            "answer": "хаотичный",
            "count": 1
        },
        {
            "answer": "счастье",
            "count": 1
        },
        {
            "answer": "мусор",
            "count": 1
        },
        {
            "answer": "совершенно",
            "count": 1
        },
        {
            "answer": "клиповый",
            "count": 1
        },
        {
            "answer": "сложный",
            "count": 1
        },
        {
            "answer": "вызов",
            "count": 1
        },
        {
            "answer": "сюр",
            "count": 1
        },
        {
            "answer": "ангелы и демоны",
            "count": 1
        },
        {
            "answer": "нестабильный",
            "count": 1
        },
        {
            "answer": "лучший",
            "count": 1
        },
        {
            "answer": "нестабильный",
            "count": 1
        },
        {
            "answer": "непредсказуемый, динамичный",
            "count": 1
        },
        {
            "answer": "новый",
            "count": 1
        },
        {
            "answer": "тревожность",
            "count": 1
        },
        {
            "answer": "мечта",
            "count": 1
        },
        {
            "answer": "ответственность",
            "count": 1
        },
        {
            "answer": "нацпроекты",
            "count": 1
        },
        {
            "answer": "многополярный",
            "count": 1
        },
        {
            "answer": "возможность стать лучшим",
            "count": 1
        },
        {
            "answer": "нестабильный",
            "count": 1
        },
        {
            "answer": "безумный",
            "count": 1
        },
        {
            "answer": "тревожность",
            "count": 1
        },
        {
            "answer": "хаос",
            "count": 1
        },
        {
            "answer": "раздор",
            "count": 1
        },
        {
            "answer": "#zаправду",
            "count": 1
        },
        {
            "answer": "движение",
            "count": 1
        },
        {
            "answer": "конкурентность",
            "count": 1
        },
        {
            "answer": "переход",
            "count": 1
        },
        {
            "answer": "изменчивость",
            "count": 1
        },
        {
            "answer": "непонимание",
            "count": 1
        },
        {
            "answer": "опасный",
            "count": 1
        },
        {
            "answer": "скорость",
            "count": 1
        },
        {
            "answer": "бардак",
            "count": 1
        },
        {
            "answer": "неопределенность",
            "count": 1
        },
        {
            "answer": "новая реальность",
            "count": 1
        },
        {
            "answer": "цифровой",
            "count": 1
        },
        {
            "answer": "мечущийся",
            "count": 1
        },
        {
            "answer": "хаос",
            "count": 1
        },
        {
            "answer": "изменчивый",
            "count": 1
        }
    ]
}