{
    "id": 649,
    "question": "О чём вы хотели бы сегодня узнать?",
    "answers": [
        {
            "answer": "города росатома",
            "count": 1
        },
        {
            "answer": "перспективы и возможности",
            "count": 1
        },
        {
            "answer": "будущее атомной энергетики",
            "count": 1
        },
        {
            "answer": "о дальнейшей судьбе росатома, о направлениях его развития. проекты аэс в россии. тяжело ли будет студенту без опыта работы попасть на работу на аэс? если балл будет ниже 4.2 (а именно такой балл и выше для поступления на работу выставляют почти на всех аэс), но обучение на специальность прошел, как дальше быть? двери на аэс закрыты?",
            "count": 1
        },
        {
            "answer": "как к вам попасть тем, кому за 35?",
            "count": 1
        },
        {
            "answer": "атомная жизнь",
            "count": 1
        },
        {
            "answer": "наука",
            "count": 1
        },
        {
            "answer": "о работе в росатом",
            "count": 1
        },
        {
            "answer": "текущие проекты и перспективы росатома",
            "count": 1
        },
        {
            "answer": "кейсы",
            "count": 1
        },
        {
            "answer": "строительство",
            "count": 1
        },
        {
            "answer": "о марафоне atomprofi)",
            "count": 1
        },
        {
            "answer": "работа в росатоме",
            "count": 1
        },
        {
            "answer": "очистка редкоземельных элементов",
            "count": 1
        },
        {
            "answer": "росатом через 30 лет",
            "count": 1
        },
        {
            "answer": "квантовый компьютер",
            "count": 1
        },
        {
            "answer": "в какой стадии сейчас строительство аэс в бангладеш? сколько времени ещё будет длится строительство 1 блока?",
            "count": 1
        },
        {
            "answer": "новые продукты",
            "count": 1
        },
        {
            "answer": "как попасть в росатом",
            "count": 1
        },
        {
            "answer": "как получить приглашение на собеседование и работу",
            "count": 1
        },
        {
            "answer": "о марафоне атомпрофи и айтябре!",
            "count": 1
        }
    ]
}