{
    "id": 6534,
    "question": "Что для вас важно узнать в рамках образовательной программы?",
    "answers": [
        {
            "answer": "встраивание esg в процессы",
            "count": 1
        },
        {
            "answer": "лучшие практики",
            "count": 1
        },
        {
            "answer": "монетизация",
            "count": 1
        },
        {
            "answer": "esg в текущих реалиях",
            "count": 1
        },
        {
            "answer": "вопросы зеленого финансир-я",
            "count": 1
        },
        {
            "answer": "неожиданные области применения",
            "count": 1
        },
        {
            "answer": "практическое применение",
            "count": 1
        },
        {
            "answer": "применение на практике",
            "count": 1
        },
        {
            "answer": "повестка esg в росатом сейчас",
            "count": 1
        },
        {
            "answer": "базовые знания",
            "count": 1
        },
        {
            "answer": "подходы к оценке деятельности",
            "count": 1
        },
        {
            "answer": "различия в методиках",
            "count": 1
        },
        {
            "answer": "тенденции",
            "count": 1
        },
        {
            "answer": "основы esg",
            "count": 1
        },
        {
            "answer": "esg",
            "count": 1
        },
        {
            "answer": "оценка устойчивости",
            "count": 1
        },
        {
            "answer": "весь спектр применения esg",
            "count": 1
        },
        {
            "answer": "практическое применение",
            "count": 1
        },
        {
            "answer": "монетизация",
            "count": 1
        },
        {
            "answer": "ключевые тренды",
            "count": 1
        },
        {
            "answer": "ключевые тренды",
            "count": 1
        },
        {
            "answer": "ключевые тренды",
            "count": 1
        },
        {
            "answer": "особенности esg для рф",
            "count": 1
        },
        {
            "answer": "систематизация работы",
            "count": 1
        },
        {
            "answer": "лучшие практики",
            "count": 1
        },
        {
            "answer": "международные тренды",
            "count": 1
        },
        {
            "answer": "общая концепция, понятия",
            "count": 1
        },
        {
            "answer": "базовое понимание устойчивого",
            "count": 1
        },
        {
            "answer": "связь с моей работой",
            "count": 1
        },
        {
            "answer": "базовый вокабуляр на русском",
            "count": 1
        },
        {
            "answer": "климатические проекты",
            "count": 1
        },
        {
            "answer": "практическое применение",
            "count": 1
        },
        {
            "answer": "применение таксономии",
            "count": 1
        },
        {
            "answer": "риски бизнеса в сфере ур",
            "count": 1
        },
        {
            "answer": "систематизация работы по ур",
            "count": 1
        },
        {
            "answer": "общее ознакомление",
            "count": 1
        },
        {
            "answer": "состояние esg в россии",
            "count": 1
        },
        {
            "answer": "практическое применение",
            "count": 1
        }
    ]
}