{
    "id": 6594,
    "question": "ОБСУЖДАЯ ВЧЕРА HR СТРАТЕГИЮ, Я ПОНЯЛ(А), ЧТО… Напишите 1-2 слова Вашей идеи.",
    "answers": [
        {
            "answer": "понимание, решение, поддержка",
            "count": 1
        },
        {
            "answer": "может быть что-то получится",
            "count": 1
        },
        {
            "answer": "что это выполнимо",
            "count": 1
        },
        {
            "answer": "пиар работает не на всю мощ",
            "count": 1
        },
        {
            "answer": "надо думать в долгую",
            "count": 1
        },
        {
            "answer": "глобальные задачи",
            "count": 1
        },
        {
            "answer": "справимся",
            "count": 1
        },
        {
            "answer": "сроки очень сжатые",
            "count": 1
        },
        {
            "answer": "будь проактивным!",
            "count": 1
        },
        {
            "answer": "нет ничего невозможного",
            "count": 1
        },
        {
            "answer": "лучше понимать запросы бизнеса",
            "count": 1
        },
        {
            "answer": "свою роль",
            "count": 1
        },
        {
            "answer": "я могу найти в ней свое \"место",
            "count": 1
        },
        {
            "answer": "амбициозно, но справимся",
            "count": 1
        },
        {
            "answer": "есть над чем работать",
            "count": 1
        },
        {
            "answer": "выполнима цель амбициозна",
            "count": 1
        },
        {
            "answer": "ничего не меняется",
            "count": 1
        },
        {
            "answer": "я на верном пути",
            "count": 1
        },
        {
            "answer": "новая реальность",
            "count": 1
        },
        {
            "answer": "мы на верном пути",
            "count": 1
        },
        {
            "answer": "это наше будущее!",
            "count": 1
        },
        {
            "answer": "без mission. talent не обойтис",
            "count": 1
        },
        {
            "answer": "работа будет",
            "count": 1
        },
        {
            "answer": "выполнимая",
            "count": 1
        },
        {
            "answer": "может быть",
            "count": 1
        },
        {
            "answer": "предстоит огромная работа",
            "count": 1
        },
        {
            "answer": "есть над чем работать",
            "count": 1
        },
        {
            "answer": "работы будет много",
            "count": 1
        },
        {
            "answer": "достижение зависит от нас",
            "count": 1
        },
        {
            "answer": "будет интересно",
            "count": 1
        },
        {
            "answer": "кто-то ее видел первый раз",
            "count": 1
        },
        {
            "answer": "предстоит много работать",
            "count": 1
        }
    ]
}