{
    "id": 6596,
    "question": "ЧТО БЫЛО ДЛЯ МЕНЯ САМЫМ ПОЛЕЗНЫМ\\ЦЕННЫМ ЗА ДВА ДНЯ СЕССИИ? Опишите одним –двумя словами.",
    "answers": [
        {
            "answer": "общение",
            "count": 1
        },
        {
            "answer": "составление плана коммуникаций",
            "count": 1
        },
        {
            "answer": "определились над задачами.",
            "count": 1
        },
        {
            "answer": "квест",
            "count": 1
        },
        {
            "answer": "знакомство",
            "count": 1
        },
        {
            "answer": "общение pr и hr",
            "count": 1
        },
        {
            "answer": "информация",
            "count": 1
        },
        {
            "answer": "3. обмен опытом",
            "count": 1
        },
        {
            "answer": "2. лучшие практики",
            "count": 1
        },
        {
            "answer": "1. есть над чем работать",
            "count": 1
        },
        {
            "answer": "работа с коллегами",
            "count": 1
        },
        {
            "answer": "коммуникация с коллегами",
            "count": 1
        },
        {
            "answer": "выработка плана достижения кпэ",
            "count": 1
        },
        {
            "answer": "hr стратегия твэл",
            "count": 1
        },
        {
            "answer": "востребованность",
            "count": 1
        },
        {
            "answer": "интерес",
            "count": 1
        },
        {
            "answer": "обмен опытом, польза для други",
            "count": 1
        },
        {
            "answer": "составление плана коммуникации",
            "count": 1
        },
        {
            "answer": "обсуждение проблемных зон св",
            "count": 1
        },
        {
            "answer": "общение с коллегами",
            "count": 1
        },
        {
            "answer": "общение, обмен опытом",
            "count": 1
        },
        {
            "answer": "планы работы по стратегии",
            "count": 1
        },
        {
            "answer": "опыт коллег",
            "count": 1
        },
        {
            "answer": "обмен практиками",
            "count": 1
        },
        {
            "answer": "наставления нс собакинской",
            "count": 1
        },
        {
            "answer": "встреча с pr",
            "count": 1
        },
        {
            "answer": "обмен лучшими практиками",
            "count": 1
        },
        {
            "answer": "послушать коллег",
            "count": 1
        },
        {
            "answer": "кайф от общения и команды",
            "count": 1
        },
        {
            "answer": "приземление стратегии",
            "count": 1
        },
        {
            "answer": "общение с коллегами",
            "count": 1
        },
        {
            "answer": "всё",
            "count": 1
        },
        {
            "answer": "новые знакомства",
            "count": 1
        },
        {
            "answer": "понятен вектор движения",
            "count": 1
        },
        {
            "answer": "понимание проблем",
            "count": 1
        },
        {
            "answer": "взаимодействие",
            "count": 1
        },
        {
            "answer": "быть оптимистом",
            "count": 1
        },
        {
            "answer": "общение",
            "count": 1
        },
        {
            "answer": "снятие ожиданий",
            "count": 1
        },
        {
            "answer": "обмен опытом",
            "count": 1
        },
        {
            "answer": "общение",
            "count": 1
        },
        {
            "answer": "опыт",
            "count": 1
        },
        {
            "answer": "квест",
            "count": 1
        },
        {
            "answer": "второй день, инсайты",
            "count": 1
        },
        {
            "answer": "работа в своём потоке",
            "count": 1
        },
        {
            "answer": "команда, очно",
            "count": 1
        },
        {
            "answer": "личная встреча",
            "count": 1
        },
        {
            "answer": "разбор иркп",
            "count": 1
        },
        {
            "answer": "проработка стратегии",
            "count": 1
        },
        {
            "answer": "узнать коллег лично",
            "count": 1
        },
        {
            "answer": "итоги опроса руководителей",
            "count": 1
        },
        {
            "answer": "знакомство с коллегами",
            "count": 1
        },
        {
            "answer": "обмен мнениями",
            "count": 1
        },
        {
            "answer": "понимание стратегии",
            "count": 1
        }
    ]
}