{
    "id": 662,
    "question": "Как ваше настроение сегодня?",
    "answers": [
        {
            "answer": "отличное",
            "count": 1
        },
        {
            "answer": "норм",
            "count": 1
        },
        {
            "answer": "лучше всех",
            "count": 1
        },
        {
            "answer": "устала",
            "count": 1
        },
        {
            "answer": "нормально",
            "count": 1
        },
        {
            "answer": "отл",
            "count": 1
        },
        {
            "answer": "хорошее",
            "count": 1
        },
        {
            "answer": "норм",
            "count": 1
        },
        {
            "answer": "нормальное",
            "count": 1
        },
        {
            "answer": "норм",
            "count": 1
        },
        {
            "answer": "отличное",
            "count": 1
        },
        {
            "answer": "хорошо",
            "count": 1
        },
        {
            "answer": "хорошее",
            "count": 1
        },
        {
            "answer": "восхитительно",
            "count": 1
        },
        {
            "answer": "😭",
            "count": 1
        },
        {
            "answer": "отличное",
            "count": 1
        },
        {
            "answer": "рабочее",
            "count": 1
        },
        {
            "answer": "осеннее",
            "count": 1
        },
        {
            "answer": "отличн",
            "count": 1
        },
        {
            "answer": "отличное",
            "count": 1
        },
        {
            "answer": "отлично",
            "count": 1
        },
        {
            "answer": "так себе",
            "count": 1
        },
        {
            "answer": "отличное",
            "count": 1
        },
        {
            "answer": "пасмурно",
            "count": 1
        },
        {
            "answer": "отлично",
            "count": 1
        },
        {
            "answer": "опс",
            "count": 1
        },
        {
            "answer": "👻",
            "count": 1
        },
        {
            "answer": "пойдет",
            "count": 1
        },
        {
            "answer": "🤯",
            "count": 1
        },
        {
            "answer": "отлично",
            "count": 1
        },
        {
            "answer": "кое-то раздражает постоянно",
            "count": 1
        },
        {
            "answer": "отличное",
            "count": 1
        },
        {
            "answer": "супер",
            "count": 1
        },
        {
            "answer": "спать хочется",
            "count": 1
        }
    ]
}