{
    "id": 6636,
    "question": "Ваши ожидания от сессии?",
    "answers": [
        {
            "answer": "действия по импортозамещению",
            "count": 1
        },
        {
            "answer": "постановка целей",
            "count": 1
        },
        {
            "answer": "настроя на будущее",
            "count": 1
        },
        {
            "answer": "понять, куда и как движемся",
            "count": 1
        },
        {
            "answer": "знакомство",
            "count": 1
        },
        {
            "answer": "понимание",
            "count": 1
        },
        {
            "answer": "знакомство",
            "count": 1
        },
        {
            "answer": "прозрение",
            "count": 1
        },
        {
            "answer": "море",
            "count": 1
        },
        {
            "answer": "понимание",
            "count": 1
        },
        {
            "answer": "перспективы",
            "count": 1
        },
        {
            "answer": "понимания ситуации",
            "count": 1
        },
        {
            "answer": "понимание вектора развития",
            "count": 1
        },
        {
            "answer": "перспективы",
            "count": 1
        },
        {
            "answer": "вовлечения",
            "count": 1
        },
        {
            "answer": "определенность",
            "count": 1
        },
        {
            "answer": "ит заряд бодрости",
            "count": 1
        },
        {
            "answer": "направления развития",
            "count": 1
        },
        {
            "answer": "измкнения",
            "count": 1
        },
        {
            "answer": "познакомиться с коллегами",
            "count": 1
        },
        {
            "answer": "направление развития",
            "count": 1
        },
        {
            "answer": "понимание",
            "count": 1
        },
        {
            "answer": "солнце",
            "count": 1
        },
        {
            "answer": "энергия",
            "count": 1
        },
        {
            "answer": "понимания изменений",
            "count": 1
        },
        {
            "answer": "целеполагания",
            "count": 1
        },
        {
            "answer": "коворкинг",
            "count": 1
        },
        {
            "answer": "перспективы",
            "count": 1
        },
        {
            "answer": "новенького",
            "count": 1
        },
        {
            "answer": "вовлечение",
            "count": 1
        },
        {
            "answer": "план действий",
            "count": 1
        },
        {
            "answer": "развитие",
            "count": 1
        },
        {
            "answer": "ближайшие действия",
            "count": 1
        },
        {
            "answer": "четкость",
            "count": 1
        },
        {
            "answer": "побед",
            "count": 1
        },
        {
            "answer": "единство",
            "count": 1
        },
        {
            "answer": "движения",
            "count": 1
        },
        {
            "answer": "хорошей погоды",
            "count": 1
        },
        {
            "answer": "энергия развития",
            "count": 1
        },
        {
            "answer": "изменения",
            "count": 1
        },
        {
            "answer": "информации",
            "count": 1
        },
        {
            "answer": "как жить дальше",
            "count": 1
        },
        {
            "answer": "21416",
            "count": 1
        },
        {
            "answer": "диалога",
            "count": 1
        },
        {
            "answer": "ясности",
            "count": 1
        },
        {
            "answer": "заряд позитива",
            "count": 1
        },
        {
            "answer": "море",
            "count": 1
        },
        {
            "answer": "определенность",
            "count": 1
        },
        {
            "answer": "море",
            "count": 1
        }
    ]
}