{
    "id": 6640,
    "question": "Чего не хватает для реализации стратегии лично Вам?",
    "answers": [
        {
            "answer": "ресурсов",
            "count": 1
        },
        {
            "answer": "функциональных архитекторов",
            "count": 1
        },
        {
            "answer": "кадры",
            "count": 1
        },
        {
            "answer": "системы управления проектами",
            "count": 1
        },
        {
            "answer": "заинтересованности бизнеса",
            "count": 1
        },
        {
            "answer": "заинтересованности заказчика",
            "count": 1
        },
        {
            "answer": "заказчика",
            "count": 1
        },
        {
            "answer": "координации с гк",
            "count": 1
        },
        {
            "answer": "ресурсов",
            "count": 1
        },
        {
            "answer": "ресурсов",
            "count": 1
        },
        {
            "answer": "компетенций",
            "count": 1
        },
        {
            "answer": "импортонезависимых решений",
            "count": 1
        },
        {
            "answer": "нужны люди",
            "count": 1
        },
        {
            "answer": "простых закупок",
            "count": 1
        },
        {
            "answer": "кадры",
            "count": 1
        },
        {
            "answer": "пооекты",
            "count": 1
        },
        {
            "answer": "железа",
            "count": 1
        },
        {
            "answer": "вовлечённости заказчиков",
            "count": 1
        },
        {
            "answer": "управляемой структуры",
            "count": 1
        },
        {
            "answer": "ресурсов",
            "count": 1
        },
        {
            "answer": "заказчика",
            "count": 1
        },
        {
            "answer": "человеческие ресурсы",
            "count": 1
        },
        {
            "answer": "вовлечённость фз",
            "count": 1
        },
        {
            "answer": "полномочий",
            "count": 1
        },
        {
            "answer": "понимания достаточности ресуро",
            "count": 1
        },
        {
            "answer": "вовлеченность заказчика",
            "count": 1
        },
        {
            "answer": "готовности бизнеса к изменения",
            "count": 1
        },
        {
            "answer": "инструментов материальн.мотив.",
            "count": 1
        },
        {
            "answer": "людей!",
            "count": 1
        },
        {
            "answer": "времени",
            "count": 1
        },
        {
            "answer": "вовлечённости заказчиков",
            "count": 1
        },
        {
            "answer": "компетентных людей",
            "count": 1
        },
        {
            "answer": "отечественного железа",
            "count": 1
        },
        {
            "answer": "вовлечённости заказчиков",
            "count": 1
        },
        {
            "answer": "кадров.",
            "count": 1
        },
        {
            "answer": "персонала",
            "count": 1
        },
        {
            "answer": "ресурсов",
            "count": 1
        },
        {
            "answer": "кадров",
            "count": 1
        },
        {
            "answer": "спациалистов",
            "count": 1
        },
        {
            "answer": "ресурсы",
            "count": 1
        },
        {
            "answer": "гибкости и скорости",
            "count": 1
        },
        {
            "answer": "времени",
            "count": 1
        },
        {
            "answer": "ресурсов",
            "count": 1
        }
    ]
}