{
    "id": 6693,
    "question": "Главная эмоция сегодня утром",
    "answers": [
        {
            "answer": "интересно",
            "count": 1
        },
        {
            "answer": "грусть",
            "count": 1
        },
        {
            "answer": "любопытство",
            "count": 1
        },
        {
            "answer": "бодрость",
            "count": 1
        },
        {
            "answer": "радость встречи",
            "count": 1
        },
        {
            "answer": "ожидание",
            "count": 1
        },
        {
            "answer": "радость встречи",
            "count": 1
        },
        {
            "answer": "радость",
            "count": 1
        },
        {
            "answer": "позитив",
            "count": 1
        },
        {
            "answer": "солнце светит!",
            "count": 1
        },
        {
            "answer": "заинтересованность",
            "count": 1
        },
        {
            "answer": "не понятно, но интересно",
            "count": 1
        },
        {
            "answer": "жизнь прекрасна",
            "count": 1
        },
        {
            "answer": "любопытство",
            "count": 1
        },
        {
            "answer": "че началось-то",
            "count": 1
        },
        {
            "answer": "любопытство",
            "count": 1
        },
        {
            "answer": "радость",
            "count": 1
        },
        {
            "answer": "как здорово",
            "count": 1
        },
        {
            "answer": "солнце!!!!",
            "count": 1
        },
        {
            "answer": "тревожность",
            "count": 1
        },
        {
            "answer": "любопытство",
            "count": 1
        },
        {
            "answer": "ура, солнце!",
            "count": 1
        },
        {
            "answer": "радость",
            "count": 1
        },
        {
            "answer": "бодрость",
            "count": 1
        },
        {
            "answer": "ожидание",
            "count": 1
        },
        {
            "answer": "интерес",
            "count": 1
        },
        {
            "answer": "приятное ожидание",
            "count": 1
        }
    ]
}