{
    "id": 6694,
    "question": "Пример идеального PR (компания, человек, страна…)",
    "answers": [
        {
            "answer": "ikea",
            "count": 1
        },
        {
            "answer": "новатэк",
            "count": 1
        },
        {
            "answer": "ikea",
            "count": 1
        },
        {
            "answer": "путин",
            "count": 1
        },
        {
            "answer": "не знаю",
            "count": 1
        },
        {
            "answer": "росатом",
            "count": 1
        },
        {
            "answer": "нет однозначного отаета",
            "count": 1
        },
        {
            "answer": "твэл",
            "count": 1
        },
        {
            "answer": "apple",
            "count": 1
        },
        {
            "answer": "совокупность ряда факторов",
            "count": 1
        },
        {
            "answer": "артемий лебедев",
            "count": 1
        },
        {
            "answer": "олимпиада в рф 2014",
            "count": 1
        },
        {
            "answer": "компания",
            "count": 1
        },
        {
            "answer": "илон маск",
            "count": 1
        },
        {
            "answer": "мтс, ввп (песков)",
            "count": 1
        },
        {
            "answer": "росатом",
            "count": 1
        },
        {
            "answer": "когда не пишут плохо",
            "count": 1
        },
        {
            "answer": "украина",
            "count": 1
        },
        {
            "answer": "croc, россия, москва",
            "count": 1
        },
        {
            "answer": "росатом",
            "count": 1
        },
        {
            "answer": "илон маск",
            "count": 1
        },
        {
            "answer": "газпром нефть",
            "count": 1
        }
    ]
}