{
    "id": 6769,
    "question": "Что вы хотите узнать на VIII Отраслевой Школе командиров студенческих строительных отрядов",
    "answers": [
        {
            "answer": "р",
            "count": 1
        },
        {
            "answer": "сколько вы зарабатываете?",
            "count": 1
        },
        {
            "answer": "работа в команде",
            "count": 1
        },
        {
            "answer": "безопасность",
            "count": 1
        },
        {
            "answer": "мотивация",
            "count": 1
        },
        {
            "answer": "верно выстроить работу команды",
            "count": 1
        },
        {
            "answer": "перспективы развития компании",
            "count": 1
        },
        {
            "answer": "дальнейшая работа в росатоме",
            "count": 1
        },
        {
            "answer": "работа в команде",
            "count": 1
        },
        {
            "answer": "как взять знамя",
            "count": 1
        },
        {
            "answer": "взаимодействие в команде",
            "count": 1
        },
        {
            "answer": "управление проектом",
            "count": 1
        },
        {
            "answer": "устройство в отряде",
            "count": 1
        },
        {
            "answer": "командная работа",
            "count": 1
        },
        {
            "answer": "выстраивание работы",
            "count": 1
        },
        {
            "answer": "ну так сколько зарабатываете?",
            "count": 1
        },
        {
            "answer": "сколько платит росатом",
            "count": 1
        },
        {
            "answer": "работа в команде",
            "count": 1
        },
        {
            "answer": "грамотное руководство командой",
            "count": 1
        },
        {
            "answer": "работа в команде",
            "count": 1
        },
        {
            "answer": "где вода",
            "count": 1
        },
        {
            "answer": "почему так кормят",
            "count": 1
        },
        {
            "answer": "эффективное управление отрядом",
            "count": 1
        },
        {
            "answer": "мотивация",
            "count": 1
        },
        {
            "answer": "личная активность",
            "count": 1
        },
        {
            "answer": "продвижение росатом",
            "count": 1
        },
        {
            "answer": "трудоустройство и жизнь",
            "count": 1
        },
        {
            "answer": "будет что то типо обэда?",
            "count": 1
        },
        {
            "answer": "управление персоналом",
            "count": 1
        },
        {
            "answer": "з/п в росатоме",
            "count": 1
        },
        {
            "answer": "что-нибудь",
            "count": 1
        },
        {
            "answer": "что-нибудь",
            "count": 1
        },
        {
            "answer": "что-нибудь",
            "count": 1
        },
        {
            "answer": "вид работ",
            "count": 1
        },
        {
            "answer": "разделение труда",
            "count": 1
        },
        {
            "answer": "гк \"росатом\"",
            "count": 1
        },
        {
            "answer": "о выезде",
            "count": 1
        },
        {
            "answer": "как попасть в сосновый бор",
            "count": 1
        },
        {
            "answer": "дальнейшее трудоустройство",
            "count": 1
        },
        {
            "answer": "как лучше спросить коллектив",
            "count": 1
        },
        {
            "answer": "создание и реализация проектов",
            "count": 1
        },
        {
            "answer": "как устроиться в росатом",
            "count": 1
        },
        {
            "answer": "хочу работать в росатоме",
            "count": 1
        },
        {
            "answer": "как работает росатом",
            "count": 1
        },
        {
            "answer": "что такое эта ваша стройка",
            "count": 1
        },
        {
            "answer": "управление в команде",
            "count": 1
        },
        {
            "answer": "работа в командеи",
            "count": 1
        },
        {
            "answer": "как добиться успеха?",
            "count": 1
        },
        {
            "answer": "организация работы в команде",
            "count": 1
        },
        {
            "answer": "как попасть в росатом",
            "count": 1
        },
        {
            "answer": "работа в команде",
            "count": 1
        },
        {
            "answer": "сколько?",
            "count": 1
        },
        {
            "answer": "работа с командой",
            "count": 1
        },
        {
            "answer": "работа в росатоме",
            "count": 1
        },
        {
            "answer": "работа в команде",
            "count": 1
        },
        {
            "answer": "управление отрядом",
            "count": 1
        },
        {
            "answer": "работа в команде",
            "count": 1
        },
        {
            "answer": "сауна в подвале",
            "count": 1
        },
        {
            "answer": "что на обед",
            "count": 1
        },
        {
            "answer": "правильная организация",
            "count": 1
        },
        {
            "answer": "где хамам",
            "count": 1
        },
        {
            "answer": "как попасть в сауну",
            "count": 1
        },
        {
            "answer": "все о безопасности",
            "count": 1
        },
        {
            "answer": "как управлять людьми",
            "count": 1
        },
        {
            "answer": "всё",
            "count": 1
        },
        {
            "answer": "сколько вы зарабатываете?",
            "count": 1
        },
        {
            "answer": "эффективная работа",
            "count": 1
        },
        {
            "answer": "сколько вы зарабатывает?",
            "count": 1
        },
        {
            "answer": "кто этот ваш росатом",
            "count": 1
        },
        {
            "answer": "экологическая составляющая",
            "count": 1
        },
        {
            "answer": "как работать в команде",
            "count": 1
        },
        {
            "answer": "где сауна",
            "count": 1
        },
        {
            "answer": "перспективы трудоустройства",
            "count": 1
        },
        {
            "answer": "инновации в отрасли",
            "count": 1
        },
        {
            "answer": "устройство росатома",
            "count": 1
        },
        {
            "answer": "сколько вы зарабатываете?",
            "count": 1
        },
        {
            "answer": "сколько вы зарабатываете?",
            "count": 1
        },
        {
            "answer": "управление персоналом",
            "count": 1
        },
        {
            "answer": "работа в команде",
            "count": 1
        },
        {
            "answer": "управление",
            "count": 1
        },
        {
            "answer": "работа с коллективом",
            "count": 1
        },
        {
            "answer": "что будет на обед",
            "count": 1
        },
        {
            "answer": "как выстроить работу в команде",
            "count": 1
        },
        {
            "answer": "обязанности командира",
            "count": 1
        },
        {
            "answer": "как выстроить карьеру",
            "count": 1
        },
        {
            "answer": "цели росатома",
            "count": 1
        },
        {
            "answer": "ценности росатома",
            "count": 1
        },
        {
            "answer": "руководство проектом",
            "count": 1
        },
        {
            "answer": "как устроиться на росатом",
            "count": 1
        },
        {
            "answer": "о гк росатома",
            "count": 1
        },
        {
            "answer": "где сауна",
            "count": 1
        },
        {
            "answer": "как управлять людьми:)",
            "count": 1
        },
        {
            "answer": "навыки командной работы",
            "count": 1
        },
        {
            "answer": "как устроена гк",
            "count": 1
        },
        {
            "answer": "россия",
            "count": 1
        },
        {
            "answer": "как мотивировать ?",
            "count": 1
        },
        {
            "answer": "как заработать много денег",
            "count": 1
        },
        {
            "answer": "организация работы в команде",
            "count": 1
        },
        {
            "answer": "работа в команде",
            "count": 1
        },
        {
            "answer": "как устроиться в росатом",
            "count": 1
        },
        {
            "answer": "работа в команде, атланты",
            "count": 1
        },
        {
            "answer": "что такое росатом",
            "count": 1
        },
        {
            "answer": "секрет успеха",
            "count": 1
        },
        {
            "answer": "реализация",
            "count": 1
        },
        {
            "answer": "безопасность на атомной стройк",
            "count": 1
        },
        {
            "answer": "быстрое обучение",
            "count": 1
        },
        {
            "answer": "безопасность",
            "count": 1
        },
        {
            "answer": "командная работа",
            "count": 1
        },
        {
            "answer": "управление людьми",
            "count": 1
        }
    ]
}