{
    "id": 6811,
    "question": "Пословицы и поговорки",
    "answers": [
        {
            "answer": "обещанного три года ждут (с)",
            "count": 1
        },
        {
            "answer": "в коллективе большая сила!",
            "count": 1
        },
        {
            "answer": "однапчела немногомеданатаскает",
            "count": 1
        },
        {
            "answer": "без внятного тз - результат хз",
            "count": 1
        },
        {
            "answer": "рыба гниёт с головы",
            "count": 1
        },
        {
            "answer": "нет друга - ищи, нашёл-береги",
            "count": 1
        },
        {
            "answer": "не имей 100, а имей 100 друзей",
            "count": 1
        },
        {
            "answer": "бесплатный сыр только там…",
            "count": 1
        },
        {
            "answer": "любишь кататься, люби и возить",
            "count": 1
        },
        {
            "answer": "работаневолквлеснеубежит",
            "count": 1
        },
        {
            "answer": "один в поле не воин",
            "count": 1
        },
        {
            "answer": "ты мне-я тебе",
            "count": 1
        },
        {
            "answer": "делу время, а потехе час",
            "count": 1
        },
        {
            "answer": "кто с@ыт - тот гибнет😉",
            "count": 1
        },
        {
            "answer": "взялся за гужь - не говори",
            "count": 1
        },
        {
            "answer": "взялся за гужь - не говори",
            "count": 1
        },
        {
            "answer": "взялся за гужь - не говори",
            "count": 1
        },
        {
            "answer": "собака лает, караван идёт",
            "count": 1
        },
        {
            "answer": "ученье - свет, а неученье - ть",
            "count": 1
        },
        {
            "answer": "без труда не выложишь и рыбку",
            "count": 1
        },
        {
            "answer": "один в поле не воин",
            "count": 1
        },
        {
            "answer": "норм делай норм будет",
            "count": 1
        },
        {
            "answer": "работа-не волк, в лес не убежи",
            "count": 1
        },
        {
            "answer": "работа не волк - в лес не убеж",
            "count": 1
        },
        {
            "answer": "один в поле не воин",
            "count": 1
        }
    ]
}