{
    "id": 6847,
    "question": "Самое ценное за сегодня",
    "answers": [
        {
            "answer": "коля не заслужил!",
            "count": 1
        },
        {
            "answer": "борода",
            "count": 1
        },
        {
            "answer": "оригами",
            "count": 1
        },
        {
            "answer": "деньги",
            "count": 1
        },
        {
            "answer": "прекрасные эмоции",
            "count": 1
        },
        {
            "answer": "знания различных компетенций",
            "count": 1
        },
        {
            "answer": "общение с руководством",
            "count": 1
        },
        {
            "answer": "шалыгин",
            "count": 1
        },
        {
            "answer": "болдырев",
            "count": 1
        },
        {
            "answer": "свешников",
            "count": 1
        },
        {
            "answer": "бесплатная вода",
            "count": 1
        },
        {
            "answer": "знакомства с отрядами с мбира",
            "count": 1
        },
        {
            "answer": "оценка оргов",
            "count": 1
        },
        {
            "answer": "новые знания",
            "count": 1
        },
        {
            "answer": "еда",
            "count": 1
        },
        {
            "answer": "шутки громяцкого",
            "count": 1
        },
        {
            "answer": "шутки громяцкого",
            "count": 1
        },
        {
            "answer": "шутки громяцкого",
            "count": 1
        },
        {
            "answer": "шутки громяцкого",
            "count": 1
        },
        {
            "answer": "шутки громяцкого",
            "count": 1
        },
        {
            "answer": "юмор",
            "count": 1
        },
        {
            "answer": "треугольник",
            "count": 1
        },
        {
            "answer": "+ 1 даша",
            "count": 1
        },
        {
            "answer": "+ 1 даша",
            "count": 1
        },
        {
            "answer": "+ 1 даша",
            "count": 1
        },
        {
            "answer": "термос",
            "count": 1
        },
        {
            "answer": "команда",
            "count": 1
        },
        {
            "answer": "общение",
            "count": 1
        },
        {
            "answer": "титан-2",
            "count": 1
        },
        {
            "answer": "еда",
            "count": 1
        },
        {
            "answer": "первые лекции",
            "count": 1
        },
        {
            "answer": "красивые девочки",
            "count": 1
        },
        {
            "answer": "еда",
            "count": 1
        },
        {
            "answer": "знания по проектам",
            "count": 1
        },
        {
            "answer": "5 команда топ",
            "count": 1
        },
        {
            "answer": "ура термос",
            "count": 1
        },
        {
            "answer": "5 команда топ",
            "count": 1
        },
        {
            "answer": "не оригами",
            "count": 1
        },
        {
            "answer": "эээээээ",
            "count": 1
        },
        {
            "answer": "оригами",
            "count": 1
        },
        {
            "answer": "куплю гараж",
            "count": 1
        },
        {
            "answer": "сауна (617)",
            "count": 1
        },
        {
            "answer": "управление проектом",
            "count": 1
        },
        {
            "answer": "вкусная еда",
            "count": 1
        },
        {
            "answer": "+ 1 даша",
            "count": 1
        },
        {
            "answer": "вкусно поел",
            "count": 1
        },
        {
            "answer": "близкое знакомство с командой",
            "count": 1
        },
        {
            "answer": "я получила значок росатома",
            "count": 1
        },
        {
            "answer": "я поел",
            "count": 1
        },
        {
            "answer": "свешников",
            "count": 1
        },
        {
            "answer": "еда",
            "count": 1
        },
        {
            "answer": "термос",
            "count": 1
        },
        {
            "answer": "термос",
            "count": 1
        },
        {
            "answer": "бесценные знания",
            "count": 1
        },
        {
            "answer": "вкусная еда:)",
            "count": 1
        },
        {
            "answer": "знакомства",
            "count": 1
        },
        {
            "answer": "знания",
            "count": 1
        },
        {
            "answer": "на сауну не успеваем!!!",
            "count": 1
        },
        {
            "answer": "еда",
            "count": 1
        },
        {
            "answer": "еда",
            "count": 1
        },
        {
            "answer": "еда",
            "count": 1
        },
        {
            "answer": "сауна",
            "count": 1
        },
        {
            "answer": "лекция",
            "count": 1
        },
        {
            "answer": "плодотворность",
            "count": 1
        },
        {
            "answer": "знания",
            "count": 1
        },
        {
            "answer": "времяпреровождение",
            "count": 1
        },
        {
            "answer": "фотки по airdrop",
            "count": 1
        },
        {
            "answer": "термос",
            "count": 1
        },
        {
            "answer": "продам гараж",
            "count": 1
        },
        {
            "answer": "еда",
            "count": 1
        },
        {
            "answer": "тренинг по безопасности",
            "count": 1
        },
        {
            "answer": "значки",
            "count": 1
        },
        {
            "answer": "раздатка",
            "count": 1
        },
        {
            "answer": "я поел",
            "count": 1
        },
        {
            "answer": "ужин",
            "count": 1
        },
        {
            "answer": "россия",
            "count": 1
        },
        {
            "answer": "россия",
            "count": 1
        },
        {
            "answer": "россия",
            "count": 1
        },
        {
            "answer": "россия",
            "count": 1
        },
        {
            "answer": "россия",
            "count": 1
        },
        {
            "answer": "термос",
            "count": 1
        },
        {
            "answer": "хорошо проведённое время",
            "count": 1
        },
        {
            "answer": "знания",
            "count": 1
        },
        {
            "answer": "знакомства",
            "count": 1
        },
        {
            "answer": "знания и знакомства",
            "count": 1
        },
        {
            "answer": "понимание и прощение",
            "count": 1
        },
        {
            "answer": "получил почту для отправки cv",
            "count": 1
        },
        {
            "answer": "пироги с мясом очень вкусные",
            "count": 1
        },
        {
            "answer": "люди за столом. информация",
            "count": 1
        },
        {
            "answer": "как попасть в сауну",
            "count": 1
        },
        {
            "answer": "еда",
            "count": 1
        },
        {
            "answer": "диалог о безопасности",
            "count": 1
        },
        {
            "answer": "завтрак, обед и будущий ужин",
            "count": 1
        },
        {
            "answer": "знакомство с командой",
            "count": 1
        },
        {
            "answer": "знакомства",
            "count": 1
        },
        {
            "answer": "знания по тб",
            "count": 1
        },
        {
            "answer": "я вкусно поель",
            "count": 1
        },
        {
            "answer": "продам гараж",
            "count": 1
        },
        {
            "answer": "продам гараж",
            "count": 1
        },
        {
            "answer": "продам гараж",
            "count": 1
        },
        {
            "answer": "полученный материал",
            "count": 1
        },
        {
            "answer": "улыбки людей",
            "count": 1
        },
        {
            "answer": "время",
            "count": 1
        },
        {
            "answer": "общение с единомышленниками",
            "count": 1
        },
        {
            "answer": "отдых",
            "count": 1
        },
        {
            "answer": "знакомства",
            "count": 1
        },
        {
            "answer": "отряды",
            "count": 1
        },
        {
            "answer": "продам гараж",
            "count": 1
        },
        {
            "answer": "поговорить с геной по делам",
            "count": 1
        },
        {
            "answer": "новое знакомство",
            "count": 1
        },
        {
            "answer": "оригами",
            "count": 1
        },
        {
            "answer": "свешников",
            "count": 1
        },
        {
            "answer": "шалыгин",
            "count": 1
        },
        {
            "answer": "баня",
            "count": 1
        },
        {
            "answer": "баня",
            "count": 1
        },
        {
            "answer": "новые друзья",
            "count": 1
        },
        {
            "answer": "кофе-брейк",
            "count": 1
        },
        {
            "answer": "я",
            "count": 1
        }
    ]
}