{
    "id": 6924,
    "question": "Кратко (1-4 слова) сформулируйте продолжение фразы \"Мое призвание - это...\"",
    "answers": [
        {
            "answer": "создание душевной гармонии",
            "count": 1
        },
        {
            "answer": "образование",
            "count": 1
        },
        {
            "answer": "создать комфорт. среду ст,сотр",
            "count": 1
        },
        {
            "answer": "помогать",
            "count": 1
        },
        {
            "answer": "разжигать интерес",
            "count": 1
        },
        {
            "answer": "созидание",
            "count": 1
        },
        {
            "answer": "помогать людям реализовываться",
            "count": 1
        },
        {
            "answer": "движение вперед",
            "count": 1
        },
        {
            "answer": "учёба и наука",
            "count": 1
        },
        {
            "answer": "развитие",
            "count": 1
        },
        {
            "answer": "служить своей стране",
            "count": 1
        },
        {
            "answer": "решение проблем",
            "count": 1
        },
        {
            "answer": "развиваться вместе с миром",
            "count": 1
        },
        {
            "answer": "развиваться и развивать",
            "count": 1
        },
        {
            "answer": "успех",
            "count": 1
        },
        {
            "answer": "помогать людям",
            "count": 1
        },
        {
            "answer": "наука",
            "count": 1
        },
        {
            "answer": "развитие",
            "count": 1
        },
        {
            "answer": "конструировать будущее",
            "count": 1
        },
        {
            "answer": "развитие",
            "count": 1
        },
        {
            "answer": "служить людям",
            "count": 1
        },
        {
            "answer": "развитие",
            "count": 1
        },
        {
            "answer": "развитие",
            "count": 1
        },
        {
            "answer": "создавать простр. для развития",
            "count": 1
        },
        {
            "answer": "найти решение и его реализоват",
            "count": 1
        },
        {
            "answer": "помогать",
            "count": 1
        },
        {
            "answer": "научные исследования",
            "count": 1
        },
        {
            "answer": "движение",
            "count": 1
        },
        {
            "answer": "обучение",
            "count": 1
        },
        {
            "answer": "счастье",
            "count": 1
        },
        {
            "answer": "развитие университета",
            "count": 1
        },
        {
            "answer": "изменять к лучшему",
            "count": 1
        },
        {
            "answer": "спасать студентов",
            "count": 1
        },
        {
            "answer": "движение",
            "count": 1
        },
        {
            "answer": "наука",
            "count": 1
        },
        {
            "answer": "помогать людям",
            "count": 1
        },
        {
            "answer": "наука",
            "count": 1
        },
        {
            "answer": "помогать людям",
            "count": 1
        },
        {
            "answer": "развитие",
            "count": 1
        }
    ]
}