{
    "id": 6956,
    "question": "Что планируете применять из пройденного обучения в ближайшее время?",
    "answers": [
        {
            "answer": "знания, которые получила",
            "count": 1
        },
        {
            "answer": "свой стиль управления",
            "count": 1
        },
        {
            "answer": "оценить персонал по типу",
            "count": 1
        },
        {
            "answer": "поработать над своими ошибками",
            "count": 1
        },
        {
            "answer": "индивидуальные встречи",
            "count": 1
        },
        {
            "answer": "стили руководства и поведения",
            "count": 1
        },
        {
            "answer": "диагностировать",
            "count": 1
        },
        {
            "answer": "применять нужный стиль рук",
            "count": 1
        },
        {
            "answer": "стили и поведения",
            "count": 1
        },
        {
            "answer": "оценку профиля коллег",
            "count": 1
        },
        {
            "answer": "адаптацию стилей руководства",
            "count": 1
        },
        {
            "answer": "оценка сотрудников",
            "count": 1
        },
        {
            "answer": "предложенные инструменты",
            "count": 1
        },
        {
            "answer": "индивидуальный подход",
            "count": 1
        },
        {
            "answer": "все",
            "count": 1
        },
        {
            "answer": "диагностику, набор  управления",
            "count": 1
        },
        {
            "answer": "модель ситуационного рук-ва",
            "count": 1
        },
        {
            "answer": "диагностику стилей работников",
            "count": 1
        },
        {
            "answer": "встречи «один не один»,",
            "count": 1
        },
        {
            "answer": "менять стили управления",
            "count": 1
        }
    ]
}