{
    "id": 6996,
    "question": "Что планируете применять из пройденного обучения в ближайшее время?",
    "answers": [
        {
            "answer": "Определение типов лидеров",
            "count": 1
        },
        {
            "answer": "Особенности взаимод-я типов",
            "count": 1
        },
        {
            "answer": "Типы лидеров",
            "count": 1
        },
        {
            "answer": "Коммуникация между лидерами",
            "count": 1
        },
        {
            "answer": "Качества лидера",
            "count": 1
        },
        {
            "answer": "Пройти практику на местах",
            "count": 1
        },
        {
            "answer": "Полученные знания о типах лиде",
            "count": 1
        },
        {
            "answer": "Всё",
            "count": 1
        },
        {
            "answer": "Понять кто я лидер или руковод",
            "count": 1
        },
        {
            "answer": "Выбор стратегии влияния",
            "count": 1
        },
        {
            "answer": "Лидерские качества",
            "count": 1
        },
        {
            "answer": "Подход по типу лидеров",
            "count": 1
        },
        {
            "answer": "Навыки убеждения",
            "count": 1
        },
        {
            "answer": "Систему PAEI",
            "count": 1
        },
        {
            "answer": "Выяснить свою лидерскую роль",
            "count": 1
        },
        {
            "answer": "определить какой я лидер",
            "count": 1
        },
        {
            "answer": "Навыки лидера",
            "count": 1
        },
        {
            "answer": "Воодушевляющую речь коллегам.",
            "count": 1
        },
        {
            "answer": "Типы лидеров",
            "count": 1
        },
        {
            "answer": ".",
            "count": 1
        },
        {
            "answer": "Лидерство",
            "count": 1
        }
    ]
}