{
    "id": 6998,
    "question": "Что поможет сделать программу более полезной для вас?",
    "answers": [
        {
            "answer": "определить какой я лидер",
            "count": 1
        },
        {
            "answer": "Навыки лидера",
            "count": 1
        },
        {
            "answer": "Воодушевляющую речь коллегам.",
            "count": 1
        },
        {
            "answer": "Типы лидеров",
            "count": 1
        },
        {
            "answer": ".",
            "count": 1
        },
        {
            "answer": "Лидерство",
            "count": 1
        },
        {
            "answer": "Взаимодействие типов PAEI",
            "count": 1
        },
        {
            "answer": "И. Адезису",
            "count": 1
        },
        {
            "answer": "Множество типо лидерства",
            "count": 1
        },
        {
            "answer": "Руководитель не всегда лидер",
            "count": 1
        },
        {
            "answer": "Лидерству можно и нужно учитьс",
            "count": 1
        },
        {
            "answer": "Как донести сотрудникам об изм",
            "count": 1
        },
        {
            "answer": "Структурировались знания",
            "count": 1
        },
        {
            "answer": "Новые теоретические знания",
            "count": 1
        },
        {
            "answer": "Модели и типы лидеров",
            "count": 1
        },
        {
            "answer": "Лидерство",
            "count": 1
        },
        {
            "answer": "которые н",
            "count": 1
        },
        {
            "answer": "Методы мотивации",
            "count": 1
        },
        {
            "answer": "Виды лидеров",
            "count": 1
        },
        {
            "answer": "понятие лидерства",
            "count": 1
        }
    ]
}