{
    "id": 7005,
    "question": "Что планируете применять из пройденного обучения в ближайшее время?",
    "answers": [
        {
            "answer": "Типология по DISC",
            "count": 1
        },
        {
            "answer": "Положительная обратная связь",
            "count": 1
        },
        {
            "answer": "Disc, положит. обратную связь",
            "count": 1
        },
        {
            "answer": "Обратная связь с учётом DISC",
            "count": 1
        },
        {
            "answer": "Типизация по DISC",
            "count": 1
        },
        {
            "answer": "DISC",
            "count": 1
        },
        {
            "answer": "модель disc на подчинённых",
            "count": 1
        },
        {
            "answer": "DISC, обратная связь",
            "count": 1
        },
        {
            "answer": "Все",
            "count": 1
        },
        {
            "answer": "Систему DISC",
            "count": 1
        },
        {
            "answer": "DISC",
            "count": 1
        },
        {
            "answer": "Эмпатию",
            "count": 1
        },
        {
            "answer": "ОС",
            "count": 1
        },
        {
            "answer": "Диск",
            "count": 1
        },
        {
            "answer": "Эмоциональный интеллект",
            "count": 1
        },
        {
            "answer": "DISC эмоцинтеллект",
            "count": 1
        },
        {
            "answer": "Обратная связь",
            "count": 1
        },
        {
            "answer": "Модель поведения disc",
            "count": 1
        },
        {
            "answer": "систему DISC",
            "count": 1
        },
        {
            "answer": "Disc эмоциональный интеллект",
            "count": 1
        },
        {
            "answer": "Disc",
            "count": 1
        },
        {
            "answer": "Disc",
            "count": 1
        },
        {
            "answer": "Все модели",
            "count": 1
        }
    ]
}