{
    "id": 7099,
    "question": "Что планируете применять из пройденного обучения в ближайшее время?",
    "answers": [
        {
            "answer": "структурирование и контроль",
            "count": 1
        },
        {
            "answer": "ситуационное руководство в цел",
            "count": 1
        },
        {
            "answer": "руководство по ситуации",
            "count": 1
        },
        {
            "answer": "диагностику",
            "count": 1
        },
        {
            "answer": "-",
            "count": 1
        },
        {
            "answer": "надеюсь",
            "count": 1
        },
        {
            "answer": "принципы сит.руководства",
            "count": 1
        },
        {
            "answer": "некорректно работал с двумя со",
            "count": 1
        },
        {
            "answer": "диагностика",
            "count": 1
        },
        {
            "answer": "самотестирование",
            "count": 1
        },
        {
            "answer": "новые знания",
            "count": 1
        },
        {
            "answer": "методы управления",
            "count": 1
        },
        {
            "answer": "-",
            "count": 1
        },
        {
            "answer": "принципы ситуационного руковод",
            "count": 1
        },
        {
            "answer": "все вроде на поверхности",
            "count": 1
        },
        {
            "answer": "стили руководства",
            "count": 1
        },
        {
            "answer": "1",
            "count": 1
        },
        {
            "answer": "предварительное ознакомление с",
            "count": 1
        },
        {
            "answer": "больше практики",
            "count": 1
        },
        {
            "answer": "обучение вне рабочего места",
            "count": 1
        },
        {
            "answer": "обратная связь",
            "count": 1
        },
        {
            "answer": "всё отлично",
            "count": 1
        },
        {
            "answer": "-",
            "count": 1
        }
    ]
}