{
    "id": 7175,
    "question": "Что для Вас цифровая трансформация? После каждого тезиса нажимайте \"ввод/enter\" на клавиатуре телефона или ПК. По завершению нажмите \"ответить\".",
    "answers": [
        {
            "answer": ".",
            "count": 1
        },
        {
            "answer": "доступность",
            "count": 1
        },
        {
            "answer": "эффективность",
            "count": 1
        },
        {
            "answer": "удобство",
            "count": 1
        },
        {
            "answer": "развитие бизнеса",
            "count": 1
        },
        {
            "answer": "эффективность",
            "count": 1
        },
        {
            "answer": "быстрые процессы",
            "count": 1
        },
        {
            "answer": "сокращение бюрократии",
            "count": 1
        },
        {
            "answer": "исключение ч-ка из процесса",
            "count": 1
        },
        {
            "answer": "изменения",
            "count": 1
        },
        {
            "answer": "изменение культуры",
            "count": 1
        },
        {
            "answer": "ускорение процессов",
            "count": 1
        },
        {
            "answer": "новые возможности",
            "count": 1
        },
        {
            "answer": "технологичечкое лидерство",
            "count": 1
        },
        {
            "answer": "изменение модели бизнеса",
            "count": 1
        },
        {
            "answer": "цифровизация принятия решений",
            "count": 1
        },
        {
            "answer": "повышение эффективности",
            "count": 1
        },
        {
            "answer": "лекарство",
            "count": 1
        },
        {
            "answer": "неимпортозамещение",
            "count": 1
        },
        {
            "answer": "это скорый поезд",
            "count": 1
        },
        {
            "answer": "новые возможности",
            "count": 1
        },
        {
            "answer": "возможность оптимизации",
            "count": 1
        },
        {
            "answer": "новый подход а бизнес процесса",
            "count": 1
        },
        {
            "answer": "жизнь",
            "count": 1
        },
        {
            "answer": "изменение бизнес-модели",
            "count": 1
        },
        {
            "answer": "уход от бумаги",
            "count": 1
        },
        {
            "answer": "эффективность",
            "count": 1
        },
        {
            "answer": "гибкость",
            "count": 1
        },
        {
            "answer": "прозрачность",
            "count": 1
        },
        {
            "answer": "реинжиниринг бизнес процессов",
            "count": 1
        },
        {
            "answer": "удобство",
            "count": 1
        },
        {
            "answer": "скорость и качество",
            "count": 1
        },
        {
            "answer": "повышение эффективности бизнес",
            "count": 1
        },
        {
            "answer": "возможность",
            "count": 1
        },
        {
            "answer": "новые бизнес-модели",
            "count": 1
        },
        {
            "answer": "leansmartplant",
            "count": 1
        },
        {
            "answer": "повышение эффективности",
            "count": 1
        }
    ]
}