{
    "id": 7203,
    "question": "ЧТО БЫЛО ДЛЯ МЕНЯ САМЫМ ПОЛЕЗНЫМ\\ЦЕННЫМ ЗА ДВА ДНЯ СЕССИИ?",
    "answers": [
        {
            "answer": "проблемы и предложенные решени",
            "count": 1
        },
        {
            "answer": "обмен опытом, диалог",
            "count": 1
        },
        {
            "answer": "командообразование",
            "count": 1
        },
        {
            "answer": "личное общение",
            "count": 1
        },
        {
            "answer": "озвучивание острых вопросов",
            "count": 1
        },
        {
            "answer": "осознание себя и своего места,",
            "count": 1
        },
        {
            "answer": "встретились",
            "count": 1
        },
        {
            "answer": "сверили ориентиры",
            "count": 1
        },
        {
            "answer": "знаком очное, совмест обсужд",
            "count": 1
        },
        {
            "answer": "обсуждение статуса стратегии",
            "count": 1
        },
        {
            "answer": "сама сессия",
            "count": 1
        },
        {
            "answer": "общение",
            "count": 1
        },
        {
            "answer": "общение",
            "count": 1
        },
        {
            "answer": "открытый диалог",
            "count": 1
        },
        {
            "answer": "планы и проблемы",
            "count": 1
        },
        {
            "answer": "общение с коллегами",
            "count": 1
        },
        {
            "answer": "поговорить",
            "count": 1
        },
        {
            "answer": "общение",
            "count": 1
        },
        {
            "answer": "лююююююди",
            "count": 1
        },
        {
            "answer": "информационное поле",
            "count": 1
        }
    ]
}