{
    "id": 7259,
    "question": "Что для вас бюрократия?",
    "answers": [
        {
            "answer": "затягивание процессов",
            "count": 1
        },
        {
            "answer": "излишние требования",
            "count": 1
        },
        {
            "answer": "дублирующие документы",
            "count": 1
        },
        {
            "answer": "излишние отчеты",
            "count": 1
        },
        {
            "answer": "дублирующие документы",
            "count": 1
        },
        {
            "answer": "избыток документов",
            "count": 1
        },
        {
            "answer": "подготовка бесполезных отчетов",
            "count": 1
        },
        {
            "answer": "дублирующие документы",
            "count": 1
        },
        {
            "answer": "зарегламентированность",
            "count": 1
        },
        {
            "answer": "дублирующие документы",
            "count": 1
        },
        {
            "answer": "незнание сотрудников",
            "count": 1
        },
        {
            "answer": "отсутствие целей",
            "count": 1
        },
        {
            "answer": "другое",
            "count": 1
        },
        {
            "answer": "бумажная волокита",
            "count": 1
        },
        {
            "answer": "дублирующие документы",
            "count": 1
        },
        {
            "answer": "бумажная волокита",
            "count": 1
        },
        {
            "answer": "бесполезные отчеты",
            "count": 1
        },
        {
            "answer": "страх ответственности",
            "count": 1
        },
        {
            "answer": "избыточное согласование",
            "count": 1
        },
        {
            "answer": "безразличие руководителей",
            "count": 1
        },
        {
            "answer": "большое количество отчётов",
            "count": 1
        },
        {
            "answer": "торможение бизнеса",
            "count": 1
        },
        {
            "answer": "отчетность",
            "count": 1
        },
        {
            "answer": "формализм",
            "count": 1
        },
        {
            "answer": "куча бумаги",
            "count": 1
        },
        {
            "answer": "лишние документы",
            "count": 1
        },
        {
            "answer": "система порядка",
            "count": 1
        },
        {
            "answer": "документирование процессов",
            "count": 1
        },
        {
            "answer": "бесполезные отчеты",
            "count": 1
        },
        {
            "answer": "бумажная волокита",
            "count": 1
        },
        {
            "answer": "нежелание меняться, негибкость",
            "count": 1
        },
        {
            "answer": "медленный отклик на изменения",
            "count": 1
        },
        {
            "answer": "избыток согласований",
            "count": 1
        },
        {
            "answer": "лишние процессы",
            "count": 1
        },
        {
            "answer": "антиоптимизация",
            "count": 1
        },
        {
            "answer": "излишняя отчетность",
            "count": 1
        },
        {
            "answer": "беготня",
            "count": 1
        },
        {
            "answer": "бумажная волокита",
            "count": 1
        },
        {
            "answer": "излишние трудозатраты",
            "count": 1
        },
        {
            "answer": "закостенелость мышления",
            "count": 1
        },
        {
            "answer": "здоровая бюрократия это хорошо",
            "count": 1
        },
        {
            "answer": "волокита",
            "count": 1
        },
        {
            "answer": "торможение процессов док-обор.",
            "count": 1
        },
        {
            "answer": "следование нормам без пользы",
            "count": 1
        },
        {
            "answer": "боязнь принять решение",
            "count": 1
        },
        {
            "answer": "система управления",
            "count": 1
        },
        {
            "answer": "бумажная волокита",
            "count": 1
        },
        {
            "answer": "некомпетентность",
            "count": 1
        },
        {
            "answer": "инструкции",
            "count": 1
        },
        {
            "answer": "порядки",
            "count": 1
        },
        {
            "answer": "руководства)",
            "count": 1
        },
        {
            "answer": "систематизация оформления",
            "count": 1
        },
        {
            "answer": "большое количество этапов реше",
            "count": 1
        },
        {
            "answer": "неповоротливость",
            "count": 1
        },
        {
            "answer": "плохо организованные процессы",
            "count": 1
        },
        {
            "answer": "ненужные правила",
            "count": 1
        },
        {
            "answer": "перекладывание ответственности",
            "count": 1
        },
        {
            "answer": "страх принятия ответственности",
            "count": 1
        },
        {
            "answer": "сложность взаимодействия",
            "count": 1
        },
        {
            "answer": "много документов",
            "count": 1
        },
        {
            "answer": "множество отчетов",
            "count": 1
        },
        {
            "answer": "прожигание ресурса",
            "count": 1
        },
        {
            "answer": "избыточность",
            "count": 1
        },
        {
            "answer": "особый порядок представления д",
            "count": 1
        },
        {
            "answer": "неэффективность",
            "count": 1
        },
        {
            "answer": "потеря времени",
            "count": 1
        },
        {
            "answer": "сложный процесс согласования",
            "count": 1
        },
        {
            "answer": "документ ради документа",
            "count": 1
        },
        {
            "answer": "бумажные документы",
            "count": 1
        },
        {
            "answer": "черезмерное кол-во документов",
            "count": 1
        },
        {
            "answer": "бумажная волокита",
            "count": 1
        },
        {
            "answer": "потеря времени",
            "count": 1
        },
        {
            "answer": "непродуктивность",
            "count": 1
        },
        {
            "answer": "затянутые сроки выпуска докуме",
            "count": 1
        },
        {
            "answer": "рег-цмя всех док и действий",
            "count": 1
        },
        {
            "answer": "что-то ругательное)))",
            "count": 1
        },
        {
            "answer": "ненужные документы",
            "count": 1
        },
        {
            "answer": "затягивание процесса решения",
            "count": 1
        },
        {
            "answer": "бумажная волокита",
            "count": 1
        },
        {
            "answer": "подход только по написанному",
            "count": 1
        },
        {
            "answer": "дублирование действий",
            "count": 1
        },
        {
            "answer": "самодурство",
            "count": 1
        },
        {
            "answer": "длительность процесса",
            "count": 1
        },
        {
            "answer": "увеличение времени на процесс",
            "count": 1
        },
        {
            "answer": "фиксация на бумаге",
            "count": 1
        },
        {
            "answer": "барьер",
            "count": 1
        },
        {
            "answer": "сверхформализм",
            "count": 1
        },
        {
            "answer": "избыточные запросы",
            "count": 1
        },
        {
            "answer": "излишняя отчетность",
            "count": 1
        },
        {
            "answer": "увеличение впп",
            "count": 1
        },
        {
            "answer": "вечная проблема",
            "count": 1
        },
        {
            "answer": "сжиратель времени и сил",
            "count": 1
        },
        {
            "answer": "затягивание процессов",
            "count": 1
        },
        {
            "answer": "волокита",
            "count": 1
        },
        {
            "answer": "затянутые сроки выпуска док.",
            "count": 1
        },
        {
            "answer": "фиксация на бумаге",
            "count": 1
        },
        {
            "answer": "тягомотина",
            "count": 1
        },
        {
            "answer": "хождение по кругу",
            "count": 1
        },
        {
            "answer": "бумажная волокита",
            "count": 1
        },
        {
            "answer": "потеря времени",
            "count": 1
        },
        {
            "answer": "потеря ресурсов",
            "count": 1
        },
        {
            "answer": "потеря здоровья",
            "count": 1
        }
    ]
}