{
    "id": 7288,
    "question": "Укажите навыки, которые формируются у школьников в проектной деятельности.",
    "answers": [
        {
            "answer": "коммуникабельность",
            "count": 1
        },
        {
            "answer": "креативность",
            "count": 1
        },
        {
            "answer": "действовать по инструкции",
            "count": 1
        },
        {
            "answer": "формулировать цель",
            "count": 1
        },
        {
            "answer": "сотрудничество",
            "count": 1
        },
        {
            "answer": "оценивать результат",
            "count": 1
        },
        {
            "answer": "выступать перед классом",
            "count": 1
        },
        {
            "answer": "рефлексия",
            "count": 1
        },
        {
            "answer": "планировать деятельность",
            "count": 1
        },
        {
            "answer": "любознательность,",
            "count": 1
        },
        {
            "answer": "создание идей",
            "count": 1
        },
        {
            "answer": "коммуникация",
            "count": 1
        },
        {
            "answer": "критическое мышление",
            "count": 1
        },
        {
            "answer": "структурирование знаний",
            "count": 1
        },
        {
            "answer": "презентационные",
            "count": 1
        },
        {
            "answer": "структурирование знаний",
            "count": 1
        },
        {
            "answer": "комуникотивность",
            "count": 1
        },
        {
            "answer": "работа в команде",
            "count": 1
        },
        {
            "answer": "работать на результат",
            "count": 1
        },
        {
            "answer": "критическое мышление",
            "count": 1
        },
        {
            "answer": "критическое мышление",
            "count": 1
        },
        {
            "answer": "поиска информации",
            "count": 1
        },
        {
            "answer": "работа в команде, планирование",
            "count": 1
        },
        {
            "answer": "работа в команде",
            "count": 1
        },
        {
            "answer": "креативность",
            "count": 1
        },
        {
            "answer": "критическое мышление",
            "count": 1
        },
        {
            "answer": "критическое мышление",
            "count": 1
        },
        {
            "answer": "- коммуникация",
            "count": 1
        },
        {
            "answer": "- работа в команде",
            "count": 1
        },
        {
            "answer": "- критическое мышление",
            "count": 1
        },
        {
            "answer": "комплексное мышление",
            "count": 1
        },
        {
            "answer": "умение работать в команде",
            "count": 1
        },
        {
            "answer": "организационные",
            "count": 1
        }
    ]
}