{
    "id": 7608,
    "question": "Как настроение?",
    "answers": [
        {
            "answer": "радуга",
            "count": 1
        },
        {
            "answer": "устал",
            "count": 1
        },
        {
            "answer": "отличное!",
            "count": 1
        },
        {
            "answer": "спать хочу",
            "count": 1
        },
        {
            "answer": "сууууупер!",
            "count": 1
        },
        {
            "answer": "хорошее",
            "count": 1
        },
        {
            "answer": "хорошее",
            "count": 1
        },
        {
            "answer": "позитивное",
            "count": 1
        },
        {
            "answer": "пушка",
            "count": 1
        },
        {
            "answer": "нормальное",
            "count": 1
        },
        {
            "answer": "хорошо",
            "count": 1
        },
        {
            "answer": "отлично",
            "count": 1
        },
        {
            "answer": "великолепно",
            "count": 1
        },
        {
            "answer": "шикарно",
            "count": 1
        },
        {
            "answer": "лично я уже устала",
            "count": 1
        },
        {
            "answer": "супер",
            "count": 1
        },
        {
            "answer": "30",
            "count": 1
        },
        {
            "answer": "супер!",
            "count": 1
        },
        {
            "answer": "супер",
            "count": 1
        },
        {
            "answer": "класное",
            "count": 1
        },
        {
            "answer": "грустное",
            "count": 1
        },
        {
            "answer": "бодрое",
            "count": 1
        },
        {
            "answer": "благодушное",
            "count": 1
        },
        {
            "answer": "атличное",
            "count": 1
        },
        {
            "answer": "классное",
            "count": 1
        },
        {
            "answer": "замечательное",
            "count": 1
        },
        {
            "answer": "восхитительное",
            "count": 1
        },
        {
            "answer": "чудное",
            "count": 1
        },
        {
            "answer": "плохое",
            "count": 1
        },
        {
            "answer": "восторженное",
            "count": 1
        },
        {
            "answer": "угрюмое",
            "count": 1
        },
        {
            "answer": "дружелюбное",
            "count": 1
        },
        {
            "answer": "чудесное",
            "count": 1
        },
        {
            "answer": "боевое",
            "count": 1
        },
        {
            "answer": "отменное",
            "count": 1
        },
        {
            "answer": "прикрасно",
            "count": 1
        },
        {
            "answer": "невесёлое",
            "count": 1
        },
        {
            "answer": "так себе",
            "count": 1
        },
        {
            "answer": "солнечное",
            "count": 1
        },
        {
            "answer": "радостное",
            "count": 1
        },
        {
            "answer": "великолепное",
            "count": 1
        },
        {
            "answer": "превосходное",
            "count": 1
        },
        {
            "answer": "нормальное",
            "count": 1
        },
        {
            "answer": "весёлое",
            "count": 1
        },
        {
            "answer": "харошее",
            "count": 1
        },
        {
            "answer": "супир",
            "count": 1
        },
        {
            "answer": "кайф",
            "count": 1
        },
        {
            "answer": "отличное",
            "count": 1
        }
    ]
}