{
    "id": 7673,
    "question": "О чем я думаю в мае-июне 2022 года?",
    "answers": [
        {
            "answer": "о",
            "count": 1
        },
        {
            "answer": "открытось доверие инспектору",
            "count": 1
        },
        {
            "answer": "о людях",
            "count": 1
        },
        {
            "answer": "безопасность",
            "count": 1
        },
        {
            "answer": "про цели",
            "count": 1
        },
        {
            "answer": "самооценка",
            "count": 1
        },
        {
            "answer": "безопасность",
            "count": 1
        },
        {
            "answer": "как улучшить работу по от",
            "count": 1
        },
        {
            "answer": "о работе",
            "count": 1
        },
        {
            "answer": "пищевая безопасность",
            "count": 1
        },
        {
            "answer": "о безопасности.",
            "count": 1
        },
        {
            "answer": "отпуск",
            "count": 1
        },
        {
            "answer": "задачи года",
            "count": 1
        },
        {
            "answer": "отпуск",
            "count": 1
        },
        {
            "answer": "выполнение плана",
            "count": 1
        },
        {
            "answer": "о белорусской аэс",
            "count": 1
        },
        {
            "answer": "безопасность",
            "count": 1
        },
        {
            "answer": "отпуск",
            "count": 1
        },
        {
            "answer": "отпуск",
            "count": 1
        },
        {
            "answer": "об отпуске",
            "count": 1
        },
        {
            "answer": "егэ",
            "count": 1
        },
        {
            "answer": "открытость и доверие",
            "count": 1
        },
        {
            "answer": "безопасность",
            "count": 1
        },
        {
            "answer": "молодёжь и безопасность",
            "count": 1
        },
        {
            "answer": "проекты",
            "count": 1
        },
        {
            "answer": "здоровье",
            "count": 1
        },
        {
            "answer": "о решении поставленных задач",
            "count": 1
        },
        {
            "answer": "ремонт дома",
            "count": 1
        },
        {
            "answer": "о рисках развития отрасли",
            "count": 1
        },
        {
            "answer": "об изменении законодательства",
            "count": 1
        },
        {
            "answer": "диверсификация бизнеса",
            "count": 1
        },
        {
            "answer": "о безопасности",
            "count": 1
        },
        {
            "answer": "будущее",
            "count": 1
        },
        {
            "answer": "производственные задачи",
            "count": 1
        },
        {
            "answer": "события на украине и их посл",
            "count": 1
        },
        {
            "answer": "спецоперация",
            "count": 1
        },
        {
            "answer": "организация выполнения планов",
            "count": 1
        },
        {
            "answer": "реализация проектов по кб",
            "count": 1
        },
        {
            "answer": "о сокрытии легкого травматизма",
            "count": 1
        },
        {
            "answer": "текущие проблемные вопросы",
            "count": 1
        },
        {
            "answer": "о сокрытии легкого травматизма",
            "count": 1
        },
        {
            "answer": "прибыль",
            "count": 1
        },
        {
            "answer": "об устойчивом результате",
            "count": 1
        },
        {
            "answer": "переоценка деятельности",
            "count": 1
        },
        {
            "answer": "набор персонала",
            "count": 1
        },
        {
            "answer": "преодоление дистанции власти",
            "count": 1
        },
        {
            "answer": "об отпуске",
            "count": 1
        },
        {
            "answer": "отпуск-работа",
            "count": 1
        },
        {
            "answer": "о стабильности",
            "count": 1
        },
        {
            "answer": "обстановка в мире",
            "count": 1
        },
        {
            "answer": "развитие",
            "count": 1
        },
        {
            "answer": "выполнение плана",
            "count": 1
        },
        {
            "answer": "пик ремонтов энергоблоков",
            "count": 1
        },
        {
            "answer": "о выполнении кпэ",
            "count": 1
        },
        {
            "answer": "импортозамещение",
            "count": 1
        },
        {
            "answer": "как достичь целей",
            "count": 1
        },
        {
            "answer": "в бою",
            "count": 1
        },
        {
            "answer": "о работе",
            "count": 1
        },
        {
            "answer": "обеспечение эксплуатации патэс",
            "count": 1
        },
        {
            "answer": "надежность работы",
            "count": 1
        },
        {
            "answer": "нужно собраться",
            "count": 1
        },
        {
            "answer": "проекты",
            "count": 1
        },
        {
            "answer": "упз",
            "count": 1
        },
        {
            "answer": "безопасность",
            "count": 1
        },
        {
            "answer": "импортозамещения",
            "count": 1
        },
        {
            "answer": "о работе",
            "count": 1
        },
        {
            "answer": "отпуск",
            "count": 1
        },
        {
            "answer": "безопасность",
            "count": 1
        },
        {
            "answer": "о мире",
            "count": 1
        },
        {
            "answer": "безопасность",
            "count": 1
        },
        {
            "answer": "перемены",
            "count": 1
        },
        {
            "answer": "безопасность",
            "count": 1
        },
        {
            "answer": "развитте",
            "count": 1
        },
        {
            "answer": "конец пандемии",
            "count": 1
        },
        {
            "answer": "о выполнении задач на лето",
            "count": 1
        },
        {
            "answer": "о самооценке по кб",
            "count": 1
        },
        {
            "answer": "о смысле жизни",
            "count": 1
        },
        {
            "answer": "планирование мероприятий по кб",
            "count": 1
        },
        {
            "answer": "работе",
            "count": 1
        },
        {
            "answer": "эффективность",
            "count": 1
        },
        {
            "answer": "безопасность",
            "count": 1
        },
        {
            "answer": "человеческий фактор",
            "count": 1
        },
        {
            "answer": "о россии",
            "count": 1
        },
        {
            "answer": "об отпуске",
            "count": 1
        },
        {
            "answer": "отпуск",
            "count": 1
        },
        {
            "answer": "выручка",
            "count": 1
        },
        {
            "answer": "отпуск",
            "count": 1
        }
    ]
}