{
    "id": 7674,
    "question": "Самое яркое достижение в области безопасности за 2021 – начало 2022 года в Концерне?",
    "answers": [
        {
            "answer": "работа в тяжёлых условиях",
            "count": 1
        },
        {
            "answer": "уровень травматизма",
            "count": 1
        },
        {
            "answer": "попытка открытости и доверия",
            "count": 1
        },
        {
            "answer": "открытость и доверие",
            "count": 1
        },
        {
            "answer": "работа с подрядчиками",
            "count": 1
        },
        {
            "answer": "развитие нулевого травматизма",
            "count": 1
        },
        {
            "answer": "снижение ьравиаьизма",
            "count": 1
        },
        {
            "answer": "вывод ltifr из кпэ",
            "count": 1
        },
        {
            "answer": "клуб по безопасности",
            "count": 1
        },
        {
            "answer": "недопущение смертельного травм",
            "count": 1
        },
        {
            "answer": "проект открытости и доверия",
            "count": 1
        },
        {
            "answer": "обратили внимание на бытовой т",
            "count": 1
        },
        {
            "answer": "отсутсвие нс",
            "count": 1
        },
        {
            "answer": "выработка э/э при соблюдении б",
            "count": 1
        },
        {
            "answer": "не было несчастных случаев",
            "count": 1
        },
        {
            "answer": "снижение травматизма",
            "count": 1
        },
        {
            "answer": "отсутсвие наказаний",
            "count": 1
        },
        {
            "answer": "безопасный пуск 2 блока лен-2",
            "count": 1
        },
        {
            "answer": "программа по повышения кровня",
            "count": 1
        },
        {
            "answer": "нет аварий",
            "count": 1
        },
        {
            "answer": "отсутствие значимых событий по",
            "count": 1
        },
        {
            "answer": "выработка электроэнергии",
            "count": 1
        },
        {
            "answer": "зарубежные проекты",
            "count": 1
        },
        {
            "answer": "выработка",
            "count": 1
        },
        {
            "answer": "лидерство",
            "count": 1
        },
        {
            "answer": "снижение рисков пандемии",
            "count": 1
        },
        {
            "answer": "безопасность в пандемию",
            "count": 1
        },
        {
            "answer": "окончание пандемии",
            "count": 1
        },
        {
            "answer": "внедрение проекта открытости и",
            "count": 1
        },
        {
            "answer": "отмена ограничений",
            "count": 1
        },
        {
            "answer": "открытость и доверие",
            "count": 1
        },
        {
            "answer": "пережили падемию",
            "count": 1
        },
        {
            "answer": "лёгкие случаи открыты",
            "count": 1
        },
        {
            "answer": "открытость по легким несч. слу",
            "count": 1
        },
        {
            "answer": "выработка",
            "count": 1
        },
        {
            "answer": "внимание к подрядчикам",
            "count": 1
        },
        {
            "answer": "авработка",
            "count": 1
        },
        {
            "answer": "выработка при безоп.эксп. блок",
            "count": 1
        },
        {
            "answer": "работа вопреки пандемии",
            "count": 1
        },
        {
            "answer": "привили ответственность",
            "count": 1
        },
        {
            "answer": "атмосфера доверия",
            "count": 1
        },
        {
            "answer": "персонал",
            "count": 1
        },
        {
            "answer": "низкое количество смертельных",
            "count": 1
        },
        {
            "answer": "отсутствие аварий",
            "count": 1
        },
        {
            "answer": "крп вао аэс + osart",
            "count": 1
        },
        {
            "answer": "модель лидера",
            "count": 1
        },
        {
            "answer": "успешное прохождение пандемии",
            "count": 1
        },
        {
            "answer": "самооценка",
            "count": 1
        },
        {
            "answer": "ответственность",
            "count": 1
        },
        {
            "answer": "низкий уровень травматизма",
            "count": 1
        },
        {
            "answer": "профилактика",
            "count": 1
        },
        {
            "answer": "старт по лидерству линейных ру",
            "count": 1
        },
        {
            "answer": "без смертей",
            "count": 1
        },
        {
            "answer": "безопасная работа аэс",
            "count": 1
        },
        {
            "answer": "создание клуба по безопасности",
            "count": 1
        },
        {
            "answer": "создание клуба по безопасности",
            "count": 1
        },
        {
            "answer": "без аварий",
            "count": 1
        },
        {
            "answer": "лидерство",
            "count": 1
        },
        {
            "answer": "максимальная выработка э/э",
            "count": 1
        },
        {
            "answer": "институт уполномоченных",
            "count": 1
        },
        {
            "answer": "пуски новых блоков",
            "count": 1
        },
        {
            "answer": "выработка электроэнергии",
            "count": 1
        },
        {
            "answer": "снижение травматизма",
            "count": 1
        },
        {
            "answer": "сохранили системность в работ",
            "count": 1
        },
        {
            "answer": "переход на проактивность",
            "count": 1
        },
        {
            "answer": "политика ненаказания",
            "count": 1
        },
        {
            "answer": "безаварийная работа",
            "count": 1
        },
        {
            "answer": "безопасность",
            "count": 1
        },
        {
            "answer": "отсутствие нс на стройке",
            "count": 1
        },
        {
            "answer": "работа одной командой",
            "count": 1
        },
        {
            "answer": "открытые коммуникации",
            "count": 1
        },
        {
            "answer": "актуальность безопасности",
            "count": 1
        },
        {
            "answer": "энерговыработка",
            "count": 1
        },
        {
            "answer": "атмосфера открытости и доверия",
            "count": 1
        },
        {
            "answer": "выработка э/э",
            "count": 1
        },
        {
            "answer": "выработка э/э",
            "count": 1
        },
        {
            "answer": "проект открытости и доверия",
            "count": 1
        },
        {
            "answer": "суб и от подрядных организаций",
            "count": 1
        },
        {
            "answer": "пандемия",
            "count": 1
        },
        {
            "answer": "безопасная эксплуатация",
            "count": 1
        },
        {
            "answer": "выработка",
            "count": 1
        },
        {
            "answer": "выполнение госзадания",
            "count": 1
        },
        {
            "answer": "снижение травматизма",
            "count": 1
        },
        {
            "answer": "развитие лидерства в безо",
            "count": 1
        },
        {
            "answer": "открытость и доверие",
            "count": 1
        }
    ]
}