{
    "id": 7721,
    "question": "Ваши ассоциации с детством",
    "answers": [
        {
            "answer": "добро",
            "count": 1
        },
        {
            "answer": "дом",
            "count": 1
        },
        {
            "answer": "друзья",
            "count": 1
        },
        {
            "answer": "каникулы",
            "count": 1
        },
        {
            "answer": "учеба",
            "count": 1
        },
        {
            "answer": "спорт",
            "count": 1
        },
        {
            "answer": "друзья",
            "count": 1
        },
        {
            "answer": "перемены",
            "count": 1
        },
        {
            "answer": "мечты",
            "count": 1
        },
        {
            "answer": "родители",
            "count": 1
        },
        {
            "answer": "школа",
            "count": 1
        },
        {
            "answer": "друзья",
            "count": 1
        },
        {
            "answer": "счастье",
            "count": 1
        },
        {
            "answer": "отдых у бабушки",
            "count": 1
        },
        {
            "answer": "друзья",
            "count": 1
        },
        {
            "answer": "рыбалка",
            "count": 1
        },
        {
            "answer": "семья",
            "count": 1
        },
        {
            "answer": "дружба",
            "count": 1
        },
        {
            "answer": "мама",
            "count": 1
        },
        {
            "answer": "день победы",
            "count": 1
        },
        {
            "answer": "легкость",
            "count": 1
        },
        {
            "answer": "бабушка. море.  тепло. друзья",
            "count": 1
        },
        {
            "answer": "книги",
            "count": 1
        },
        {
            "answer": "деревня",
            "count": 1
        },
        {
            "answer": "шахматы",
            "count": 1
        },
        {
            "answer": "ожидание бабушка школа книги",
            "count": 1
        },
        {
            "answer": "солнце",
            "count": 1
        },
        {
            "answer": "мама",
            "count": 1
        },
        {
            "answer": "радость, родители, лето,",
            "count": 1
        },
        {
            "answer": "дача бабушка велосипед море",
            "count": 1
        },
        {
            "answer": "дом",
            "count": 1
        },
        {
            "answer": "пионеры",
            "count": 1
        },
        {
            "answer": "лыжи",
            "count": 1
        },
        {
            "answer": "пластилин,черешня,папа,дом",
            "count": 1
        },
        {
            "answer": "мама",
            "count": 1
        },
        {
            "answer": "беззаботно",
            "count": 1
        },
        {
            "answer": "гулянки",
            "count": 1
        },
        {
            "answer": "счастье",
            "count": 1
        },
        {
            "answer": "деревня",
            "count": 1
        },
        {
            "answer": "счастье",
            "count": 1
        },
        {
            "answer": "деревня",
            "count": 1
        },
        {
            "answer": "двор",
            "count": 1
        },
        {
            "answer": "мотоцикл урал с люлькой",
            "count": 1
        },
        {
            "answer": "каникулы лето речка друзья",
            "count": 1
        },
        {
            "answer": "учеба, лагерь, каникулы",
            "count": 1
        },
        {
            "answer": "тепло",
            "count": 1
        },
        {
            "answer": "счастье",
            "count": 1
        },
        {
            "answer": "конфеты",
            "count": 1
        },
        {
            "answer": "север",
            "count": 1
        },
        {
            "answer": "двор, бабушка, игры, мяч, школ",
            "count": 1
        },
        {
            "answer": "славянск",
            "count": 1
        },
        {
            "answer": "солнце",
            "count": 1
        },
        {
            "answer": "беззаботность",
            "count": 1
        },
        {
            "answer": "защищенность",
            "count": 1
        },
        {
            "answer": "счастье",
            "count": 1
        },
        {
            "answer": "мороженное",
            "count": 1
        },
        {
            "answer": "лето",
            "count": 1
        },
        {
            "answer": "велосипед",
            "count": 1
        },
        {
            "answer": "рыбалка",
            "count": 1
        },
        {
            "answer": "мама",
            "count": 1
        },
        {
            "answer": "дом",
            "count": 1
        },
        {
            "answer": "двор",
            "count": 1
        },
        {
            "answer": "игра",
            "count": 1
        },
        {
            "answer": "море",
            "count": 1
        },
        {
            "answer": "улица",
            "count": 1
        },
        {
            "answer": "страх",
            "count": 1
        },
        {
            "answer": "друзья",
            "count": 1
        },
        {
            "answer": "владивосток",
            "count": 1
        },
        {
            "answer": "велосипед",
            "count": 1
        },
        {
            "answer": "мама",
            "count": 1
        },
        {
            "answer": "семья",
            "count": 1
        },
        {
            "answer": "голод",
            "count": 1
        },
        {
            "answer": "выживание в 90-е",
            "count": 1
        },
        {
            "answer": "сельхозтруд",
            "count": 1
        },
        {
            "answer": "беззаботное",
            "count": 1
        },
        {
            "answer": "мечта",
            "count": 1
        },
        {
            "answer": "мама",
            "count": 1
        },
        {
            "answer": "деревня",
            "count": 1
        },
        {
            "answer": "украина",
            "count": 1
        },
        {
            "answer": "хорошо",
            "count": 1
        },
        {
            "answer": "речка",
            "count": 1
        },
        {
            "answer": "дача",
            "count": 1
        },
        {
            "answer": "лондон солнце лиаз парк",
            "count": 1
        },
        {
            "answer": "мама",
            "count": 1
        },
        {
            "answer": "лето",
            "count": 1
        },
        {
            "answer": "бабушка",
            "count": 1
        },
        {
            "answer": "деревня",
            "count": 1
        },
        {
            "answer": "счастье",
            "count": 1
        },
        {
            "answer": "бабушка",
            "count": 1
        },
        {
            "answer": "дедушка",
            "count": 1
        },
        {
            "answer": "дед мороз",
            "count": 1
        },
        {
            "answer": "деревня",
            "count": 1
        },
        {
            "answer": "радость",
            "count": 1
        },
        {
            "answer": "пионерский лагерь",
            "count": 1
        },
        {
            "answer": "мама",
            "count": 1
        },
        {
            "answer": "лето",
            "count": 1
        },
        {
            "answer": "счастье",
            "count": 1
        },
        {
            "answer": "улица",
            "count": 1
        },
        {
            "answer": "мама",
            "count": 1
        },
        {
            "answer": "беззаботность",
            "count": 1
        },
        {
            "answer": "доброта",
            "count": 1
        },
        {
            "answer": "школа",
            "count": 1
        },
        {
            "answer": "бабушка",
            "count": 1
        },
        {
            "answer": "мама",
            "count": 1
        },
        {
            "answer": "родители",
            "count": 1
        },
        {
            "answer": "счастье",
            "count": 1
        },
        {
            "answer": "деревня",
            "count": 1
        },
        {
            "answer": "мороженное",
            "count": 1
        },
        {
            "answer": "ссср",
            "count": 1
        },
        {
            "answer": "лихие 90-е",
            "count": 1
        },
        {
            "answer": "радость",
            "count": 1
        },
        {
            "answer": "беззаботность",
            "count": 1
        },
        {
            "answer": "велосипед",
            "count": 1
        },
        {
            "answer": "счастье",
            "count": 1
        },
        {
            "answer": "мечты",
            "count": 1
        },
        {
            "answer": "мама",
            "count": 1
        },
        {
            "answer": "квн",
            "count": 1
        },
        {
            "answer": "школа",
            "count": 1
        },
        {
            "answer": "дом",
            "count": 1
        },
        {
            "answer": "солнце",
            "count": 1
        },
        {
            "answer": "мама",
            "count": 1
        },
        {
            "answer": "вп",
            "count": 1
        }
    ]
}