{
    "id": 7824,
    "question": "Самые значимые достижения строительного комплекса атомной отрасли за последние 10 лет?",
    "answers": [
        {
            "answer": "лидеры",
            "count": 1
        },
        {
            "answer": "бн-800",
            "count": 1
        },
        {
            "answer": "развитие",
            "count": 1
        },
        {
            "answer": "белаэс",
            "count": 1
        },
        {
            "answer": "мбир",
            "count": 1
        },
        {
            "answer": "tcm nc",
            "count": 1
        },
        {
            "answer": "развёрнуто массовое строительс",
            "count": 1
        },
        {
            "answer": "безопасность",
            "count": 1
        },
        {
            "answer": "медицина",
            "count": 1
        },
        {
            "answer": "экологичность",
            "count": 1
        },
        {
            "answer": "зарубежные аэс",
            "count": 1
        },
        {
            "answer": "новые реакторы",
            "count": 1
        },
        {
            "answer": "брест",
            "count": 1
        },
        {
            "answer": "мфр",
            "count": 1
        },
        {
            "answer": "нваэс-2",
            "count": 1
        },
        {
            "answer": "мокс",
            "count": 1
        },
        {
            "answer": "готовые объекты",
            "count": 1
        },
        {
            "answer": "tcm nc",
            "count": 1
        },
        {
            "answer": "3+",
            "count": 1
        },
        {
            "answer": "развитие",
            "count": 1
        },
        {
            "answer": "ленинградская аэс",
            "count": 1
        },
        {
            "answer": "аэс аккую",
            "count": 1
        },
        {
            "answer": "лидерство на внешнем рынке стр",
            "count": 1
        },
        {
            "answer": "развитие",
            "count": 1
        },
        {
            "answer": "надежность",
            "count": 1
        },
        {
            "answer": "удорожание",
            "count": 1
        },
        {
            "answer": "качество",
            "count": 1
        },
        {
            "answer": "строительство ростовской аэс",
            "count": 1
        },
        {
            "answer": "ростов",
            "count": 1
        },
        {
            "answer": "лаэс",
            "count": 1
        },
        {
            "answer": "таэс",
            "count": 1
        },
        {
            "answer": "tcm",
            "count": 1
        },
        {
            "answer": "мокс",
            "count": 1
        },
        {
            "answer": "патэс",
            "count": 1
        },
        {
            "answer": "хоят",
            "count": 1
        },
        {
            "answer": "одц",
            "count": 1
        },
        {
            "answer": "нв аэс-2",
            "count": 1
        },
        {
            "answer": "нововоронежская аэс-2",
            "count": 1
        },
        {
            "answer": "ленинградская аэс-2",
            "count": 1
        },
        {
            "answer": "укх хоят",
            "count": 1
        },
        {
            "answer": "в яоке деградация",
            "count": 1
        },
        {
            "answer": "вхождение в рынок",
            "count": 1
        },
        {
            "answer": "тенденции россии",
            "count": 1
        },
        {
            "answer": "задачи выполнены",
            "count": 1
        },
        {
            "answer": "развитие кадрового потенциала",
            "count": 1
        },
        {
            "answer": "продолжаем развиваться",
            "count": 1
        },
        {
            "answer": "цифровизация",
            "count": 1
        },
        {
            "answer": "развал",
            "count": 1
        },
        {
            "answer": "рост",
            "count": 1
        },
        {
            "answer": "бюрократия",
            "count": 1
        },
        {
            "answer": "реактор 3+",
            "count": 1
        },
        {
            "answer": "финансирование",
            "count": 1
        },
        {
            "answer": "госстройнадзор гр",
            "count": 1
        },
        {
            "answer": "новые продукты",
            "count": 1
        },
        {
            "answer": "ввод новвх блоков",
            "count": 1
        },
        {
            "answer": "студенческие отряды",
            "count": 1
        },
        {
            "answer": "ростовская аэс блоки3,4",
            "count": 1
        },
        {
            "answer": "нововоронежская аэс-2 бл 1,2",
            "count": 1
        },
        {
            "answer": "ленинградская аэс-2",
            "count": 1
        },
        {
            "answer": "лаэс-2",
            "count": 1
        },
        {
            "answer": "мбир",
            "count": 1
        },
        {
            "answer": "автоматизация процессов",
            "count": 1
        },
        {
            "answer": "атомный ледокол арктика",
            "count": 1
        },
        {
            "answer": "стабильное развите",
            "count": 1
        },
        {
            "answer": "план посооружению",
            "count": 1
        },
        {
            "answer": "tcm nc",
            "count": 1
        },
        {
            "answer": "руппур",
            "count": 1
        },
        {
            "answer": "беларусь",
            "count": 1
        },
        {
            "answer": "ростовская аэс",
            "count": 1
        },
        {
            "answer": "ленинградская аэс",
            "count": 1
        },
        {
            "answer": "tcm nc",
            "count": 1
        },
        {
            "answer": "тим",
            "count": 1
        },
        {
            "answer": "мбир",
            "count": 1
        },
        {
            "answer": "брест",
            "count": 1
        },
        {
            "answer": "ленинградская атомная",
            "count": 1
        },
        {
            "answer": "ростовская атомная",
            "count": 1
        },
        {
            "answer": "мбир",
            "count": 1
        },
        {
            "answer": "зарубежные стройки",
            "count": 1
        },
        {
            "answer": "развитие",
            "count": 1
        },
        {
            "answer": "пуск белорусской аэс",
            "count": 1
        },
        {
            "answer": "пуск лаэс",
            "count": 1
        },
        {
            "answer": "сооружение аэс",
            "count": 1
        },
        {
            "answer": "взаимодействие",
            "count": 1
        },
        {
            "answer": "доверие",
            "count": 1
        },
        {
            "answer": "общение на одном уровне",
            "count": 1
        },
        {
            "answer": "прорыв",
            "count": 1
        },
        {
            "answer": "баэс",
            "count": 1
        },
        {
            "answer": "белорусская аэс",
            "count": 1
        },
        {
            "answer": "применение бим технологий",
            "count": 1
        },
        {
            "answer": "цифровые модели",
            "count": 1
        },
        {
            "answer": "аскао",
            "count": 1
        },
        {
            "answer": "tcm nc",
            "count": 1
        },
        {
            "answer": "нваэс-2",
            "count": 1
        },
        {
            "answer": "лаэс-2",
            "count": 1
        },
        {
            "answer": "ввод 9 блоков аэс",
            "count": 1
        },
        {
            "answer": "аккую",
            "count": 1
        },
        {
            "answer": "белаэс",
            "count": 1
        },
        {
            "answer": "аэс",
            "count": 1
        },
        {
            "answer": "пиар",
            "count": 1
        },
        {
            "answer": "пиар",
            "count": 1
        },
        {
            "answer": "пиар",
            "count": 1
        },
        {
            "answer": "пиар",
            "count": 1
        },
        {
            "answer": "возрождение стройки",
            "count": 1
        },
        {
            "answer": "баэс",
            "count": 1
        },
        {
            "answer": "экология",
            "count": 1
        },
        {
            "answer": "ввод аэс",
            "count": 1
        },
        {
            "answer": "рост объектов",
            "count": 1
        },
        {
            "answer": "зарубежные стройки",
            "count": 1
        },
        {
            "answer": "ввод блоков поколения 3+",
            "count": 1
        },
        {
            "answer": "строительство аэс",
            "count": 1
        },
        {
            "answer": "развитие",
            "count": 1
        },
        {
            "answer": "строительство энергоблоков",
            "count": 1
        },
        {
            "answer": "гоз",
            "count": 1
        },
        {
            "answer": "зарубежные блоки",
            "count": 1
        },
        {
            "answer": "прорыв",
            "count": 1
        },
        {
            "answer": "3+",
            "count": 1
        },
        {
            "answer": "наращивание",
            "count": 1
        },
        {
            "answer": "пуск воронежской аэс2",
            "count": 1
        },
        {
            "answer": "100 гоз",
            "count": 1
        },
        {
            "answer": "ввод аэс",
            "count": 1
        },
        {
            "answer": "развитие",
            "count": 1
        },
        {
            "answer": "люди",
            "count": 1
        },
        {
            "answer": "стабильность",
            "count": 1
        },
        {
            "answer": "объекты",
            "count": 1
        },
        {
            "answer": "конференции",
            "count": 1
        },
        {
            "answer": "рост",
            "count": 1
        },
        {
            "answer": "масштаб",
            "count": 1
        },
        {
            "answer": "ленинградская аэс",
            "count": 1
        },
        {
            "answer": "аккуя",
            "count": 1
        },
        {
            "answer": "строительство новых блоков",
            "count": 1
        },
        {
            "answer": "инжиниринг",
            "count": 1
        },
        {
            "answer": "выход на зарубежье",
            "count": 1
        },
        {
            "answer": "новые проекты блоков",
            "count": 1
        },
        {
            "answer": "аккую",
            "count": 1
        },
        {
            "answer": "белорусская аэс",
            "count": 1
        },
        {
            "answer": "строительство брест-300",
            "count": 1
        },
        {
            "answer": "аэс",
            "count": 1
        },
        {
            "answer": "ввр1200",
            "count": 1
        },
        {
            "answer": "система",
            "count": 1
        },
        {
            "answer": "строительство аэс",
            "count": 1
        },
        {
            "answer": "мы выжили",
            "count": 1
        },
        {
            "answer": "сроки",
            "count": 1
        },
        {
            "answer": "рост обьемов",
            "count": 1
        },
        {
            "answer": "севморпуть",
            "count": 1
        },
        {
            "answer": "лидеры",
            "count": 1
        },
        {
            "answer": "система -пускать",
            "count": 1
        },
        {
            "answer": "система-строить",
            "count": 1
        },
        {
            "answer": "компетентность",
            "count": 1
        },
        {
            "answer": "самодостаточность",
            "count": 1
        },
        {
            "answer": "зарубежные стройки",
            "count": 1
        },
        {
            "answer": "пионер",
            "count": 1
        },
        {
            "answer": "молодежь",
            "count": 1
        },
        {
            "answer": "консорциумы",
            "count": 1
        }
    ]
}