{
    "id": 7848,
    "question": "Ваша должность?",
    "answers": [
        {
            "answer": "Учитель",
            "count": 1
        },
        {
            "answer": "научный сотрудник",
            "count": 1
        },
        {
            "answer": "доцент",
            "count": 1
        },
        {
            "answer": "преподаватель",
            "count": 1
        },
        {
            "answer": "ассистент",
            "count": 1
        },
        {
            "answer": "преподаватель",
            "count": 1
        },
        {
            "answer": "методист",
            "count": 1
        },
        {
            "answer": "инженер группы подготовки перс",
            "count": 1
        },
        {
            "answer": "старший методист",
            "count": 1
        },
        {
            "answer": "начальник отдела кадров",
            "count": 1
        },
        {
            "answer": "педогог-организатор",
            "count": 1
        },
        {
            "answer": "рук. службы внутр. контроля",
            "count": 1
        },
        {
            "answer": "методист",
            "count": 1
        },
        {
            "answer": "заведующий кафедрой пгс",
            "count": 1
        },
        {
            "answer": "ведущий специалист уиос",
            "count": 1
        },
        {
            "answer": "начальник отдела управления пе",
            "count": 1
        },
        {
            "answer": "инженер 1 категории уврк орб",
            "count": 1
        },
        {
            "answer": "начальник окроирп",
            "count": 1
        },
        {
            "answer": "мастер производственного обуче",
            "count": 1
        },
        {
            "answer": "доцент, завкафедрой",
            "count": 1
        },
        {
            "answer": "преподаватель",
            "count": 1
        },
        {
            "answer": "начальник группы",
            "count": 1
        },
        {
            "answer": "преподаватель",
            "count": 1
        },
        {
            "answer": "преподаватель, завед. филиалом",
            "count": 1
        },
        {
            "answer": "руководитель физического воспи",
            "count": 1
        },
        {
            "answer": "заместитель директора",
            "count": 1
        },
        {
            "answer": "специалист по обучению в отдел",
            "count": 1
        },
        {
            "answer": "главный специалист",
            "count": 1
        },
        {
            "answer": "инженер",
            "count": 1
        },
        {
            "answer": "инженер-проектировщик 3 кат.",
            "count": 1
        },
        {
            "answer": "инженер-проектировщик 1 кат",
            "count": 1
        },
        {
            "answer": "преподаватель",
            "count": 1
        },
        {
            "answer": "научный сотрудник",
            "count": 1
        },
        {
            "answer": "начальник участка ахкиси цтаи",
            "count": 1
        },
        {
            "answer": "старший научный сотрудник",
            "count": 1
        },
        {
            "answer": "старший преподаватель",
            "count": 1
        },
        {
            "answer": "инженер-проектировщик",
            "count": 1
        },
        {
            "answer": "доцент",
            "count": 1
        },
        {
            "answer": "начальник отдела",
            "count": 1
        },
        {
            "answer": "и.о. нач отдела",
            "count": 1
        },
        {
            "answer": "ассистент",
            "count": 1
        },
        {
            "answer": "начальник группы",
            "count": 1
        },
        {
            "answer": "преподаватель",
            "count": 1
        },
        {
            "answer": "ведущий инженер",
            "count": 1
        },
        {
            "answer": "инженер-проектировщик 1 кат.",
            "count": 1
        },
        {
            "answer": "младший научный сотрудник",
            "count": 1
        },
        {
            "answer": "заведующий лабораторией",
            "count": 1
        },
        {
            "answer": "доцент кафедры",
            "count": 1
        },
        {
            "answer": "hr",
            "count": 1
        },
        {
            "answer": "проректор",
            "count": 1
        },
        {
            "answer": "преподаватель",
            "count": 1
        }
    ]
}