{
    "id": 7850,
    "question": "Назовите 3 наиболее важных для вас признака цифрового поколения?",
    "answers": [
        {
            "answer": "Неумение работать с текстовой",
            "count": 1
        },
        {
            "answer": "Коммуникабельность",
            "count": 1
        },
        {
            "answer": "Креативность",
            "count": 1
        },
        {
            "answer": "технологичны",
            "count": 1
        },
        {
            "answer": "самодостаточны",
            "count": 1
        },
        {
            "answer": "практичны",
            "count": 1
        },
        {
            "answer": "целеустремлённость",
            "count": 1
        },
        {
            "answer": "ориентация на самореализацию",
            "count": 1
        },
        {
            "answer": "зависимость от гаджетов",
            "count": 1
        },
        {
            "answer": "ориентированы на гаджеты и кон",
            "count": 1
        },
        {
            "answer": "автоматизация",
            "count": 1
        },
        {
            "answer": "кибербезопасность",
            "count": 1
        },
        {
            "answer": "отсутствие концентрации",
            "count": 1
        },
        {
            "answer": "смартфон всегда с собой",
            "count": 1
        },
        {
            "answer": "многопоточная информация",
            "count": 1
        },
        {
            "answer": "компьютерная грамотность",
            "count": 1
        },
        {
            "answer": "не могут без интернета",
            "count": 1
        },
        {
            "answer": "не хотят работать по графику",
            "count": 1
        },
        {
            "answer": "желают наслаждаться жизнью",
            "count": 1
        },
        {
            "answer": "мобильность,",
            "count": 1
        },
        {
            "answer": "мобильность,",
            "count": 1
        },
        {
            "answer": "гаджеты, вирт простр, шаблон",
            "count": 1
        },
        {
            "answer": "подход к воспитанию",
            "count": 1
        },
        {
            "answer": "информационное поле",
            "count": 1
        },
        {
            "answer": "событийность",
            "count": 1
        },
        {
            "answer": "восприятие через экран",
            "count": 1
        },
        {
            "answer": "не восприятие слова «надо»",
            "count": 1
        },
        {
            "answer": "быстрая ориентация в информац.",
            "count": 1
        },
        {
            "answer": "мышление внимание",
            "count": 1
        },
        {
            "answer": "психологическая гибкость",
            "count": 1
        },
        {
            "answer": "практичность",
            "count": 1
        },
        {
            "answer": "креативность",
            "count": 1
        },
        {
            "answer": "неразвитая речь",
            "count": 1
        },
        {
            "answer": "слабая эмоциональность",
            "count": 1
        },
        {
            "answer": "цифровое мышление",
            "count": 1
        },
        {
            "answer": "много времени проводят за комп",
            "count": 1
        },
        {
            "answer": "интернет авторитетный источник",
            "count": 1
        },
        {
            "answer": "цифровая грамотность",
            "count": 1
        },
        {
            "answer": "активность",
            "count": 1
        },
        {
            "answer": "мобильность",
            "count": 1
        },
        {
            "answer": "проблемы с написанием текстов",
            "count": 1
        },
        {
            "answer": "не перепроверяют информацию",
            "count": 1
        },
        {
            "answer": "визуалы",
            "count": 1
        },
        {
            "answer": "ориентированы на it",
            "count": 1
        },
        {
            "answer": "-",
            "count": 1
        },
        {
            "answer": "отрешённость",
            "count": 1
        },
        {
            "answer": "зависимость от гаджетов",
            "count": 1
        },
        {
            "answer": "интеллектуальность",
            "count": 1
        },
        {
            "answer": "социальные сети",
            "count": 1
        },
        {
            "answer": "прокрастинация",
            "count": 1
        },
        {
            "answer": "смартфон в руках",
            "count": 1
        },
        {
            "answer": "цифровизация процессов",
            "count": 1
        },
        {
            "answer": "скорость мышления",
            "count": 1
        },
        {
            "answer": "стремление к комфорту",
            "count": 1
        },
        {
            "answer": "жизнь в гаджетах",
            "count": 1
        },
        {
            "answer": "проблемы с коммуникацией",
            "count": 1
        },
        {
            "answer": "способность комуницировать уда",
            "count": 1
        },
        {
            "answer": "в руках постоянно телефон",
            "count": 1
        },
        {
            "answer": "ничего не могут без интернета",
            "count": 1
        },
        {
            "answer": "цифровая грамотность",
            "count": 1
        },
        {
            "answer": "рассредоточенность внимания",
            "count": 1
        },
        {
            "answer": "открытость",
            "count": 1
        },
        {
            "answer": "мобильность",
            "count": 1
        },
        {
            "answer": "активно пользуются гаджетами",
            "count": 1
        },
        {
            "answer": "приоритет цифровой информации",
            "count": 1
        },
        {
            "answer": "поиск информации только в сети",
            "count": 1
        },
        {
            "answer": "не возможность долгой концентр",
            "count": 1
        },
        {
            "answer": "уверенное владение всей цифтех",
            "count": 1
        },
        {
            "answer": "активное использование наджето",
            "count": 1
        },
        {
            "answer": "свободное владение языками",
            "count": 1
        },
        {
            "answer": "отказ от бумажных носителей",
            "count": 1
        },
        {
            "answer": "цифровые сервисы ежедневно",
            "count": 1
        },
        {
            "answer": "толерантность",
            "count": 1
        },
        {
            "answer": "гаджеты",
            "count": 1
        },
        {
            "answer": "эмоции",
            "count": 1
        },
        {
            "answer": "электронный документооборот",
            "count": 1
        },
        {
            "answer": "активно пользуется telegram",
            "count": 1
        },
        {
            "answer": "больше пишет, чем звонит",
            "count": 1
        },
        {
            "answer": "неумение понимать текст)",
            "count": 1
        },
        {
            "answer": "клиповое мышление, многозадачн",
            "count": 1
        },
        {
            "answer": "отсутствие авторитетов",
            "count": 1
        },
        {
            "answer": "приоритетность своих  над колл",
            "count": 1
        },
        {
            "answer": "ориентация, сообразительность,",
            "count": 1
        },
        {
            "answer": "мультизадачность",
            "count": 1
        },
        {
            "answer": "потеря интереса к чтению",
            "count": 1
        },
        {
            "answer": "зависимость от гаджетов",
            "count": 1
        },
        {
            "answer": "мобильность, творческое мышлен",
            "count": 1
        },
        {
            "answer": "вовлечённость,",
            "count": 1
        },
        {
            "answer": "-",
            "count": 1
        },
        {
            "answer": "-",
            "count": 1
        },
        {
            "answer": "ум",
            "count": 1
        },
        {
            "answer": "красота",
            "count": 1
        },
        {
            "answer": "грамотность",
            "count": 1
        },
        {
            "answer": "гибкость",
            "count": 1
        },
        {
            "answer": "быстрота",
            "count": 1
        },
        {
            "answer": "переключаемость",
            "count": 1
        },
        {
            "answer": "клиповое мышление",
            "count": 1
        }
    ]
}