{
    "id": 8038,
    "question": "Если бы нужно было одним словом описать ваше участие в интенсив-курсе, какое бы это было слово?",
    "answers": [
        {
            "answer": "огонь!",
            "count": 1
        },
        {
            "answer": "феерично",
            "count": 1
        },
        {
            "answer": "позитивно",
            "count": 1
        },
        {
            "answer": "полезно",
            "count": 1
        },
        {
            "answer": "проникся",
            "count": 1
        },
        {
            "answer": "эксперт",
            "count": 1
        },
        {
            "answer": "аватар",
            "count": 1
        },
        {
            "answer": "генерация",
            "count": 1
        },
        {
            "answer": "на высоте",
            "count": 1
        },
        {
            "answer": "кавабанга",
            "count": 1
        },
        {
            "answer": "интересно",
            "count": 1
        },
        {
            "answer": "позитив",
            "count": 1
        },
        {
            "answer": "полезно",
            "count": 1
        },
        {
            "answer": "добрый вечер мы из россии!",
            "count": 1
        },
        {
            "answer": "необходимость",
            "count": 1
        },
        {
            "answer": "позитив",
            "count": 1
        },
        {
            "answer": "всегда",
            "count": 1
        },
        {
            "answer": "увлекательно",
            "count": 1
        },
        {
            "answer": "продуктивно",
            "count": 1
        },
        {
            "answer": "#неуснул",
            "count": 1
        },
        {
            "answer": "замечательно 👍",
            "count": 1
        },
        {
            "answer": "скептик",
            "count": 1
        },
        {
            "answer": "интересно",
            "count": 1
        },
        {
            "answer": "команда",
            "count": 1
        },
        {
            "answer": "благодарный слушатель",
            "count": 1
        },
        {
            "answer": "конструктивно",
            "count": 1
        },
        {
            "answer": "актив",
            "count": 1
        },
        {
            "answer": "эффективно",
            "count": 1
        },
        {
            "answer": "польза",
            "count": 1
        },
        {
            "answer": "познавательно",
            "count": 1
        },
        {
            "answer": "погружение",
            "count": 1
        },
        {
            "answer": "огонь",
            "count": 1
        },
        {
            "answer": "кайф",
            "count": 1
        },
        {
            "answer": "драйв",
            "count": 1
        }
    ]
}