{
    "id": 8295,
    "question": "Компас это - ...",
    "answers": [
        {
            "answer": "Движение вперёд.",
            "count": 1
        },
        {
            "answer": "Указатгль направления развития",
            "count": 1
        },
        {
            "answer": "Навигатор",
            "count": 1
        },
        {
            "answer": "Команда",
            "count": 1
        },
        {
            "answer": "Прогресс",
            "count": 1
        },
        {
            "answer": "Движение вперед",
            "count": 1
        },
        {
            "answer": "Программа",
            "count": 1
        },
        {
            "answer": "Верный путь",
            "count": 1
        },
        {
            "answer": "Люди",
            "count": 1
        },
        {
            "answer": "Стратегия",
            "count": 1
        },
        {
            "answer": "Инструмент",
            "count": 1
        },
        {
            "answer": "Успех",
            "count": 1
        },
        {
            "answer": "Движение вверх",
            "count": 1
        },
        {
            "answer": "Путеводитель",
            "count": 1
        },
        {
            "answer": "Лидерство",
            "count": 1
        },
        {
            "answer": "Продвижение",
            "count": 1
        },
        {
            "answer": "Команда",
            "count": 1
        },
        {
            "answer": "Самореализация",
            "count": 1
        },
        {
            "answer": "Драйв",
            "count": 1
        },
        {
            "answer": "Развитие",
            "count": 1
        },
        {
            "answer": "Новые возможности",
            "count": 1
        },
        {
            "answer": "Вектор",
            "count": 1
        },
        {
            "answer": "Движение вверх",
            "count": 1
        },
        {
            "answer": "Движение вперёд",
            "count": 1
        },
        {
            "answer": "Цель",
            "count": 1
        },
        {
            "answer": "Вектор развития",
            "count": 1
        },
        {
            "answer": "Команда",
            "count": 1
        },
        {
            "answer": "Интересно",
            "count": 1
        },
        {
            "answer": "Успех",
            "count": 1
        },
        {
            "answer": "Вектор",
            "count": 1
        },
        {
            "answer": "Помошник",
            "count": 1
        },
        {
            "answer": "Вектор",
            "count": 1
        },
        {
            "answer": "Путеводитель",
            "count": 1
        },
        {
            "answer": "Направление жизни",
            "count": 1
        },
        {
            "answer": "Развитие",
            "count": 1
        },
        {
            "answer": "Развитие",
            "count": 1
        },
        {
            "answer": "Путеводитель",
            "count": 1
        },
        {
            "answer": "Развитие",
            "count": 1
        },
        {
            "answer": "Команда",
            "count": 1
        },
        {
            "answer": "Направление развитие",
            "count": 1
        },
        {
            "answer": "Весело",
            "count": 1
        },
        {
            "answer": "Книга",
            "count": 1
        },
        {
            "answer": "Вектор",
            "count": 1
        },
        {
            "answer": "Инструмент",
            "count": 1
        },
        {
            "answer": "Команда",
            "count": 1
        }
    ]
}