{
    "id": 8306,
    "question": "Общее впечатление от визита",
    "answers": [
        {
            "answer": "Узконаправленно",
            "count": 1
        },
        {
            "answer": "Норм",
            "count": 1
        },
        {
            "answer": "красиво",
            "count": 1
        },
        {
            "answer": "Модно",
            "count": 1
        },
        {
            "answer": "Любопытно",
            "count": 1
        },
        {
            "answer": "Молодость",
            "count": 1
        },
        {
            "answer": "Гранты",
            "count": 1
        },
        {
            "answer": "Налоги",
            "count": 1
        },
        {
            "answer": "Молодость",
            "count": 1
        },
        {
            "answer": "Гранты",
            "count": 1
        },
        {
            "answer": "Налоги",
            "count": 1
        },
        {
            "answer": "Молодость",
            "count": 1
        },
        {
            "answer": "Гранты",
            "count": 1
        },
        {
            "answer": "Нологи",
            "count": 1
        },
        {
            "answer": "ЗАТО по концепции  Иннополиса",
            "count": 1
        },
        {
            "answer": "Новое",
            "count": 1
        },
        {
            "answer": "Красиво",
            "count": 1
        },
        {
            "answer": "Современно",
            "count": 1
        },
        {
            "answer": "Просторно",
            "count": 1
        },
        {
            "answer": "Интересно",
            "count": 1
        },
        {
            "answer": "Малолюдно",
            "count": 1
        },
        {
            "answer": "Современно",
            "count": 1
        },
        {
            "answer": "Интересно",
            "count": 1
        },
        {
            "answer": "Все слишком идеально",
            "count": 1
        },
        {
            "answer": "интересно",
            "count": 1
        },
        {
            "answer": "Познавательно",
            "count": 1
        },
        {
            "answer": "Удивление",
            "count": 1
        },
        {
            "answer": "Энтузиазм",
            "count": 1
        },
        {
            "answer": "Надежда",
            "count": 1
        },
        {
            "answer": "Познавательно",
            "count": 1
        },
        {
            "answer": "Современно",
            "count": 1
        },
        {
            "answer": "Полезный",
            "count": 1
        }
    ]
}