{
    "id": 8414,
    "question": "Что планируете применять из пройденного обучения в ближайшее время?",
    "answers": [
        {
            "answer": "гора, прямо топ",
            "count": 1
        },
        {
            "answer": "конструкт, рефрейминг",
            "count": 1
        },
        {
            "answer": "алгоритмы стратегии конструкты",
            "count": 1
        },
        {
            "answer": "5 шагов для разрешения конфл.",
            "count": 1
        },
        {
            "answer": "5 шагов разрешения конфликта",
            "count": 1
        },
        {
            "answer": "гора",
            "count": 1
        },
        {
            "answer": "конструкты",
            "count": 1
        },
        {
            "answer": "решать конфликты",
            "count": 1
        },
        {
            "answer": "матрица томаса килмана",
            "count": 1
        },
        {
            "answer": "5 шагов разрешения конфликта",
            "count": 1
        },
        {
            "answer": "рефрейминг",
            "count": 1
        },
        {
            "answer": "влияние через экспертизу",
            "count": 1
        },
        {
            "answer": "конструкты",
            "count": 1
        },
        {
            "answer": "теория развития конфликта",
            "count": 1
        },
        {
            "answer": "команда и конфликт",
            "count": 1
        },
        {
            "answer": "конструкты",
            "count": 1
        },
        {
            "answer": "отработка конфликтов",
            "count": 1
        },
        {
            "answer": "стратегии",
            "count": 1
        },
        {
            "answer": "5 шагов решения конфликта",
            "count": 1
        },
        {
            "answer": "рефрейминг",
            "count": 1
        },
        {
            "answer": "поиск конструкторов коллег",
            "count": 1
        },
        {
            "answer": "конфликты",
            "count": 1
        },
        {
            "answer": "запишу конструкты коллег",
            "count": 1
        },
        {
            "answer": "конструкт",
            "count": 1
        },
        {
            "answer": "все",
            "count": 1
        }
    ]
}