{
    "id": 8422,
    "question": "Как переформулировать цель \"Повысить эффективность\" по SMART?",
    "answers": [
        {
            "answer": "Сократить срок реал-Ции на 10д",
            "count": 1
        },
        {
            "answer": "Взаимная заинтересованн сторон",
            "count": 1
        },
        {
            "answer": "К к2022 году обесп. не менее",
            "count": 1
        },
        {
            "answer": "> выработку в тек кв ЭЭ на 10%",
            "count": 1
        },
        {
            "answer": "Увеличить результативность",
            "count": 1
        },
        {
            "answer": "Перевыполнить на 1,2 цельевой",
            "count": 1
        },
        {
            "answer": "Перевыполнение, не менее чем…",
            "count": 1
        },
        {
            "answer": "Результат оцифровать и срок",
            "count": 1
        },
        {
            "answer": "эффективность управления",
            "count": 1
        },
        {
            "answer": "Повысить уровень текущего сост",
            "count": 1
        },
        {
            "answer": "Повысить производительность, у",
            "count": 1
        },
        {
            "answer": "Улучшить",
            "count": 1
        },
        {
            "answer": "Результат с мин. затрат сегодн",
            "count": 1
        },
        {
            "answer": "Снизить расходы в 5 раз",
            "count": 1
        },
        {
            "answer": "Улучшить результативность",
            "count": 1
        },
        {
            "answer": "На сколько ⬆️Что-то в срок",
            "count": 1
        },
        {
            "answer": "Увеличить произв к 23г. в 2 р",
            "count": 1
        },
        {
            "answer": "П.Э. пр-ва изд. на 20% к 01.07",
            "count": 1
        },
        {
            "answer": "Получить результат без потерь",
            "count": 1
        },
        {
            "answer": "Довести показатель эфыективн…",
            "count": 1
        },
        {
            "answer": "Пов эф отч отдела до 31.12",
            "count": 1
        },
        {
            "answer": "близости к достижению цели",
            "count": 1
        },
        {
            "answer": "Пов эфф раб два на 40% к 2024г",
            "count": 1
        },
        {
            "answer": "Сделать лучше/полезнее",
            "count": 1
        },
        {
            "answer": "Добиться эффекта",
            "count": 1
        },
        {
            "answer": "Увел произв труда на 120%",
            "count": 1
        },
        {
            "answer": "Полное замещ рос по до кон 23г",
            "count": 1
        },
        {
            "answer": "Увеличить количество по до 80%",
            "count": 1
        },
        {
            "answer": "Амбиция",
            "count": 1
        },
        {
            "answer": "Снизить расходы на 1 рубль",
            "count": 1
        }
    ]
}