{
    "id": 8424,
    "question": "Как переформулировать цель \"Добиться высоких результатов\" по SMART?",
    "answers": [
        {
            "answer": "Увел. выпуск Z на 20% до 31.12",
            "count": 1
        },
        {
            "answer": "Увел.кол клиен на 40% к 29.12",
            "count": 1
        },
        {
            "answer": "Пробежать 100м за 5с сегодня",
            "count": 1
        },
        {
            "answer": "Доля + оц.польз.>до90%к31.12",
            "count": 1
        },
        {
            "answer": "Увелич рез произв на 20% до 31",
            "count": 1
        },
        {
            "answer": "Сокр ср пр 1 изд до 20 д к 23г",
            "count": 1
        },
        {
            "answer": "Увеличить выра-ку породы на30%",
            "count": 1
        },
        {
            "answer": "На 30% повысить прибыль к 23 о",
            "count": 1
        },
        {
            "answer": "Увел пр-ва на 120% к 2025 году",
            "count": 1
        },
        {
            "answer": "Обесп 100% переход на отеч По",
            "count": 1
        },
        {
            "answer": "Ввести объект в ПЭ к 09.2022",
            "count": 1
        },
        {
            "answer": "К дек22 ввести в экспл объект",
            "count": 1
        },
        {
            "answer": "Получить оц. клиентов не ниже",
            "count": 1
        },
        {
            "answer": "Процент имп зам ПО к 31.12 -95",
            "count": 1
        },
        {
            "answer": "Увел произ труд  на 20% еже",
            "count": 1
        },
        {
            "answer": "Независ оценка ВА - 6,9 к 1.04",
            "count": 1
        },
        {
            "answer": "получить ИСО 9001 к 23",
            "count": 1
        },
        {
            "answer": "Повыш выраб продХ в 2р к 31.12",
            "count": 1
        },
        {
            "answer": "Выполн. 120%карты кпэ в 2022г",
            "count": 1
        },
        {
            "answer": "К 12.22 закрыть 70% рынка РФ",
            "count": 1
        },
        {
            "answer": "Получ оцен 5 по заданию в срок",
            "count": 1
        },
        {
            "answer": "Добыть 10 млн тонн руды в 2023",
            "count": 1
        },
        {
            "answer": "Сократ срок пр-ки на 10 дне от",
            "count": 1
        },
        {
            "answer": "Увел. кол-во клин-в в два раза",
            "count": 1
        },
        {
            "answer": "Повышение производ. на 10% еж.",
            "count": 1
        },
        {
            "answer": "Ежегодное увеличение на 3%",
            "count": 1
        },
        {
            "answer": "Выручка к 31.12.22 1 млрд.руб.",
            "count": 1
        },
        {
            "answer": "Доб повыш вып прод на 50% к 23",
            "count": 1
        },
        {
            "answer": "Пров. 10 КМ за 1 ПГ 2023 года",
            "count": 1
        }
    ]
}