{
    "id": 8496,
    "question": "Какой ваш девиз",
    "answers": [
        {
            "answer": "Эф. ВК - Росатома пароль",
            "count": 1
        },
        {
            "answer": "Эффекти вк к лидерству РА паро",
            "count": 1
        },
        {
            "answer": "Строим будущее не смотря на об",
            "count": 1
        },
        {
            "answer": "Эфф ВК К лидерству РАЗ пароль",
            "count": 1
        },
        {
            "answer": "Эффект.ВК-к лид-ву Росатома па",
            "count": 1
        },
        {
            "answer": "Эф-й ВК к лид-у Росатома парол",
            "count": 1
        },
        {
            "answer": "Эффект ВК к лидеру Росатома па",
            "count": 1
        },
        {
            "answer": "Эф ВК к лидерству РА пароль",
            "count": 1
        },
        {
            "answer": "Эфф. Вн. Конт к лид.. Росат па",
            "count": 1
        },
        {
            "answer": "Эфф внутр кон, к лид рос парол",
            "count": 1
        },
        {
            "answer": "Эф. ВК к лид. Росатома пароль",
            "count": 1
        },
        {
            "answer": "Эфф вк к лидерству Росат парол",
            "count": 1
        },
        {
            "answer": "Эф-й вн-й к-ь ли-у р-н пароль",
            "count": 1
        },
        {
            "answer": "Эфф. вк к лидерству ГК пароль",
            "count": 1
        },
        {
            "answer": "Эфф вк - к успеху РА пароль",
            "count": 1
        },
        {
            "answer": "Эф Вн контр к лид Р пароль",
            "count": 1
        },
        {
            "answer": "Эфф.вн.контр.к лид росат.парол",
            "count": 1
        },
        {
            "answer": "Эф вн кон к лид Рос пароль",
            "count": 1
        },
        {
            "answer": "Эффективный внутренний контрол",
            "count": 1
        },
        {
            "answer": "к лидерству Росатома пароль",
            "count": 1
        },
        {
            "answer": "Эфф. ВК к лидерству РА пароль",
            "count": 1
        },
        {
            "answer": "Эффект вн контр к лид Рос паро",
            "count": 1
        },
        {
            "answer": "эф. ВК - к лидерству РА пароль",
            "count": 1
        },
        {
            "answer": "Эффект.внутр.контр.клид.Рос.па",
            "count": 1
        },
        {
            "answer": "Эфф внутр конт к лид Росат пар",
            "count": 1
        },
        {
            "answer": "ВК - от Росатома пароль",
            "count": 1
        },
        {
            "answer": "Эффективный контроль - к лидер",
            "count": 1
        },
        {
            "answer": "Эффективный ВК к лидер. ра пар",
            "count": 1
        },
        {
            "answer": "Эффективный контроль- к лидерс",
            "count": 1
        },
        {
            "answer": "ВК, к лидерству Росатома парол",
            "count": 1
        },
        {
            "answer": "ВК к лидр Росатома пароль",
            "count": 1
        },
        {
            "answer": "ЭВКкЛРП",
            "count": 1
        }
    ]
}