{
    "id": 8546,
    "question": "Направление Вашей деятельности внутри муниципалитета?",
    "answers": [
        {
            "answer": "жкх",
            "count": 1
        },
        {
            "answer": "жкх, благоустройство",
            "count": 1
        },
        {
            "answer": "пролетарский округ",
            "count": 1
        },
        {
            "answer": "руковожу округом",
            "count": 1
        },
        {
            "answer": "контроль",
            "count": 1
        },
        {
            "answer": "жкх. население благоустройство",
            "count": 1
        },
        {
            "answer": "жкх",
            "count": 1
        },
        {
            "answer": "жкх",
            "count": 1
        },
        {
            "answer": "благоустройство",
            "count": 1
        },
        {
            "answer": "пролетарский округ",
            "count": 1
        },
        {
            "answer": "делопроизводство",
            "count": 1
        },
        {
            "answer": "контроль",
            "count": 1
        },
        {
            "answer": "градостроительство и архитект",
            "count": 1
        },
        {
            "answer": "благоустройство",
            "count": 1
        },
        {
            "answer": "градостроительство и архитект.",
            "count": 1
        },
        {
            "answer": "жкх",
            "count": 1
        },
        {
            "answer": "закупки",
            "count": 1
        },
        {
            "answer": "имущество и земля",
            "count": 1
        },
        {
            "answer": "молодежь, семья, люди с овз",
            "count": 1
        },
        {
            "answer": "доу и ог",
            "count": 1
        },
        {
            "answer": "жилье",
            "count": 1
        },
        {
            "answer": "благоустройство",
            "count": 1
        },
        {
            "answer": "правовое",
            "count": 1
        },
        {
            "answer": "транспорт",
            "count": 1
        },
        {
            "answer": "имущество",
            "count": 1
        },
        {
            "answer": "правовое",
            "count": 1
        },
        {
            "answer": "управление персоналом",
            "count": 1
        },
        {
            "answer": "благоустройство",
            "count": 1
        },
        {
            "answer": "жкх",
            "count": 1
        },
        {
            "answer": "еддс",
            "count": 1
        },
        {
            "answer": "культура",
            "count": 1
        },
        {
            "answer": "жкх",
            "count": 1
        },
        {
            "answer": "безопасность",
            "count": 1
        },
        {
            "answer": "культура",
            "count": 1
        },
        {
            "answer": "образование",
            "count": 1
        },
        {
            "answer": "образование",
            "count": 1
        },
        {
            "answer": "одд",
            "count": 1
        },
        {
            "answer": "всем",
            "count": 1
        },
        {
            "answer": "финансы",
            "count": 1
        },
        {
            "answer": "спорт",
            "count": 1
        },
        {
            "answer": "жкх",
            "count": 1
        },
        {
            "answer": "ит",
            "count": 1
        },
        {
            "answer": "it",
            "count": 1
        },
        {
            "answer": "еддс",
            "count": 1
        },
        {
            "answer": "жкх",
            "count": 1
        }
    ]
}