{
    "id": 8551,
    "question": "Что вы сможете использовать в своей работе?",
    "answers": [
        {
            "answer": "мало",
            "count": 1
        },
        {
            "answer": "счастливый чиновник",
            "count": 1
        },
        {
            "answer": "термины и хорошее настроение",
            "count": 1
        },
        {
            "answer": "изменение подхода к работе",
            "count": 1
        },
        {
            "answer": "модули",
            "count": 1
        },
        {
            "answer": "модули",
            "count": 1
        },
        {
            "answer": "модули",
            "count": 1
        },
        {
            "answer": "карандаш и  умный город",
            "count": 1
        },
        {
            "answer": "расширение знаний",
            "count": 1
        },
        {
            "answer": "примеры программных модулей",
            "count": 1
        },
        {
            "answer": "программу",
            "count": 1
        },
        {
            "answer": "коллег",
            "count": 1
        },
        {
            "answer": "все!",
            "count": 1
        },
        {
            "answer": "опыт и знания",
            "count": 1
        },
        {
            "answer": "мечту",
            "count": 1
        },
        {
            "answer": "нужно подумать",
            "count": 1
        },
        {
            "answer": "информация",
            "count": 1
        },
        {
            "answer": "созданные дорожные карты",
            "count": 1
        },
        {
            "answer": "знания",
            "count": 1
        },
        {
            "answer": "анализ практик",
            "count": 1
        },
        {
            "answer": "новые знания",
            "count": 1
        },
        {
            "answer": "модули",
            "count": 1
        },
        {
            "answer": "оптимизацию",
            "count": 1
        },
        {
            "answer": "очень мало",
            "count": 1
        },
        {
            "answer": "что внедрим, то и используем",
            "count": 1
        },
        {
            "answer": "ничего",
            "count": 1
        },
        {
            "answer": "дорожные карты",
            "count": 1
        },
        {
            "answer": "очень мало",
            "count": 1
        },
        {
            "answer": "информацию",
            "count": 1
        },
        {
            "answer": "практически ничего",
            "count": 1
        },
        {
            "answer": "полученный опыт",
            "count": 1
        },
        {
            "answer": "мечту",
            "count": 1
        },
        {
            "answer": "интенсив",
            "count": 1
        },
        {
            "answer": "модули",
            "count": 1
        },
        {
            "answer": "очень мало",
            "count": 1
        },
        {
            "answer": "бережливое производство",
            "count": 1
        },
        {
            "answer": "практики",
            "count": 1
        },
        {
            "answer": "программу умный город",
            "count": 1
        },
        {
            "answer": "знания",
            "count": 1
        },
        {
            "answer": "модули",
            "count": 1
        },
        {
            "answer": "информацию",
            "count": 1
        },
        {
            "answer": "новые термины",
            "count": 1
        },
        {
            "answer": "ничего",
            "count": 1
        }
    ]
}