{
    "id": 8555,
    "question": "С какими трудностями Вы сталкиваетесь как кайдзен-лидер? Укажите Топ 3 проблемы.",
    "answers": [
        {
            "answer": "Кол-во задач СПС. Осн.работа?",
            "count": 1
        },
        {
            "answer": "Я не кайдзен-лидер",
            "count": 1
        },
        {
            "answer": "Длительные совещания СПС",
            "count": 1
        },
        {
            "answer": "Отнимает сущ часть раб врем",
            "count": 1
        },
        {
            "answer": "Не хватка времени",
            "count": 1
        },
        {
            "answer": "Большое количество обязанносте",
            "count": 1
        },
        {
            "answer": "Постоянные вопросы по битриксу",
            "count": 1
        },
        {
            "answer": "Отсутст системности в раб КЛ",
            "count": 1
        },
        {
            "answer": "Пост-нно появляющийся нов фун",
            "count": 1
        },
        {
            "answer": "оформл ведом премир",
            "count": 1
        },
        {
            "answer": "рост числа обязанностей КЛ",
            "count": 1
        },
        {
            "answer": "не хватка врем. на осн. раб",
            "count": 1
        },
        {
            "answer": "1. отсутствие врем.раб.и нераб",
            "count": 1
        },
        {
            "answer": "отсутствие мотивации людей",
            "count": 1
        },
        {
            "answer": "Увеличение сферы ответс-ти",
            "count": 1
        },
        {
            "answer": "Пока все ровно",
            "count": 1
        },
        {
            "answer": "Время, медленное внедрение КП",
            "count": 1
        },
        {
            "answer": "нет трудностей",
            "count": 1
        },
        {
            "answer": "все  понимаю",
            "count": 1
        },
        {
            "answer": "Длительные совещания СПС",
            "count": 1
        },
        {
            "answer": "нехватка времени",
            "count": 1
        }
    ]
}