{
    "id": 9216,
    "question": "Ваши ожидания от форума?",
    "answers": [
        {
            "answer": "положительные",
            "count": 1
        },
        {
            "answer": "новые знакомства",
            "count": 1
        },
        {
            "answer": "знакомства, за интерактивом",
            "count": 1
        },
        {
            "answer": "поиграть",
            "count": 1
        },
        {
            "answer": "узнать новых людей",
            "count": 1
        },
        {
            "answer": "ближе узнать старых знакомых",
            "count": 1
        },
        {
            "answer": "новые знакомства",
            "count": 1
        },
        {
            "answer": "узнать что-то новое",
            "count": 1
        },
        {
            "answer": "новые знакомства",
            "count": 1
        },
        {
            "answer": "узнать что-то новое",
            "count": 1
        },
        {
            "answer": "хочу узнать что делать дальше",
            "count": 1
        },
        {
            "answer": "новые знакомства",
            "count": 1
        },
        {
            "answer": "отдохнуть",
            "count": 1
        },
        {
            "answer": "покушать",
            "count": 1
        },
        {
            "answer": "у",
            "count": 1
        },
        {
            "answer": "узнать что то новое",
            "count": 1
        },
        {
            "answer": "знакомство",
            "count": 1
        },
        {
            "answer": "классно провести время",
            "count": 1
        },
        {
            "answer": "получить новые знания и эмоции",
            "count": 1
        },
        {
            "answer": "новые знания, коммуникации",
            "count": 1
        },
        {
            "answer": "знакомство с новыми коллегами",
            "count": 1
        },
        {
            "answer": "познакомиться с новыми людьми",
            "count": 1
        },
        {
            "answer": "получить новую информацию",
            "count": 1
        },
        {
            "answer": "покушать",
            "count": 1
        },
        {
            "answer": "новые знания, знакомства",
            "count": 1
        },
        {
            "answer": "покушать",
            "count": 1
        },
        {
            "answer": "познакомиться с коллегами",
            "count": 1
        },
        {
            "answer": "узнать много нового!",
            "count": 1
        },
        {
            "answer": "говорят тут покормят",
            "count": 1
        },
        {
            "answer": "новые знакомства",
            "count": 1
        },
        {
            "answer": "поесть",
            "count": 1
        },
        {
            "answer": "пивка попить",
            "count": 1
        },
        {
            "answer": "новые знакомства",
            "count": 1
        },
        {
            "answer": "знакомство с коллегами",
            "count": 1
        },
        {
            "answer": "новые знакомства и эмоции",
            "count": 1
        },
        {
            "answer": "новые знакомства",
            "count": 1
        }
    ]
}