{
    "id": 9217,
    "question": "С какими основными сложностями вы сталкивались, придя работать в Компанию?",
    "answers": [
        {
            "answer": "новые программы с непонятным и",
            "count": 1
        },
        {
            "answer": "сложное подключение к ресурсам",
            "count": 1
        },
        {
            "answer": "несоответствие сроков задач в",
            "count": 1
        },
        {
            "answer": "компьютер на 7 месяц работы",
            "count": 1
        },
        {
            "answer": "все учетные записи",
            "count": 1
        },
        {
            "answer": "пароли",
            "count": 1
        },
        {
            "answer": "поиск нужного человека",
            "count": 1
        },
        {
            "answer": "поиск нужного кабинета",
            "count": 1
        },
        {
            "answer": "работа в новых инф системах",
            "count": 1
        },
        {
            "answer": "не выдали стул до сих пор!",
            "count": 1
        },
        {
            "answer": "бюрократия",
            "count": 1
        },
        {
            "answer": "получение пропуска",
            "count": 1
        },
        {
            "answer": "собственное рабочее место",
            "count": 1
        },
        {
            "answer": "рабочая техника",
            "count": 1
        },
        {
            "answer": "ориентация по кабинетам",
            "count": 1
        },
        {
            "answer": "множество информационных ресур",
            "count": 1
        },
        {
            "answer": "заявки на технику",
            "count": 1
        },
        {
            "answer": "организация рабочего места",
            "count": 1
        },
        {
            "answer": "меняющиеся поавила работы",
            "count": 1
        },
        {
            "answer": "исуп",
            "count": 1
        },
        {
            "answer": "создание учетных записей",
            "count": 1
        },
        {
            "answer": "получение компьютера",
            "count": 1
        },
        {
            "answer": "год не давали стол",
            "count": 1
        },
        {
            "answer": "что происходит?",
            "count": 1
        },
        {
            "answer": "взаимодействие",
            "count": 1
        },
        {
            "answer": "сауна",
            "count": 1
        },
        {
            "answer": "рано вставать",
            "count": 1
        },
        {
            "answer": "3d лагает",
            "count": 1
        },
        {
            "answer": "получение пк",
            "count": 1
        },
        {
            "answer": "ориентация по кабинетам",
            "count": 1
        },
        {
            "answer": "бюрократия",
            "count": 1
        },
        {
            "answer": "бесполезные задачи",
            "count": 1
        },
        {
            "answer": "бесполезные задачи",
            "count": 1
        },
        {
            "answer": "равнодушие окружающих",
            "count": 1
        },
        {
            "answer": "долгое получение техники",
            "count": 1
        },
        {
            "answer": "понимание структуры организаци",
            "count": 1
        },
        {
            "answer": "пандемия",
            "count": 1
        },
        {
            "answer": "сжатые сроки на все",
            "count": 1
        },
        {
            "answer": "исуп",
            "count": 1
        },
        {
            "answer": "организация рабочего места",
            "count": 1
        },
        {
            "answer": "наставничество",
            "count": 1
        },
        {
            "answer": "долгое получение доступа к впн",
            "count": 1
        },
        {
            "answer": "отсутствие четких инструкций",
            "count": 1
        },
        {
            "answer": "не выдали ноут для работы",
            "count": 1
        },
        {
            "answer": "проснуться утром",
            "count": 1
        },
        {
            "answer": "получение техники",
            "count": 1
        },
        {
            "answer": "получение доступов и паролей",
            "count": 1
        },
        {
            "answer": "недостаток информации",
            "count": 1
        },
        {
            "answer": "архив",
            "count": 1
        },
        {
            "answer": "режим",
            "count": 1
        },
        {
            "answer": "доступам  к программам",
            "count": 1
        },
        {
            "answer": "техника",
            "count": 1
        },
        {
            "answer": "настройки техники",
            "count": 1
        },
        {
            "answer": "приезжать к 7:30",
            "count": 1
        },
        {
            "answer": "оборудование",
            "count": 1
        },
        {
            "answer": "где найти информацию нужную",
            "count": 1
        },
        {
            "answer": "к кому обратиться по орг вопр",
            "count": 1
        },
        {
            "answer": "нет рабочего места",
            "count": 1
        },
        {
            "answer": "канцтовары",
            "count": 1
        },
        {
            "answer": "ориентация по кабинетам",
            "count": 1
        },
        {
            "answer": "как добраться до безопасников?",
            "count": 1
        },
        {
            "answer": "сдача комплектов в архив",
            "count": 1
        },
        {
            "answer": "не давали компьютер 4 месяца",
            "count": 1
        },
        {
            "answer": "боязнь руководителя",
            "count": 1
        },
        {
            "answer": "сдать в архив с первого раза",
            "count": 1
        },
        {
            "answer": "архивный номер",
            "count": 1
        }
    ]
}