{
    "id": 9218,
    "question": "Назовите 6 наиболее актуальных проблем в адаптации молодежи в Компании",
    "answers": [
        {
            "answer": "не выдают технику,столы,стулья",
            "count": 1
        },
        {
            "answer": "единое окно учётных запмсей",
            "count": 1
        },
        {
            "answer": "инструкции по работе в прогр.",
            "count": 1
        },
        {
            "answer": "памятки для новичков",
            "count": 1
        },
        {
            "answer": "поиск кабинетов",
            "count": 1
        },
        {
            "answer": "проблема быстродейств.серверов",
            "count": 1
        },
        {
            "answer": "доступ к программам",
            "count": 1
        },
        {
            "answer": "расшифровка расчётного листа",
            "count": 1
        },
        {
            "answer": "влияние plannera на зп",
            "count": 1
        },
        {
            "answer": "нет целей на год для повышения",
            "count": 1
        },
        {
            "answer": "нет места в кабинетах",
            "count": 1
        },
        {
            "answer": "долгая выдача техники",
            "count": 1
        },
        {
            "answer": "1. долгое получение техники",
            "count": 1
        },
        {
            "answer": "отсутствие вендинговых автомат",
            "count": 1
        },
        {
            "answer": "долгое получение мебели",
            "count": 1
        },
        {
            "answer": "долгое получение канцтоваров",
            "count": 1
        },
        {
            "answer": "нет конкрет. косвенных задач",
            "count": 1
        },
        {
            "answer": "получение техники",
            "count": 1
        },
        {
            "answer": "предоставление рабочего места",
            "count": 1
        },
        {
            "answer": "инструкции по работе в система",
            "count": 1
        },
        {
            "answer": "наставник со свободным времене",
            "count": 1
        },
        {
            "answer": "отсутствие лицензий",
            "count": 1
        },
        {
            "answer": "поиск нужного кабинета",
            "count": 1
        },
        {
            "answer": "нет понятных инструкций работы",
            "count": 1
        },
        {
            "answer": "наставничество не развито",
            "count": 1
        },
        {
            "answer": "сложное получение доступа к ре",
            "count": 1
        },
        {
            "answer": "проблема оснащения рабочих мес",
            "count": 1
        },
        {
            "answer": "постоянное изменение процедуры",
            "count": 1
        },
        {
            "answer": "повышение в должности",
            "count": 1
        },
        {
            "answer": "сдача в архив документов",
            "count": 1
        },
        {
            "answer": "парковка",
            "count": 1
        },
        {
            "answer": "долгое трудоустройство",
            "count": 1
        },
        {
            "answer": "новые архивные номера",
            "count": 1
        },
        {
            "answer": "большое кол-во док. в бумаге",
            "count": 1
        }
    ]
}