{
    "id": 9479,
    "question": "Спасибо за:",
    "answers": [
        {
            "answer": "знания и деловую игру",
            "count": 1
        },
        {
            "answer": "обмен опытом, интерес",
            "count": 1
        },
        {
            "answer": "благодарность участникам",
            "count": 1
        },
        {
            "answer": "день, спасибо за ночь, спасибо",
            "count": 1
        },
        {
            "answer": "объемно-планировочных информац",
            "count": 1
        },
        {
            "answer": "дружественную атмосферу",
            "count": 1
        },
        {
            "answer": "организацию чудесную",
            "count": 1
        },
        {
            "answer": "общение с коллегами",
            "count": 1
        },
        {
            "answer": "новые знания",
            "count": 1
        },
        {
            "answer": "доброжелательность",
            "count": 1
        },
        {
            "answer": "контактность",
            "count": 1
        },
        {
            "answer": "новые знания",
            "count": 1
        },
        {
            "answer": "прокачивание скилла",
            "count": 1
        },
        {
            "answer": "открытость к критике и обр свя",
            "count": 1
        },
        {
            "answer": "информацию, ответы",
            "count": 1
        },
        {
            "answer": "внимательность, интерес к делу",
            "count": 1
        },
        {
            "answer": "организацию конференции",
            "count": 1
        },
        {
            "answer": "деловую игру",
            "count": 1
        },
        {
            "answer": "настроение! позитив! знания!",
            "count": 1
        },
        {
            "answer": "хорошую компанию",
            "count": 1
        },
        {
            "answer": "возможно встретиться с коллега",
            "count": 1
        },
        {
            "answer": "знания",
            "count": 1
        },
        {
            "answer": "ответы на вопросы",
            "count": 1
        },
        {
            "answer": "интересный и насыщенный день",
            "count": 1
        },
        {
            "answer": "информацию, опыт",
            "count": 1
        },
        {
            "answer": "впечатления, знания и улыбки",
            "count": 1
        },
        {
            "answer": "интересный день",
            "count": 1
        },
        {
            "answer": "знания и дружественную атмосфу",
            "count": 1
        },
        {
            "answer": "день, спасибо за ночь, спаси…",
            "count": 1
        },
        {
            "answer": "тёплую атмосферу 😍",
            "count": 1
        },
        {
            "answer": "все",
            "count": 1
        }
    ]
}