{
    "id": 9483,
    "question": "О каких мероприятиях и проектах Совета Молодежи вы слышали?",
    "answers": [
        {
            "answer": "атомстарт",
            "count": 1
        },
        {
            "answer": "забег",
            "count": 1
        },
        {
            "answer": "атомтарт",
            "count": 1
        },
        {
            "answer": "atomstart",
            "count": 1
        },
        {
            "answer": "атомстарт",
            "count": 1
        },
        {
            "answer": "помощь детям",
            "count": 1
        },
        {
            "answer": "реконструкция зданий",
            "count": 1
        },
        {
            "answer": "спортивные мероприятия",
            "count": 1
        },
        {
            "answer": "атомстар",
            "count": 1
        },
        {
            "answer": "бильярд",
            "count": 1
        },
        {
            "answer": "атомстарт",
            "count": 1
        },
        {
            "answer": "волонтёство",
            "count": 1
        },
        {
            "answer": "спортивные мероприятия",
            "count": 1
        },
        {
            "answer": "atomstart",
            "count": 1
        },
        {
            "answer": "atomnext",
            "count": 1
        },
        {
            "answer": "сплав",
            "count": 1
        },
        {
            "answer": "атомстарт, атомнекст",
            "count": 1
        },
        {
            "answer": "atomstart",
            "count": 1
        },
        {
            "answer": "atomsplav",
            "count": 1
        },
        {
            "answer": "чудо ёлка",
            "count": 1
        },
        {
            "answer": "волонтерство",
            "count": 1
        },
        {
            "answer": "форумы",
            "count": 1
        },
        {
            "answer": "english club",
            "count": 1
        },
        {
            "answer": "-",
            "count": 1
        },
        {
            "answer": "атомстарт",
            "count": 1
        },
        {
            "answer": "1,3,4",
            "count": 1
        },
        {
            "answer": "чемпионат по боулингу",
            "count": 1
        },
        {
            "answer": "-",
            "count": 1
        },
        {
            "answer": "сплав",
            "count": 1
        },
        {
            "answer": "-",
            "count": 1
        },
        {
            "answer": "атомstart",
            "count": 1
        },
        {
            "answer": "atomstart)",
            "count": 1
        },
        {
            "answer": "атом некст атом старт",
            "count": 1
        },
        {
            "answer": "-",
            "count": 1
        },
        {
            "answer": "-",
            "count": 1
        },
        {
            "answer": "-",
            "count": 1
        }
    ]
}