{
    "id": 9485,
    "question": "На каких мероприятиях Совета молодежи уже успели побывать?",
    "answers": [
        {
            "answer": "atomstart",
            "count": 1
        },
        {
            "answer": "атомstart",
            "count": 1
        },
        {
            "answer": "свободы д. 3",
            "count": 1
        },
        {
            "answer": "боулинг",
            "count": 1
        },
        {
            "answer": "сплав",
            "count": 1
        },
        {
            "answer": "atomstart",
            "count": 1
        },
        {
            "answer": "атомнекст",
            "count": 1
        },
        {
            "answer": "-",
            "count": 1
        },
        {
            "answer": "атомстарт",
            "count": 1
        },
        {
            "answer": "атомстарт",
            "count": 1
        },
        {
            "answer": "атомстарт (сегодня)",
            "count": 1
        },
        {
            "answer": "атомстарт",
            "count": 1
        },
        {
            "answer": "атомстарт",
            "count": 1
        },
        {
            "answer": "никаких",
            "count": 1
        },
        {
            "answer": "атомстарт",
            "count": 1
        },
        {
            "answer": "atomstart",
            "count": 1
        },
        {
            "answer": "помощь бездомным животным",
            "count": 1
        },
        {
            "answer": "есть сейчас на atomstart)",
            "count": 1
        },
        {
            "answer": "сауна",
            "count": 1
        },
        {
            "answer": "start",
            "count": 1
        },
        {
            "answer": "атомстарт",
            "count": 1
        },
        {
            "answer": "english speaking club",
            "count": 1
        },
        {
            "answer": "atomstart",
            "count": 1
        },
        {
            "answer": "атомстарт",
            "count": 1
        },
        {
            "answer": "атом некст атом старт",
            "count": 1
        },
        {
            "answer": "атомстар",
            "count": 1
        },
        {
            "answer": "боулинг",
            "count": 1
        },
        {
            "answer": "атомстарт",
            "count": 1
        }
    ]
}