{
    "id": 9532,
    "question": "Кто вы по профессии?",
    "answers": [
        {
            "answer": "менеджер",
            "count": 1
        },
        {
            "answer": "бухгалтер",
            "count": 1
        },
        {
            "answer": "маркетолог",
            "count": 1
        },
        {
            "answer": "менеджер",
            "count": 1
        },
        {
            "answer": "менеджер",
            "count": 1
        },
        {
            "answer": "менеджер",
            "count": 1
        },
        {
            "answer": "дизайнер",
            "count": 1
        },
        {
            "answer": "администратор проектов",
            "count": 1
        },
        {
            "answer": "проктолог",
            "count": 1
        },
        {
            "answer": "ведьма",
            "count": 1
        },
        {
            "answer": "профессиональный клоун",
            "count": 1
        },
        {
            "answer": "контент-менеджер",
            "count": 1
        },
        {
            "answer": "менеджер",
            "count": 1
        },
        {
            "answer": "менеджер продукта",
            "count": 1
        },
        {
            "answer": "архитектор",
            "count": 1
        },
        {
            "answer": "офисный сотрудник",
            "count": 1
        },
        {
            "answer": "айтишник",
            "count": 1
        },
        {
            "answer": "медсестра",
            "count": 1
        },
        {
            "answer": "экономист",
            "count": 1
        },
        {
            "answer": "специалист",
            "count": 1
        },
        {
            "answer": "hr-директор",
            "count": 1
        },
        {
            "answer": "менджер",
            "count": 1
        }
    ]
}