{
    "id": 958,
    "question": "Кто я?",
    "answers": [
        {
            "answer": "минотавр",
            "count": 1
        },
        {
            "answer": "робота",
            "count": 1
        },
        {
            "answer": "привет",
            "count": 1
        },
        {
            "answer": "пока",
            "count": 1
        },
        {
            "answer": "продавец",
            "count": 1
        },
        {
            "answer": "интрига",
            "count": 1
        },
        {
            "answer": "ёж",
            "count": 1
        },
        {
            "answer": "харошо",
            "count": 1
        },
        {
            "answer": "сборщик",
            "count": 1
        },
        {
            "answer": "имя",
            "count": 1
        },
        {
            "answer": "борщик",
            "count": 1
        },
        {
            "answer": "красота",
            "count": 1
        },
        {
            "answer": "првет",
            "count": 1
        },
        {
            "answer": "вася",
            "count": 1
        },
        {
            "answer": "разработчик",
            "count": 1
        },
        {
            "answer": "работа",
            "count": 1
        },
        {
            "answer": "суперниндзя",
            "count": 1
        },
        {
            "answer": "уборщик",
            "count": 1
        },
        {
            "answer": "вася",
            "count": 1
        },
        {
            "answer": "продавец",
            "count": 1
        },
        {
            "answer": "красивый",
            "count": 1
        },
        {
            "answer": "шикарный",
            "count": 1
        },
        {
            "answer": "отлично",
            "count": 1
        },
        {
            "answer": "пылесос",
            "count": 1
        },
        {
            "answer": "водопровод",
            "count": 1
        },
        {
            "answer": "хорошо",
            "count": 1
        },
        {
            "answer": "директор",
            "count": 1
        }
    ]
}