{
    "id": 9948,
    "question": "Опишите 1-2 словами, что было для вас самым ценным за этот день.",
    "answers": [
        {
            "answer": "обмен практиками",
            "count": 1
        },
        {
            "answer": "обилие информации",
            "count": 1
        },
        {
            "answer": "обмен опытом",
            "count": 1
        },
        {
            "answer": "знакомство с единомышленниками",
            "count": 1
        },
        {
            "answer": "знакомства, общение",
            "count": 1
        },
        {
            "answer": "общение",
            "count": 1
        },
        {
            "answer": "общение,практики и опыт коллег",
            "count": 1
        },
        {
            "answer": "тиражирование лучших практик",
            "count": 1
        },
        {
            "answer": "обмен опытом",
            "count": 1
        },
        {
            "answer": "много важной и интересной инфо",
            "count": 1
        },
        {
            "answer": "увидеть коллег в реале",
            "count": 1
        },
        {
            "answer": "потребности бизнеса",
            "count": 1
        },
        {
            "answer": "атмосфера",
            "count": 1
        },
        {
            "answer": "опыт коллег",
            "count": 1
        },
        {
            "answer": "вдохновляющая речь ю. м.",
            "count": 1
        },
        {
            "answer": "работа в группах",
            "count": 1
        },
        {
            "answer": "доклад ю.м. николаевой",
            "count": 1
        },
        {
            "answer": "доклад г.а. журавлевой",
            "count": 1
        },
        {
            "answer": "эффективность и результат",
            "count": 1
        },
        {
            "answer": "везаимодействие между ппо и hr",
            "count": 1
        },
        {
            "answer": "обмен опытом",
            "count": 1
        },
        {
            "answer": "презентации коллег",
            "count": 1
        },
        {
            "answer": "обмен опытом-лучшими практикам",
            "count": 1
        },
        {
            "answer": "лучшие практики",
            "count": 1
        },
        {
            "answer": "общение с коллегами",
            "count": 1
        },
        {
            "answer": "сопричастность",
            "count": 1
        },
        {
            "answer": "экспертиза hr по направлениям",
            "count": 1
        },
        {
            "answer": "люди",
            "count": 1
        },
        {
            "answer": "опыт коллег, презентация юм",
            "count": 1
        },
        {
            "answer": "ликбез по экономике",
            "count": 1
        },
        {
            "answer": "встреча с коллегами;",
            "count": 1
        },
        {
            "answer": "вовлеченность, обмен опытом",
            "count": 1
        },
        {
            "answer": "обмен практическим опытом",
            "count": 1
        },
        {
            "answer": "знакомство с коллегами",
            "count": 1
        },
        {
            "answer": "обмен опытом",
            "count": 1
        },
        {
            "answer": "возможность личного знакомства",
            "count": 1
        },
        {
            "answer": "практики других предприятий",
            "count": 1
        },
        {
            "answer": "общение с коллегами",
            "count": 1
        },
        {
            "answer": "понять что двигаемся в верном",
            "count": 1
        },
        {
            "answer": "доклады спикеров.",
            "count": 1
        },
        {
            "answer": "знакомство.",
            "count": 1
        },
        {
            "answer": "план с ближайшими залачами",
            "count": 1
        },
        {
            "answer": "системнея подача информации",
            "count": 1
        },
        {
            "answer": "новые идеи",
            "count": 1
        },
        {
            "answer": "взаимодействие с коллегами",
            "count": 1
        },
        {
            "answer": "личное знакомство с коллегами",
            "count": 1
        },
        {
            "answer": "направ-е приорит напр деят-ти",
            "count": 1
        },
        {
            "answer": "общаться",
            "count": 1
        },
        {
            "answer": "знакомство с коллегами",
            "count": 1
        },
        {
            "answer": "лучшие практики,   стратегия",
            "count": 1
        },
        {
            "answer": "коммуникация",
            "count": 1
        },
        {
            "answer": "обмен опытом",
            "count": 1
        },
        {
            "answer": "обмен практикой",
            "count": 1
        },
        {
            "answer": "обмена опытом",
            "count": 1
        },
        {
            "answer": "азарт,энергия",
            "count": 1
        },
        {
            "answer": "выступление юлии михайловны",
            "count": 1
        },
        {
            "answer": "личное общение с коллегами",
            "count": 1
        },
        {
            "answer": "очерк общение в ходе обмена пр",
            "count": 1
        },
        {
            "answer": "обмен лучшими практиками",
            "count": 1
        }
    ]
}