{
    "question": "Вопрос 7. Что должны сделать Лидеры безопасности, чтобы снизить травматизм?",
    "id": 19749,
    "answers": [
        {
            "answer": "создание раб.групп для контрол",
            "count": 1,
            "cluster": "создание рабочих групп для контроля",
            "sentiment": "neutrals",
            "corrected": "создание рабочих групп для контроля"
        },
        {
            "answer": "сократить дублирование",
            "count": 1,
            "cluster": "сократить дублирование",
            "sentiment": "positives"
        },
        {
            "answer": "травмы и работать над ней",
            "count": 1,
            "cluster": "травмы и работать над ней",
            "sentiment": "negatives"
        },
        {
            "answer": "убедить работника что его жиз",
            "count": 1,
            "cluster": "убедить работника что его жизнь",
            "sentiment": "neutrals",
            "corrected": "убедить работника что его жизнь"
        },
        {
            "answer": "улучшать качество работы",
            "count": 1,
            "cluster": "улучшать качество работы",
            "sentiment": "positives"
        },
        {
            "answer": "уменьшение бюрократии",
            "count": 1,
            "cluster": "уменьшение бюрократии",
            "sentiment": "positives"
        },
        {
            "answer": "упростить бюрократич. нагрузку",
            "count": 1,
            "cluster": "уменьшение бюрократии",
            "sentiment": "positives",
            "corrected": "упростить бюрократическую нагрузку"
        },
        {
            "answer": "участие в жизни работника",
            "count": 1,
            "cluster": "участие в жизни работника",
            "sentiment": "neutrals"
        }
    ]
}