{
    "question": "Какие выводы Вы сделали после мастер-класса по применению инструмента \"каракури\" для оптимизации процессов?",
    "id": 23552,
    "answers": [
        {
            "answer": "пора и нам начинать!",
            "count": 1,
            "cluster": "пора и нам начинать",
            "sentiment": "positives",
            "corrected": "нужно применять"
        },
        {
            "answer": "нужно развивать",
            "count": 1,
            "cluster": "нужно развивать",
            "sentiment": "positives",
            "corrected": "нужно применять"
        }
    ]
}