{
    "question": "От кого зависит реализация Цифрового Видения 2030?",
    "id": 23574,
    "answers": [
        {
            "answer": "вовлеченности",
            "count": 1,
            "cluster": "вовлеченности",
            "sentiment": "neutrals"
        },
        {
            "answer": "мотивация людей",
            "count": 1,
            "cluster": "мотивация людей",
            "sentiment": "neutrals"
        },
        {
            "answer": "от вдохновленных людей",
            "count": 1,
            "cluster": "от вдохновленных людей",
            "sentiment": "neutrals",
            "corrected": "мотивация людей"
        },
        {
            "answer": "от заинтересованности руководи",
            "count": 1,
            "cluster": "от заинтересованности руководил",
            "sentiment": "neutrals",
            "corrected": "от руководителей"
        },
        {
            "answer": "от информированности",
            "count": 1,
            "cluster": "от информированности",
            "sentiment": "neutrals"
        },
        {
            "answer": "от понимания руководителя",
            "count": 1,
            "cluster": "от понимания руководителя",
            "sentiment": "neutrals",
            "corrected": "от руководителей"
        },
        {
            "answer": "поддержки руководства",
            "count": 1,
            "cluster": "поддержки руководства",
            "sentiment": "neutrals"
        }
    ]
}