{
    "question": "Как сформировать ЧГ на высоком уровне?",
    "id": 23765,
    "answers": [
        {
            "answer": "включать их на уроках",
            "count": 1,
            "cluster": "включать их на уроках",
            "sentiment": "neutrals"
        },
        {
            "answer": "информацию",
            "count": 1,
            "cluster": "получать и интерпретировать информацию",
            "sentiment": "neutrals"
        },
        {
            "answer": "получать и интерпритировать ин",
            "count": 1,
            "cluster": "получать и интерпретировать информацию",
            "sentiment": "neutrals",
            "corrected": "получать и интерпретировать информацию"
        },
        {
            "answer": "разбирать смысловые аспекты",
            "count": 1,
            "cluster": "разбирать смысловые аспекты",
            "sentiment": "neutrals"
        }
    ]
}