{
    "question": "Мой город/город, где я живу",
    "id": 24032,
    "answers": [
        {
            "answer": "балаково",
            "count": 1,
            "cluster": "балаково",
            "sentiment": "neutrals"
        },
        {
            "answer": "волгодонск",
            "count": 1,
            "cluster": "волгодонск",
            "sentiment": "neutrals"
        },
        {
            "answer": "глазов",
            "count": 1,
            "cluster": "глазов",
            "sentiment": "neutrals"
        },
        {
            "answer": "зеленогорск",
            "count": 2,
            "cluster": "зеленогорск",
            "sentiment": "neutrals"
        },
        {
            "answer": "ижевск",
            "count": 1,
            "cluster": "ижевск",
            "sentiment": "neutrals"
        },
        {
            "answer": "костомукша",
            "count": 1,
            "cluster": "костомукша",
            "sentiment": "neutrals"
        },
        {
            "answer": "красногорск",
            "count": 1,
            "cluster": "красногорск",
            "sentiment": "neutrals"
        },
        {
            "answer": "липецк",
            "count": 1,
            "cluster": "липецк",
            "sentiment": "neutrals"
        },
        {
            "answer": "мегион",
            "count": 1,
            "cluster": "мегион",
            "sentiment": "neutrals"
        },
        {
            "answer": "москва",
            "count": 5,
            "cluster": "москва",
            "sentiment": "neutrals"
        },
        {
            "answer": "нерюнгри рс (я)",
            "count": 1,
            "cluster": "нерюнгри республика саха якутия",
            "sentiment": "neutrals",
            "corrected": "нерюнгри республика саха якутия"
        },
        {
            "answer": "новосибирск",
            "count": 1,
            "cluster": "новосибирск",
            "sentiment": "neutrals"
        },
        {
            "answer": "новый урал",
            "count": 1,
            "cluster": "новый урал",
            "sentiment": "neutrals"
        },
        {
            "answer": "озерск",
            "count": 1,
            "cluster": "озерск",
            "sentiment": "neutrals"
        },
        {
            "answer": "петропавловск-камчатский",
            "count": 1,
            "cluster": "петропавловск камчатский",
            "sentiment": "neutrals",
            "corrected": "петропавловск камчатский"
        },
        {
            "answer": "полярные зори",
            "count": 1,
            "cluster": "полярные зори",
            "sentiment": "neutrals"
        },
        {
            "answer": "семёнов нижегородская область",
            "count": 1,
            "cluster": "семёнов нижегородская область",
            "sentiment": "neutrals"
        },
        {
            "answer": "томск",
            "count": 1,
            "cluster": "томск",
            "sentiment": "neutrals"
        },
        {
            "answer": "усолье-сибирское",
            "count": 2,
            "cluster": "усолье-сибирское",
            "sentiment": "neutrals"
        },
        {
            "answer": "усолье-ясибирское",
            "count": 1,
            "cluster": "усолье-сибирское",
            "sentiment": "neutrals",
            "corrected": "усолье-сибирское"
        }
    ]
}